# Noven item catalog TSV v2; generated by tools/catalog_generator/generate.py
id	nameZh	shortNameZh	nameEn	shortNameEn	width	height	types	caliber
5447a9cd4bdc2dbd208b4567	柯尔特 M4A1 5.56x45 卡宾枪	M4A1	Colt M4A1 5.56x45 assault rifle	M4A1	1	1	gun;wearable	Caliber556x45NATO
5447ac644bdc2d6c208b4567	5.56x45mm M855弹药包（50发装）	M855	5.56x45mm M855 ammo pack (50 pcs)	M855	1	1	ammoBox
5448ba0b4bdc2d02308b456c	工厂紧急出口钥匙	工厂	Factory emergency exit key	Factory	1	1	keys
5448bd6b4bdc2dfc2f8b4569	马卡洛夫9x18PM 手枪	PM	Makarov PM 9x18PM pistol	PM	2	1	gun;wearable	Caliber9x18PM
5448be9a4bdc2dfd2f8b456a	RGD-5手榴弹	RGD-5	RGD-5 hand grenade	RGD-5	1	1	ammo;grenade
5448c12b4bdc2d02308b456f	90-93 9x18PM 8发PM弹匣	PM	PM 9x18PM 90-93 8-round magazine	PM	1	1	mods
5448c1d04bdc2dff2f8b4569	Magpul PMAG 20 GEN M3 5.56x45 STANAG 20发弹匣	GEN M3	AR-15 5.56x45 Magpul PMAG 20 GEN M3 STANAG 20-round magazine	GEN M3	1	1	mods
5448fee04bdc2dbc018b4567	0.6升瓶装水	水	Bottle of water (0.6L)	Water	1	2	provisions
5448ff904bdc2d6f028b456e	军用饼干	饼干	Army crackers	Crackers	1	1	provisions
5449016a4bdc2d6f028b456f	卢布	卢布	Roubles	RUB	1	1	noFlea
544909bb4bdc2d6f028b4577	L3Harris AN/PEQ-15 战术设备	AN/PEQ-15	L3Harris AN/PEQ-15 tactical device	AN/PEQ-15	1	1	mods
54491bb74bdc2d09088b4567	ER“支点”刺刀	ER刺刀	ER FULCRUM BAYONET	ER BAYONET	2	1	wearable
54491c4f4bdc2db1078b4568	MP-133 12 铅径泵动式霰弹枪	MP-133	MP-133 12ga pump-action shotgun	MP-133	3	1	gun;wearable	Caliber12g
544a11ac4bdc2d470e8b456a	Alpha 安全箱	Alpha	Secure container Alpha	Alpha	2	2	noFlea
544a378f4bdc2d30388b4567	Magpul PMAG 40 GEN M3 5.56x45 STANAG 40发弹匣	GEN M3	AR-15 5.56x45 Magpul PMAG 40 GEN M3 STANAG 40-round magazine	GEN M3	1	3	mods
544a37c44bdc2d25388b4567	SureFire MAG5-60 5.56x45 STANAG 60发弹匣	MAG5-60	AR-15 5.56x45 SureFire MAG5-60 STANAG 60-round magazine	MAG5-60	1	2	mods;noFlea
544a38634bdc2d58388b4568	柯尔特USGI A2 5.56x45 AR-15消焰器	USGI A2	AR-15 Colt USGI A2 5.56x45 flash hider	USGI A2	1	1	mods
544a3a774bdc2d3a388b4567	Leupold Mark 4 HAMR 4x24 DeltaPoint 组合式突击瞄准镜	HAMR	Leupold Mark 4 HAMR 4x24 DeltaPoint hybrid assault scope	HAMR	2	1	mods
544a5caa4bdc2d1a388b4568	Crye Precision AVS 插板胸挂（丛林绿）	AVS	Crye Precision AVS plate carrier (Ranger Green)	AVS	3	4	armor;rig;wearable
544a5cde4bdc2d39388b456b	Flyye MBSS 背包（通用迷彩）	MBSS	Flyye MBSS backpack (UCP)	MBSS	4	4	backpack;wearable
544fb25a4bdc2dfb738b4567	无菌绷带	绷带	Aseptic bandage	Bandage	1	1	meds;provisions
544fb3364bdc2d34748b456a	固定夹板	夹板	Immobilizing splint	Splint	1	1	meds;provisions
544fb37f4bdc2dee738b4567	安乃近止痛药	止痛药	Analgin painkillers	Analgin	1	1	meds;provisions
544fb3f34bdc2d03748b456a	吗啡注射器	吗啡	Morphine injector	Morphine	1	1	injectors;meds;provisions
544fb45d4bdc2dee738b4568	Salewa急救包	Salewa	Salewa first aid kit	Salewa	1	2	meds;provisions
544fb5454bdc2df8738b456a	Leatherman多功能工具钳	工具钳	Leatherman Multitool	MultiTool	1	1	barter;specialSlot
544fb62a4bdc2dfb738b4568	“俄罗斯军队”盒装菠萝汁	菠萝汁	Pack of Russian Army pineapple juice	Pineapple	1	2	provisions
544fb6cc4bdc2d34748b456e	士腻架能量棒	士腻架	Slickers chocolate bar	Slickers	1	1	provisions
54527a984bdc2d4e668b4567	5.56x45毫米 M855	M855	5.56x45mm M855	M855	1	1	ammo;noFlea	Caliber556x45NATO
54527ac44bdc2d36668b4567	5.56x45毫米 M855A1	M855A1	5.56x45mm M855A1	M855A1	1	1	ammo;noFlea	Caliber556x45NATO
545cdae64bdc2d39198b4568	Camelbak Tri-Zip 突击背包（叶绿色）	Tri-Zip	Camelbak Tri-Zip assault backpack (Foliage)	Tri-Zip	5	6	backpack;wearable
545cdb794bdc2d3a198b456a	6B43 屏障-Sh 防弹衣（数码丛林迷彩）	6B43	6B43 Zabralo-Sh body armor (EMR)	6B43	4	4	armor;noFlea;wearable
557ff21e4bdc2d89578b4586	战术目镜	战术目镜	Tactical glasses	TGlasses	2	1	glasses;wearable
5580169d4bdc2d9d138b4585	MP-43-1C 12 铅径 510 毫米枪管	MP-43 510mm	MP-43-1C 12ga 510mm barrel	MP-43 510mm	3	1	mods
55801eed4bdc2d89578b4588	SV-98 7.62x54 狙击步枪	SV-98	SV-98 7.62x54R bolt-action sniper rifle	SV-98	4	1	gun;wearable	Caliber762x54R
5580223e4bdc2d1c128b457f	MP-43-1C 12 铅径双管霰弹枪	MP-43-1C	MP-43-1C 12ga double-barrel shotgun	MP-43-1C	2	1	gun	Caliber12g
558022b54bdc2dac148b458d	EOTech EXPS3-0 全息瞄具（黄褐色）	EXPS3-0	EOTech EXPS3-0 holographic sight (Tan)	EXPS3-0	1	1	mods
55802d5f4bdc2dac148b458e	Magpul PMAG 30 GEN M3 W 5.56x45 STANAG 30发弹匣	GEN M3	AR-15 5.56x45 Magpul PMAG 30 GEN M3 W STANAG 30-round magazine	GEN M3	1	2	mods
55802f5d4bdc2dac148b458f	Magpul MOE AR-15 手枪式握把（黑色）	MOE AR15	AR-15 Magpul MOE pistol grip (Black)	MOE AR15	1	1	mods;pistolGrip
558032614bdc2de7118b4585	TangoDown Stubby BGV-MK46K 前握把（黑色）	MK46K	TangoDown Stubby BGV-MK46K foregrip (Black)	MK46K	1	1	mods
559ba5b34bdc2d1f1a8b4582	7.62x54R 10发SV-98聚合物弹匣	SV-98	SV-98 7.62x54R 10-round magazine	SV-98	1	1	mods
55d355e64bdc2d962f8b4569	柯尔特M4A1 5.56x45突击步枪上机匣	M4A1	M4A1 5.56x45 upper receiver	M4A1	2	1	mods
55d35ee94bdc2d61338b4568	10.3 英寸 AR-15 枪管 5.56x45	AR-15 10.3"	AR-15 5.56x45 10.3 inch barrel	AR-15 10.3"	2	1	mods
55d3632e4bdc2d972f8b4569	14.5 英寸 AR-15 枪管 5.56x45	AR-15 14.5"	AR-15 5.56x45 14.5 inch barrel	AR-15 14.5"	3	1	mods
55d447bb4bdc2d892f8b456f	MP-43-1C 12 铅径 725 毫米枪管	MP-43 725mm	MP-43-1C 12ga 725mm barrel	MP-43 725mm	5	1	mods
55d448594bdc2d8c2f8b4569	MP-133 12 铅径 610 毫米枪管	MP133 610mm	MP-133 12ga 610mm barrel	MP133 610mm	4	1	mods
55d4491a4bdc2d882f8b456e	MP-133 12 铅径 510 毫米枪管	MP133 510mm	MP-133 12ga 510mm barrel	MP133 510mm	3	1	mods
55d449444bdc2d962f8b456d	MP-133 12 铅径 610 毫米枪管 (附基座)	MP133 610mm rib	MP-133 12ga 610mm barrel with rib	MP133 610mm rib	4	1	mods
55d44fd14bdc2d962f8b456e	柯尔特AR-15拉机柄	AR-15	AR-15 Colt charging handle	AR-15	1	1	mods
55d459824bdc2d892f8b4573	KAC RIS AR-15 护木	KAC RIS	AR-15 KAC RIS handguard	KAC RIS	2	1	mods
55d45d3f4bdc2d972f8b456c	Izhmekh MP-133山毛榉下护木	MP-133山毛榉	MP-133 beechwood forestock	MP133 beech	2	1	mods
55d45f484bdc2d972f8b456d	MP-133有导轨的定制塑料下护木	MP-133定制塑料	MP-133 custom plastic forestock with rails	MP133 rails	2	1	mods
55d480c04bdc2d1d4e8b456a	6L23 5.45x39 AK-74 30发弹匣	6L23	AK-74 5.45x39 6L23 30-round magazine	6L23	1	2	mods
55d481904bdc2d8c2f8b456a	6L26 5.45x39 AK-74 45发弹匣	6L26	AK-74 5.45x39 6L26 45-round magazine	6L26	1	3	mods
55d482194bdc2d1d4e8b456b	6L31 5.45x39 AK-74 60发弹匣	6L31	AK-74 5.45x39 6L31 60-round magazine	6L31	1	2	mods
55d4837c4bdc2d1d4e8b456c	Saiga 5.45x39 AK-74 10发弹匣	Saiga 545	AK-74 "Saiga 545" 5.45x39 10-round magazine	Saiga 545	1	1	mods
55d484b44bdc2d1d4e8b456d	MP-133 12铅径 6 发弹仓	MP-133x6	MP-133 12ga 6-shell magazine	MP-133x6	2	1	mods
55d485804bdc2d8c2f8b456b	MP-133 12铅径 8 发弹仓	MP-133x8	MP-133 12ga 8-shell magazine	MP-133x8	3	1	mods
55d485be4bdc2d962f8b456f	PM 9x18PM 84发简易弹鼓	PM弹鼓	PM 9x18PM 84-round makeshift drum magazine	PM drum	2	2	mods
55d4887d4bdc2d962f8b4570	柯尔特 5.56x45 STANAG 30发弹匣	STANAG	AR-15 5.56x45 Colt STANAG 30-round magazine	STANAG	1	2	mods
55d48a634bdc2d8b2f8b456a	Kiba Arms International泵动式霰弹枪SPRM导轨	SPRM	Kiba Arms SPRM rail mount for pump-action shotguns	SPRM	1	1	mods
55d48ebc4bdc2d8c2f8b456c	Delta-Tek “章鱼”泵动霰弹枪导轨基座	章鱼	Delta-Tek Sprut mount for pump-action shotguns	Sprut	1	1	mods
55d4ae6c4bdc2d8b2f8b456e	High Standard M4SS AR-15 枪托	M4SS	AR-15 High Standard M4SS Stock	M4SS	2	1	mods
55d4af3a4bdc2d972f8b456f	Leapers UTG 低轮廓 A2 AR-15 准星	LPA2准星	AR-15 Leapers UTG Low Profile A2 front sight	LPA2 FS	1	1	mods
55d4b9964bdc2d1d4e8b456e	柯尔特A2 AR-15手枪式握把	A2	AR-15 Colt A2 pistol grip	A2	1	1	mods;pistolGrip
55d5f46a4bdc2d1b198b4567	柯尔特A2 AR-15照门	A2照门	AR-15 Colt A2 rear sight	A2 RS	1	1	mods
55d614004bdc2d86028b4568	SureFire SOCOM556-MONSTER 5.56x45 消音器	MONSTER	SureFire SOCOM556-MONSTER 5.56x45 sound suppressor	556-MONSTER	2	1	mods;suppressor
55d6190f4bdc2d87028b4567	SureFire SOCOM556-MINI MONSTER 5.56x45 消音器	MINI-MON	SureFire SOCOM556-MINI MONSTER 5.56x45 sound suppressor	556-MINI	2	1	mods;suppressor
55f84c3c4bdc2d5f408b4576	Daniel Defence RIS II 9.5 英寸 AR-15 规格护木（狼棕色）	RIS II 9.5	AR-15 Daniel Defense RIS II 9.5 handguard (Coyote Brown)	RIS II 9.5	2	1	mods
560835c74bdc2dc8488b456f	MP-133 12 铅径 510 毫米枪管 (附基座)	MP133 510mm rib	MP-133 12ga 510mm barrel with rib	MP133 510mm rib	3	1	mods
560836484bdc2d20478b456e	MP-133 12 铅径 540 毫米枪管	MP133 540mm	MP-133 12ga 540mm barrel	MP133 540mm	3	1	mods
560836b64bdc2d57468b4567	MP-133 12 铅径 540 毫米枪管 (附基座)	MP133 540mm rib	MP-133 12ga 540mm barrel with rib	MP133 540mm rib	3	1	mods
560836fb4bdc2d773f8b4569	MP-133 12 铅径 660 毫米枪管	MP133 660mm	MP-133 12ga 660mm barrel	MP133 660mm	4	1	mods
560837154bdc2da74d8b4568	MP-133 12 铅径 660 毫米枪管 (附基座)	MP133 660mm rib	MP-133 12ga 660mm barrel with rib	MP133 660mm rib	4	1	mods
5608373c4bdc2dc8488b4570	MP-133 12 铅径 710 毫米枪管	MP133 710mm	MP-133 12ga 710mm barrel	MP133 710mm	5	1	mods
560837544bdc2de22e8b456e	MP-133 12 铅径 710 毫米枪管 (附基座)	MP133 710mm rib	MP-133 12ga 710mm barrel with rib	MP133 710mm rib	5	1	mods
560837824bdc2d57468b4568	MP-133 12 铅径 750 毫米枪管	MP133 750mm	MP-133 12ga 750mm barrel	MP133 750mm	5	1	mods
5608379a4bdc2d26448b4569	MP-133 12 铅径 750 毫米枪管 (附基座)	MP133 750mm rib	MP-133 12ga 750mm barrel with rib	MP133 750mm rib	5	1	mods
560838c94bdc2d77798b4569	雷明顿战术型收束器 12 铅径	RTC 12铅径	Remington Tactical Choke 12ga	RTC 12ga	1	1	mods
56083a334bdc2dc8488b4571	MP-133/153塑料手枪式握把	133/153塑握	MP-133/153 plastic pistol grip	133/153	1	1	mods;pistolGrip
56083be64bdc2d20478b456f	MP-133/153塑料枪托	133/153塑托	MP-133/153 plastic stock	133/153 plastic	2	1	mods
56083cba4bdc2de22e8b456f	MP-133/153木制枪托	133/153木托	MP-133/153 wooden stock	133/153 wood	2	1	mods
56083e1b4bdc2dc8488b4572	Izhmash SV-98照门	SV-98照门	SV-98 rear sight	SV98 RS	1	1	mods
56083eab4bdc2d26448b456a	SV-98 隔热带	SV-98 HR	SV-98 anti-heat ribbon	SV98 HR	1	1	mods
560d5e524bdc2d25448b4571	12/70 7毫米鹿弹	7毫米 12c	12/70 7mm buckshot	7mm	1	1	ammo;noFlea	Caliber12g
560d61e84bdc2da74d8b4571	7.62x54R SNB	SNB	7.62x54mm R SNB gzh	SNB	1	1	ammo;noFlea	Caliber762x54R
560d657b4bdc2da74d8b4572	Zenit 2P Klesch 手电激光指示器	Klesch-2P	Zenit Klesch-2P flashlight with laser	Klesch-2P	1	1	mods
560d75f54bdc2da74d8b4573	7.62x54mm R SNB弹药包（20发装）	SNB	7.62x54mm R SNB gzh ammo pack (20 pcs)	SNB	1	1	ammoBox;noFlea
560e620e4bdc2d724b8b456b	SV-98 7.62x54R膛口装置	SV-98 STD	SV-98 7.62x54R muzzle device	SV98 MD	1	1	mods
5644bd2b4bdc2d3b4c8b4572	AK-74N 5.45x39 突击步枪	AK-74N	Kalashnikov AK-74N 5.45x39 assault rifle	AK-74N	4	1	gun;wearable	Caliber545x39
5645bc214bdc2d363b8b4571	FORT Kiver-M 防弹头盔	Kiver-M	FORT Kiver-M bulletproof helmet	Kiver-M	2	2	helmet;wearable
5645bcc04bdc2d363b8b4572	Peltor ComTac 2 耳机（橄榄绿）	ComTac 2	Peltor ComTac II headset (OD Green)	ComTac II	2	2	headphones;wearable
5648a69d4bdc2ded0b8b457b	BlackRock胸挂	BlackRock	BlackRock chest rig (Gray)	BlackRock	3	4	rig;wearable
5648a7494bdc2d9d488b4583	PACA 软质防弹背心	PACA	PACA Soft Armor	PACA	3	3	armor;wearable
5648ac824bdc2ded0b8b457d	Zenit RP-1 AK拉机柄	RP-1	AK Zenit RP-1 charging handle	RP-1	1	1	mods
5648ae314bdc2d3d1c8b457f	CAA RS47 AK 护木	RS47	AK CAA RS47 handguard	RS47	1	1	mods
5648b0744bdc2d363b8b4578	AK-74 木制护木	6P20 Sb.6	AK-74 wooden handguard	AK-74 wood	1	1	mods
5648b1504bdc2d9d488b4584	AK-74 聚合物护木	6P20 Sb.9	AK-74M polymer handguard	AK-74M	1	1	mods
5648b4534bdc2d3d1c8b4580	Zenit B-10M 导轨护木+ B-19 上导轨组合	B10M+B19	AK Zenit B-10M handguard with B-19 upper mount	B10M+B19	1	1	mods
5649a2464bdc2d91118b45a8	NcStar MPR45备用导轨	MPR45	NcSTAR MPR45 Backup mount	MPR45	1	1	mods
5649aa744bdc2ded0b8b457e	AK-74 5.45x39 膛口制退器	6P20 0-20	AK-74 5.45x39 muzzle brake	AK-74	1	1	mods
5649ab884bdc2ded0b8b457f	Zenit DTK-1 7.62x39 & 5.45x39 AK 膛口制退器	DTK-1	AK Zenit DTK-1 7.62x39/5.45x39 muzzle brake	DTK-1	1	1	mods
5649ad3f4bdc2df8348b4585	AK-74 胶木手枪式握把	6P4 Sb.8V	AK-74 bakelite pistol grip	AK-74 bak.	1	1	mods;pistolGrip
5649ade84bdc2d1b2b8b4587	AK-74 聚合物手枪式握把	6P1 Sb.8	AK-74 polymer pistol grip	AK-74 poly	1	1	mods;pistolGrip
5649ae4a4bdc2d1b2b8b4588	Zenit RK-3 AK 手枪式握把	RK-3	AK Zenit RK-3 pistol grip	RK-3	1	1	mods;pistolGrip
5649af094bdc2df8348b4586	AK-74 防尘盖	6P1 0-1	AK-74 dust cover	AK-74 DC	2	1	mods
5649af884bdc2d1b2b8b4589	Zenit B-33 AK 防尘盖	B-33	AK Zenit B-33 dust cover	B-33	2	1	mods
5649b0544bdc2d1b2b8b458a	AK-74 照门	6P1 Sb.2	AK-74 rear sight	AK-74 RS	1	1	mods
5649b0fc4bdc2d17108b4588	AK-74 聚合物枪托	6P20 Sb.7	AK-74 polymer stock	AK-74 poly	2	1	mods
5649b1c04bdc2d16268b457c	AK-74 木制枪托	6P20 Sb.5	AK-74 wooden stock	AK-74 wood	2	1	mods
5649b2314bdc2d79388b4576	ME4 AKM/AK-74枪托转接器	ME4	AKM/AK-74 ME4 buffer tube adapter	ME4	1	1	mods
5649be884bdc2d79388b4577	柯尔特 AR-15 卡宾枪缓冲管	卡宾	AR-15 Colt Carbine buffer tube	Carbine	2	1	mods
5649d9a14bdc2d79388b4580	Taktika Tula TT01 照门导轨	TT01	AK Taktika Tula TT01 rear sight rail	TT01	1	1	mods
5649ed104bdc2d3d1c8b458b	7.62x39mm PS弹药包（20发装）	PS 7.62x39	7.62x39mm PS gzh ammo pack (20 pcs)	PS	1	1	ammoBox
564ca99c4bdc2d16268b4589	6L20 5.45x39 AK-74 30发弹匣	6L20	AK-74 5.45x39 6L20 30-round magazine	6L20	1	2	mods
564ca9df4bdc2d35148b4569	6L18 5.45x39 AK-74 45发弹匣	6L18	AK-74 5.45x39 6L18 45-round magazine	6L18	1	3	mods
564caa3d4bdc2d17108b458e	AK-74 TGP-A 5.45x39消音器	TGP-A	AK-74 TGP-A 5.45x39 sound suppressor	TGP-A	2	1	mods;suppressor
5656d7c34bdc2d9d198b4587	7.62x39毫米 PS	PS	7.62x39mm PS gzh	PS	1	1	ammo;noFlea	Caliber762x39
5656eb674bdc2d35148b457c	40毫米VOG-25榴弹	VOG-25	40mm VOG-25 grenade	VOG-25	1	1	ammo;barter;noFlea	Caliber40mmRU
567143bf4bdc2d1a0f8b4567	手枪收纳箱	手枪箱	Pistol case	Pistols	2	2	container;markedOnly
5672c92d4bdc2d180f8b4567	宿舍118房间钥匙	118钥匙	Dorm room 118 key	Dorm 118	1	1	keys
5672cb124bdc2d1a0f8b4568	五号电池	AA电池	AA Battery	AA batt.	1	1	barter
5672cb304bdc2dc2088b456a	一号电池	D型电池	D Size battery	D batt.	1	1	barter
5672cb724bdc2dc2088b456b	盖革-穆勒计数器	盖革计数器	Geiger-Muller counter	GMcount	1	2	barter
5673de654bdc2d180f8b456d	太平洋秋刀鱼罐头	秋刀鱼	Can of pacific saury	Saury	1	1	provisions
56742c284bdc2d98058b456d	Crickent打火机	Crickent	Crickent lighter	Crickent	1	1	barter
56742c2e4bdc2d95058b456d	Zibbo打火机	Zibbo	Zibbo lighter	Zibbo	1	1	barter
56742c324bdc2d150f8b456d	损坏的GPhone	GPhone	Broken GPhone smartphone	GPhone	1	1	barter
5696686a4bdc2da3298b456a	美元	美元	Dollars	USD	1	1	noFlea
569668774bdc2da2298b4568	欧元	欧元	Euros	EUR	1	1	noFlea
56d59856d2720bd8418b456a	SIG P226R 9x19 手枪	P226R	SIG P226R 9x19 pistol	P226R	2	1	gun;wearable	Caliber9x19PARA
56d59948d2720bb7418b4582	P226弹匣	P226	P226 9x19 15-round magazine	P226	1	1	mods
56d59d3ad2720bdb418b4577	9x19毫米 Pst	Pst	9x19mm Pst gzh	Pst	1	1	ammo;noFlea	Caliber9x19PARA
56d5a1f7d2720bb3418b456a	112毫米P226枪管 9x19	P226 112mm	P226 9x19 112mm barrel	P226 112mm	1	1	mods
56d5a2bbd2720bb8418b456a	P226西格-绍尔黑色聚合物手枪握把	P226黑	P226 polymer pistol grip (Black)	P226 blk	1	1	mods;pistolGrip
56d5a407d2720bb3418b456b	西格-绍尔 P226R MK25 手枪套筒	P226套筒	P226R MK25 pistol slide	P226R	2	1	mods
56d5a661d2720bd8418b456b	西格-绍尔标准准星	西格#8准星	P226 front sight	P226 FS	1	1	mods
56d5a77ed2720b90418b4568	西格-绍尔P226标准照门	西格#8照门	P226 rear sight	P226 RS	1	1	mods
56dee2bdd2720bc8328b4567	MP-153 12铅径半自动霰弹枪	MP-153	MP-153 12ga semi-automatic shotgun	MP-153	3	1	gun;wearable	Caliber12g
56deec93d2720bec348b4568	MP-153 12 铅径 750 毫米枪管	MP153 750mm	MP-153 12ga 750mm barrel	MP153 750mm	5	1	mods
56deed6ed2720b4c698b4583	Izhmash MP-153聚合物枪托	MP-153聚合物	MP-153 polymer forestock	MP153 Poly	2	1	mods
56deee15d2720bee328b4567	MP-153 12 铅径 4 发弹仓前盖	MP153x4	MP-153 12ga 4-shell magazine cap	MP153x4	1	1	mods
56deeefcd2720bc8328b4568	MP-153 12 铅径 8 发弹仓	MP153x8	MP-153 12ga 8-shell magazine	MP153x8	3	1	mods
56def37dd2720bec348b456a	SureFire X400 Ultra 战术手电与镭射装置	X400U	SureFire X400 Ultra tactical flashlight with laser	X400U	1	1	mods
56dfef82d2720bbd668b4567	5.45x39毫米 BP	BP	5.45x39mm BP gs	BP	1	1	ammo;noFlea	Caliber545x39
56dff026d2720bb8668b4567	5.45x39毫米 BS	BS	5.45x39mm BS gs	BS	1	1	ammo;noFlea	Caliber545x39
56dff061d2720bb5668b4567	5.45x39毫米 BT	BT	5.45x39mm BT gs	BT	1	1	ammo;noFlea	Caliber545x39
56dff0bed2720bb0668b4567	5.45x39毫米 FMJ	FMJ	5.45x39mm FMJ	FMJ	1	1	ammo;noFlea	Caliber545x39
56dff216d2720bbd668b4568	5.45x39毫米 HP	HP	5.45x39mm HP	HP	1	1	ammo;noFlea	Caliber545x39
56dff2ced2720bb4668b4567	5.45x39毫米 PP	PP	5.45x39mm PP gs	PP	1	1	ammo;noFlea	Caliber545x39
56dff338d2720bbd668b4569	5.45x39毫米 PRS	PRS	5.45x39mm PRS gs	PRS	1	1	ammo;noFlea	Caliber545x39
56dff3afd2720bba668b4567	5.45x39毫米 PS	PS	5.45x39mm PS gs	PS	1	1	ammo;noFlea	Caliber545x39
56dff421d2720b5f5a8b4567	5.45x39毫米 SP	SP	5.45x39mm SP	SP	1	1	ammo;noFlea	Caliber545x39
56dff4a2d2720bbd668b456a	5.45x39毫米 T	T	5.45x39mm T gs	T	1	1	ammo;noFlea	Caliber545x39
56dff4ecd2720b5f5a8b4568	5.45x39毫米 US	US	5.45x39mm US gs	US	1	1	ammo;noFlea	Caliber545x39
56e0598dd2720bb5668b45a6	PB 9x18PM消音手枪	PB	PB 9x18PM silenced pistol	PB	2	1	gun;wearable	Caliber9x18PM
56e05a6ed2720bd0748b4567	PB胶木握把侧片	PB胶木	PB bakelite side grips	PB bak.	1	1	mods;pistolGrip
56e05b06d2720bb2668b4586	PB 9x18马卡洛夫库藏消音器	PB消音	PB 9x18PM sound suppressor	PB supp.	2	1	mods;suppressor
56e335e4d2720b6c058b456d	Scav背包	Scav背包	Scav backpack	ScavBP	4	5	backpack;wearable
56e33634d2720bd8058b456b	旅行包	旅行包	Duffle bag	Duffle	4	3	backpack;wearable
56e33680d2720be2748b4576	邮差小挎包	小挎包	Transformer Bag	T-Bag	3	3	backpack;wearable
56ea6fafd2720b844b8b4593	Noveske KX3 5.56x45 AR-15 消焰器	KX3	AR-15 Noveske KX3 5.56x45 flash hider	KX3 556	1	1	mods
56ea70acd2720b844b8b4594	Hensoldt FF 4-16x56 34 毫米步枪瞄准镜	FF 4-16	Hensoldt FF 4-16x56 34mm riflescope	FF 4-16	2	1	mods
56ea7165d2720b6e518b4583	Badger Ordnance 战术掣子销 AR-15 拉机柄	BOTL	AR-15 Badger Ordnance Tactical Charging Handle Latch	BOTL	1	1	mods
56ea7293d2720b8d4b8b45ba	西格220-239照门式导轨	SM220-239	P226 Sight Mount 220-239 rear sight bearing	SM220-239	1	1	mods
56ea8180d2720bf2698b456a	KAC QDC 5.56x45 AR-15 消焰器套件	QDC消焰	AR-15 KAC QDC 5.56x45 Flash Suppressor Kit	QDC FSK	1	1	mods
56ea8222d2720b69698b4567	SV-98 脚架	SV-98脚架	SV-98 bipod	SV-98	2	1	mods
56ea8d2fd2720b7c698b4570	Windham Weaponry AR-15 导轨导气箍	RGBlock	AR-15 Windham Weaponry Rail Gas Block	RGBlock	1	1	mods
56eabcd4d2720b66698b4574	Daniel Defense MK12 AR-15 低轮廓导气箍	MK12	AR-15 Daniel Defense MK12 Low Profile Gas Block	MK12	1	1	mods
56eabf3bd2720b75698b4569	Magpul MOE AR-15 卡宾枪托（黑色）	MOE	AR-15 Magpul MOE Carbine stock (Black)	MOE	2	1	mods
570fd6c2d2720bc6458b457f	Eotech 553全息瞄具	553	EOTech 553 holographic sight	553	1	1	mods
570fd721d2720bc5458b4596	Walther MRS反射式瞄具	MRS	Walther MRS reflex sight	MRS	1	1	mods
570fd79bd2720bc7458b4583	OKP-7反射式瞄具	OKP-7	OKP-7 reflex sight	OKP-7	1	1	mods
5710c24ad2720bc3458b45a3	F-1手榴弹	F-1	F-1 hand grenade	F-1	1	1	ammo;grenade
571659bb2459771fb2755a12	Damage Industries ECS AR-15 手枪式握把 (FDE)	ECS FDE	AR-15 Damage Industries ECS pistol grip (FDE)	ECS FDE	1	1	mods;pistolGrip
571a12c42459771f627b58a0	托卡列夫 TT-33 7.62x25 手枪	TT	Tokarev TT-33 7.62x25 TT pistol	TT	2	1	gun;wearable	Caliber762x25TT
571a26d524597720680fbe8a	116毫米TT枪管 7.62x25	TT 116mm	TT 7.62x25 116mm barrel	TT 116mm	1	1	mods
571a279b24597720b4066566	121毫米 7.62x25 自制TT螺纹口枪管	TT螺纹	TT 7.62x25 121mm makeshift threaded barrel	TT thr.	1	1	mods
571a282c2459771fb2755a69	标准TT握把侧片	TT侧片	TT side grips	TT grips	1	1	mods;pistolGrip
571a28e524597720b4066567	土制7.62x25 TT消音器	TT消音器	TT 7.62x25 makeshift sound suppressor	TT supp.	2	1	mods;suppressor
571a29dc2459771fb2755a6a	tt-105 7.62x25 TT弹匣	tt-105	TT 7.62x25 tt-105 8-round magazine	tt-105	1	1	mods
57235b6f24597759bf5a30f1	L3Harris AN/PVS-14 单筒夜视仪	PVS-14	L3Harris AN/PVS-14 night vision monocular	PVS-14	1	1	mods
572b7adb24597762ae139821	Scav背心	Scav背心	Scav Vest	Scav Vest	2	3	rig;wearable
572b7d8524597762b472f9d1	棒球帽	帽	Baseball cap	Cap	1	1	wearable
572b7f1624597762ae139822	巴拉克拉瓦头套	巴拉克拉瓦	Balaclava	Balaclava	1	1	wearable
572b7fa124597762b472f9d2	无檐毛线帽	无檐帽	Beanie	Beanie	1	1	wearable
572b7fa524597762b747ce82	遮脸半面巾	半面巾	Lower half-mask	Half-mask	1	1	wearable
5732ee6a24597719ae0c0281	腰部安全包	腰包	Waist pouch	Waist bag	2	2	noFlea
5733279d245977289b77ec24	汽车蓄电池	蓄电池	Car battery	Car battery	3	2	barter
573474f924597738002c6174	项链	项链	Chainlet	Chainlet	1	1	barter
5734758f24597738025ee253	金项链	金链	Golden neck chain	GoldChain	1	1	barter
573475fb24597737fb1379e1	阿波罗-联盟香烟	阿波罗	Apollo Soyuz cigarettes	Apollo	1	1	barter
573476d324597737da2adc13	马宝路香烟	马宝路	Malboro Cigarettes	Malboro	1	1	barter
573476f124597737e04bf328	云尔斯顿香烟	云尔斯顿	Wilston cigarettes	Wilston	1	1	barter
5734770f24597738025ee254	无彩香烟	无彩	Strike Cigarettes	Strike	1	1	barter
5734773724597737fd047c14	炼乳罐头	炼乳	Can of condensed milk	Cond. milk	1	1	provisions
5734779624597737e04bf329	CPU风扇	CPU风扇	CPU fan	CPU fan	1	1	barter
573477e124597737dd42e191	电脑CPU	CPU	PC CPU	CPU	1	1	barter
5734781f24597737e04bf32a	DVD光驱	DVD	DVD drive	DVD	2	1	barter
573478bc24597738002c6175	马雕像	马雕	Horse figurine	Horse	1	2	barter
5734795124597738002c6176	绝缘胶带	胶带	Insulating tape	Tape	1	1	barter
57347b8b24597737dd42e192	经典火柴	火柴	Classic matches	Matches	1	1	barter
57347baf24597738002c6178	内存条	内存	RAM stick	RAM	1	1	barter
57347c1124597737fb1379e3	管道胶带	管道胶带	Duct tape	Duct tape	1	1	barter
57347c2e24597744902c94a1	供电单元	PSU	Power supply unit	PSU	2	2	barter
57347c5b245977448d35f6e1	螺栓	螺栓	Bolts	Bolts	1	1	barter
57347c77245977448d35f6e2	螺母	螺母	Screw nuts	Nuts	1	1	barter
57347c93245977448d35f6e3	牙膏	牙膏	Toothpaste	Toothpaste	1	1	barter
57347ca924597744596b4e71	显示卡	显卡	Graphics card	GPU	2	1	barter
57347cd0245977445a2d6ff1	T形插座	T-Plug	T-Shaped plug	T-Plug	1	1	barter
57347d3d245977448f7b7f61	黑麦面包块	面包块	Rye croutons	Croutons	1	1	provisions
57347d5f245977448b40fa81	Humpback鲑鱼罐头	细鳞大马哈鱼罐头	Can of humpback salmon	Humpback	1	1	provisions
57347d692459774491567cf1	豌豆罐头	豌豆	Can of green peas	Peas	1	1	provisions
57347d7224597744596b4e72	炖牛肉罐头	炖牛肉罐头	Can of beef stew (Small)	Tushonka	1	1	provisions
57347d8724597744596b4e76	罐装蔬菜泥	蔬菜泥	Can of squash spread	Squash	1	1	provisions
57347d90245977448f7b7f65	盒装燕麦片	燕麦片	Pack of oat flakes	Oatflakes	1	2	provisions
57347d9c245977448b40fa85	鲱鱼罐头	鲱鱼	Can of herring	Herring	1	1	provisions
57347da92459774491567cf5	炖美味牛肉罐头（大）	炖牛肉罐头	Can of beef stew (Large)	Tushonka	1	1	provisions
5735fdcd2459776445391d61	7.62x25毫米TT AKBS	AKBS	7.62x25mm TT AKBS	AKBS	1	1	ammo;noFlea	Caliber762x25TT
5735ff5c245977640e39ba7e	7.62x25毫米TT FMJ43	FMJ43	7.62x25mm TT FMJ43	FMJ43	1	1	ammo;noFlea	Caliber762x25TT
573601b42459776410737435	7.62x25毫米TT LRN	LRN	7.62x25mm TT LRN	LRN	1	1	ammo;noFlea	Caliber762x25TT
573602322459776445391df1	7.62x25毫米TT LRNPC	LRNPC	7.62x25mm TT LRNPC	LRNPC	1	1	ammo;noFlea	Caliber762x25TT
5736026a245977644601dc61	7.62x25毫米TT P gl	P gl	7.62x25mm TT P gl	P	1	1	ammo;noFlea	Caliber762x25TT
573603562459776430731618	7.62x25毫米 TT Pst	Pst	7.62x25mm TT Pst gzh	Pst	1	1	ammo;noFlea	Caliber762x25TT
573603c924597764442bd9cb	7.62x25毫米 TT PT	PT	7.62x25mm TT PT gzh	PT	1	1	ammo;noFlea	Caliber762x25TT
573718ba2459775a75491131	9x18毫米 PM BZhT	BZhT	9x18mm PM BZhT gzh	BZhT	1	1	ammo;noFlea	Caliber9x18PM
573719762459775a626ccbc1	9x18毫米 PM P	P	9x18mm PM P gzh	P	1	1	ammo;noFlea	Caliber9x18PM
573719df2459775a626ccbc2	9x18毫米 PM PBM	PBM	9x18mm PM PBM gzh	PBM	1	1	ammo;noFlea	Caliber9x18PM
57371aab2459775a77142f22	9x18毫米 PMM PstM	PstM	9x18mm PMM PstM gzh	PstM	1	1	ammo;noFlea	Caliber9x18PM
57371b192459775a9f58a5e0	9x18毫米 PM PPe	PPe	9x18mm PM PPe gzh	PPe	1	1	ammo;noFlea	Caliber9x18PM
57371e4124597760ff7b25f1	9x18毫米 PM PPT	PPT	9x18mm PM PPT gzh	PPT	1	1	ammo;noFlea	Caliber9x18PM
57371eb62459776125652ac1	9x18毫米 PM PRS	PRS	9x18mm PM PRS gs	PRS	1	1	ammo;noFlea	Caliber9x18PM
57371f2b24597761224311f1	9x18毫米 PM PS PPO	PS PPO	9x18mm PM PS gs PPO	PS PPO	1	1	ammo;noFlea	Caliber9x18PM
57371f8d24597761006c6a81	9x18毫米 PM PSO	PSO	9x18mm PM PSO gzh	PSO	1	1	ammo;noFlea	Caliber9x18PM
5737201124597760fc4431f1	9x18毫米 PM Pst	Pst	9x18mm PM Pst gzh	Pst	1	1	ammo;noFlea	Caliber9x18PM
5737207f24597760ff7b25f2	9x18毫米 PM PSV	PSV	9x18mm PM PSV	PSV	1	1	ammo;noFlea	Caliber9x18PM
573720e02459776143012541	9x18毫米 PM RG028	RG028	9x18mm PM RG028 gzh	RG028	1	1	ammo;noFlea	Caliber9x18PM
57372140245977611f70ee91	9x18毫米 PM SP7	SP7	9x18mm PM SP7 gzh	SP7	1	1	ammo;noFlea	Caliber9x18PM
5737218f245977612125ba51	9x18毫米 PM SP8	SP8	9x18mm PM SP8 gzh	SP8	1	1	ammo;noFlea	Caliber9x18PM
573722e82459776104581c21	9x18mm PM BZhT弹药包（16发装）	BZhT	9x18mm PM BZhT gzh ammo pack (16 pcs)	BZhT	1	1	ammoBox
573724b42459776125652ac2	9x18mm PM P弹药包（16发装）	P	9x18mm PM P gzh ammo pack (16 pcs)	P	1	1	ammoBox
5737250c2459776125652acc	9x18mm PM PBM弹药包（16发装）	PBM	9x18mm PM PBM gzh ammo pack (16 pcs)	PBM	1	1	ammoBox
5737256c2459776125652acd	9x18mm PMM PstM弹药包（16发装）	PstM	9x18mm PMM PstM gzh ammo pack (16 pcs)	PstM	1	1	ammoBox
573725b0245977612125bae2	9x18mm PM PPe弹药包（16发装）	PPe	9x18mm PM PPe gzh ammo pack (16 pcs)	PPe	1	1	ammoBox
5737260b24597761224311f2	9x18mm PM PPT弹药包（16发装）	PPT	9x18mm PM PPT gzh ammo pack (16 pcs)	PPT	1	1	ammoBox
5737266524597761006c6a8c	9x18mm PM PRS弹药包（16发装）	PRS	9x18mm PM PRS gs ammo pack (16 pcs)	PRS	1	1	ammoBox
573726d824597765d96be361	9x18mm PM PPO弹药包（16发装）	PS PPO	9x18mm PM PS gs PPO ammo pack (16 pcs)	PS PPO	1	1	ammoBox
5737273924597765dd374461	9x18mm PM PSO弹药包（16发装）	PSO	9x18mm PM PSO gzh ammo pack (16 pcs)	PSO	1	1	ammoBox
573727c624597765cc785b5b	9x18mm PM Pst弹药包（16发装）	Pst	9x18mm PM Pst gzh ammo pack (16 pcs)	Pst	1	1	ammoBox
5737280e24597765cc785b5c	9x18mm PM PSV弹药包（16发装）	PSV	9x18mm PM PSV ammo pack (16 pcs)	PSV	1	1	ammoBox
5737287724597765e1625ae2	9x18mm PM RG028弹药包（16发装）	RG028	9x18mm PM RG028 gzh ammo pack (16 pcs)	RG028	1	1	ammoBox
573728cc24597765cc785b5d	9x18mm PM SP7弹药包（16发装）	SP7	9x18mm PM SP7 gzh ammo pack (16 pcs)	SP7	1	1	ammoBox
573728f324597765e5728561	9x18mm PM SP8弹药包（16发装）	SP8	9x18mm PM SP8 gzh ammo pack (16 pcs)	SP8	1	1	ammoBox
5737292724597765e5728562	5.45x39mm BP弹药包（120发装）	BP	5.45x39mm BP gs ammo pack (120 pcs)	BP	2	1	ammo;ammoBox;noFlea
57372a7f24597766fe0de0c1	5.45x39mm BP弹药包（120发装）	BP	5.45x39mm BP gs ammo pack (120 pcs)	BP	2	1	ammo;ammoBox;noFlea
57372ac324597767001bc261	5.45x39mm BP弹药包（30发装）	BP	5.45x39mm BP gs ammo pack (30 pcs)	BP	1	1	ammoBox;noFlea
57372b832459776701014e41	5.45x39mm BS弹药包（120发装）	BS	5.45x39mm BS gs ammo pack (120 pcs)	BS	2	1	ammoBox;noFlea
57372bad245977670b7cd242	5.45x39mm BS弹药包（120发装）	BS	5.45x39mm BS gs ammo pack (120 pcs)	BS	2	1	ammoBox;noFlea
57372bd3245977670b7cd243	5.45x39mm BS弹药包（30发装）	BS	5.45x39mm BS gs ammo pack (30 pcs)	BS	1	1	ammoBox;noFlea
57372c21245977670937c6c2	5.45x39mm BT弹药包（120发装）	BT	5.45x39mm BT gs ammo pack (120 pcs)	BT	2	1	ammo;ammoBox
57372c56245977685e584582	5.45x39mm BT弹药包（120发装）	BT	5.45x39mm BT gs ammo pack (120 pcs)	BT	2	1	ammo;ammoBox;noFlea
57372c89245977685d4159b1	5.45x39mm BT弹药包（30发装）	BT	5.45x39mm BT gs ammo pack (30 pcs)	BT	1	1	ammoBox
57372d1b2459776862260581	5.45x39mm PP弹药包（120发装）	PP	5.45x39mm PP gs ammo pack (120 pcs)	PP	2	1	ammoBox
57372d4c245977685a3da2a1	5.45x39mm PP弹药包（120发装）	PP	5.45x39mm PP gs ammo pack (120 pcs)	PP	2	1	ammoBox
57372db0245977685d4159b2	5.45x39mm PP弹药包（30发装）	PP	5.45x39mm PP gs ammo pack (30 pcs)	PP	1	1	ammoBox
57372deb245977685d4159b3	5.45x39mm PRS弹药包（120发装）	PRS	5.45x39mm PRS gs ammo pack (120 pcs)	PRS	2	1	ammoBox
57372e1924597768553071c1	5.45x39mm PRS弹药包（120发装）	PRS	5.45x39mm PRS gs ammo pack (120 pcs)	PRS	2	1	ammoBox
57372e4a24597768553071c2	5.45x39mm PRS弹药包（30发装）	PRS	5.45x39mm PRS gs ammo pack (30 pcs)	PRS	1	1	ammoBox
57372e73245977685d4159b4	5.45x39mm PS弹药包（120发装）	PS	5.45x39mm PS gs ammo pack (120 pcs)	PS	2	1	ammoBox
57372e94245977685648d3e1	5.45x39mm PS弹药包（120发装）	PS	5.45x39mm PS gs ammo pack (120 pcs)	PS	2	1	ammoBox
57372ebf2459776862260582	5.45x39mm PS弹药包（30发装）	PS	5.45x39mm PS gs ammo pack (30 pcs)	PS	1	1	ammoBox
57372ee1245977685d4159b5	5.45x39mm T弹药包（120发装）	T	5.45x39mm T gs ammo pack (120 pcs)	T	2	1	ammoBox
57372f2824597769a270a191	5.45x39mm T弹药包（120发装）	T	5.45x39mm T gs ammo pack (120 pcs)	T	2	1	ammoBox
57372f5c24597769917c0131	5.45x39mm T弹药包（30发装）	T	5.45x39mm T gs ammo pack (30 pcs)	T	1	1	ammoBox
57372f7d245977699b53e301	5.45x39mm US弹药包（120发装）	US	5.45x39mm US gs ammo pack (120 pcs)	US	2	1	ammoBox
57372fc52459776998772ca1	5.45x39mm US弹药包（120发装）	US	5.45x39mm US gs ammo pack (120 pcs)	US	2	1	ammoBox
5737300424597769942d5a01	5.45x39mm US弹药包（30发装）	US	5.45x39mm US gs ammo pack (30 pcs)	US	1	1	ammoBox
5737330a2459776af32363a1	5.45x39mm FMJ弹药包（30发装）	FMJ	5.45x39mm FMJ ammo pack (30 pcs)	FMJ	1	1	ammoBox
5737339e2459776af261abeb	5.45x39mm HP弹药包（30发装）	HP	5.45x39mm HP ammo pack (30 pcs)	HP	1	1	ammoBox
573733c72459776b0b7b51b0	5.45x39mm SP弹药包（30发装）	SP	5.45x39mm SP ammo pack (30 pcs)	SP	1	1	ammoBox
5739d41224597779c3645501	9x19mm Pst弹药包（16发装）	Pst	9x19mm Pst gzh ammo pack (16 pcs)	Pst	1	1	ammoBox
57486e672459770abd687134	OKP-7反射式瞄具（燕尾槽）	OKP-7 DT	OKP-7 reflex sight (Dovetail)	OKP-7 DT	1	1	mods
574d967124597745970e7c94	西蒙诺夫 SKS 7.62x39 卡宾枪	SKS	TOZ Simonov SKS 7.62x39 carbine	SKS	2	1	gun;wearable	Caliber762x39
574dad8024597745964bf05c	SKS TOZ 木制枪托 (56-A-231 Sb.5)	56-A-231 Sb.5	SKS TOZ wooden stock (56-A-231 Sb.5)	56-A-231 Sb.5	4	1	mods
574db213245977459a2f3f5d	SKS标准照门	SKS照门	SKS rear sight	SKS RS	1	1	mods
574eb85c245977648157eec3	工厂地图	工厂	Factory plan map	Factory	1	1	barter;specialSlot
57505f6224597709a92585a9	Alyonka 巧克力	Alyonka	Alyonka chocolate bar	Alyonka	1	1	provisions
575062b524597720a31c09a1	罐装冰绿茶	绿茶	Can of Ice Green tea	IceGreen	1	1	provisions
57513f07245977207e26a311	苹果汁	苹果汁	Pack of apple juice	Apple	1	2	provisions
57513f9324597720a7128161	西柚汁	西柚汁	Pack of Grand juice	Grand	1	2	provisions
57513fcc24597720a31c09a6	Vita果汁	Vita果汁	Pack of Vita juice	Vita	1	2	provisions
5751435d24597720a27126d1	罐装 Max Energy 能量饮料	MaxEnergy	Can of Max Energy energy drink	MaxEnergy	1	1	provisions
57514643245977207f2c2d09	罐装塔可乐汽水	塔可乐	Can of TarCola soda	TarCola	1	1	provisions
575146b724597720a27126d5	一盒牛奶	牛奶	Pack of milk	Milk	1	2	provisions
5751487e245977207e26a315	Emelya黑麦面包块	Emelya	Emelya rye croutons	Emelya	1	1	provisions
5751496424597720a27126da	罐装热棒能量饮料	热棒	Can of Hot Rod energy drink	Hot Rod	1	1	provisions
5751a25924597722c463c472	军用绷带	绷带	Army bandage	Bandage	1	1	meds;provisions
5751a89d24597722aa0e8db0	金星软膏	金星	Golden Star balm	GoldenStar	1	1	meds;provisions
5755356824597772cb798962	AI-2急救组合	AI-2	AI-2 medkit	AI-2	1	1	meds;provisions
5755383e24597772cb798966	凡士林	凡士林	Vaseline balm	Vaseline	1	1	meds;provisions
576165642459773c7a400233	Saiga-12K ver.10 12铅径半自动霰弹枪	Saiga-12K	Saiga-12K ver.10 12ga semi-automatic shotgun	Saiga-12K	4	1	gun;wearable	Caliber12g
576167ab2459773cad038c43	SOK-12 螺纹保护帽	SOK-12护帽	SOK-12 thread protector	SOK-12 thr.	1	1	mods
576169e62459773c69055191	SOK-12聚合物护木Sb.7-1	Sb.7-1	SOK-12 polymer handguard	SOK-12	1	1	mods
57616a9e2459773c7a400234	Sb.5 12/70 SOK-12 5发弹匣	Sb.5	SOK-12 12ga Sb.5 5-round magazine	Sb.5	1	2	mods
57616c112459773cce774d66	SOK-12 防尘盖	Sb.0-2	SOK-12 dust cover	SOK-12 DC	2	1	mods
57616ca52459773c69055192	SOK-12 AK 式枪托	SOK-12 AK	SOK-12 AK-style stock	SOK-12 AK	2	1	mods
576a581d2459771e7b1bc4f1	雅利金 MP-443 “乌鸦” 9x19 手枪	MP-443 "乌鸦"	Yarygin MP-443 Grach 9x19 pistol	MP-443 Grach	2	1	gun;wearable	Caliber9x19PARA
576a5ed62459771e9c2096cb	MP-443 9x19 18发弹匣	MP-443	MP-443 Grach 9x19 18-round magazine	MP-443	1	1	mods
576a63cd2459771e796e0e11	Izhmekh MP-443聚合物手枪握把	MP443聚握	MP-443 Grach polymer pistol grip	MP443	1	1	mods;pistolGrip
576a7c512459771e796e0e17	Zenit B-8 MP-443 基座	B-8	MP-443 Grach Zenit B-8 mount	B-8	1	1	mods
576fd4ec2459777f0b518431	BelOMO PSO-1M2-1 4x24 瞄准镜	PSO-1M2-1	BelOMO PSO-1M2-1 4x24 scope	PSO-1M2-1	2	1	mods
577d128124597739d65d0e56	Burris FastFire韦弗式基座	FF基座	Burris FastFire Weaver Base	FFWB	1	1	mods
577d141e24597739c5255e01	Burris FastFire 3反射式瞄具	FF3	Burris FastFire 3 reflex sight	FF3	1	1	mods
577e1c9d2459773cd707c525	打印纸	纸	Printer paper	Paper	2	1	barter
5780cda02459777b272ede61	宿舍306房间钥匙	306钥匙	Dorm room 306 key	Dorm 306	1	1	keys
5780cf692459777de4559321	宿舍315房间钥匙	315钥匙	Dorm room 315 key	Dorm 315	1	1	keys
5780cf722459777a5108b9a1	宿舍308房间钥匙	308钥匙	Dorm room 308 key	Dorm 308	1	1	keys
5780cf7f2459777de4559322	宿舍楼 314 房间符号钥匙	314钥匙	Dorm room 314 marked key	Dorm 314	1	1	keys
5780cf942459777df90dcb72	宿舍214房间钥匙	214钥匙	Dorm room 214 key	Dorm 214	1	1	keys
5780cf9e2459777df90dcb73	宿舍218房间钥匙	218钥匙	Dorm room 218 key	Dorm 218	1	1	keys
5780cfa52459777dfb276eb1	宿舍220房间钥匙	220钥匙	Dorm room 220 key	Dorm 220	1	1	keys
5780d0532459777a5108b9a2	海关 Tarcone 主管办公室钥匙	海关物流	Tarcone Director's office key	Director's	1	1	keys
5780d0652459777df90dcb74	隔间钥匙	加油站	Gas station office key	Gas office	1	1	keys
5780d07a2459777de4559324	集装箱宿舍钥匙	集装箱	Portable cabin key	Cabin	1	1	keys
57838ad32459774a17445cd2	VSS “绞丝机” 特种狙击步枪	VSS	VSS Vintorez 9x39 special sniper rifle	VSS Vintorez	2	1	gun;noFlea;wearable	Caliber9x39
57838c962459774a1651ec63	VSS 9x39整体式枪管抑制器	VSS	VSS 9x39 integral barrel-suppressor	VSS	2	1	mods;suppressor
57838e1b2459774a256959b1	VSS Vintorez标准照门	VSS照门	VSS rear sight	VSS RS	1	1	mods
57838f0b2459774a256959b2	VSS/VAL 9x39 6L24 10发弹匣	6L24	VSS/VAL 9x39 6L24 10-round magazine	6L24	1	1	mods
57838f9f2459774a150289a0	VSS/VAL 9x39 6L25 20发弹匣（黑红色）	6L25	VSS/VAL 9x39 6L25 20-round magazine (Plum)	6L25	1	2	mods
578395402459774a256959b5	VSS Vintorez防尘盖	VSS	VSS dust cover	VSS	2	1	mods
578395e82459774a0e553c7b	TSNIITochMash VSS Vintorez枪托	VSS木制	VSS wooden stock	VSS wood	2	1	mods
5783c43d2459774bbe137486	简易钱包	钱包	Simple wallet	Wallet	1	1	barter;container
579204f224597773d619e051	马卡洛夫 PM(t) 9x18PM 手枪	PM (t)	Makarov PM (t) 9x18PM pistol	PM (t)	2	1	gun;wearable	Caliber9x18PM
5798a2832459774b53341029	海关地图	海关	Customs plan map	Customs	1	1	barter;specialSlot
57a0dfb82459774d3078b56c	9x39毫米 SP-5	SP-5	9x39mm SP-5 gs	SP-5	1	1	ammo;noFlea	Caliber9x39
57a0e5022459774d1673f889	9x39毫米 SP-6	SP-6	9x39mm SP-6 gs	SP-6	1	1	ammo;noFlea	Caliber9x39
57a3459f245977764a01f703	Zenit B-3 VSS/VAL 环形基座	B-3	VSS/VAL Zenit B-3 ring mount	B-3	1	1	mods
57a349b2245977762b199ec7	泵站前门钥匙	泵站前门	Pumping station front door key	Pump Frnt	1	1	keys
57a9b9ce2459770ee926038d	SOK-12 照门	SOK12照门	SOK-12 rear sight	SOK12 RS	1	1	mods
57ac965c24597706be5f975c	ELCAN SpecterDR 1x/4x瞄准镜	SpecterDR	ELCAN SpecterDR 1x/4x scope	SpecterDR	2	1	mods
57aca93d2459771f2c7e26db	ELCAN SpecterDR 1x/4x瞄准镜 FDE	SpecterDR	ELCAN SpecterDR 1x/4x scope (FDE)	SpecterDR	2	1	mods
57acb6222459771ec34b5cb0	Pilad 043-02基座	043-02	VOMZ Pilad 043-02 dovetail mount	043-02 DT	1	1	mods
57ade1442459771557167e15	Armacon Baskak枪托	Baskak	Armacon Baskak stock	Baskak	2	1	mods
57adff4f24597737f373b6e6	Sig BRAVO4 4X30瞄准镜	BRAVO4	SIG Sauer BRAVO4 4x30 scope	BRAVO4	2	1	mods
57ae0171245977343c27bfcf	BelOMO PK-06 反射式瞄具	PK-06	BelOMO PK-06 reflex sight	PK-06	1	1	mods
57af48872459771f0b2ebf11	Hogue OverMolded 橡胶握把 (FDE)	OMRG FDE	Hogue OverMolded Rubber Grip (FDE)	OMRG FDE	1	1	mods;pistolGrip
57c44b372459772d2b39b8ce	AS VAL“巨浪” 9x39 特种突击步枪	AS VAL	AS VAL 9x39 special assault rifle	AS VAL	2	1	gun;wearable	Caliber9x39
57c44dd02459772d2e0ae249	AS VAL 9x39枪管整体式抑制器	VAL	AS VAL 9x39 integral barrel-suppressor	VAL	2	1	mods;suppressor
57c44e7b2459772d28133248	AS VAL标准照门	AS VAL照门	AS VAL rear sight	VAL RS	1	1	mods
57c44f4f2459772d2c627113	AS VAL防尘盖	VAL	AS VAL dust cover	VAL	2	1	mods
57c44fa82459772d2d75e415	AS VAL 手枪式握把（黑红色）	VAL聚合物	AS VAL pistol grip (Plum)	VAL	1	1	mods;pistolGrip
57c450252459772d28133253	TSNIITochMash AS VAL枪托	VAL枪托	AS VAL skeleton stock	VAL	2	1	mods
57c55efc2459772d2c6271e7	Hogue OverMolded 橡胶握把（黑色）	OMRG黑	Hogue OverMolded Rubber Grip (Black)	OMRG BLK	1	1	mods;pistolGrip
57c55f092459772d291a8463	Hogue OverMolded 橡胶握把（吉利土色）	OMRG GE	Hogue OverMolded Rubber Grip (Ghillie Earth)	OMRG GE	1	1	mods;pistolGrip
57c55f112459772d28133310	Hogue OverMolded 橡胶握把（吉利绿）	OMRG GG	Hogue OverMolded Rubber Grip (Ghillie Green)	OMRG GG	1	1	mods;pistolGrip
57c55f172459772d27602381	Hogue OverMolded 橡胶握把（橄榄绿）	OMRG OD	Hogue OverMolded Rubber Grip (Olive Drab)	OMRG OD	1	1	mods;pistolGrip
57c5ac0824597754771e88a9	March Tactical 3-24x42 FFP 30 毫米步枪瞄准镜	3-24x42 FFP	March Tactical 3-24x42 FFP 30mm riflescope	3-24x42 FFP	2	1	mods
57c69dd424597774c03b7bbc	Lobar Arms 30毫米瞄准镜基座	Lobaev 30mm	Lobaev Arms 30mm scope mount	Lobaev 30mm	2	1	mods
57c9a89124597704ee6faec1	P226 战斗手枪握把 (FDE)	226FDE	P226 Combat pistol grip (FDE)	P226 FDE	1	1	mods;pistolGrip
57cd379a24597778e7682ecf	Kiba Arms Tactical战斧	KATT	Kiba Arms Tactical Tomahawk	KATT	1	3	noFlea;wearable
57cff947245977638e6f2a19	Magpul MOE AKM 护木（黑色）	MOE AKM	AK Magpul MOE AKM handguard (Black)	MOE AKM	1	1	mods
57cffb66245977632f391a99	Magpul M-LOK AFG 战术握把（黑色）	AFG M-LOK	Magpul M-LOK AFG tactical foregrip (Black)	AFG M-LOK	1	1	mods
57cffcd624597763133760c5	Magpul M-LOK AFG 战术握把 (FDE)	AFG M-LOK	Magpul M-LOK AFG tactical foregrip (FDE)	AFG M-LOK	1	1	mods
57cffcdd24597763f5110006	Magpul M-LOK AFG 战术握把（橄榄绿）	AFG M-LOK	Magpul M-LOK AFG tactical foregrip (Olive Drab)	AFG M-LOK	1	1	mods
57cffce524597763b31685d8	Magpul M-LOK AFG 战术握把（哑光灰）	AFG M-LOK	Magpul M-LOK AFG tactical foregrip (Stealth Grey)	AFG M-LOK	1	1	mods
57cffd8224597763b03fc609	Magpul MOE AKM 护木 (FDE)	MOE AKM	AK Magpul MOE AKM handguard (FDE)	MOE AKM	1	1	mods
57cffddc24597763133760c6	Magpul MOE AKM 护木（橄榄绿）	MOE AKM	AK Magpul MOE AKM handguard (Olive Drab)	MOE AKM	1	1	mods
57cffe0024597763b03fc60b	Magpul MOE AKM 护木（黑红色）	MOE AKM	AK Magpul MOE AKM handguard (Plum)	MOE AKM	1	1	mods
57cffe20245977632f391a9d	Magpul MOE AKM 护木（哑光灰）	MOE AKM	AK Magpul MOE AKM handguard (Stealth Grey)	MOE AKM	1	1	mods
57d14d2524597714373db789	PP-91 雪松 9x18PM冲锋枪	PP-91 雪松	PP-91 Kedr 9x18PM submachine gun	PP-91 Kedr	3	1	gun;wearable	Caliber9x18PM
57d14e1724597714010c3f4b	PP-91 9x18PM标准20发弹匣	PP91 Std	PP-91 Kedr 9x18PM 20-round magazine	PP-91	1	1	mods
57d1519e24597714373db79d	PP-91 9x18PM 30发标准弹匣	PP91 Std	PP-91 Kedr 9x18PM 30-round magazine	PP-91	1	2	mods
57d152ec245977144076ccdf	ZMZ PP-91聚合物手枪式握把	PP91聚合物	PP-91 Kedr polymer pistol grip	PP-91	1	1	mods;pistolGrip
57d17c5e2459775a5c57d17d	Ultrafire WF-501B手电筒	WF501B	Ultrafire WF-501B flashlight	WF501B	1	1	mods
57d17e212459775a1179a0f5	Kiba Arms 25毫米环形基座	25毫米环	Kiba Arms 25mm accessory ring mount	25mm ring	1	1	mods
57da93632459771cb65bf83f	KAC QDSS NT-4 5.56x45 消音器（黑色）	NT-4	KAC QDSS NT4 5.56x45 sound suppressor (Black)	NT4	2	1	mods;suppressor
57dbb57e2459774673234890	KAC QDSS NT-4 5.56x45 消音器 (FDE)	NT-4	KAC QDSS NT4 5.56x45 sound suppressor (FDE)	NT4	2	1	mods;suppressor
57dc2fa62459775949412633	AKS-74U 5.45x39 短突击步枪	AKS-74U	Kalashnikov AKS-74U 5.45x39 assault rifle	AKS-74U	3	1	gun;wearable	Caliber545x39
57dc324a24597759501edc20	AKS-74U 5.45x39 膛口制退器	6P26 0-20	AKS-74U 5.45x39 muzzle brake	AKS-74U	1	1	mods
57dc32dc245977596d4ef3d3	AKS-74U 木制护木	6P26 Sb.6	AKS-74U wooden handguard	AKS-74U	1	1	mods
57dc334d245977597164366f	AKS-74U 防尘盖	6P26 Sb.7	AKS-74U dust cover	AKS-74U DC	2	1	mods
57dc347d245977596754e7a1	AKS-74U 金属框架枪托	6P26 Sb.5	AKS-74U skeletonized stock	AKS-74U	2	1	mods
57e26ea924597715ca604a09	A-2607 大马士革钢匕首	A-2607	Bars A-2607 Damascus knife	A-2607	2	1	wearable
57e26fc7245977162a14b800	A-2607 95Kh18 匕首	A-2607	Bars A-2607 95Kh18 knife	A-2607	2	1	wearable
57e3dba62459770f0c32322b	AKS-74U 胶木手枪式握把	6P4 Sb.9	AKS-74U bakelite pistol grip	AKS-74U bak.	1	1	mods;pistolGrip
57ee59b42459771c7b045da5	Rotor 43 RIS PP-91 导轨基座	Kedr RIS	PP-91 Kedr Rotor 43 RIS mount	PP91 RIS	1	1	mods
57f3a5ae2459772b0e0bf19e	PSO瞄准镜眼罩	PSO眼罩	PSO scope eyecup	PSO eyecup	1	1	mods
57f3c6bd24597738e730fa2f	PP-91-01 雪松-B 9x18PM 冲锋枪	PP-91-01 雪松-B	PP-91-01 Kedr-B 9x18PM submachine gun	PP-91-01 Kedr-B	3	1	gun;wearable	Caliber9x18PM
57f3c7e024597738ea4ba286	PP-91-01“雪松-B”螺纹消音器转接器	雪松转接	PP-91-01 Kedr-B threaded suppressor adapter	Kedr thr.	1	1	mods
57f3c8cc2459773ec4480328	PP-91-01 Kedr-B 9x18PM抑制器	PP9101	PP-91-01 Kedr-B 9x18PM sound suppressor	PP9101	2	1	mods;suppressor
57f4c844245977379d5c14d1	PP-9 楔子 9x18PMM 冲锋枪	PP-9 楔子	PP-9 Klin 9x18PMM submachine gun	PP-9 Klin	3	1	gun;wearable	Caliber9x18PMM
57fd23e32459772d0805bcf1	Holosun LS321战术设备	LS321	Holosun LS321 Tactical device	LS321	1	1	mods
57ffa9f4245977728561e844	Zenit B-11 AKS-74U 护木	B-11	AKS-74U Zenit B-11 handguard	B-11	1	1	mods
57ffaea724597779f52b3a4d	Zenit B-12 导轨基座	B-12	AK Zenit B-12 Mount	B-12	1	1	mods
57ffb0062459777a045af529	Zenit AKS-74U B-18 导轨基座	B-18	AKS-74U Zenit B-18 Mount	B-18	1	1	mods
57ffb0e42459777d047111c5	AKS-74U PBS-4 5.45x39消音器	PBS-4	AKS-74U PBS-4 5.45x39 sound suppressor	PBS-4	2	1	mods;suppressor
5827272a24597748c74bdeea	SOK-12 MTU002长顶型铝制护木	MTU002 L	SOK-12 Leapers UTG PRO MTU002 Long Top aluminum handguard	MTU002 L	2	1	mods
58272b392459774b4c7b3ccd	SOK-12 MTU002短顶型铝制护木	MTU002 S	SOK-12 Leapers UTG PRO MTU002 Short Top aluminum handguard	MTU002 S	2	1	mods
58272b842459774abc128d50	SOK-12 CSS SIGHT RAIL MOUNT照门	CSS-SRM-L	SOK-12 CSS rear sight rail mount	CSS RSRM	1	1	mods
58272d7f2459774f6311ddfd	GK-02 12 铅径膛口制退器	GK-02	GK-02 12ga muzzle brake	GK-02	1	1	mods
583990e32459771419544dd2	AKS-74UN 5.45x39 短突击步枪	AKS-74UN	Kalashnikov AKS-74UN 5.45x39 assault rifle	AKS-74UN	3	1	gun;wearable	Caliber545x39
5839a40f24597726f856b511	AKS-74UB 5.45x39 短突击步枪	AKS-74UB	Kalashnikov AKS-74UB 5.45x39 assault rifle	AKS-74UB	3	1	gun;wearable	Caliber545x39
5839a7742459773cf9693481	AKS-74UB 防尘盖	AKS-74UB防尘盖	AKS-74UB dust cover	AKS-74UB DC	2	1	mods
5841474424597759ba49be91	AK-74N 5.45x39 突击步枪 默认	AK-74N 默认	Kalashnikov AK-74N 5.45x39 assault rifle Default	AK-74N Default	5	2	preset
584147732459775a2b6d9f12	AKS-74U 5.45x39 短突击步枪 默认	AKS-74U 默认	Kalashnikov AKS-74U 5.45x39 assault rifle Default	AKS-74U Default	4	2	preset
584147982459775a6c55e931	AKS-74UB 5.45x39 短突击步枪 默认	AKS-74UB 默认	Kalashnikov AKS-74UB 5.45x39 assault rifle Default	AKS-74UB Default	5	2	preset
584147ed2459775a77263501	AKS-74UN 5.45x39 短突击步枪 默认	AKS-74UN 默认	Kalashnikov AKS-74UN 5.45x39 assault rifle Default	AKS-74UN Default	4	2	preset
5841482e2459775a050cdda9	AS VAL“巨浪” 9x39 特种突击步枪 默认	AS VAL 默认	AS VAL 9x39 special assault rifle Default	AS VAL Default	5	2	preset
584148a524597759eb357a44	雅利金 MP-443 “乌鸦” 9x19 手枪 默认	MP-443 "乌鸦" 默认	Yarygin MP-443 Grach 9x19 pistol Default	MP-443 Grach Default	2	1	preset
584148f2245977598f1ad387	MP-133 12 铅径泵动式霰弹枪 默认	MP-133 默认	MP-133 12ga pump-action shotgun Default	MP-133 Default	5	1	preset
58414907245977598f1ad38d	MP-153 12铅径半自动霰弹枪 默认	MP-153 默认	MP-153 12ga semi-automatic shotgun Default	MP-153 Default	7	1	preset
584149242459775a7726350a	SIG P226R 9x19 手枪 默认	P226R 默认	SIG P226R 9x19 pistol Default	P226R Default	2	1	preset
584149452459775992479702	PB 9x18PM消音手枪 默认	PB 默认	PB 9x18PM silenced pistol Default	PB Default	3	1	preset
58414967245977598f1ad391	马卡洛夫9x18PM 手枪 默认	PM 默认	Makarov PM 9x18PM pistol Default	PM Default	2	1	preset
5841499024597759f825ff3e	马卡洛夫 PM(t) 9x18PM 手枪 默认	PM (t) 默认	Makarov PM (t) 9x18PM pistol Default	PM (t) Default	2	1	preset
584149ad2459775a7726350e	PP-9 楔子 9x18PMM 冲锋枪 默认	PP-9 楔子 默认	PP-9 Klin 9x18PMM submachine gun Default	PP-9 Klin Default	3	2	preset
584149c42459775a77263510	PP-91 雪松 9x18PM冲锋枪 默认	PP-91 雪松 默认	PP-91 Kedr 9x18PM submachine gun Default	PP-91 Kedr Default	3	2	preset
584149ea2459775a6c55e940	PP-91-01 雪松-B 9x18PM 冲锋枪 默认	PP-91-01 雪松-B 默认	PP-91-01 Kedr-B 9x18PM submachine gun Default	PP-91-01 Kedr-B Default	4	2	preset
58414a052459775a2b6d9f1e	Saiga-12K ver.10 12铅径半自动霰弹枪 默认	Saiga-12K 默认	Saiga-12K ver.10 12ga semi-automatic shotgun Default	Saiga-12K Default	5	2	preset
58414a16245977599247970a	SV-98 7.62x54 狙击步枪 默认	SV-98 默认	SV-98 7.62x54R bolt-action sniper rifle Default	SV-98 Default	6	2	preset
58414a2724597759b344da4d	托卡列夫 TT-33 7.62x25 手枪 默认	TT 默认	Tokarev TT-33 7.62x25 TT pistol Default	TT Default	2	1	preset
58414a3f2459775a77263531	VSS “绞丝机” 特种狙击步枪  默认	VSS 默认	VSS Vintorez 9x39 special sniper rifle Default	VSS Vintorez Default	5	2	noFlea;preset
58491f3324597764bc48fa02	EOTech XPS3-0 全息瞄具	XPS3-0	EOTech XPS3-0 holographic sight	XPS3-0	1	1	mods
584924ec24597768f12ae244	EOTech XPS3-2 全息瞄具	XPS3-2	EOTech XPS3-2 holographic sight	XPS3-2	1	1	mods
584984812459776a704a82a6	VOMZ Pilad P1X42 "WEAVER"反射式瞄具	P1X42	VOMZ Pilad P1x42 Weaver reflex sight	P1x42	1	1	mods
5857a8b324597729ab0a0e7d	Beta 安全箱	Beta	Secure container Beta	Beta	3	2	noFlea
5857a8bc2459772bad15db29	Gamma 安全箱	Gamma	Secure container Gamma	Gamma	3	3	noFlea
587de4282459771bca0ec90b	P226带螺纹枪管 9x19	P226螺纹	P226 9x19 112mm threaded barrel	P226 thr.	1	1	mods
587de5ba2459771c0f1e8a58	P226螺纹保护帽	P226护帽	P226 thread protector	P226 thr.	1	1	mods
587df3a12459772c28142567	SKS 7.62x39 10发内置弹仓	SKS int.	SKS 7.62x39 10-round internal box magazine	SKS int.	1	1	mods
587df583245977373c4f1129	ProMag SKS-A5 7.62x39 20发SKS弹匣	SKS-A5	SKS 7.62x39 TAPCO 6610 20-round magazine	6610	1	2	mods
587e02ff24597743df3deaeb	西蒙诺夫 OP-SKS 7.62x39 卡宾枪	OP-SKS	Molot Arms Simonov OP-SKS 7.62x39 carbine	OP-SKS	2	1	gun;wearable	Caliber762x39
587e0531245977466077a0f7	Molot OP-SKS木质枪托	OP-SKS木托	OP-SKS wooden stock	OP-SKS Wood	4	1	mods
587e08ee245977446b4410cf	OP-SKS燕尾槽基座	OPSKS DT	OP-SKS dovetail mount	OPSKS DT	1	1	mods
588200af24597742fa221dfb	MP-153 12 铅径 610 毫米枪管	MP153 610mm	MP-153 12ga 610mm barrel	MP153 610mm	4	1	mods
588200c224597743990da9ed	MP-153 12 铅径 660 毫米枪管	MP153 660mm	MP-153 12ga 660mm barrel	MP153 660mm	4	1	mods
588200cf2459774414733d55	MP-153 12 铅径 710 毫米枪管	MP153 710mm	MP-153 12ga 710mm barrel	MP153 710mm	5	1	mods
58820d1224597753c90aeb13	12/70 铅头弹	12/70独头弹	12/70 lead slug	Slug	1	1	ammo;noFlea	Caliber12g
5882163224597757561aa920	MP-153 12 铅径 7 发弹仓	MP153x7	MP-153 12ga 7-shell magazine	MP153x7	3	1	mods
5882163824597757561aa922	MP-153 12 铅径 6 发弹仓	MP153x6	MP-153 12ga 6-shell magazine	MP153x6	2	1	mods
5882163e24597758206fee8c	MP-153 12 铅径 5 发弹仓	MP153x5	MP-153 12ga 5-shell magazine	MP153x5	1	1	mods
588226d124597767ad33f787	Magpul AFG 战术握把（黑色）	AFG黑	Magpul AFG tactical foregrip (Black)	AFG BLK	1	1	mods
588226dd24597767ad33f789	Magpul AFG 战术握把 (FDE)	AFG FDE	Magpul AFG tactical foregrip (FDE)	AFG FDE	1	1	mods
588226e62459776e3e094af7	Magpul AFG 战术握把（森林绿）	AFG FG	Magpul AFG tactical foregrip (Forest Green)	AFG FG	1	1	mods
588226ef24597767af46e39c	Magpul AFG 战术握把（橄榄绿）	AFG OD	Magpul AFG tactical foregrip (Olive Drab)	AFG OD	1	1	mods
58864a4f2459770fcc257101	9x19毫米 PSO gzh	PSO	9x19mm PSO gzh	PSO	1	1	ammo;noFlea	Caliber9x19PARA
5887431f2459777e1612938f	7.62x54R LPS	LPS	7.62x54mm R LPS gzh	LPS	1	1	ammo;noFlea	Caliber762x54R
588892092459774ac91d4b11	DVL-10 7.62x51 栓动式狙击步枪	DVL-10	Lobaev Arms DVL-10 7.62x51 bolt-action sniper rifle	DVL-10	2	1	gun;wearable	Caliber762x51
5888945a2459774bf43ba385	DVL-10 7.62x51 500 毫米消音枪管	DVL-10 500mm	DVL-10 7.62x51 500mm suppressed barrel	DVL-10 500mm	3	1	mods
5888956924597752983e182d	DVL-10 M2 7.62x51 660 毫米枪管	DVL-10 M2 660mm	DVL-10 M2 7.62x51 660mm barrel	DVL-10 M2 660mm	4	1	mods
5888961624597754281f93f3	Harris S-BRM 6-9" 脚架	S-BRM	Harris S-BRM 6-9" Bipod	S-BRM	2	1	mods
5888976c24597754281f93f5	LOBAEV Arms DVL-10 M2护木	DVL-10 M2	DVL-10 M2 handguard	DVL-10 M2	2	1	mods
5888988e24597752fe43a6fa	DVL-10 7.62x51 10发弹匣	DVL-10	DVL-10 7.62x51 10-round magazine	DVL-10	1	1	mods
5888996c24597754281f9419	DVL-10 M2 7.62x51膛口制退器	DVL-10 M2制退器	DVL-10 M2 7.62x51 muzzle brake	DVL-10 M2	1	1	mods
58889c7324597754281f9439	DVL-10 7.62x51膛口装置	DVL-10 MD	DVL-10 7.62x51 muzzle device	DVL-10 MD	1	1	mods
58889d0c2459775bc215d981	LOBAEV Arms枪托	LOBAEV Arms枪托	DVL-10 Lobaev Arms stock	Lobaev	2	1	mods
588b56d02459771481110ae2	Daniel Defence RIS II 9.5 英寸 AR-15 规格下护木（黑色）	RIS II 9.5	AR-15 Daniel Defense RIS II 9.5 handguard (Black)	RIS II 9.5	2	1	mods
58948c8e86f77409493f7266	SIG MPX 9x19 冲锋枪	MPX	SIG MPX 9x19 submachine gun	MPX	1	1	gun;wearable	Caliber9x19PARA
58949dea86f77409483e16a8	A2 9x19 MPX消焰器	MPX A2	MPX A2 9x19 flash hider	MPX A2	1	1	mods
58949edd86f77409483e16a9	MPX 双侧拉机柄	MPX拉机柄	MPX ambidextrous charging handle	MPX 2x	1	1	mods
58949fac86f77409483e16aa	SIG MPX单掣子销拉机柄	MPX拉机柄	MPX single latch charging handle	MPX 1x	1	1	mods
5894a05586f774094708ef75	MPX 9x19 30发标准弹匣	9x19 MPX	MPX 9x19 30-round magazine	MPX	1	2	mods
5894a13e86f7742405482982	SIG Sauer 伸缩/折叠式枪托	SIG CTS	SIG Sauer Collapsing/Telescoping Stock	SIG CTS	2	1	mods
5894a2c386f77427140b8342	8 英寸 MPX 枪管 9x19	MPX 8"	MPX 9x19 8 inch barrel	MPX 8"	2	1	mods
5894a42086f77426d2590762	SIG MPX Gen. 1 MPX护木	MPX GEN1 6"	MPX GEN1 6 inch handguard	MPX GEN1 6"	2	1	mods
5894a51286f77426d13baf02	SIG MPX手枪式握把	MPX手枪式握把	MPX pistol grip	MPX	1	1	mods;pistolGrip
5894a5b586f77426d2590767	SIG MPX一代上机匣	MPX GEN1	MPX GEN1 9x19 upper receiver	MPX GEN1	2	1	mods
5894a73486f77426d259076c	SIG可折叠准星	SIG可折叠准星	MPX flip-up front sight	MPX FS	1	1	mods
5894a81786f77427140b8347	SIG可折叠照门	SIG可折叠照门	MPX flip-up rear sight	MPX RS	1	1	mods
58a56f8d86f774651579314c	SIG GEN1 护木 2 英寸导轨	GEN1 2"	SIG GEN1 handguard 2 inch rail	GEN1 2"	1	1	mods
58a5c12e86f7745d585a2b9e	SIG GEN1 护木 4 英寸导轨	GEN1 4"	SIG GEN1 handguard 4 inch rail	GEN1 4"	1	1	mods
58ac1bf086f77420ed183f9f	SIG枪托伸缩管转接器	SIG F.K.	SIG Sauer Folding Knuckle Stock Adapter	SIG FKSA	1	1	mods
58aeaaa886f7744fc1560f81	6.5英寸 MPX-SD 分体式枪管 9x19	MPX-SD 6.5"	MPX-SD 9x19 6.5 inch ported barrel	MPX-SD 6.5"	1	1	mods
58aeac1b86f77457c419f475	MPX-SD 9x19整体式消声器	MPX-SD	MPX-SD 9x19 integrated sound suppressor	MPX-SD	2	1	mods;suppressor
58c157be86f77403c74b2bb6	TangoDown Stubby BGV-MK46K 前握把 (FDE)	MK46K	TangoDown Stubby BGV-MK46K foregrip (FDE)	MK46K	1	1	mods
58c157c886f774032749fb06	TangoDown Stubby BGV-MK46K 前握把（哑光灰）	MK46K	TangoDown Stubby BGV-MK46K foregrip (Stealth Grey)	MK46K	1	1	mods
58d2664f86f7747fec5834f6	Cross Slot DeltaPoint 瞄具基座	DPCSM	DeltaPoint Cross Slot Mount base	DPCSM	1	1	mods
58d268fc86f774111273f8c2	Leupold DeltaPoint反射式瞄具	DP	Leupold DeltaPoint Reflex Sight	DP	1	1	mods
58d2912286f7744e27117493	Magpul MOE 卡宾枪橡胶枪托垫	MOE托垫	Magpul MOE Carbine rubber buttpad	MOE RBP	1	1	mods
58d2946386f774496974c37e	Magpul MOE AR-15 卡宾枪托 (FDE)	MOE FDE	AR-15 Magpul MOE Carbine stock (FDE)	MOE FDE	2	1	mods
58d2946c86f7744e271174b5	Magpul MOE AR-15 卡宾枪托 (叶绿色)	MOE叶绿	AR-15 Magpul MOE Carbine stock (Foliage Green)	MOE FG	2	1	mods
58d2947686f774485c6a1ee5	Magpul MOE AR-15 卡宾枪托（橄榄绿）	MOE OD	AR-15 Magpul MOE Carbine stock (Olive Drab)	MOE OD	2	1	mods
58d2947e86f77447aa070d53	Magpul MOE AR-15 卡宾枪托（哑光灰）	MOE SG	AR-15 Magpul MOE Carbine stock (Stealth Grey)	MOE SG	2	1	mods
58d399e486f77442e0016fe7	Aimpoint Micro T-1反射式瞄具	T-1	Aimpoint Micro T-1 reflex sight	T-1	1	1	mods
58d39b0386f77443380bf13c	Aimpoint Micro瞄具垫高器	AMSH	Aimpoint Micro Spacer High	AMSH	1	1	mods
58d39d3d86f77445bb794ae7	Aimpoint Micro瞄具基座	AMM	Aimpoint Micro Standard Mount	AMM	1	1	mods
58d3db5386f77426186285a0	M67手榴弹	M67	M67 hand grenade	M67	1	1	ammo;grenade
58dd3ad986f77403051cba8f	7.62x51毫米 M80	M80	7.62x51mm M80	M80	1	1	ammo;noFlea	Caliber762x51
58dffc5d86f77407c744a847	DVL-10 7.62x51 栓动式狙击步枪 Urbana	DVL-10 Urbana	Lobaev Arms DVL-10 7.62x51 bolt-action sniper rifle Urbana	DVL-10 Urbana	6	2	preset
58dffca786f774083a256ab1	SIG MPX 9x19 冲锋枪 默认	MPX 默认	SIG MPX 9x19 submachine gun Default	MPX Default	4	2	preset
58dffce486f77409f40f8162	西蒙诺夫 SKS 7.62x39 卡宾枪 默认	SKS 默认	TOZ Simonov SKS 7.62x39 carbine Default	SKS Default	5	1	preset
58dffd4586f77408a27629b2	SIG MPX 9x19 冲锋枪 Silenced	MPX Silenced	SIG MPX 9x19 submachine gun Silenced	MPX Silenced	4	2	preset
5900b89686f7744e704a8747	森林地图	森林	Woods plan map	Woods	1	1	barter;specialSlot
5909e99886f7740c983b9984	USB适配器	USB-A	USB Adapter	USB-A	1	1	barter
590a358486f77429692b2790	可充电电池	充电电池	Rechargeable battery	RBattery	1	1	barter
590a373286f774287540368b	固体燃料	固体燃料	Dry fuel	DFuel	1	1	barter
590a386e86f77429692b27ab	损坏的硬盘	HDD	Damaged hard drive	HDD	2	1	barter
590a391c86f774385a33c404	电磁铁	磁铁	Magnet	Magnet	1	1	barter
590a3b0486f7743954552bdb	印制电路板	电路板	Printed circuit board	PCB	1	1	barter
590a3c0a86f774385a33c450	火花塞	火花塞	Spark plug	SPlug	1	1	barter
590a3cd386f77436f20848cb	节能灯泡	节能灯	Energy-saving lamp	ES Lamp	1	1	barter
590a3d9c86f774385926e510	紫外线灯泡	紫外线灯泡	Ultraviolet lamp	UV Lamp	1	1	barter
590a3efd86f77437d351a25b	气体分析仪	分析仪	Gas analyzer	GasAn	1	2	barter
590c2b4386f77425357b6123	钳子	钳子	Pliers	Pliers	1	1	barter
590c2c9c86f774245b1f03f2	施工用测量卷尺	测量卷尺	Construction measuring tape	MTape	1	1	barter
590c2d8786f774245b1f03f3	螺丝刀	螺丝刀	Screwdriver	Scdr.	1	1	barter
590c2e1186f77425357b6124	一套工具	工具	Toolset	Toolset	2	2	barter
590c311186f77424d1667482	扳手	扳手	Wrench	Wrench	1	1	barter
590c31c586f774245e3141b2	一包钉子	钉子	Pack of nails	Nails	1	1	barter
590c346786f77423e50ed342	Xenomorph发泡密封胶	Xeno	Xenomorph sealing foam	Xeno	1	3	barter
590c35a486f774273531c822	Shustrilo发泡密封胶	Shus	Shustrilo sealing foam	Shus	1	3	barter
590c37d286f77443be3d7827	串口硬盘	SAS	SAS drive	SAS	1	1	barter
590c392f86f77444754deb29	固态硬盘	SSD	SSD drive	SSD	1	1	barter
590c595c86f7747884343ad7	防毒面具滤罐	滤罐	Gas mask air filter	Filter	2	1	barter
590c5a7286f7747884343aea	“Kite”火药	火药	Gunpowder "Kite"	Kite	1	2	barter
590c5bbd86f774785762df04	100毫升WD-40	WD-40	WD-40 (100ml)	WD-40	1	1	barter
590c5c9f86f77477c91c36e7	400毫升WD-40	WD-40	WD-40 (400ml)	WD-40	1	2	barter
590c5d4b86f774784e1b9c45	Iskra（“火花”）单兵口粮	Iskra	Iskra ration pack	Iskra	1	2	provisions
590c5f0d86f77413997acfab	MRE个人即食口粮	MRE	MRE ration pack	MRE	1	2	provisions
590c60fc86f77412b13fddcf	文件包	文件包	Documents case	Docs	1	2	container;markedOnly
590c621186f774138d11ea29	加密U盘	U盘	Secure Flash drive	Flash drive	1	1	barter
590c639286f774151567fa95	技术指导文件	手册	Tech manual	Manual	1	2	barter
590c645c86f77412b01304d9	日记	日记	Diary	Diary	1	2	barter
590c651286f7741e566b6461	袖珍日记	日记	Slim diary	SDiary	1	1	barter
590c657e86f77412b013051d	Grizzly急救包	Grizzly	Grizzly medical kit	Grizzly	2	2	meds;provisions
590c661e86f7741e566b646a	车载急救包	车载急救包	Car first aid kit	Car	2	1	meds;provisions
590c678286f77426c9660122	IFAK单兵急救包	IFAK	IFAK individual first aid kit	IFAK	1	1	meds;provisions
590c695186f7741e566b64a2	力百汀抗生素药片	力百汀	Augmentin antibiotic pills	Augmentin	1	1	meds;provisions
590de4a286f77423d9312a32	折叠车钥匙	车钥匙	Folding car key	Car	1	1	keys
590de71386f774347051a052	古董茶壶	茶壶	Antique teapot	Teapot	1	2	barter
590de7e986f7741b096e5f32	古董花瓶	花瓶	Antique vase	Vase	2	2	barter
591094e086f7747caa7bb2ef	防弹衣维修套件	护甲维修套件	Body armor repair kit	Armor repair kit	3	2
5910968f86f77425cf569c32	武器维修套件	维修套件	Weapon repair kit	Weapon repair kit	3	2
5913611c86f77479e0084092	拖车停车场工棚钥匙	停车场	Trailer park portable cabin key	Cabin	1	1	keys
5913651986f774432f15d132	VAZ 车钥匙	Sixpack	VAZ car key	Shestyorka	1	1	keys
59136a4486f774447a1ed172	宿舍门卫室钥匙	门卫	Dorm guard desk key	GDesk	1	1	keys
59136e1e86f774432f15d133	宿舍110房间钥匙	110钥匙	Dorm room 110 key	Dorm 110	1	1	keys
59136f6f86f774447a1ed173	折叠车钥匙	车钥匙	Folding car key	Car	1	1	keys
591382d986f774465a6413a7	宿舍105房间钥匙	105钥匙	Dorm room 105 key	Dorm 105	1	1	keys
591383f186f7744a4c5edcf3	宿舍104房间钥匙	104钥匙	Dorm room 104 key	Dorm 104	1	1	keys
5913877a86f774432f15d444	加油站储藏室钥匙	储藏室	Gas station storage room key	Gas store	1	1	keys
5913915886f774123603c392	军事基地检查站钥匙	检查站	Military checkpoint key	Checkpoint	1	1	keys
5914578086f774123569ffa4	宿舍108房间钥匙	108钥匙	Dorm room 108 key	Dorm 108	1	1	keys
59148c8a86f774197930e983	宿舍204房间钥匙	204钥匙	Dorm room 204 key	Dorm 204	1	1	keys
59148f8286f7741b951ea113	武器保险柜钥匙	保险柜	Weapon safe key	WSafe	1	1	keys
591ae8f986f77406f854be45	Yotota车钥匙	Yotota	Yotota car key	Yotota	1	1	keys
591aef7986f774139d495f03	TROY M7A1 PDW AR-15 枪托（黑色）	M7A1PDW	AR-15 TROY M7A1 PDW stock (Black)	M7A1PDW	2	1	mods
591af10186f774139d495f0e	TROY M7A1 PDW AR-15 枪托 (FDE)	M7A1PDW	AR-15 TROY M7A1 PDW stock (FDE)	M7A1PDW	2	1	mods
591af28e86f77414a27a9e1d	Viking Tactical UVG战术握把	UVG战术	Viking Tactics UVG tactical foregrip	UVG	1	1	mods
591afe0186f77431bd616a11	ZB-014钥匙	ZB-014	ZB-014 key	ZB-014	1	1	keys
591c4e1186f77410354b316e	Axion Kobra 瞄具遮光罩	遮光罩	Axion Kobra sight shade	Kobra	1	1	mods
591c4efa86f7741030027726	Axion Kobra EKP-8-18 反射式瞄具	EKP-8-18	Axion Kobra EKP-8-18 reflex sight	EKP-8-18	1	1	mods
591ee00d86f774592f7b841e	Axion Kobra 燕尾槽适配导轨基座	Kobra	Axion Kobra dovetail mount	Kobra	1	1	mods
5926bb2186f7744b1c6c6e60	HK MP5 9x19 冲锋枪（海军三发点射）	MP5	HK MP5 9x19 submachine gun (Navy 3 Round Burst)	MP5	1	1	gun;wearable	Caliber9x19PARA
5926c0df86f77462f647f764	HK MP5上机匣	MP5机匣	HK MP5 9x19 upper receiver	MP5	2	1	mods
5926c32286f774616e42de99	HK MP5拉机柄	MP5机柄	HK MP5 cocking handle	MP5 CH	1	1	mods
5926c36d86f77467a92a8629	HK MP5 Wide Tropical聚合物护木	MP5WT	HK MP5 Wide Tropical polymer handguard	MP5WT	2	1	mods
5926c3b286f774640d189b6b	HK MP5 9x19 30发弹匣	MP5	HK MP5 9x19 30-round magazine	MP5	1	2	mods
5926d2be86f774134d668e4e	HK MP5鼓式照门	Drum	HK MP5 Drum rear sight	Drum	1	1	mods
5926d33d86f77410de68ebc0	HK MP5SD 9x19消音器	MP5SD消音	HK MP5SD 9x19 sound suppressor	MP5SD supp.	2	1	mods;suppressor
5926d3c686f77410de68ebc8	HK A2枪托	HK A2	HK MP5 A2 stock	MP5A2	2	1	mods
5926d40686f7740f152b6b7e	HK A3老版枪托	HK A3	HK MP5 A3 old model stock	MP5A3	2	1	mods
5926dad986f7741f82604363	MFI MP5 通用低基线瞄具导轨	MFIHK基座	HK MP5 MFI HK universal low profile scope mount	MFI HK	1	1	mods
5926e16e86f7742f5a0f7ecb	HK MP5 三叉膛口转接器	MP5三叉	HK MP5 3-lug muzzle adapter	MP5 3Lug	1	1	mods
5926f2e086f7745aae644231	HK MP5SD 9x19上机匣	MP5SD	HK MP5SD 9x19 upper receiver	MP5SD	2	1	mods
5926f34786f77469195bfe92	HK MP5SD 聚合物护木	MP5SD护木	HK MP5SD polymer handguard	MP5SD HG	2	1	mods
5929a2a086f7744f4b234d43	UMTBS 6Sh112 Scout-Sniper胸挂（数码丛林迷彩）	6sh112	UMTBS 6Sh112 Scout-Sniper chest rig (EMR)	6Sh112 S-S	3	4	rig;wearable
592c2d1a86f7746dbe2af32a	ANA Tactical Alpha胸挂	Alpha	ANA Tactical Alpha chest rig (Olive Drab)	Alpha	4	4	rig;wearable
5937ee6486f77408994ba448	机械钥匙	钥匙	Machinery key	Machinery	1	1	keys;noFlea
5938144586f77473c2087145	简易工棚钥匙	简易工棚	Portable bunkhouse key	Bunkhouse	1	1	keys
5938504186f7740991483f30	宿舍203房间钥匙	203钥匙	Dorm room 203 key	Dorm 203	1	1	keys
593858c486f774253a24cb52	泵站后门钥匙	泵站后门	Pumping station back door key	Pump Back	1	1	keys
5938603e86f77435642354f4	宿舍206房间钥匙	206钥匙	Dorm room 206 key	Dorm 206	1	1	keys
59387a4986f77401cc236e62	宿舍114房间钥匙	114钥匙	Dorm room 114 key	Dorm 114	1	1	keys
5938994586f774523a425196	宿舍103房间钥匙	103钥匙	Dorm room 103 key	Dorm 103	1	1	keys
593962ca86f774068014d9af	未知钥匙	未知钥匙	Unknown key	Unknown	1	1	keys;noFlea
593aa4be86f77457f56379f8	宿舍303房间钥匙	303钥匙	Dorm room 303 key	Dorm 303	1	1	keys
593d1fa786f7746da62d61ac	UTG SKS SOCOM导轨基座	SKS SOCOM	SKS Leapers UTG SOCOM rail mount	SKS SOCOM	2	1	mods
593d489686f7745c6255d58a	Hexagon AKM 7.62x39 消音器	Hexagon AKM	AKM Hexagon 7.62x39 sound suppressor	Hexagon AKM	2	1	mods;suppressor
593d490386f7745ee97a1555	Hexagon SKS 7.62x39声音抑制器	Hexagon SKS	SKS Hexagon 7.62x39 sound suppressor	Hexagon SKS	2	1	mods;suppressor
593d493f86f7745e6b2ceb22	Hexagon AK-74 5.45x39消音器	Hexagon AK-74	AK-74 Hexagon 5.45x39 sound suppressor	Hexagon AK-74	2	1	mods;suppressor
59411aa786f7747aeb37f9a5	HK MP5 9x19 冲锋枪（海军三发点射） 默认	MP5 默认	HK MP5 9x19 submachine gun (Navy 3 Round Burst) Default	MP5 Default	3	2	preset
59411abb86f77478f702b5d2	HK MP5 9x19 冲锋枪（海军三发点射） SD	MP5 SD	HK MP5 9x19 submachine gun (Navy 3 Round Burst) SD	MP5 SD	4	2	preset
59430b9b86f77403c27945fd	AK-74N 5.45x39 突击步枪 Magpul	AK-74N Magpul	Kalashnikov AK-74N 5.45x39 assault rifle Magpul	AK-74N Magpul	5	2	preset
5943ee5a86f77413872d25ec	PWS CQB 5.56x45 AR-15 膛口制退器	PWS CQB	AR-15 PWS CQB 5.56x45 muzzle brake	PWS CQB	1	1	mods
5943eeeb86f77412d6384f6b	PWS CQB 74 5.45x39 AK-74 膛口制退器	PWS CQB 74	AK-74 PWS CQB 74 5.45x39 muzzle brake	PWS CQB 74	1	1	mods
5947c73886f7747701588af5	MFT BUS AR-15 枪托	BUS	AR-15 MFT BUS stock	BUS	2	1	mods
5947db3f86f77447880cf76f	Axion Kobra EKP-8-02 反射式瞄具（燕尾槽）	EKP-8-02 DT	Axion Kobra EKP-8-02 reflex sight (Dovetail)	EKP-8-02 DT	1	1	mods
5947e98b86f774778f1448bc	Magpul UBR GEN2 AR-15 枪托（黑色）	UBR GEN2	AR-15 Magpul UBR GEN2 stock (Black)	UBR GEN2	2	1	mods
5947eab886f77475961d96c5	Magpul UBR GEN2 AR-15 枪托 (FDE)	UBR GEN2	AR-15 Magpul UBR GEN2 stock (FDE)	UBR GEN2	2	1	mods
5947f92f86f77427344a76b1	TAPCO SAW 样式 AK 手枪式握把 (黑色)	SAW	AK TAPCO SAW-Style pistol grip (Black)	SAW	1	1	mods;pistolGrip
5947fa2486f77425b47c1a9b	TAPCO SAW 样式 AK 手枪式握把 (FDE)	SAW	AK TAPCO SAW-Style pistol grip (FDE)	SAW	1	1	mods;pistolGrip
595cf16b86f77427440c32e2	War Sport LVOA-S AR-15 护木（黑色）	LVOA-S	AR-15 War Sport LVOA-S handguard (Black)	LVOA-S	2	1	mods
595cfa8b86f77427437e845b	War Sport LVOA-C AR-15 护木（黑色）	LVOA-C	AR-15 War Sport LVOA-C handguard (Black)	LVOA-C	3	1	mods
5991b51486f77447b112d44f	MS2000指示器	MS2000	MS2000 Marker	MS2000	1	1	barter;specialSlot
59984ab886f7743e98271174	PP-19-01 勇士 9x19 冲锋枪	PP-19-01	PP-19-01 Vityaz 9x19 submachine gun	PP-19-01	2	1	gun;wearable	Caliber9x19PARA
5998517986f7746017232f7e	PP-19-01 Izhmash手枪式握把	PP-19-01握把	PP-19-01 Vityaz pistol grip	PP-19-01	1	1	mods;pistolGrip
599851db86f77467372f0a18	PP-19-01 勇士 金属框架枪托	PP-19-01枪托	PP-19-01 Vityaz metal skeleton stock	PP-19-01	2	1	mods
5998529a86f774647f44f421	lzh.9x19 Sb.7 10发弹匣	Sb.7	Saiga-9 9x19 sb.7 10-round magazine	Sb.7	1	2	mods
5998597786f77414ea6da093	PP-19-01 勇士 9x19 膛口制退器	PP-19-01 Br	PP-19-01 Vityaz 9x19 muzzle brake	PP-19-01	1	1	mods
5998598e86f7740b3f498a86	Saiga-9 9x19 膛口制退器	Saiga-9 Br	Saiga-9 9x19 muzzle brake	Saiga-9	1	1	mods
59985a6c86f77414ec448d17	PP-19-01 Vityaz-SN 防尘盖	Vityaz-SN	PP-19-01 Vityaz-SN dust cover	Vityaz-SN	2	1	mods
59985a8086f77414ec448d1a	PP-19-01 Vityaz 防尘盖	Vityaz	PP-19-01 Vityaz dust cover	Vityaz	2	1	mods
599860ac86f77436b225ed1a	PP-19-01 9x19 30发标准弹匣	PP-19-01	PP-19-01 Vityaz 9x19 30-round magazine	PP-19-01	1	2	mods
599860e986f7743bb57573a6	Izhmash PP-19-01照门	PP-19-01照门	PP-19-01 Vityaz rear sight	PP-19-01	1	1	mods
59b81f7386f77421ac688a0a	PP-19-01 勇士 9x19 冲锋枪 默认	PP-19-01 默认	PP-19-01 Vityaz 9x19 submachine gun Default	PP-19-01 Default	3	2	preset
59bfc5c886f7743bf6794e62	PP-19-01 Vityaz 9x19 消音器	Vityaz	PP-19-01 Vityaz 9x19 sound suppressor	Vityaz	2	1	mods;suppressor
59bfe68886f7746004266202	Vltor MUR-1S 5.56x45 AR-15 上机匣	MUR-1S	AR-15 Vltor MUR-1S 5.56x45 upper receiver	MUR-1S	2	1	mods
59bffbb386f77435b379b9c2	Silencerco Hybrid 46多口径消音器	Hybrid 46	SilencerCo Hybrid 46 multi-caliber sound suppressor	Hybrid 46	2	1	mods;suppressor
59bffc1f86f77435b128b872	Silencerco Hybrid 46直接螺纹转接器	DT Hybrid	SilencerCo Hybrid 46 Direct Thread Mount adapter	DT Hybrid	1	1	mods
59c0ec5b86f77435b128bfca	Hexagon 12K声音抑制器	Hexagon 12K	Hexagon 12K 12ga sound suppressor	Hexagon 12K	2	1	mods;suppressor
59c1383d86f774290a37e0ca	Magpul PMAG D-60 5.56x45 STANAG 60发弹鼓	PMAG D-60	AR-15 5.56x45 Magpul PMAG D-60 STANAG 60-round magazine	PMAG D60	1	2	mods;noFlea
59c63b4486f7747afb151c1c	B&T MP5SD 三导轨环形基座	SD三轨	HK MP5SD B&T tri-rail ring mount	SD TRR	1	1	mods
59c6633186f7740cf0493bb9	AK-74导气管	AK-74导气	AK-74 gas tube	AK-74 gas	1	1	mods
59ccd11386f77428f24a488f	PP-19-01 Vityaz 导气管	PP-19-01导气管	PP-19-01 Vityaz gas tube	19-01 gas	1	1	mods
59ccfdba86f7747f2109a587	UltiMAK M1-B AK 护木导气管套件	M1-B	AK UltiMAK M1-B handguard with gas tube	M1-B	1	1	mods
59d36a0086f7747e673f3946	AKS-74U导气管	AKS-74U导气	AKS-74U gas tube	AKS-74U gas	1	1	mods
59d6088586f774275f37482f	AKM 7.62x39 突击步枪	AKM	Kalashnikov AKM 7.62x39 assault rifle	AKM	4	1	gun;wearable	Caliber762x39
59d625f086f774661516605d	7.62x39 AK 30发弹匣（1955 年后配发）	AK55	AK 7.62x39 30-round magazine (issued '55 or later)	AK55	1	2	mods
59d6272486f77466146386ff	Magpul PMAG 30 GEN M3 7.62x39 30发 AK 弹匣	GEN M3	AK 7.62x39 Magpul PMAG 30 GEN M3 30-round magazine	GEN M3	1	2	mods
59d64ec286f774171d1e0a42	AKM 导气管	AKM导气	AKM gas tube	AKM gas	1	1	mods
59d64f2f86f77417193ef8b3	AKM 木制护木	6P1 Sb.6-1	AKM wooden handguard	AKM wood	1	1	mods
59d64fc686f774171b243fe2	AKM 7.62x39 膛口制退器	6P1 0-14	AKM 7.62x39 muzzle brake	AKM	1	1	mods
59d6507c86f7741b846413a2	AKM 防尘盖	6P1 0-1	AKM dust cover	AKM DC	2	1	mods
59d650cf86f7741b846413a4	AKM 照门	6P1 Sb.2-1	AKM rear sight	AKM RS	1	1	mods
59d6514b86f774171a068a08	AKM 木制枪托	6P1 Sb.5	AKM wooden stock	AKM wood	2	1	mods
59d790f486f77403cb06aec6	Armytek Predator Pro v3 XHP35 HI手电	Predator Pro v3 XHP35	Armytek Predator Pro v3 XHP35 HI flashlight	XHP35	1	1	mods
59db3a1d86f77429e05b4e92	Naroh Arms GRAL-S AR-15 手枪式握把	GRAL-S	AR-15 Naroh Arms GRAL-S pistol grip	GRAL-S	1	1	mods;pistolGrip
59db3acc86f7742a2c4ab912	Stark AR AR-15 手枪式握把（黑色）	Stark AR RG	AR-15 Stark AR Rifle Grip (Black)	Stark AR	1	1	mods;pistolGrip
59db3b0886f77429d72fb895	Stark AR AR-15 手枪式握把 (FDE)	Stark AR RG	AR-15 Stark AR Rifle Grip (FDE)	Stark AR	1	1	mods;pistolGrip
59db794186f77448bc595262	Epsilon 安全箱	Epsilon	Secure container Epsilon	Epsilon	4	2	noFlea
59db7e1086f77448be30ddf3	Trijicon ACOG TA11D 3.5x35 瞄准镜	TA11D	Trijicon ACOG TA11D 3.5x35 scope	TA11D	2	1	mods
59db7eed86f77461f8380365	TA51瞄具基座	TA51	Trijicon TA51 sight mount	TA51	1	1	mods
59dcdbb386f77417b03f350d	西蒙诺夫 OP-SKS 7.62x39 卡宾枪 默认	OP-SKS 默认	Molot Arms Simonov OP-SKS 7.62x39 carbine Default	OP-SKS Default	5	1	preset
59e0bdb186f774156f04ce82	Vltor CASV Keymod 2英寸导轨	CASV 2"	Vltor CASV KeyMod 2 inch rail	CASV 2"	1	1	mods
59e0be5d86f7742d48765bd2	Vltor CASV Keymod 4英寸导轨	CASV 4"	Vltor CASV KeyMod 4 inch rail	CASV 4"	1	1	mods
59e0bed186f774156f04ce84	Vltor CASV Keymod 6英寸导轨	CASV 6"	Vltor CASV KeyMod 6 inch rail	CASV 6"	1	1	mods
59e0d99486f7744a32234762	7.62x39毫米 BP	BP	7.62x39mm BP gzh	BP	1	1	ammo;noFlea	Caliber762x39
59e3556c86f7741776641ac2	Ox漂白剂	漂白剂	Ox bleach	Bleach	1	2	barter
59e3577886f774176a362503	一包糖	糖	Pack of sugar	Sugar	1	1	provisions
59e358a886f7741776641ac3	Clin 玻璃清洁剂	清洁剂	Clin window cleaner	Clin	1	2	barter
59e3596386f774176c10a2a2	Paid杀蟑剂	Paid	PAID AntiRoach spray	PAID	1	2	barter
59e35abd86f7741778269d82	碳酸氢钠	小苏打	Pack of sodium bicarbonate	Sodium	1	1	barter
59e35cbb86f7741778269d83	波纹软管	软管	Corrugated hose	Hose	2	1	barter
59e35de086f7741778269d84	电钻	电钻	Electric drill	Drill	2	2	barter
59e35ef086f7741777737012	一包螺钉	螺钉	Pack of screws	Screws	1	1	barter
59e3606886f77417674759a5	盐水溶液	NaCl	Bottle of saline solution	NaCl	1	1	barter
59e361e886f774176c10a2a5	过氧化氢溶液（双氧水）	H2O2	Bottle of hydrogen peroxide	H2O2	1	1	barter
59e3639286f7741777737013	青铜狮雕	狮雕	Bronze lion figurine	Lion	3	2	barter
59e3647686f774176a362507	木头钟	钟	Wooden clock	Clock	2	2	barter
59e3658a86f7741776641ac4	猫雕像	猫雕	Cat figurine	Cat	1	3	barter
59e366c186f7741778269d85	有机玻璃片	有机玻璃	Piece of plexiglass	Plexiglass	1	1	barter
59e36c6f86f774176c10a2a7	电源线	电源线	Power cord	Cord	2	1	barter
59e4cf5286f7741778269d8a	7.62x39毫米 T45M1	T-45M1	7.62x39mm T-45M1 gzh	T-45M1	1	1	ammo;noFlea	Caliber762x39
59e4d24686f7741776641ac7	7.62x39毫米 US	US	7.62x39mm US gzh	US	1	1	ammo;noFlea	Caliber762x39
59e4d3d286f774176a36250a	7.62x39毫米 HP	HP	7.62x39mm HP	HP	1	1	ammo;noFlea	Caliber762x39
59e5d83b86f7745aed03d262	7.62x39 AK 10发加强筋金属弹匣	AK截短	AK 7.62x39 ribbed metal 10-round magazine	AK ribbed	1	1	mods
59e5f5a486f7746c530b3ce2	6P2.Sb-11 Molot 7.62x39 AK 40发弹匣	6P2 Sb-11	AK 7.62x39 Molot Arms 6P2.Sb-11 40-round magazine	6P2.Sb-11	1	3	mods
59e6152586f77473dc057aa1	VPO-136 野猪-KM 7.62x39 卡宾枪	VPO-136 野猪-KM	Molot Arms VPO-136 Vepr-KM 7.62x39 carbine	VPO-136	4	1	gun;wearable	Caliber762x39
59e61eb386f77440d64f5daf	VPO-136 野猪-KM 7.62x39 制退补偿器	VPO-136	VPO-136 Vepr-KM 7.62x39 muzzle brake	VPO-136	1	1	mods
59e6227d86f77440d64f5dc2	VPO-136 野猪-KM 木制枪托	VPO-136	VPO-136 Vepr-KM wooden stock	VPO-136	2	1	mods
59e6284f86f77440d569536f	VPO-136 野猪-KM 木制护木	VPO-136	VPO-136 Vepr-KM wooden handguard	VPO-136	1	1	mods
59e62cc886f77440d40b52a1	AKM 胶木手枪式握把	AKM胶木	AKM bakelite pistol grip	AKM bak.	1	1	mods;pistolGrip
59e6318286f77444dd62c4cc	Molot AK胶木手枪式握把	Molot胶木	AK Molot bakelite pistol grip	Molot bak.	1	1	mods;pistolGrip
59e6449086f7746c9f75e822	Molot Arms AKM 样式防尘盖	Molot	Molot Arms AKM-type dust cover	Molot DC	2	1	mods
59e649f986f77411d949b246	Molot Arms AKM 样式导气管	Molot导气	Molot Arms AKM-type gas tube	Molot gas	1	1	mods
59e6542b86f77411dc52a77a	.366 TKM FMJ	FMJ	.366 TKM FMJ	FMJ	1	1	ammo;noFlea	Caliber366TKM
59e655cb86f77411dc52a77b	.366 TKM EKO	EKO	.366 TKM EKO	EKO	1	1	ammo;noFlea	Caliber366TKM
59e6658b86f77411d949b250	.366 TKM Geksa	Geksa	.366 TKM Geksa	Geksa	1	1	ammo;noFlea	Caliber366TKM
59e6687d86f77411d949b251	VPO-209 .366TKM 卡宾枪	VPO-209	Molot Arms VPO-209 .366 TKM carbine	VPO-209	4	1	gun;wearable	Caliber366TKM
59e68f6f86f7746c9f75e846	5.56x45毫米 M856	M856	5.56x45mm M856	M856	1	1	ammo;noFlea	Caliber556x45NATO
59e6906286f7746c9f75e847	5.56x45毫米 M856A1	M856A1	5.56x45mm M856A1	M856A1	1	1	ammo;noFlea	Caliber556x45NATO
59e690b686f7746c9f75e848	5.56x45毫米 M995	M995	5.56x45mm M995	M995	1	1	ammo;noFlea	Caliber556x45NATO
59e6918f86f7746c9f75e849	5.56x45毫米 MK 255 Mod 0 (RRLP)	Mk255 Mod0	5.56x45mm MK 255 Mod 0 (RRLP)	RRLP	1	1	ammo;noFlea	Caliber556x45NATO
59e6920f86f77411d82aa167	5.56x45毫米 FMJ	FMJ	5.56x45mm FMJ	FMJ	1	1	ammo;noFlea	Caliber556x45NATO
59e6927d86f77411da468256	5.56x45毫米 HP	HP	5.56x45mm HP	HP	1	1	ammo;noFlea	Caliber556x45NATO
59e7635f86f7742cbf2c1095	BNTI Module-3M 防弹背心	Module-3M	BNTI Module-3M body armor	Module-3M	3	3	armor;wearable
59e763f286f7742ee57895da	Pilgrim旅行包	Pilgrim	Pilgrim tourist backpack	Pilgrim	5	7	backpack;noFlea;wearable
59e7643b86f7742cbf2c109a	WARTECH TV-109 + TV-106 胸挂（A-TACS 橄榄绿迷彩）	WT胸挂	WARTECH TV-109 + TV-106 chest rig (A-TACS FG)	TV-106 + TV-109	3	3	rig;wearable
59e7708286f7742cbd762753	带耳罩的苏联毛帽	苏联毛帽	Ushanka ear flap hat	Ushanka	2	2	wearable
59e770b986f7742cbd762754	防破片护目镜	AF目镜	Anti-fragmentation glasses	AFGlass	2	1	glasses;wearable
59e770f986f7742cbe3164ef	陆军帽	帽子	Army cap	Army	1	1	wearable
59e7711e86f7746cae05fbe1	Kolpak -1S防暴头盔	Kolpak	Kolpak-1S riot helmet	K-1S	2	2	helmet;wearable
59e7715586f7742ee5789605	呼吸面罩	呼吸面罩	Respirator	Respirator	2	2	wearable
59e77a2386f7742ee578960a	7.62x54R 7N1狙击弹	7N1	7.62x54mm R PS gzh	PS	1	1	ammo;noFlea	Caliber762x54R
59e8977386f77415a553c453	VPO-209 照门	VPO-209	VPO-209 rear sight	VPO-209 RS	1	1	mods
59e898ee86f77427614bd225	VPO-209 木制护木	VPO-209	VPO-209 wooden handguard	VPO-209	1	1	mods
59e89d0986f77427600d226e	VPO-209 木制枪托	VPO-209	VPO-209 wooden stock	VPO-209	2	1	mods
59e8a00d86f7742ad93b569c	VPO-209 螺纹保护帽	VPO-209	VPO-209 thread protector	VPO-209	1	1	mods
59e8d2ab86f77407f03fc9c2	AKM 7.62x39 突击步枪 默认	AKM 默认	Kalashnikov AKM 7.62x39 assault rifle Default	AKM Default	5	2	preset
59e8d2b386f77445830dd299	DVL-10 7.62x51 栓动式狙击步枪 Saboteur	DVL-10 Saboteur	Lobaev Arms DVL-10 7.62x51 bolt-action sniper rifle Saboteur	DVL-10 Saboteur	5	2	preset
59eb7ebe86f7740b373438ce	VSS/VAL TOZ 6P29M 基座	6P29M	VSS/VAL TOZ 6P29M mount	6P29M	1	1	mods
59ecc28286f7746d7a68aa8c	Zenit AKS-74/AKS-74U PT 枪托锁扣	PT 74S	AKS-74/AKS-74U Zenit PT Lock	PT 74S	1	1	mods
59ecc3dd86f7746dc827481c	Zenit PT-3 "Klassika" AK 枪托	PT-3	AK Zenit PT-3 "Klassika" stock	PT-3	2	1	mods
59ef13ca86f77445fd0e2483	杰克南瓜灯战术南瓜头盔	南瓜	Jack-o'-lantern tactical pumpkin helmet	Pumpkin	2	2	helmet;wearable
59ef247086f77439967a900a	VPO-209 .366TKM 卡宾枪 默认	VPO-209 默认	Molot Arms VPO-209 .366 TKM carbine Default	VPO-209 Default	5	2	preset
59ef24b986f77439987b8762	VPO-136 野猪-KM 7.62x39 卡宾枪 默认	VPO-136 野猪-KM 默认	Molot Arms VPO-136 Vepr-KM 7.62x39 carbine Default	VPO-136 Default	5	2	preset
59f32bb586f774757e1e8442	BEAR 狗牌	BEAR	Dogtag BEAR	BEAR	1	1	barter;noFlea
59f32c3b86f77472a31742f0	USEC 狗牌	USEC	Dogtag USEC	USEC	1	1	barter;noFlea
59f8a37386f7747af3328f06	Fortis Shift 战术前握把	Shift	Fortis Shift tactical foregrip	Shift	1	1	mods
59f98b4986f7746f546d2cef	谢尔久科夫 SR1MP 9x21 “斑蝰蛇” 半自动手枪	SR-1MP	Serdyukov SR-1MP Gyurza 9x21 pistol	SR-1MP	2	1	gun;wearable	Caliber9x21
59f99a7d86f7745b134aa97b	SR1-MP弹匣	9x21 SR1-MP	SR-1MP 9x21 18-round magazine	SR-1MP	1	1	mods
59f9cabd86f7743a10721f46	Saiga-9 9x19卡宾枪	Saiga-9	Saiga-9 9x19 carbine	Saiga-9	3	1	gun;wearable	Caliber9x19PARA
59f9d81586f7744c7506ee62	Vortex Razor AMG UH-1全息瞄具	UH-1	Vortex Razor AMG UH-1 holographic sight	UH-1	1	1	mods
59faf7ca86f7740dbe19f6c2	劳力土潜水金腕表	劳力土	Roler Submariner gold wrist watch	Roler	1	1	barter
59faf98186f774067b6be103	碱性换热器表面洗涤剂	碱	Alkaline cleaner for heat exchangers	Alkali	1	2	barter
59fafb5d86f774067a6f2084	5升丙烷罐	丙烷	Propane tank (5L)	Propane	2	2	barter
59fafc5086f7740dbe19f6c3	US Palm AK30 7.62x39 AK 30发弹匣 (黑色)	AK30	AK 7.62x39 US Palm AK30 30-round magazine (Black)	AK30	1	2	mods
59fafc9386f774067d462453	US Palm AK30 7.62x39 AK 30发弹匣 (FDE)	AK30	AK 7.62x39 US Palm AK30 30-round magazine (FDE)	AK30	1	2	mods
59fafd4b86f7745ca07e1232	钥匙收纳器	钥匙收纳	Key tool	Key tool	1	1	container;markedOnly
59faff1d86f7746c51718c9c	实体比特币	0.2BTC	Physical Bitcoin	0.2BTC	1	1	barter;noFlea
59fb016586f7746d0d4b423a	钱箱	钱箱	Money case	Money	3	2	container;markedOnly
59fb023c86f7746d0d4b423c	武器箱	武器箱	Weapon case	Weapons	5	2	container;markedOnly
59fb042886f7746c5005a7b2	物品箱	物品箱	Item case	Items	4	4	container;markedOnly
59fb137a86f7740adb646af1	Tromix 怪爪 12 铅径膛口制退器	怪爪	Tromix Monster Claw 12ga muzzle brake	MClaw	1	1	mods
59fb257e86f7742981561852	Zenit DTK-4M 7.62x39 AKM 消音器	DTK-4M	AKM Zenit DTK-4M 7.62x39 sound suppressor	DTK-4M	2	1	mods;suppressor
59fb375986f7741b681b81a6	Krebs Custom UFM KeyMod AK 护木	UFM	AK Krebs Custom UFM KeyMod handguard	UFM	2	1	mods
59fc48e086f77463b1118392	Magpul RVG 前握把（黑色）	RVG黑	Magpul RVG foregrip (Black)	RVG BLK	1	1	mods
59ff346386f77477562ff5e2	AKMS 7.62x39 突击步枪	AKMS	Kalashnikov AKMS 7.62x39 assault rifle	AKMS	4	1	gun;wearable	Caliber762x39
59ff3b6a86f77477562ff5ed	AKMS 折叠式枪托	6P4 Sb.1-19	AKMS folding stock	AKMS	2	1	mods
5a0060fc86f7745793204432	7.62x39 AKMS 30发铝制弹匣	AKMS铝	AKMS 7.62x39 aluminium 30-round magazine	AKMS al.	1	2	mods
5a0071d486f77404e23a12b2	AKM 木制手枪式握把	AKM木制	AKM wooden pistol grip	AKM wood	1	1	mods;pistolGrip
5a01ad4786f77450561fda02	Kiba Arms VDM CS导气管	VDM CS	AK Kiba Arms VDM CS gas tube	VDM CS	1	1	mods
5a01c29586f77474660c694c	6L10 7.62x39 AK 30发胶木弹匣	6L10	AK 7.62x39 6L10 bakelite 30-round magazine	6L10	1	2	mods
5a0abb6e1526d8000a025282	Taktika Tula 7.62x39 AK 膛口转接器	TT AK	AK 7.62x39 Taktika Tula muzzle adapter	TT AK	1	1	mods
5a0c27731526d80618476ac4	Zarya震撼手榴弹	Zarya	Zarya stun grenade	Zarya	1	1	ammo;grenade
5a0c59791526d8dba737bba7	GP-25 附件包 AK 后座力缓冲垫	6G15U	AK GP-25 accessory kit recoil pad	6G15U	1	1	mods
5a0d63621526d8dba31fe3bf	AKM PBS-1 7.62x39消音器	PBS-1	AKM PBS-1 7.62x39 sound suppressor	PBS-1	2	1	mods;suppressor
5a0d716f1526d8000d26b1e2	AKML 系统 7.62x39 消焰器	AKML	AKML system 7.62x39 flash hider	AKML	1	1	mods
5a0dc45586f7742f6b0b73e3	疗养院西楼 104 办公室钥匙	西104	Health Resort west wing office room 104 key	W104 San	1	1	keys
5a0dc95c86f77452440fc675	疗养院西楼 112 办公室钥匙	西112	Health Resort west wing office room 112 key	W112 San	1	1	keys
5a0ea64786f7741707720468	疗养院东楼 107 办公室钥匙	东107	Health Resort east wing office room 107 key	E107 San	1	1	keys
5a0ea69f86f7741cd5406619	疗养院东楼 108 办公室钥匙	东108	Health Resort east wing office room 108 key	E108 San	1	1	keys
5a0ea79b86f7741d4a35298e	疗养院杂物间钥匙	杂物间	Health Resort universal utility room key	San util.	1	1	keys
5a0eb38b86f774153b320eb0	SMW车钥匙	SMW	SMW car key	SMW	1	1	keys
5a0eb6ac86f7743124037a28	别墅后门钥匙	别墅	Cottage back door key	Cottage	1	1	keys
5a0eb980fcdbcb001a3b00a6	AKMB系统照门	AKMB	AKMB system rear sight	AKMB RS	1	1	mods
5a0ec13bfcdbcb00165aa685	AKMN 7.62x39 突击步枪	AKMN	Kalashnikov AKMN 7.62x39 assault rifle	AKMN	4	1	gun;wearable	Caliber762x39
5a0ec6d286f7742c0b518fb5	疗养院西楼 205 房间钥匙	西205	Health Resort west wing room 205 key	W205 San	1	1	keys
5a0ec70e86f7742c0b518fba	疗养院西楼 207 房间钥匙	西207	Health Resort west wing room 207 key	W207 San	1	1	keys
5a0ed824fcdbcb0176308b0d	AKMP系统照门装置	AKMP	AKMP system rear sight device	AKMP RS	1	1	mods
5a0ee30786f774023b6ee08f	疗养院西楼 216 房间钥匙	西216	Health Resort west wing room 216 key	W216 San	1	1	keys
5a0ee34586f774023b6ee092	疗养院西楼 220 房间钥匙	西220	Health Resort west wing room 220 key	W220 San	1	1	keys
5a0ee37f86f774023657a86f	疗养院西楼 221 房间钥匙	西221	Health Resort west wing room 221 key	W221 San	1	1	keys
5a0ee4b586f7743698200d22	疗养院东楼 206 房间钥匙	东206	Health Resort east wing room 206 key	E206 San	1	1	keys
5a0ee62286f774369454a7ac	疗养院东楼 209 房间钥匙	东209	Health Resort east wing room 209 key	E209 San	1	1	keys
5a0ee72c86f77436955d3435	疗养院东楼 213 房间钥匙	东213	Health Resort east wing room 213 key	E213 San	1	1	keys
5a0ee76686f7743698200d5c	疗养院东楼 216 房间钥匙	东216	Health Resort east wing room 216 key	E216 San	1	1	keys
5a0eeb1a86f774688b70aa5c	疗养院西楼 303 房间钥匙	西303	Health Resort west wing room 303 key	W303 San	1	1	keys
5a0eeb8e86f77461257ed71a	疗养院西楼 309 房间钥匙	西309	Health Resort west wing room 309 key	W309 San	1	1	keys
5a0eebed86f77461230ddb3d	疗养院西楼 325 房间钥匙	西325	Health Resort west wing room 325 key	W325 San	1	1	keys
5a0eec9686f77402ac5c39f2	疗养院东楼 310 房间钥匙	东310	Health Resort east wing room 310 key	E310 San	1	1	keys
5a0eecf686f7740350630097	疗养院东楼 313 房间钥匙	东313	Health Resort east wing room 313 key	E313 San	1	1	keys
5a0eed4386f77405112912aa	疗养院东楼 314 房间钥匙	东314	Health Resort east wing room 314 key	E314 San	1	1	keys
5a0eedb386f77403506300be	疗养院东楼 322 房间钥匙	东322	Health Resort east wing room 322 key	E322 San	1	1	keys
5a0eee1486f77402aa773226	疗养院东楼 328 房间钥匙	东328	Health Resort east wing room 328 key	E328 San	1	1	keys
5a0eff2986f7741fd654e684	疗养院西楼 321 房间保险箱钥匙	321保险	Health Resort west wing room 321 safe key	W321 safe	1	1	keys
5a0f006986f7741ffd2fe484	气象站保险箱钥匙	保险箱	Weather station safe key	Safe	1	1	keys
5a0f045e86f7745b0f0d0e42	加油站保险箱钥匙	保险箱	Gas station safe key	Gas safe	1	1	keys
5a0f068686f7745b0d4ea242	别墅保险箱钥匙	保险箱	Cottage safe key	Safe	1	1	keys
5a0f075686f7745bcc42ee12	商店保险箱钥匙	保险箱	Store safe key	Safe	1	1	keys
5a0f08bc86f77478f33b84c2	疗养院经理办公室保险箱钥匙	保险箱	Health Resort management office safe key	Safe	1	1	keys
5a0f096dfcdbcb0176308b15	AKMP系统准星装置	AKMP	AKMP system front sight device	AKMP FS	1	1	mods
5a0f0f5886f7741c4e32a472	疗养院仓库保险箱钥匙	保险箱	Health Resort management warehouse safe key	Safe	1	1	keys
5a13df5286f774032f5454a0	Saiga-9 9x19卡宾枪 默认	Saiga-9 默认	Saiga-9 9x19 carbine Default	Saiga-9 Default	4	2	preset
5a13ee1986f774794d4c14cd	疗养院西楼 323 房间钥匙	西323	Health Resort west wing room 323 key	W323 San	1	1	keys
5a13eebd86f7746fd639aa93	疗养院西楼 218 房间钥匙	西218	Health Resort west wing room 218 key	W218 San	1	1	keys
5a13ef0686f7746e5a411744	疗养院西楼 219 房间钥匙	西219	Health Resort west wing room 219 key	W219 San	1	1	keys
5a13ef7e86f7741290491063	疗养院西楼 301 房间钥匙	西301	Health Resort west wing room 301 key	W301 San	1	1	keys
5a13f24186f77410e57c5626	疗养院东楼 222 房间钥匙	东222	Health Resort east wing room 222 key	E222 San	1	1	keys
5a13f35286f77413ef1436b0	疗养院东楼 226 房间钥匙	东226	Health Resort east wing room 226 key	E226 San	1	1	keys
5a13f46386f7741dd7384b04	疗养院西楼 306 房间钥匙	西306	Health Resort west wing room 306 key	W306 San	1	1	keys
5a144bdb86f7741d374bbde0	疗养院东楼 205 房间钥匙	东205	Health Resort east wing room 205 key	E205 San	1	1	keys
5a144dfd86f77445cb5a0982	疗养院西楼 203 房间钥匙	西203	Health Resort west wing room 203 key	W203 San	1	1	keys
5a1452ee86f7746f33111763	疗养院西楼 222 房间钥匙	西222	Health Resort west wing room 222 key	W222 San	1	1	keys
5a145d4786f7744cbb6f4a12	疗养院东楼 306 房间钥匙	东306	Health Resort east wing room 306 key	E306 San	1	1	keys
5a145d7b86f7744cbb6f4a13	疗养院东楼 308 房间钥匙	东308	Health Resort east wing room 308 key	E308 San	1	1	keys
5a145ebb86f77458f1796f05	疗养院东楼 316 房间钥匙	东316	Health Resort east wing room 316 key	E316 San	1	1	keys
5a154d5cfcdbcb001a3b00da	Ops-Core FAST MT 超级高切头盔（黑色）	FAST MT	Ops-Core FAST MT Super High Cut helmet (Black)	FAST MT	2	2	helmet;noFlea;wearable
5a16b672fcdbcb001912fa83	Ops-Core FAST护目罩	F护目罩	Ops-Core FAST Visor	FAST	2	1	glasses;wearable
5a16b7e1fcdbcb00165aa6c9	Ops-Core FAST头盔多重打击防弹面罩	FAST面罩	Ops-Core FAST multi-hit ballistic face shield	FAST FS	2	2	glasses;noFlea;wearable
5a16b8a9fcdbcb00165aa6ca	Norotos钛合金高级战术支架	TATM	Norotos Titanium Advanced Tactical Mount	TATM	1	1	mods
5a16b93dfcdbcbcae6687261	AN/PVS-14单目夜视仪双燕尾槽安装座	DDT	AN/PVS-14 Norotos Dual Dovetail Mount	DDT	1	1	mods
5a16b9fffcdbcb0176308b34	Ops-Core FAST RAC 耳机	RAC	Ops-Core FAST RAC Headset	RAC	2	1	headphones;wearable
5a16ba61fcdbcb098008728a	Ops-Core FAST GUNSIGHT护颚	护颚	Ops-Core FAST Gunsight Mandible	Gunsight	2	2	wearable
5a16badafcdbcb001865f72d	Ops-Core Fast侧甲	侧甲	Ops-Core FAST Side Armor	FAST Ears	2	2	wearable
5a16bb52fcdbcb001a3b00dc	Wilcox Skull Lock头罩基座	SLock	Wilcox Skull Lock head mount	Skull Lock	2	2	wearable
5a17f98cfcdbcb0980087290	斯捷奇金 APS 9x18PM 冲锋手枪	APS	Stechkin APS 9x18PM machine pistol	APS	2	1	gun;wearable	Caliber9x18PM
5a17fb03fcdbcbcae668728f	APS 9x18PM 20发标准弹匣	APS标准	APS 9x18PM 20-round magazine	APS	1	1	mods
5a17fb9dfcdbcbcae6687291	APB可拆卸钢丝枪托	APB枪托	APB detachable wire stock	APB	1	1	mods
5a17fc70fcdbcb0176308b3d	APS胶木握把贴片	APS胶木	APS bakelite side-pieces	APS bak.	1	1	mods;pistolGrip
5a1eaa87fcdbcb001865f75e	Trijicon REAP-IR热成像步枪瞄准镜	REAP-IR	Trijicon REAP-IR thermal scope	REAP-IR	2	1	mods;noFlea
5a1eacb3fcdbcb09800872be	REAP-IR瞄准镜眼罩	REAP-IR眼罩	Trijicon REAP-IR scope eyecup	REAP-IR cup	1	1	mods
5a1ead28fcdbcb001912fa9f	UNV DLOC-IRD瞄准镜基座	DLOC-IRD	UNV DLOC-IRD sight mount	DLOC-IRD	1	1	mods
5a269f97c4a282000b151807	9x21毫米 SP10	SP10	9x21mm PS gzh	PS	1	1	ammo;noFlea	Caliber9x21
5a26abfac4a28232980eabff	9x21毫米 SP11	SP11	9x21mm P gzh	P	1	1	ammo;noFlea	Caliber9x21
5a26ac06c4a282000c5a90a8	9x21毫米 SP12	SP12	9x21mm PE gzh	PE	1	1	ammo;noFlea	Caliber9x21
5a26ac0ec4a28200741e1e18	9x21毫米 SP13	SP13	9x21mm BT gzh	BT	1	1	ammo;noFlea	Caliber9x21
5a27b281c4a28200741e1e52	SR1MP单轨基座	SR1MP 1x	SR-1MP single rail mount	SR-1MP 1x	1	1	mods
5a27b3d0c4a282000d721ec1	SR1MP消音器基座	SR1MP消基	SR-1MP sound suppressor mount	SR-1MP mount	1	1	mods
5a27b6bec4a282000e496f78	SR-1MP 9x21 消音器	SR1MP	SR-1MP 9x21 sound suppressor	SR-1MP	2	1	mods;suppressor
5a27bad7c4a282000b15184b	SR1MP四导轨基座	SR1MP 4x	SR-1MP quad rail mount	SR-1MP 4x	1	1	mods
5a2a57cfc4a2826c6e06d44a	RDG-2B烟雾弹	RDG-2B	RDG-2B smoke grenade	RDG-2B	1	2	ammo;grenade
5a325c3686f7744273716c5b	AKMN 7.62x39 突击步枪 默认	AKMN 默认	Kalashnikov AKMN 7.62x39 assault rifle Default	AKMN Default	5	2	preset
5a327f4a86f774766866140b	AKMS 7.62x39 突击步枪 默认	AKMS 默认	Kalashnikov AKMS 7.62x39 assault rifle Default	AKMS Default	5	2	preset
5a327f6386f77479010da870	谢尔久科夫 SR1MP 9x21 “斑蝰蛇” 半自动手枪 默认	SR-1MP 默认	Serdyukov SR-1MP Gyurza 9x21 pistol Default	SR-1MP Default	2	1	preset
5a327f7286f7747668661419	谢尔久科夫 SR1MP 9x21 “斑蝰蛇” 半自动手枪 Tactical 1	SR-1MP Tactical 1	Serdyukov SR-1MP Gyurza 9x21 pistol Tactical 1	SR-1MP Tactical 1	3	1	preset
5a327f7c86f77475187e509a	谢尔久科夫 SR1MP 9x21 “斑蝰蛇” 半自动手枪 Tactical 2	SR-1MP Tactical 2	Serdyukov SR-1MP Gyurza 9x21 pistol Tactical 2	SR-1MP Tactical 2	3	1	preset
5a327f9086f77475187e50a9	AKM 7.62x39 突击步枪 2k17 NY	AKM 2k17 NY	Kalashnikov AKM 7.62x39 assault rifle 2k17 NY	AKM 2k17 NY	6	2	preset
5a32808386f774764a3226d9	柯尔特 M4A1 5.56x45 卡宾枪 2k17 NY	M4A1 2k17 NY	Colt M4A1 5.56x45 assault rifle 2k17 NY	M4A1 2k17 NY	5	2	noFlea;preset
5a329052c4a28200741e22d3	R11 RSASS护木	RSASS	R11 RSASS handguard	RSASS	2	1	mods
5a32a064c4a28200741e22de	SilencerCo Osprey 9 9x19毫米抑制器	Osprey 9	SilencerCo Osprey 9 9x19 sound suppressor	Osprey 9	2	1	mods;suppressor
5a32aa0cc4a28232996e405f	Trijicon RMR西格-绍尔手枪基座	RM50	P226 Trijicon RMR mount	RM50	1	1	mods
5a32aa8bc4a2826c6e06d737	Trijicon RMR	RMR	Trijicon RMR reflex sight	RMR	1	1	mods
5a339805c4a2826c6e06d73d	Magpul MIAD AR-15 手枪式握把 (FDE)	MIAD手枪式	AR-15 Magpul MIAD pistol grip (FDE)	MIAD	1	1	mods;pistolGrip
5a33a8ebc4a282000c5a950d	Alpha Dog Alpha 9 9x19声音抑制器	Alpha 9	Alpha Dog Alpha 9 9x19 sound suppressor	Alpha 9	2	1	mods;suppressor
5a33b2c9c4a282000c5a9511	Trijicon RMR 低基线基座	RM33	Trijicon RMR low profile mount	RM33	1	1	mods
5a33b652c4a28232996e407c	Trijicon RMR 高基线基座	AC32062	Trijicon RMR high profile mount	AC32062	1	1	mods
5a33bab6c4a28200741e22f8	Trijicon ACOG 瞄准镜 RMR 基座	RM35	Trijicon RMR mount for ACOG scopes	RM35	1	1	mods
5a33ca0fc4a282000d72292f	Magpul Enhanced AR-15 机匣延长缓冲管	ERE	AR-15 Magpul Enhanced Receiver Extension	ERE	2	1	mods
5a33cae9c4a28232980eb086	Magpul PRS GEN2 AR-15 枪托 (FDE)	PRS GEN2	AR-15 Magpul PRS GEN2 stock (FDE)	PRS GEN2	2	1	mods
5a33e75ac4a2826c6e06d759	Hera Arms CQR AR-15 一体化枪托	CQR AR15	AR-15 Hera Arms CQR pistol grip/buttstock	CQR AR15	2	1	mods;pistolGrip
5a34f7f1c4a2826c6e06d75d	18 英寸 AR-10 枪管 7.62x51	AR-10 18"	AR-10 7.62x51 18 inch barrel	AR-10 18"	4	1	mods
5a34fae7c4a2826c6e06d760	22 英寸 AR-10 枪管 7.62x51	AR-10 22"	AR-10 7.62x51 22 inch barrel	AR-10 22"	5	1	mods
5a34fbadc4a28200741e230a	JP Enterprises 6 型 AR-10 导气系统	GS-6	AR-10 JP Enterprises Gas System-6	GS-6	1	1	mods
5a34fd2bc4a282329a73b4c5	AAC Blackout 51T 7.62x51 AR-10 消焰器	Blackout 51T	AR-10 AAC Blackout 51T 7.62x51 flash hider	51T 762	1	1	mods
5a34fe59c4a282000b1521a2	AAC 762 SDN-6 7.62x51声音抑制器	SDN-6	AAC 762-SDN-6 multi-caliber sound suppressor	SDN-6	2	1	mods;suppressor
5a3501acc4a282000d72293a	Magpul PMAG 20 SR-LR GEN M3 7.62x51 20发弹匣	PMAG 7.62	AR-10 7.62x51 Magpul PMAG 20 SR-LR GEN M3 20-round magazine	PMAG 7.62	1	2	mods
5a351711c4a282000b1521a4	X Products HK MP5 9x19 X-5 50发弹鼓	X-5 MP5	HK MP5 9x19 X Products X-5 50-round drum magazine	X-5 MP5	1	2	mods
5a367e5dc4a282000e49738f	雷明顿 R11 RSASS 7.62x51 精确射手步枪	RSASS	Remington R11 RSASS 7.62x51 marksman rifle	RSASS	1	1	gun;wearable	Caliber762x51
5a37ca54c4a282000d72296a	JP 30毫米环形基座	JP 30毫米	JP Enterprises Flat-Top 30mm ring scope mount	JP 30mm	2	1	mods
5a37cb10c4a282329a73b4e7	Leupold Mark 4 LR 6.5-20x50 30 毫米步枪瞄准镜	6.5-20x50	Leupold Mark 4 LR 6.5-20x50 30mm riflescope	Mark 4 LR	2	1	mods
5a38e6bac4a2826c6e06d79b	TOZ-106 20铅径栓动式霰弹枪	TOZ-106	TOZ-106 20ga bolt-action shotgun	TOZ-106	3	1	gun;wearable	Caliber20g
5a38ebd9c4a282000d722a5b	20/70 7.5毫米鹿弹	7.5 20c	20/70 7.5mm buckshot	7.5mm	1	1	ammo;noFlea	Caliber20g
5a38ed75c4a28232996e40c6	MC 20-01 Sb.3 12铅径 4发TOZ-106弹匣	Sb.3x4	TOZ-106 20ga MTs 20-01 Sb.3 4-shot magazine	Sb.3x4	1	1	mods
5a38ee51c4a282000c5a955c	MC 20-01 Sb.3 12铅径 2发TOZ-106弹匣	20-01 Sb.3x2	TOZ-106 20ga MTs 20-01 Sb.3 2-shot magazine	20-01 Sb.3x2	1	1	mods
5a38eecdc4a282329a73b512	TOZ 002 TOZ-106手枪式握把	TOZ-106手枪式	TOZ-106 002 pistol grip	TOZ106	1	1	mods;pistolGrip
5a38ef1fc4a282000b1521f6	TOZ TOZ-106枪托	TOZ-106枪托	TOZ-106 stock	TOZ106	4	1	mods
5a398ab9c4a282000c5a9842	Ops Core单卡头导轨转接基座	SCRA	Ops-Core Single Clamp Rail Adapter mount	SCRA	1	1	mods
5a398b75c4a282000a51a266	Ops Core皮卡汀尼导轨适配器	PRA	Ops-Core Picatinny Rail Adapter mount	PRA	1	1	mods
5a3a859786f7747e2305e8bf	TOZ-106 20铅径栓动式霰弹枪 默认	TOZ-106 默认	TOZ-106 20ga bolt-action shotgun Default	TOZ-106 Default	4	1	preset
5a3a85af86f774745637d46c	雷明顿 R11 RSASS 7.62x51 精确射手步枪 默认	RSASS 默认	Remington R11 RSASS 7.62x51 marksman rifle Default	RSASS Default	6	2	preset
5a3b898486f77467720a2f29	Wilcox Skull Lock头罩基座 PVS-14	SLock PVS-14	Wilcox Skull Lock head mount PVS-14	Skull Lock PVS-14	2	2	preset
5a3c16fe86f77452b62de32a	9x19毫米 Luger CCI	Luger CCI	9x19mm Luger CCI	Luger CCI	1	1	ammo;noFlea	Caliber9x19PARA
5a43943586f77416ad2f06e2	森林爷爷帽	帽	Ded Moroz hat	Hat	1	1	wearable
5a43957686f7742a2c2f11b0	圣诞老人帽	帽	Santa hat	Hat	1	1	wearable
5a43a85186f7746c914b947a	AKS-74UN 5.45x39 短突击步枪 Zenit	AKS-74UN Zenit	Kalashnikov AKS-74UN 5.45x39 assault rifle Zenit	AKS-74UN Zenit	4	2	noFlea;preset
5a43a86d86f7746c9d7395e8	SIG P226R 9x19 手枪 Tactical	P226R Tactical	SIG P226R 9x19 pistol Tactical	P226R Tactical	3	1	preset
5a5f1ce64f39f90b401987bc	Zenit Klesch-2IKS 红外补光/激光指示器	K-2IKS	Zenit Klesch-2IKS IR illuminator with laser	K-2IKS	1	1	mods
5a6086ea4f39f99cd479502f	7.62x51毫米 M61	M61	7.62x51mm M61	M61	1	1	ammo;noFlea	Caliber762x51
5a608bf24f39f98ffc77720e	7.62x51毫米 M62 曳光弹	M62	7.62x51mm M62 Tracer	M62	1	1	ammo;noFlea	Caliber762x51
5a69a2ed8dc32e000d46d1f1	AS VAL Rotor 43 手枪式握把附缓冲管转接器	R43 VAL	AS VAL Rotor 43 pistol grip with buffer tube	R43 VAL	2	1	mods;pistolGrip
5a6b585a8dc32e5a9c28b4f1	Glock 9x19 Lone Wolf AlphaWolf螺纹保护帽	AW护帽	Glock 9x19 Lone Wolf AlphaWolf thread protector	G AW thr.	1	1	mods
5a6b592c8dc32e00094b97bf	Double Diamond Glock螺纹保护帽	DD护帽	Glock 9x19 Double Diamond thread protector	G DD thr.	1	1	mods
5a6b59a08dc32e000b452fb7	Glock SAI 9x19螺纹保护帽	SAI护帽	Glock SAI 9x19 thread protector	G SAI thr.	1	1	mods
5a6b5b8a8dc32e001207faf3	Glock 9x19 Lone Wolf AlphaWolf螺纹枪管	AW螺纹	Glock 9x19 Lone Wolf AlphaWolf 114mm threaded barrel	G AW thr.	1	1	mods
5a6b5e468dc32e001207faf5	Double Diamond Glock 9x19螺纹枪管	DD螺纹	Glock 9x19 Double Diamond 114mm threaded barrel	G DD thr.	1	1	mods
5a6b5ed88dc32e000c52ec86	Salient Arms Glock 9x19螺纹枪管	Glock 9x19 SAI	Glock 9x19 SAI 114mm threaded barrel	G SAI	1	1	mods
5a6b5f868dc32e000a311389	Glock 17标准枪管 9x19	G17 9x19	Glock 17 9x19 114mm barrel	G17	1	1	mods
5a6b60158dc32e000a31138b	Glock 17补偿器枪管 9x19	G17 9x19补偿	Glock 17 9x19 114mm compensated barrel	G17 comp	1	1	mods
5a6f58f68dc32e000a311390	Glock准星	Glock准星	Glock front sight	Glock FS	1	1	mods
5a6f5d528dc32e00094b97d9	Glock照门	Glock照门	Glock rear sight	Glock RS	1	1	mods
5a6f5e048dc32e00094b97da	Glock 9x19套筒	G17	Glock 17 pistol slide	G17	2	1	mods
5a6f5f078dc32e00094b97dd	Glock 9x19 Viper Cut套筒	Glock Viper Cut	Glock Viper Cut pistol slide	G ViperCut	2	1	mods
5a702d198dc32e000b452fc3	Glock Lone Wolf AlphaWolf手枪套筒	Glock AW	Glock Lone Wolf AlphaWolf pistol slide	G AW	2	1	mods
5a7033908dc32e000a311392	Glock Lone Wolf AlphaWolf定制手枪套筒	Glock AW C	Glock Lone Wolf AlphaWolf Custom pistol slide	G AW C	2	1	mods
5a70366c8dc32e001207fb06	Glock 9x19 Double Diamond消焰器	Glock DD	Glock 9x19 Double Diamond flash hider	G DD FH	1	1	mods
5a7037338dc32e000d46d257	Decelerator 3 Port 9x19补偿器	G 3 Port	Glock 9x19 CARVER Custom Decelerator 3 Port compensator	G 3Port	1	1	mods
5a705e128dc32e000d46d258	Glock 9x19 Lone Wolf AlphaWolf Bullnose补偿器	G AW	Glock 9x19 Lone Wolf AlphaWolf Bullnose compensator	G AW	1	1	mods
5a718b548dc32e000d46d262	Glock 9x19弹匣	9x19 Glock	Glock 9x19 17-round magazine	Glock 9x19	1	1	mods
5a718da68dc32e000d46d264	Pmag GL9聚合物弹匣	G PMAG 21	Glock 9x19 Magpul PMAG GL9 21-round magazine	GL9	1	1	mods
5a718f958dc32e00094b97e7	SGMT Glock 9x19 50发弹鼓	G 50发	Glock 9x19 SGM Tactical 50-round drum magazine	G SGMT	1	2	mods
5a71e0048dc32e000c52ecc8	Glock ZEV Tech准星	G准星ZT	Glock ZEV Tech front sight	G ZT FS	1	1	mods
5a71e0fb8dc32e00094b97f2	Glock ZEV Tech照门	G照门ZT	Glock ZEV Tech rear sight	G ZT RS	1	1	mods
5a71e1868dc32e00094b97f3	Zev Tech瞄具基座盖	ZT AP	Glock ZEV Tech sight mount cap	G ZT cap	1	1	mods
5a71e22f8dc32e00094b97f4	Zev Tech Hex Gen3套筒	G ZT Hex	Glock ZEV Tech HEX Gen3 RMR pistol slide	G ZT HEX	2	1	mods
5a71e4f48dc32e001207fb26	Glock Zev Tech Hex Spartan套筒	G ZT Spart	Glock ZEV Tech HEX Spartan RMR pistol slide	G ZT Spartan	2	1	mods
5a7828548dc32e5a9c28b516	雷明顿 Model 870 12铅径泵动式霰弹枪	M870	Remington Model 870 12ga pump-action shotgun	M870	3	1	gun;wearable	Caliber12g
5a787ebcc5856700142fdd98	508毫米M870固定瞄具枪管 12铅径	M870 508mm附准星	M870 12ga 508mm barrel with a fixed sight	M870 508mm FS	3	1	mods
5a787f25c5856700186c4ab9	355毫米M870枪管 12铅径	M870 355mm	M870 12ga 355mm barrel	M870 355mm	2	1	mods
5a787f7ac5856700177af660	508毫米M870枪管 12铅径	M870 508mm	M870 12ga 508mm barrel	M870 508mm	3	1	mods
5a787fadc5856700155a6ca1	660毫米M870枪管 12铅径	M870 660mm	M870 12ga 660mm vent rib barrel	M870 660mm	4	1	mods
5a787fdfc5856700142fdd9a	325毫米M870截短枪管 12铅径	M870 325mm	M870 12ga sawed-off 325mm barrel	M870 325mm	2	1	mods
5a788031c585673f2b5c1c79	Fab Defence PR870下护木	PR870	M870 FAB Defense PR-870 forestock	PR-870	2	1	mods
5a788068c5856700137e4c8f	M870 Magpul MOE 护木	MOE 870	M870 Magpul MOE handguard	MOE 870	2	1	mods
5a788089c5856700142fdd9c	M870 Speedfeed短下护木	Speedfeed	M870 SpeedFeed Short handguard	870 SFeed	2	1	mods
5a7880d0c5856700142fdd9d	Remington SPS M870聚合物枪托	SPS M870	M870 SPS polymer stock	M870 SPS	2	1	mods
5a78813bc5856700186c4abe	M870 Magpul SGA 聚合物枪托	SGA M870	M870 Magpul SGA polymer stock	M870 SGA	2	1	mods
5a788169c5856700142fdd9e	Raptor M870握把	Raptor	M870 Shockwave Raptor grip	870 Raptor	1	1	mods
5a7882dcc5856700177af662	M870 12 铅径 4 发弹仓盖	M870x4	M870 12ga 4-shell magazine cap	M870x4	1	1	mods
5a78830bc5856700137e4c90	M870 12 铅径 7 发弹仓	M870x7	M870 12ga 7-shell magazine	M870x7	2	1	mods
5a78832ec5856700155a6ca3	M870 12 铅径 10 发弹仓	M870x10	M870 12ga 10-shell magazine	M870x10	3	1	mods
5a789261c5856700186c65d3	M870 Mesa Tactical 弹仓夹具	MT夹	M870 Mesa Tactical magazine clamp	MT Clamp	1	1	mods
5a7893c1c585673f2b5c374d	MTU-028SG M870导轨	MTU-028SG	M870 Leapers UTG PRO MTU-028SG rail	MTU-028SG	2	1	mods
5a78948ec5856700177b1124	XS M870鬼环照门短导轨	XS短	M870 XS SHOTRAIL rail with Ghost Ring rear sight	M870 XS	2	1	mods
5a7ad0c451dfba0013379712	Glock 9x19 CARVER定制四口补偿器	G 4Port	Glock 9x19 CARVER Custom 4 Port compensator	G 4Port	1	1	mods
5a7ad1fb51dfba0013379715	Lone Wolf 9 9x19补偿器	LW 9	Glock 9x19 Lone Wolf LWD-COMP9 compensator	LWD-COMP9	1	1	mods
5a7ad2e851dfba0016153692	“Big Stick” Glock 9x19加长弹匣	Big Stick	Glock 9x19 "Big Stick" 33-round magazine	Big Stick	1	2	mods
5a7ad4af51dfba0013379717	Aimtech Glock基座	G基座	Glock Aimtech mount base	G AT base	1	1	mods
5a7ad55551dfba0015068f42	Aimtech Tiger Shark基座	G Ti Sh	Glock Aimtech Tiger Shark sight mount	G TShark	1	1	mods
5a7ad74e51dfba0015068f45	Fisher Development FD917抑制器	FD917	Glock 9x19 Fischer Development FD917 sound suppressor	G FD917	2	1	mods;suppressor
5a7ae0c351dfba0017554310	Glock 17 9x19 手枪	GLOCK17	Glock 17 9x19 pistol	Glock 17	2	1	gun;wearable	Caliber9x19PARA
5a7afa25e899ef00135e31b0	Polymer80 PS9 Glock套筒	PS9	Glock Polymer80 PS9 pistol slide	G PS9	2	1	mods
5a7b32a2e899ef00135e345a	Strike Industries G4套筒补偿器 9x19	G4	Glock 9x19 Strike Industries G4 SlideComp compensator	G G4	1	1	mods
5a7b483fe899ef0016170d15	Surefire XC1战术手电	XC1	SureFire XC1 tactical flashlight	XC1	1	1	mods
5a7b4900e899ef197b331a2a	UM Tactical UM3瞄具基座	UM3	UM Tactical UM3 pistol sight mount	UM3	1	1	mods
5a7b4960e899ef197b331a2d	Glock Pachmayr 战术橡胶握把套	Pach RG	Glock Pachmayr Tactical Grip Glove	G TGG	1	1	mods;pistolGrip
5a7c147ce899ef00150bd8b8	Vendetta precision VP-09 Interceptor 5.56x45 AR-15 膛口制退器	VP-09	AR-15 Vendetta Precision VP-09 Interceptor 5.56x45 muzzle brake	VP-09	1	1	mods
5a7c4850e899ef00150be885	6B47 Ratnik-BSh 头盔（橄榄绿）	6B47	6B47 Ratnik-BSh helmet (Olive Drab)	6B47	2	2	helmet;wearable
5a7c74b3e899ef0014332c29	NSPU-M 3.5 倍 燕尾槽夜视瞄准镜	NSPU-M	NSPU-M 3.5x dovetail night vision scope	NSPU-M	2	1	mods
5a7d90eb159bd400165484f1	Dead Ringer Snake Eye Glock准星	Glock SE	Glock Dead Ringer Snake Eye front sight	G SE FS	1	1	mods
5a7d9104159bd400134c8c21	Truglo TFX Glock准星	Glock TFX	Glock TruGlo TFX front sight	G TFX FS	1	1	mods
5a7d9122159bd4001438dbf4	Dead Ringer Snake Eye Glock照门	Glock SE	Glock Dead Ringer Snake Eye rear sight	G SE RS	1	1	mods
5a7d912f159bd400165484f3	Truglo TFX Glock照门	TFX	Glock TruGlo TFX rear sight	G TFX RS	1	1	mods
5a7dbfc1159bd40016548fde	Hera Arms CQR 战术前握把	CQR	Hera Arms CQR tactical foregrip	CQR	1	1	mods
5a800961159bd4315e3a1657	Glock GTL 21 战术手电激光组合	GTL 21	Glock GTL 21 tactical flashlight with laser	GTL 21	1	1	mods
5a8036fb86f77407252ddc02	海岸线纸地图	海岸线	Shoreline plan map	Shoreline	1	1	barter;specialSlot
5a80a29286f7742b25692012	海岸线疗养院平面图	疗养院	Shoreline Health Resort plan map	Resort	1	1	barter;specialSlot
5a88acfb86f77457fd2c0d8f	Glock 17 9x19 手枪 默认	GLOCK17 默认	Glock 17 9x19 pistol Default	Glock 17 Default	2	1	preset
5a88ad7b86f77479aa7226af	Glock 17 9x19 手枪 Tac 3	GLOCK17 Tac 3	Glock 17 9x19 pistol Tac 3	Glock 17 Tac 3	2	2	preset
5a88ae4a86f77457fd2c0dae	Glock 17 9x19 手枪 Viper	GLOCK17 Viper	Glock 17 9x19 pistol Viper	Glock 17 Viper	2	2	preset
5a88aed086f77476cd391963	Glock 17 9x19 手枪 Fischer	GLOCK17 Fischer	Glock 17 9x19 pistol Fischer	Glock 17 Fischer	3	1	preset
5a88af5086f77411a871682c	Glock 17 9x19 手枪 Tac 2	GLOCK17 Tac 2	Glock 17 9x19 pistol Tac 2	Glock 17 Tac 2	3	1	preset
5a88afdc86f7746de12fcc20	Glock 17 9x19 手枪 Alpha Wolf	GLOCK17 Alpha Wolf	Glock 17 9x19 pistol Alpha Wolf	Glock 17 Alpha Wolf	2	1	preset
5a88b0f686f77416370eca3e	Glock 17 9x19 手枪 Hex	GLOCK17 Hex	Glock 17 9x19 pistol Hex	Glock 17 Hex	2	1	preset
5a88b1f686f774159949926e	Glock 17 9x19 手枪 Spartan	GLOCK17 Spartan	Glock 17 9x19 pistol Spartan	Glock 17 Spartan	2	1	preset
5a8ae21486f774377b73cf5d	AKM 7.62x39 突击步枪 T-OPS	AKM T-OPS	Kalashnikov AKM 7.62x39 assault rifle T-OPS	AKM T-OPS	6	2	noFlea;preset
5a8ae36686f774377d6ce226	柯尔特 M4A1 5.56x45 卡宾枪 Space Trooper	M4A1 Space Trooper	Colt M4A1 5.56x45 assault rifle Space Trooper	M4A1 Space Trooper	4	2	noFlea;preset
5a8ae43686f774377b73cfb3	SIG MPX 9x19 冲锋枪 MQB	MPX MQB	SIG MPX 9x19 submachine gun MQB	MPX MQB	4	2	preset
5a8ae54786f7743b5e013ba0	MP-133 12 铅径泵动式霰弹枪 Tactical	MP-133 Tactical	MP-133 12ga pump-action shotgun Tactical	MP-133 Tactical	5	1	preset
5a8ae65f86f774377a23ed55	PP-19-01 勇士 9x19 冲锋枪 Zenit	PP-19-01 Zenit	PP-19-01 Vityaz 9x19 submachine gun Zenit	PP-19-01 Zenit	4	2	preset
5a8ae73886f7747b2e6e1416	柯尔特 M4A1 5.56x45 卡宾枪 SOPMOD II	M4A1 SOPMOD II	Colt M4A1 5.56x45 assault rifle SOPMOD II	M4A1 SOPMOD II	5	2	preset
5a9548c9159bd400133e97b3	B&T TL-99 铝制 MP5 护木	TL-99	HK MP5 B&T TL-99 aluminum handguard	TL-99	2	1	mods
5a957c3fa2750c00137fa5f7	CAA XRSU47SU AKS-74U 战术护木	XRSU47SU	AKS-74U CAA XRSU47SU tactical handguard	XRSU47SU	2	1	mods
5a966ec8a2750c00171b3f36	B&T 三导轨 MP5 机匣基座	B&T 3x	HK MP5 B&T tri-rail receiver mount	B&T 3x	2	1	mods
5a966f51a2750c00156aacf6	SAI-02 12/70 SOK-12 10发弹匣	SAI-02	SOK-12 12ga SAI-02 10-round magazine	SAI-02	1	3	mods
5a9685b1a2750c0032157104	Glock 9x19 Moto Cut套筒	Glock Moto Cut	Glock Moto Cut pistol slide	G MotoCut	2	1	mods
5a9d56c8a2750c0032157146	Strike Industries TRAX 1 AK 护木	TRAX 1	AK Strike Industries TRAX 1 handguard	TRAX 1	1	1	mods
5a9d6d00a2750c5c985b5305	Strike Industries Keymod 4英寸导轨	SI 4"	Strike Industries KeyMod 4 inch rail	SI 4"	1	1	mods
5a9d6d13a2750c00164f6b03	Strike Industries Keymod 6英寸导轨	SI 6"	Strike Industries KeyMod 6 inch rail	SI 6"	1	1	mods
5a9d6d21a2750c00137fa649	Strike industries导轨桥	桥轨	Strike Industries TRAX bridge rail	TRAX Bridge	2	1	mods
5a9d6d34a2750c00141e07da	Strike Industries TRAX 2 AK 护木延长组件	TRAX 2	AK Strike Industries TRAX 2 handguard extension	TRAX 2	1	1	mods
5a9e81fba2750c00164f6b11	VSS/VAL SR3M.130 9x39 30发弹匣	SR3M.130	VSS/VAL 9x39 SR3M.130 30-round magazine	SR3M.130	1	2	mods
5a9ea27ca2750c00137fa672	Spike Tactical Dynacomp 7.62x39 AK 膛口制退器	Dynacomp	AK Spikes Tactical Dynacomp 7.62x39 compensator	Dynacomp AK	1	1	mods
5a9eb32da2750c00171b3f9c	FAB Defense GL-SHOCK AR-15 枪托	GL Shock	AR-15 FAB Defense GL-SHOCK buttstock	GL-SHOCK	2	1	mods
5a9fb739a2750c003215717f	Rotor 43 9x19 消音器	Rotor43 9x19	Rotor 43 9x19 sound suppressor	R43 9x19	2	1	mods;suppressor
5a9fbacda2750c00141e080f	Rotor 43 7.62x39 消音器	Rotor43 7.62x39	Rotor 43 7.62x39 sound suppressor	R43 7.62x39	2	1	mods;suppressor
5a9fbb74a2750c0032157181	Rotor 43 .366TKM 消音器	Rotor43 .366TKM	Rotor 43 .366 TKM sound suppressor	R43 .366TKM	2	1	mods;suppressor
5a9fbb84a2750c00137fa685	Rotor 43 5.56x45 消音器	Rotor43 556	Rotor 43 5.56x45 sound suppressor	R43 556	2	1	mods;suppressor
5a9fc7e6a2750c0032157184	Zenit B-3 VSS/VAL 基座组合	B-3组合	VSS/VAL Zenit B-3 mount combo	B-3	1	1	mods
5aa2a7e8e5b5b00016327c16	USEC 棒球帽（灰褐色）	USEC	USEC baseball cap (Coyote)	USEC	1	1	wearable
5aa2b87de5b5b00016327c25	BEAR 棒球帽（橄榄绿）	BEAR	BEAR baseball cap (Olive Drab)	BEAR	1	1	wearable
5aa2b89be5b5b0001569311f	EMERCOM 帽子	EMERCOM	EMERCOM cap	EMERCOM	1	1	wearable
5aa2b8d7e5b5b00014028f4a	警帽	警帽	Police cap	Police	1	1	wearable
5aa2b923e5b5b000137b7589	圆框太阳镜	圆框	Round frame sunglasses	RGlasses	2	1	glasses;wearable
5aa2b986e5b5b00014028f4c	Dundukk运动太阳镜	Dundukk	Dundukk sport sunglasses	Dundukk	2	1	glasses;wearable
5aa2b9aee5b5b00015693121	雷硼嬉皮太阳镜	雷硼	RayBench Hipster Reserve sunglasses	RayBench	2	1	glasses;wearable
5aa2b9ede5b5b000137b758b	Kinda牛仔帽	牛仔帽	Kinda cowboy hat	Cowboy	2	2	wearable
5aa2ba19e5b5b00014028f4e	战术羊绒帽（黄褐色）	羊绒帽	Tactical fleece beanie (Tan)	Fleece	1	1	wearable
5aa2ba46e5b5b000137b758d	UX PRO无檐小便帽	UXPRO	UX PRO beanie	UXPRO	1	1	wearable
5aa2ba71e5b5b000137b758f	MSA Sordin Supreme PRO-X/L有源耳机	Sordin	MSA Sordin Supreme PRO-X/L headset	Sordin	2	2	headphones;wearable
5aa66a9be5b5b0214e506e89	Nightforce MagMount一体式基座环	NF 34毫米	Nightforce Magmount 34mm ring scope mount	NF 34mm	2	1	mods
5aa66be6e5b5b0214e506e97	Nightforce ATACR 7-35x56 34 毫米步枪瞄准镜	NF 7-35x56	Nightforce ATACR 7-35x56 34mm riflescope	ATACR 7-35	2	1	mods
5aa66c72e5b5b00016327c93	Nightforce MagMount Multimount 34毫米一体式导轨基座	NF 34毫米 RIS	Nightforce Magmount 34mm ring scope mount with Ruggedized Accessory Platform	NF 34mm RAP	2	1	mods
5aa7cfc0e5b5b00015693143	6B47 Ratnik-BSh 头盔（数码迷彩盔罩）	6B47	6B47 Ratnik-BSh helmet (EMR cover)	6B47 EMR	2	2	helmet;wearable
5aa7d03ae5b5b00016327db5	UNTAR头盔	UNTAR	UNTAR helmet	UNTAR	2	2	helmet;wearable
5aa7d193e5b5b000171d063f	SSSh-94 SFERA-S 头盔	SFERA-S	SSSh-94 SFERA-S helmet	SFERA-S	2	2	helmet;wearable
5aa7e276e5b5b000171d0647	Altyn 防弹头盔（橄榄绿）	Altyn	Altyn assault helmet (Olive Drab)	Altyn	2	2	helmet;noFlea;wearable
5aa7e373e5b5b000137b76f0	Altyn面罩	Altyn面罩	Altyn helmet face shield	Altyn FS	2	1	glasses;wearable
5aa7e3abe5b5b000171d064d	ZSh-1-2M面罩	ZSh-1-2M	ZSh-1-2M face shield	ZSh-1-2M FS	2	1	glasses;wearable
5aa7e454e5b5b0214e506fa2	ZSh-1-2M 头盔（橄榄绿）	ZSh-1-2M	ZSh-1-2M helmet (Olive Drab)	ZSh-1-2M	2	2	helmet;wearable
5aa7e4a4e5b5b000137b76f2	ZSh-1-2M 头盔（黑色盔罩）	ZSh-1-2M	ZSh-1-2M helmet (Black cover)	ZSh-1-2M	2	2	helmet;wearable
5aaa4194e5b5b055d06310a5	Magpul PMAG 30 GEN M3 5.45x39 30发 AK 弹匣	GEN M3	AK-74 5.45x39 Magpul PMAG 30 GEN M3 30-round magazine	GEN M3	1	2	mods
5aaa5dfee5b5b000140293d3	Magpul PMAG 30 GEN M3 5.56x45 STANAG 30发弹匣	GEN M3	AR-15 5.56x45 Magpul PMAG 30 GEN M3 STANAG 30-round magazine	GEN M3	1	2	mods
5aaa5e60e5b5b000140293d6	Magpul PMAG 10 GEN M3 5.56x45 STANAG 10发弹匣	GEN M3	AR-15 5.56x45 Magpul PMAG 10 GEN M3 STANAG 10-round magazine	GEN M3	1	1	mods
5aaf8a0be5b5b00015693243	M1A 7.62x51 20发弹匣	M1A 20 7.62	M1A 7.62x51 20-round magazine	M1A	1	2	mods
5aaf8e43e5b5b00015693246	M1A Socom 16枪托	Socom16	M1A SOCOM 16 stock	SOCOM16	3	1	mods
5aaf9d53e5b5b00015042a52	16 英寸 M1A 枪管 7.62x51	M1A 16"	M1A 7.62x51 16 inch barrel	M1A 16"	4	1	mods
5aafa1c2e5b5b00015042a56	SOCOM 16 7.62x51 M1A 膛口制退器	Socom 16 MB	M1A SOCOM 16 7.62x51 muzzle brake	SOCOM16	1	1	mods
5aafa49ae5b5b00015042a58	SA XS Post .125 blade M1A准星	.125 blade	M1A SA XS Post .125 Blade front sight	.125 Blade	1	1	mods
5aafa857e5b5b00018480968	春田 M1A 7.62x51 步枪	M1A	Springfield Armory M1A 7.62x51 rifle	M1A	2	1	gun;wearable	Caliber762x51
5aafbcd986f7745e590fff23	医疗物品箱	医疗箱	Medicine case	Medicine	3	3	container;markedOnly;noFlea
5aafbde786f774389d0cbc0f	弹药箱	弹药箱	Ammunition case	Ammo	2	2	barter;container;markedOnly
5ab24ef9e5b5b00fe93c9209	M1A Socom 16上机匣	Socom 16上机匣	M1A SOCOM 16 upper part	SOCOM16	2	1	mods
5ab372a310e891001717f0d8	TROY S.A.S.S M14 枪身套件	S.A.S.S.	M14 TROY S.A.S.S. Chassis stock	S.A.S.S.	3	1	mods
5ab3afb2d8ce87001660304d	Smith Enterprise SOCOM 16 7.62x51 M1A 螺纹膛口制退器 & 导气箍套件	SOCOM16护帽	M1A Smith Enterprise SOCOM 16 7.62x51 threaded muzzle brake & gas block	SOCOM16 thr.	1	1	mods
5ab626e4d8ce87272e4c6e43	AKS-74 金属框架枪托	6P21 Sb.5	AKS-74 skeletonized stock	AKS-74	2	1	mods
5ab8dab586f77441cd04f2a2	WARTECH MK3 TV-104 胸挂 (复合迷彩)	MK3 TV-104	WARTECH MK3 TV-104 chest rig (MultiCam)	MK3 TV-104	3	4	rig;wearable
5ab8dced86f774646209ec87	ANA Tactical M2 插板胸挂（橄榄绿）	ANA M2	ANA Tactical M2 plate carrier (OD Green)	ANA M2	4	4	armor;rig;wearable
5ab8e4ed86f7742d8e50c7fa	MF-UNTAR防弹背心	MF-UN	MF-UNTAR body armor	MF-UN	3	3	armor;wearable
5ab8e79e86f7742d8b372e78	BNTI Gzhel-K（彩瓷-K）防弹衣	Gzhel-K	BNTI Gzhel-K body armor	Gzhel-K	3	3	armor;wearable
5ab8e9fcd8ce870019439434	AKS-74N 5.45x39 突击步枪	AKS-74N	Kalashnikov AKS-74N 5.45x39 assault rifle	AKS-74N	4	1	gun;wearable	Caliber545x39
5ab8ebf186f7742d8b372e80	SSO Attack 2 突击背包（卡其色）	Attack 2	SSO Attack 2 raid backpack (Khaki)	Attack 2	5	7	backpack;noFlea;wearable
5ab8ee7786f7742d8f33f0b9	VKBO军用背包	军用背包	VKBO army bag	VKBO	3	4	backpack;wearable
5ab8f04f86f774585f4237d8	战术挎包	挎包	Tactical sling bag (Khaki)	Sling	3	3	backpack;wearable
5ab8f20c86f7745cdb629fb2	带眼洞滑雪头套	滑雪头套	Ski hat with holes for eyes	Shmaska	1	1	wearable
5ab8f39486f7745cd93a1cca	Cold Fear 隔热巴拉克拉瓦头套	CF	Cold Fear infrared balaclava	CF	1	1	wearable
5ab8f4ff86f77431c60d91ba	幽灵头套	幽灵	Ghost balaclava	Ghost	1	1	wearable
5ab8f85d86f7745cd93a1cf5	提花头巾（绿色）	提花	Shemagh (Green)	Shemagh	1	1	wearable
5aba62f8d8ce87001943946b	APS准星	APS准星	APS front sight	APS FS	1	1	mods
5aba637ad8ce87001773e17f	APS照门	APS照门	APS rear sight	APS RS	1	1	mods
5aba639ed8ce8700182ece67	APB照门	APB照门	APB rear sight	APB RS	1	1	mods
5abcbb20d8ce87001773e258	M14军用觇孔式照门	M14 135	M14 SA Enlarged Military Aperture rear sight	M14 RS	1	1	mods
5abcbc27d8ce8700182eceeb	AKMSN 7.62x39 突击步枪	AKMSN	Kalashnikov AKMSN 7.62x39 assault rifle	AKMSN	4	1	gun;wearable	Caliber762x39
5abcc328d8ce8700194394f3	APB 9x18PM消音器	APB	APB 9x18PM sound suppressor	APB	2	1	mods;suppressor
5abccb7dd8ce87001773e277	斯捷奇金 APB 9x18PM 消音型自动手枪	APB	Stechkin APB 9x18PM silenced machine pistol	APB	2	1	gun;wearable	Caliber9x18PM
5abcd472d8ce8700166032ae	AKMSN 折叠式枪托	6P4N Sb.1-19	AKMSN folding stock	AKMSN	2	1	mods
5ac4ab8886f7747d0f66429a	AKMSN 7.62x39 突击步枪 默认	AKMSN 默认	Kalashnikov AKMSN 7.62x39 assault rifle Default	AKMSN Default	5	2	preset
5ac4abf986f7747d117c67aa	AKS-74N 5.45x39 突击步枪 默认	AKS-74N 默认	Kalashnikov AKS-74N 5.45x39 assault rifle Default	AKS-74N Default	5	2	preset
5ac4ac9486f774181345c3d2	斯捷奇金 APB 9x18PM 消音型自动手枪 默认	APB 默认	Stechkin APB 9x18PM silenced machine pistol Default	APB Default	4	1	preset
5ac4accf86f774181345c3d7	斯捷奇金 APS 9x18PM 冲锋手枪 默认	APS 默认	Stechkin APS 9x18PM machine pistol Default	APS Default	2	1	preset
5ac4ad3686f774181345c3da	春田 M1A 7.62x51 步枪 默认	M1A 默认	Springfield Armory M1A 7.62x51 rifle Default	M1A Default	5	2	preset
5ac4ad7586f7747d14551da3	雷明顿 Model 870 12铅径泵动式霰弹枪 默认	M870 默认	Remington Model 870 12ga pump-action shotgun Default	M870 Default	5	1	preset
5ac4c50d5acfc40019262e87	Kolpak-1S 防暴面罩	Kolpak面罩	Kolpak-1S face shield	K-1S	2	1	glasses;wearable
5ac4cd105acfc40016339859	AK-74M 5.45x39 突击步枪	AK-74M	Kalashnikov AK-74M 5.45x39 assault rifle	AK-74M	4	1	gun;wearable	Caliber545x39
5ac50c185acfc400163398d4	AK-74M 聚合物枪托	6P34 Sb.15	AK-74M polymer stock	AK-74M	2	1	mods
5ac50da15acfc4001718d287	AK-74M 防尘盖	6P34 0-1	AK-74M dust cover	AK-74M DC	2	1	mods
5ac66bea5acfc43b321d4aec	7.62x39 AK-103 30发弹匣	AK-103	AK-103 7.62x39 30-round magazine	AK-103	1	2	mods
5ac66c5d5acfc4001718d314	6L29 5.56x45 AK-101 30发弹匣	6L29	AK-101 5.56x45 6L29 30-round magazine	6L29	1	2	mods
5ac66cb05acfc40198510a10	AK-101 5.56x45 突击步枪	AK-101	Kalashnikov AK-101 5.56x45 assault rifle	AK-101	4	1	gun;wearable	Caliber556x45NATO
5ac66d015acfc400180ae6e4	AK-102 5.56x45 突击步枪	AK-102	Kalashnikov AK-102 5.56x45 assault rifle	AK-102	3	1	gun;wearable	Caliber556x45NATO
5ac66d2e5acfc43b321d4b53	AK-103 7.62x39 突击步枪	AK-103	Kalashnikov AK-103 7.62x39 assault rifle	AK-103	4	1	gun;wearable	Caliber762x39
5ac66d725acfc43b321d4b60	AK-104 7.62x39 突击步枪	AK-104	Kalashnikov AK-104 7.62x39 assault rifle	AK-104	3	1	gun;wearable	Caliber762x39
5ac66d9b5acfc4001633997a	AK-105 5.45x39 突击步枪	AK-105	Kalashnikov AK-105 5.45x39 assault rifle	AK-105	3	1	gun;wearable	Caliber545x39
5ac72e475acfc400180ae6fe	AK-74M 照门	6P20 Sb.2	AK-74M rear sight	AK-74M RS	1	1	mods
5ac72e615acfc43f67248aa0	AK-101 5.56x45 膛口制退器	AK-101	AK-101 5.56x45 muzzle brake	AK-101	1	1	mods
5ac72e725acfc400180ae701	AK-102 5.56x45 膛口制退器	6P44 0-20	AK-102 5.56x45 muzzle brake	AK-102	1	1	mods
5ac72e7d5acfc40016339a02	AK-103 7.62x39 膛口制退器	AK-103制&补	AK-103 7.62x39 muzzle brake	AK-103	1	1	mods
5ac72e895acfc43b321d4bd5	Izhmash 7.62x39 AK-104膛口制退补偿器（6P46 0-20）	6P46 0-20	AK-104 7.62x39 muzzle brake	AK-104	1	1	mods
5ac72e945acfc43f3b691116	AK-105 5.45x39 膛口制退器	6P44 0-20	AK-105 5.45x39 muzzle brake	AK-105	1	1	mods
5ac733a45acfc400192630e2	AK-105 照门	6P44 Sb.1-30	AK-105 rear sight	AK-105 RS	1	1	mods
5ac7655e5acfc40016339a19	AK-74M 5.45x39 膛口制退器	6P20 0-20	AK-74M 5.45x39 muzzle brake	AK-74M	1	1	mods
5ac78a9b86f7741cca0bbd8d	信号干扰器	干扰器	Signal Jammer	Jammer	1	1	barter;specialSlot
5ac78eaf5acfc4001926317a	Zenit AK-74M/AK-100 PT 锁扣	PT 74M/100	AK-74M/AK-100 Zenit PT Lock	PT 74M/100	1	1	mods
5ac8d6885acfc400180ae7b0	Ops-Core FAST MT 超级高切 头盔（城市褐）	FAST MT	Ops-Core FAST MT Super High Cut helmet (Urban Tan)	FAST MT	2	2	helmet;noFlea;wearable
5acf7db286f7743a9c7092e3	AK-74M 5.45x39 突击步枪 默认	AK-74M 默认	Kalashnikov AK-74M 5.45x39 assault rifle Default	AK-74M Default	5	2	preset
5acf7dd986f774486e1281bf	AK-101 5.56x45 突击步枪 默认	AK-101 默认	Kalashnikov AK-101 5.56x45 assault rifle Default	AK-101 Default	5	2	preset
5acf7dfc86f774401e19c390	AK-102 5.56x45 突击步枪 默认	AK-102 默认	Kalashnikov AK-102 5.56x45 assault rifle Default	AK-102 Default	4	2	preset
5acf7e2b86f7740874790e20	AK-103 7.62x39 突击步枪 默认	AK-103 默认	Kalashnikov AK-103 7.62x39 assault rifle Default	AK-103 Default	5	2	preset
5acf7e4c86f774499a3f3bdd	AK-104 7.62x39 突击步枪 默认	AK-104 默认	Kalashnikov AK-104 7.62x39 assault rifle Default	AK-104 Default	4	2	preset
5acf7e7986f774401e19c3a0	AK-105 5.45x39 突击步枪 默认	AK-105 默认	Kalashnikov AK-105 5.45x39 assault rifle Default	AK-105 Default	4	2	preset
5ad5ccd186f774446d5706e9	OLI管理员办公室钥匙	OLI办公室	OLI administration office key	OLI office	1	1	keys
5ad5cfbd86f7742c825d6104	OLI物流部钥匙	物流办公室	OLI logistics department office key	OLI Log.	1	1	keys
5ad5d20586f77449be26d877	OLI超市杂物间钥匙	OLI杂物间	OLI outlet utility room key	OLI util.	1	1	keys
5ad5d49886f77455f9731921	变电站杂物间钥匙	变电站	Power substation utility cabin key	Power	1	1	keys
5ad5d64486f774079b080af8	药房钥匙	药房	NecrusPharm pharmacy key	Pharmacy	1	1	keys
5ad5d7d286f77450166e0a89	Kiba 商店外门钥匙	KIBA外	Kiba Arms outer door key	KIBA outer	1	1	keys
5ad5db3786f7743568421cce	EMERCOM医疗区钥匙	EMC	EMERCOM medical unit key	EMC	1	1	keys
5ad7217186f7746744498875	OLI收银机钥匙	OLI	OLI cash register key	OLI reg.	1	1	keys
5ad7242b86f7740a6a3abd43	IDEA收银机钥匙	IDEA	IDEA cash register key	IDEA reg.	1	1	keys
5ad7247386f7747487619dc3	Goshan收银机钥匙	Goshan	Goshan cash register key	Goshan reg.	1	1	keys
5addaffe86f77470b455f900	Kiba 商店内侧格栅门钥匙	KIBA内	Kiba Arms inner grate door key	KIBA inner	1	1	keys
5addba3e5acfc4001669f0ab	SA National Match .062 M1A刃形准星	.062刃形	M1A SA National Match .062 Blade front sight	.062 Blade	1	1	mods
5addbac75acfc400194dbc56	22 英寸 M1A 枪管 7.62x51	M1A 22"	M1A 7.62x51 22 inch barrel	M1A 22"	5	1	mods
5addbb6e5acfc408fb1393fd	M1A National Match 7.62x51消焰器	NM	M1A National Match 7.62x51 flash suppressor	M1A NM	1	1	mods
5addbb825acfc408fb139400	M14 JP Enterprises 7.62x51膛口战术制退补偿器	JP MB M14	M14 JP Enterprises 7.62x51 Tactical Compensator	M14 JP	1	1	mods
5addbb945acfc4001a5fc44e	Smith Enterprise Good Iron 7.62x51 M14 膛口制退器	Good Iron	M14 Smith Enterprise Good Iron 7.62x51 muzzle brake	GoodIron	1	1	mods
5addbba15acfc400185c2854	Smith Enterprise Vortex 7.62x51 M14 膛口制退器	Vortex DC	M14 Smith Enterprise Vortex 7.62x51 muzzle brake	M14 Vortex	1	1	mods
5addbbb25acfc40015621bd9	M14 Yankee Hill Phantom 7.62x51消焰器	Phantom	M14 Yankee Hill Phantom 7.62x51 flash hider	Phantom	1	1	mods
5addbf175acfc408fb13965b	ProMag Archangel M1A 枪身套件	Archangel	M1A ProMag Archangel chassis	Archangel M1A	3	1	mods
5addbfbb5acfc400194dbcf7	UltiMAK M14 M8 Forward 光学瞄具基座	M8	M14 UltiMAK M8 Forward Optic mount	M8	2	1	mods
5addbfd15acfc40015621bde	M14 Mini Scout导轨基座	Mini Scout	M14 Amega Mini Scout Mount system	M14 MSM	2	1	mods
5addbfe15acfc4001a5fc58b	Arms #18 M14导轨基座	Arms 18	M14 A.R.M.S. #18 scope mount	ARMS#18	1	1	mods
5addbfef5acfc400185c2857	M14 UTG 4点锁定式高级基座	UTG4	M14 Leapers UTG 4-Point Locking Deluxe mount	UTG 4p	1	1	mods
5addbffe5acfc4001714dfac	M14 DCSB	M14 DCSB	M14 SAGE International DCSB mount	M14 DCSB	2	1	mods
5addc00b5acfc4001669f144	CASV 14 M14基座	CASV 14	M14 Vltor CASV-14 rail system	M14 CASV-14	2	1	mods
5addc7005acfc4001669f275	SAGE International M14ALCS 枪身套件	M14ALCS（MOD. 0）	M14 SAGE International M14ALCS chassis	M14ALCS	3	1	mods
5addc7ac5acfc400194dbd90	M14 M14ALCS（MOD. 0）枪托	M14ALCS枪托	M14 SAGE International M14ALCS (MOD-0) stock	M14ALCS	2	1	mods
5addc7db5acfc4001669f279	M14ALCS（MOD. 0）M14手枪式握把	M14ALCS	M14 SAGE International M14ALCS (MOD-0) pistol grip	M14ALCS	1	1	mods;pistolGrip
5addcce35acfc4001a5fc635	7.62x51 30发M14弹匣	M14 30 7.62	M14 7.62x51 30-round magazine	M14	1	2	mods
5addccf45acfc400185c2989	X Products 7.62x51 M14 X-14 50发弹鼓	X-14	M14 7.62x51 X Products X-14 50-round drum magazine	X-14 7.62	1	2	mods
5adf23995acfc400185c2aeb	MC 20-01枪托	MC 20-01	MTs 20-01 stock	MTs 20-01	4	1	mods
5ae08f0a5acfc408fb1398a1	莫辛-纳甘 7.62x54R 栓动式步枪（狙击型）	莫辛狙击型	Mosin 7.62x54R bolt-action rifle (Sniper)	Mosin Sniper	1	1	gun;wearable	Caliber762x54R
5ae096d95acfc400185c2c81	莫辛步枪标准枪托	莫辛枪托	Mosin Rifle standard stock	Mosin stock	4	1	mods
5ae0973a5acfc4001562206c	莫辛纳甘 7.62x54R 5 发弹仓	莫辛标准	Mosin Rifle 7.62x54R 5-round magazine	Mosin	1	1	mods
5ae099875acfc4001714e593	莫辛准星	莫辛准星	Mosin Rifle front sight	Mosin FS	1	1	mods
5ae099925acfc4001a5fc7b3	莫辛照门	莫辛照门	Mosin Rifle rear sight	Mosin RS	1	1	mods
5ae09bff5acfc4001562219d	730毫米标准莫辛枪管	莫辛730mm	Mosin Rifle 7.62x54R 730mm regular barrel	Mosin 730mm	4	1	mods
5ae30bad5acfc400185c2dc4	AR-15提把式照门	提把	AR-15 rear sight carry handle	CHandle	1	1	mods
5ae30c9a5acfc408fb139a03	LMT SOPMOD AR-15 枪托	SOPMOD	AR-15 LMT SOPMOD stock	SOPMOD	2	1	mods
5ae30db85acfc408fb139a05	柯尔特 M4 卡宾枪长度 AR-15 护木	M4标准	AR-15 Colt M4 Carbine Length handguard	M4 Carbine	2	1	mods
5ae30e795acfc408fb139a0b	柯尔特 M4准星	M4A1	M4A1 front sight with gas block	M4A1	1	1	mods
5ae35b315acfc4001714e8b0	LEO M870枪托转接器	LEO M870	M870 Mesa Tactical LEO stock adapter	M870 LEO	2	1	mods
5af0454c86f7746bf20992e8	铝固定夹板	铝夹板	Aluminum splint	Alu splint	1	1	meds;provisions
5af0484c86f7740f02001f7f	罐装 Majaica 咖啡豆	咖啡	Can of Majaica coffee beans	Majaica	1	1	barter
5af04b6486f774195a3ebb49	Elite钳子	钳子	Pliers Elite	Elite	1	1	barter
5af0534a86f7743b6f354284	检眼镜	检眼镜	Ophthalmoscope	OScope	1	1	barter
5af0548586f7743a532b7e99	布洛芬止痛药	布洛芬	Ibuprofen painkillers	Ibuprofen	1	1	meds;provisions
5af0561e86f7745f5f3ad6ac	充电宝	充电宝	Portable Powerbank	Powerbank	1	1	barter
5af08bfd86f774223d4528e2	春田 M1A 7.62x51 步枪 EBR	M1A EBR	Springfield Armory M1A 7.62x51 rifle EBR	M1A EBR	5	2	preset
5af08c4486f774223b094223	春田 M1A 7.62x51 步枪 SASS	M1A SASS	Springfield Armory M1A 7.62x51 rifle SASS	M1A SASS	6	2	preset
5af08cc686f77424a61595f2	柯尔特 M4A1 5.56x45 卡宾枪 SOPMOD I	M4A1 SOPMOD I	Colt M4A1 5.56x45 assault rifle SOPMOD I	M4A1 SOPMOD I	5	2	preset
5af08cf886f774223c269184	柯尔特 M4A1 5.56x45 卡宾枪 Carbine	M4A1 Carbine	Colt M4A1 5.56x45 assault rifle Carbine	M4A1 Carbine	5	2	preset
5af08d1c86f774223a7aa1b4	雷明顿 Model 870 12铅径泵动式霰弹枪 Breacher	M870 Breacher	Remington Model 870 12ga pump-action shotgun Breacher	M870 Breacher	4	2	preset
5afd7ded5acfc40017541f5e	TAPCO Intrafuse SKS 枪身套件	Tapco intrafuse枪托	SKS TAPCO Intrafuse chassis	TAPCO Intrafuse	3	1	mods
5afd7e095acfc40017541f61	TAPCO Intrafuse SKS 缓冲管	TAPCO缓冲管	SKS TAPCO Intrafuse buffer tube	SKS TAPCO	2	1	mods
5afd7e445acfc4001637e35a	TAPCO Intrafuse 仿 SAW 手枪式握把	SAW SKS	SKS TAPCO Intrafuse SAW-Style pistol grip	SAW SKS	1	1	mods;pistolGrip
5b04473a5acfc40018632f70	Fab Defense UAS AK枪托	UAS AK	AKM/AK-74 FAB Defense UAS stock	UAS AK	2	1	mods
5b057b4f5acfc4771e1bd3e9	SE-5 Express握把	SE-5	Stark SE-5 Express Forward foregrip	SE-5	1	1	mods
5b07db875acfc40dc528a5f6	Tactical Dynamics AR-15 镂空手枪式握把	TD120001	AR-15 Tactical Dynamics Skeletonized pistol grip	TD120001	1	1	mods;pistolGrip
5b07dd285acfc4001754240d	Steiner LAS/TAC 2 战术手电	LAS/TAC 2	Steiner LAS/TAC 2 tactical flashlight	LAS/TAC 2	1	1	mods
5b0800175acfc400153aebd4	ERGO F93 PRO AR-15 枪托	F93 PRO	AR-15 ERGO F93 PRO stock	F93 PRO	2	1	mods
5b099a765acfc47a8607efe3	11 英寸 SA-58 枪管 7.62x51	SA58 11"	SA58 7.62x51 11 inch barrel	SA58 11"	2	1	mods
5b099a9d5acfc47a8607efe7	DS Arms SA-58四导轨护木	四轨	SA58 quad rail handguard	SA58 4Rail	2	1	mods
5b099ac65acfc400186331e1	SA-58/FAL 7.62x51 20发弹匣	SA58/FAL	SA58/FAL 7.62x51 20-round magazine	SA58/FAL	1	2	mods
5b099b7d5acfc400186331e4	SA-58 3-Prong "三叉戟" 7.62x51消焰器	三叉戟	SA58 3-Prong Trident 7.62x51 flash hider	SA58 3-pr.	1	1	mods
5b099b965acfc400186331e6	SA-58 仿 SAW 手枪式握把（黑）	SAW SA58	SA58 SAW-style pistol grip (Black)	SAW SA58	1	1	mods;pistolGrip
5b099bb25acfc400186331e8	DS Arms Extreme Duty SA-58防尘盖	Ext. Duty	SA58 Extreme Duty dust cover	SA58 ED	2	1	mods
5b099bf25acfc4001637e683	SA-58缓冲管转接器	SA-58 Tube	SA58 buffer tube adapter	SA58 adpt.	1	1	mods
5b0bbe4e5acfc40dc528a72d	DS Arms SA-58 7.62x51 突击步枪	SA-58	DS Arms SA58 7.62x51 assault rifle	SA58	2	1	gun;wearable	Caliber762x51
5b0bc22d5acfc47a8607f085	SA-58 荷兰样式照门	荷兰	SA58 Holland Type rear sight	SA58 Holland	1	1	mods
5b0e794b5acfc47a877359b2	AKM/AK-74 Magpul Zhukov-S 枪托	Zhukov-S	AKM/AK-74 Magpul Zhukov-S stock	Zhukov-S	2	1	mods
5b1fa9b25acfc40018633c01	GLOCK 18C 9x19 冲锋手枪	GLOCK18C	Glock 18C 9x19 machine pistol	Glock 18C	2	1	gun;wearable	Caliber9x19PARA
5b1fa9ea5acfc40018633c0a	Glock 18C补偿器枪管 9x19	G18 9x19补偿	Glock 18C 9x19 114mm compensated barrel	G18C comp	1	1	mods
5b1faa0f5acfc40dc528aeb5	Glock 18C 9x19套筒	Glock 18C套筒	Glock 18C pistol slide	G18C	2	1	mods
5b1fb3e15acfc4001637f068	6P2 7.62x39 AK 40发胶木弹匣	6P2胶木	AK 7.62x39 6P2 bakelite 40-round magazine	6P2 bak.	1	3	mods
5b1fd4e35acfc40018633c39	7.62x39 AK 10发铝制弹匣	AK铝10	AK 7.62x39 aluminium 10-round magazine	AK al.	1	2	mods
5b222d335acfc4771e1be099	Zenit AKM/AK-74 PT 锁扣	PT AKM	AKM/AK-74 Zenit PT Lock	PT AKM	1	1	mods
5b222d405acfc400153af4fe	Zenit PT-1 "Klassika" AK 枪托	PT-1	AK Zenit PT-1 "Klassika" stock	PT-1	2	1	mods
5b2240bf5acfc40dc528af69	雷电 Raptor-SD AR-15 拉机柄 (FDE)	Raptor	AR-15 Radian Weapons Raptor charging handle (FDE)	Raptor	1	1	mods
5b237e425acfc4771e1be0b6	TROY AK 全尺寸导轨护木 & 导气管组合	TROY组合	AK TROY Full Length Rail handguard with gas tube	TROY FLR	2	1	mods
5b2388675acfc4771e1be0be	Burris FullField TAC30 1-4x24 30 毫米 步枪瞄准镜	TAC 30	Burris FullField TAC30 1-4x24 30mm riflescope	TAC30	2	1	mods
5b2389515acfc4771e1be0c0	Burris AR- P.E.P.R. 30毫米环形基座	AR- P.E.P.R.	Burris AR-P.E.P.R. 30mm ring scope mount	AR-PEPR 30mm	2	1	mods
5b2cfa535acfc432ff4db7a0	Alexander Arms MK10 AR-15 步枪全长护木	MK10 RL	AR-15 Alexander Arms MK10 rifle length handguard	MK10 RL	2	1	mods
5b30ac585acfc433000eb79c	Magpul MOE AK 手枪式握把（黑色）	MOE AK	AK Magpul MOE pistol grip (Black)	MOE AK	1	1	mods;pistolGrip
5b30b0dc5acfc400153b7124	Holosun HS401G5反射式瞄具	HS401G5	Holosun HS401G5 reflex sight	HS401G5	1	1	mods
5b30bc165acfc40016387293	Alexander Arms 3英寸导轨	MK10 3"	Alexander Arms 3 inch rail	MK10 3"	1	1	mods
5b30bc285acfc47a8608615d	Alexander Arms 10英寸导轨	MK10 10"	Alexander Arms 10 inch rail	MK10 10"	1	1	mods
5b31163c5acfc400153b71cb	西格-绍尔Romeo系列瞄具基座	Rom. Base	SIG Sauer ROMEO sight mount	ROMEO	1	1	mods
5b3116595acfc40019476364	西格-绍尔Romeo 4反射式瞄具	Romeo 4	SIG Sauer ROMEO4 reflex sight	ROMEO4	1	1	mods
5b363dd25acfc4001a598fd2	SilencerCo Osprey 12声音抑制器	Salvo12	SilencerCo Salvo 12 12ga sound suppressor	Salvo 12	2	1	mods;suppressor
5b363dea5acfc4771e1c5e7e	SilencerCo Salvo 12 喉缩转接器	Salvo 12	SilencerCo Salvo 12 choke adapter	Salvo 12	1	1	mods
5b363e1b5acfc4771e1c5e80	SilencerCo Salvo12 铅径枪管螺纹转接器	Salvo 12	SilencerCo Salvo 12 thread adapter	Salvo 12	1	1	mods
5b39f8db5acfc40016387a1b	Vltor EMOD AR-15枪托	EMOD	AR-15 Vltor EMOD stock	EMOD	2	1	mods
5b39ffbd5acfc47a8773fb06	P226手指凹槽橡胶握把	Hogue P226	P226 Hogue Rubberized pistol grip	P226 Hogue	1	1	mods;pistolGrip
5b3a08b25acfc4001754880c	P226桥轨基座	P226桥轨	P226 Bridge sight mount	P226 Bridge	1	1	mods
5b3a16655acfc40016387a2a	Yankee Hill Annihilator 多口径消焰器	Annihilator	Yankee Hill Annihilator multi-caliber flash hider	Annihilator	1	1	mods
5b3a337e5acfc4704b4a19a0	Zenit Klesch-2U 战术手电	Klesch-2U	Zenit Klesch-2U tactical flashlight	Klesch-2U	1	1	mods
5b3b6dc75acfc47a8773fb1e	Armasight Vulcan 通用基座	Vulcan	Armasight Vulcan universal base	Vulcan	1	1	mods
5b3b6e495acfc4330140bd88	Armasight Vulcan MG 3.5x Bravo夜视瞄准镜	Vulcan MG 3.5x	Armasight Vulcan MG 3.5x Bravo night vision scope	Vulcan MG 3.5x	2	1	mods
5b3b713c5acfc4330140bd8d	托卡列夫 TT-33 7.62x25 黄金手枪	TT	Tokarev TT-33 7.62x25 TT pistol (Golden)	TT Gold	2	1	gun;wearable	Caliber762x25TT
5b3b99265acfc4704b4a1afb	Nightforce 30毫米瞄准镜基座环	NF 30毫米	Nightforce Magmount 30mm ring scope mount	NF 30mm	2	1	mods
5b3b99475acfc432ff4dcbee	EOTech Vudu 1-6x24 30 毫米 步枪瞄准镜	Vudu 1-6	EOTech Vudu 1-6x24 30mm riflescope	Vudu 1-6	2	1	mods
5b3baf8f5acfc40dc5296692	116毫米7.62x25 TT镀金枪管	116毫米镀金TT	TT 7.62x25 116mm gilded barrel	TT gilded	1	1	mods
5b3cadf35acfc400194776a0	TT 握把装饰侧片	TT饰片	TT ornated side grips	TT swag	1	1	mods;pistolGrip
5b3cbc235acfc4001863ac44	Armasight Vulcan MG瞄准镜眼罩	Vulcan MG眼罩	Armasight Vulcan MG scope eyecup	Vulcan MG	1	1	mods
5b3f16c486f7747c327f55f7	臂带（白）	臂带	Armband (White)	Armband	1	1	wearable
5b3f3ade86f7746b6b790d8e	臂带（红）	臂带	Armband (Red)	Armband	1	1	wearable
5b3f3af486f774679e752c1f	臂带（蓝）	臂带	Armband (Blue)	Armband	1	1	wearable
5b3f3b0186f774021a2afef7	臂带（绿）	袖标	Armband (Green)	Armband	1	1	wearable
5b3f3b0e86f7746752107cda	臂带（黄）	臂带	Armband (Yellow)	Armband	1	1	wearable
5b3f7bf05acfc433000ecf6b	Kochetov莫辛步枪基座	Kochetov基座	Mosin Rifle Kochetov mount	Kochetov	1	1	mods
5b3f7c005acfc4704b4a1de8	PU 3.5x环形基座	PU基环	PU 3.5x ring scope mount	PU rings	1	1	mods
5b3f7c1c5acfc40dc5296b1d	PU 3.5x步枪瞄准镜	PU 3.5x	PU 3.5x riflescope	PU 3.5x	1	1	mods
5b40e1525acfc4771e1c6611	HighCom Striker ULACH IIIA 头盔（黑色）	ULACH	HighCom Striker ULACH IIIA helmet (Black)	ULACH	2	2	helmet;wearable
5b40e2bc5acfc40016388216	HighCom Striker ULACH IIIA 头盔（沙漠黄）	ULACH	HighCom Striker ULACH IIIA helmet (Desert Tan)	ULACH	2	2	helmet;wearable
5b40e3f35acfc40016388218	HighCom Striker ACHHC IIIA 头盔（黑色）	ACHHC	HighCom Striker ACHHC IIIA helmet (Black)	ACHHC	2	2	helmet;wearable
5b40e4035acfc47a87740943	HighCom Striker ACHHC IIIA 头盔（橄榄绿）	ACHHC	HighCom Striker ACHHC IIIA helmet (Olive Drab)	ACHHC	2	2	helmet;wearable
5b40e5e25acfc4001a599bea	BEAR 棒球帽（黑色）	BEAR	BEAR baseball cap (Black)	BEAR	1	1	wearable
5b40e61f5acfc4001a599bec	USEC 棒球帽（黑色）	USEC	USEC baseball cap (Black)	USEC	1	1	wearable
5b4325355acfc40019478126	提花头巾（黄褐色）	提花头巾	Shemagh (Tan)	Shemagh	1	1	wearable
5b4326435acfc433000ed01d	氯丁橡胶面具	面具	Neoprene mask	Mask	1	1	wearable
5b43271c5acfc432ff4dce65	头巾	头巾	Bandana	Bandana	1	1	wearable
5b4327aa5acfc400175496e0	军用科技奔尼帽	奔尼帽	MIL-TEC boonie hat	Boonie	2	2	wearable
5b4329075acfc400153b78ff	绒球毛线帽	绒球帽	Pompon hat	Pompon	1	1	wearable
5b4329f05acfc47a86086aa1	DevTac 浪人面罩	浪人面罩	DevTac Ronin Respirator	Ronin Respirator	2	2	helmet;wearable
5b432b2f5acfc4771e1c6622	破碎面具	破碎面具	Shattered mask	Shattered	2	2	helmet;wearable
5b432b6c5acfc4001a599bf0	恐怖骷髅面具	骷髅	Deadly Skull mask	Deadly Skull	2	2	wearable
5b432b965acfc47a8774094e	GSSh-01有源耳机	GSSh-01	GSSh-01 active headset	GSSh-01	2	2	headphones;wearable
5b432be65acfc433000ed01f	6B34防破片护目镜	6B34	6B34 anti-fragmentation glasses	6B34	2	1	glasses;wearable
5b432c305acfc40019478128	GP-5防毒面具	GP-5	GP-5 gas mask	GP-5	2	2	wearable
5b432d215acfc4771e1c6624	LZSh 轻型头盔（橄榄绿）	LZSh	LShZ lightweight helmet (Olive Drab)	LShZ	2	2	helmet;wearable
5b432f3d5acfc4704b4a1dfb	Momex巴拉克拉瓦头套	Momex	Momex balaclava	Momex	1	1	wearable
5b4335ba86f7744d2837a264	医用输血工具	输血工具	Medical bloodset	Bloodset	1	1	barter
5b43575a86f77424f443fe62	燃油添加剂	燃油添加剂	Fuel conditioner	FCond	1	2	barter
5b4391a586f7745321235ab2	WIFI摄像头	摄像头	WI-FI Camera	Camera	1	1	barter;specialSlot
5b439b1f86f7744fd8059cbe	GLOCK 18C 9x19 冲锋手枪 默认	GLOCK18C 默认	Glock 18C 9x19 machine pistol Default	Glock 18C Default	2	1	preset
5b439b5686f77428bd137424	DS Arms SA-58 7.62x51 突击步枪 默认	SA-58 默认	DS Arms SA58 7.62x51 assault rifle Default	SA58 Default	4	2	preset
5b44abe986f774283e2e3512	托卡列夫 TT-33 7.62x25 黄金手枪 默认	TT 默认	Tokarev TT-33 7.62x25 TT pistol (Golden) Default	TT Gold Default	2	1	preset
5b44c6ae86f7742d1627baea	ANA Tactical Beta 2 战斗背包（橄榄绿）	Beta2	ANA Tactical Beta 2 Battle backpack (Olive Drab)	Beta 2	5	5	backpack;wearable
5b44c8ea86f7742d1627baf1	Blackhawk! Commando胸挂（Desert Tan）	Commando	BlackHawk! Commando chest harness (Desert Tan)	Commando	4	3	rig;wearable
5b44cad286f77402a54ae7e5	5.11 Tactical TacTec 插板胸挂（丛林绿）	TacTec	5.11 Tactical TacTec plate carrier (Ranger Green)	TacTec	4	4	armor;rig;wearable
5b44cd8b86f774503d30cba2	IOTV Gen4 防弹衣（全面防护型，复合迷彩）	Gen4全防护	IOTV Gen4 body armor (Full Protection Kit, MultiCam)	Gen4 Full	4	4	armor;wearable
5b44cf1486f77431723e3d05	IOTV Gen4 防弹衣（突击型，复合迷彩）	Gen4突击型	IOTV Gen4 body armor (Assault Kit, MultiCam)	Gen4 Assault	4	3	armor;wearable
5b44d0de86f774503d30cba8	IOTV Gen4 防弹衣（高机动型，复合迷彩）	Gen4高机动型	IOTV Gen4 body armor (High Mobility Kit, MultiCam)	Gen4 HMK	3	4	armor;wearable
5b44d22286f774172b0c9de8	BNTI Kirasa-N（胸甲-N）防弹衣	Kirasa-N	BNTI Kirasa-N body armor	Kirasa-N	3	3	armor;wearable
5b46238386f7741a693bcf9c	Kiver-M头盔面罩	Kiver面罩	Kiver-M face shield	Kiver FS	2	1	glasses;wearable
5b4736a986f774040571e998	TROY QARS 3.2 英寸导轨	QARS 3.2"	TROY QARS 3.2 inch rail	QARS 3.2"	1	1	mods
5b4736b986f77405cb415c10	TROY QARS 4.2 英寸导轨	QARS 4.2"	TROY QARS 4.2 inch rail	QARS 4.2"	1	1	mods
5b6d9ce188a4501afc1b2b25	THICC 武器箱	THICC	T H I C C Weapon case	T H I C C	5	2	container;markedOnly;noFlea
5b7be1125acfc4001876c0e5	16 英寸 SA-58 枪管 7.62x51	SA58 16"	SA58 7.62x51 16 inch barrel	SA58 16"	3	1	mods
5b7be1265acfc400161d0798	21 英寸 SA-58 枪管 7.62x51	SA58 21"	SA58 7.62x51 21 inch barrel	SA58 21"	4	1	mods
5b7be1ca5acfc400170e2d2f	DS Arms SA-58全尺寸四导轨护木	四轨	SA58 quad rail full length handguard	SA58 4Rail full	2	1	mods
5b7be2345acfc400196d524a	Aim Sport Keymod FAL通用护木	Keymod护木	SA58/FAL AIM Sports Universal KeyMod handguard	SA58 KeyMod	2	1	mods
5b7be4575acfc400161d0832	Vltor CASV 2英寸导轨	Vltor 2"	Vltor CASV 2 inch rail	Vltor 2"	1	1	mods
5b7be4645acfc400170e2dcc	Vltor CASV 4英寸导轨	Vltor 4"	Vltor CASV 4 inch rail	Vltor 4"	1	1	mods
5b7be46e5acfc400170e2dcf	Vltor CASV 5英寸导轨	Vltor 5"	Vltor CASV 5 inch rail	Vltor 5"	1	1	mods
5b7be47f5acfc400170e2dd2	Magpul M-LOK 2.5英寸导轨	M-LOK 2.5"	Magpul M-LOK 2.5 inch rail	M-LOK 2.5"	1	1	mods
5b7be4895acfc400170e2dd5	Magpul M-LOK 4.1英寸导轨	M-LOK 4.1"	Magpul M-LOK 4.1 inch rail	M-LOK 4.1"	1	1	mods
5b7bebc85acfc43bca706666	Aim Sport M-LOK FAL通用护木	M-LOK护木	SA58/FAL AIM Sports Universal M-LOK handguard	SA58 M-LOK	2	1	mods
5b7bed205acfc400161d08cc	原奥地利FAL护木	Fal护木	FAL original handguard	FAL	2	1	mods
5b7bedd75acfc43d825283f9	Vltor CASV FAL护木	CASV FAL护木	SA58/FAL Vltor CASV-FAL handguard	CASV-FAL	2	1	mods
5b7bee755acfc400196d5383	Vltor CASV FAS护木	CASV FAS护木	SA58/FAL Vltor CASV-FAS handguard	CASV-FAS	2	1	mods
5b7bef1e5acfc43d82528402	SA-58/FAL 7.62x51 10发弹匣	SA58/FAL	SA58/FAL 7.62x51 10-round magazine	SA58/FAL	1	1	mods
5b7bef5d5acfc43bca7067a3	SA-58/FAL 7.62x51 30发弹匣	SA58/FAL	SA58/FAL 7.62x51 30-round magazine	SA58/FAL	1	2	mods
5b7bef9c5acfc43d102852ec	X Products 7.62x51 SA58/FAL X-FAL 50发弹匣	X-FAL	SA58/FAL 7.62x51 X Products X-FAL 50-round drum magazine	X-FAL	1	2	mods
5b7c2d1d5acfc43d1028532a	SA-58/FAL 7.62x51 MMW 20发聚合物弹匣	SA58 MMW	SA58/FAL 7.62x51 MMW polymer 20-round magazine	SA58 MMW	1	2	mods
5b7c710788a4506dec015957	幸运Scav垃圾箱	幸运Scav垃圾箱	Lucky Scav Junk box	Junk	4	4	container;markedOnly;noFlea
5b7d37845acfc400170e2f87	SA-58/FAL/SLR 7.62x51 30发弹匣	SLR	SA58/FAL/SLR 7.62x51 30-round magazine	L1A1	1	2	mods
5b7d63b75acfc400170e2f8a	Magpul PRS 2 SA58/FAL 聚合物枪托	PRS 2 FAL	SA58/FAL Magpul PRS 2 polymer stock	SA58/FAL PRS2	2	1	mods
5b7d63cf5acfc4001876c8df	DSA SA-58折叠枪托	SA-58折叠式	SA58 folding stock	SA58 folding	2	1	mods
5b7d63de5acfc400170e2f8d	DSA SPR SA-58枪托	SA-58 SPR枪托	SA58 SPR stock	SA58 SPR	2	1	mods
5b7d64555acfc4001876c8e2	DSA BRS SA-58枪托	SA-58 BRS枪托	SA58 BRS stock	SA58 BRS	2	1	mods
5b7d645e5acfc400170e2f90	DSA “驼背” SA-58聚合物枪托	SA-58“驼背”	SA58 humpback polymer stock	SA58 Hump	2	1	mods
5b7d671b5acfc43d82528ddd	DSA FAL比利时型护木	Fal比利时型	SA58/FAL Belgian Style handguard	FAL BEL	2	1	mods
5b7d678a5acfc4001a5c4022	DS Arms SA-58标准手枪式握把	DS SA-58	SA58 pistol grip	SA58	1	1	mods;pistolGrip
5b7d679f5acfc4001a5c4024	Fab AG FAL SA-58手枪式握把	AG FAL	SA58 FAB Defense AG-FAL pistol grip	AG-FAL	1	1	mods;pistolGrip
5b7d68af5acfc400170e30c3	SA-58 奥地利型 7.62x51 膛口制退器	奥地利型	SA58 Austrian Style 7.62x51 muzzle brake	SA58 AUT	1	1	mods
5b7d693d5acfc43bca706a3d	2A Armanent X3 7.62x51 AR-10 补偿器	2A X3	AR-10 2A Armanent X3 7.62x51 compensator	X3 762	1	1	mods
5b7d6c105acfc40015109a5f	FAL标准防尘盖	FAL防尘	FAL standard dust cover	FAL	2	1	mods
5b800e9286f7747a8b04f3ff	Hexagon AK 管状护木	Hexagon AK	AK Hexagon tubular handguard	Hexagon AK	2	1	mods
5b800ebc86f774394e230a90	Hexagon中长度导轨	Hexagon中	Hexagon medium length rail	Hex med	1	1	mods
5b800ed086f7747baf6e2f9e	Hexagon短长度导轨	Hex.	Hexagon short length rail	Hex short	1	1	mods
5b80242286f77429445e0b47	Hexagon AK 管状护木（电镀红）	Hexagon AK	AK Hexagon tubular handguard (Anodized Red)	Hexagon AK	2	1	mods
5b83f22086f77464e15a1d5f	DS Arms SA-58 7.62x51 突击步枪 AUT	SA-58 AUT	DS Arms SA58 7.62x51 assault rifle AUT	SA58 AUT	6	2	preset
5b83f23a86f7746d3d190a73	DS Arms SA-58 7.62x51 突击步枪 BEL	SA-58 BEL	DS Arms SA58 7.62x51 assault rifle BEL	SA58 BEL	6	2	preset
5b83f29886f7746d956305a1	DS Arms SA-58 7.62x51 突击步枪 PBR	SA-58 PBR	DS Arms SA58 7.62x51 assault rifle PBR	SA58 PBR	7	2	preset
5b84038986f774774913b0c1	Hexagon 短长度导轨（电镀红）	Hex.	Hexagon short length rail (Anodized Red)	Hex short	1	1	mods
5b8403a086f7747ff856f4e2	Hexagon 中长度导轨（电镀红）	Hex.	Hexagon medium length rail (Anodized Red)	Hex med	1	1	mods
5b8683a486f77467f2423114	莫辛-纳甘 7.62x54R 栓动式步枪（狙击型） 默认	莫辛狙击型 默认	Mosin 7.62x54R bolt-action rifle (Sniper) Default	Mosin Sniper Default	6	1	preset
5b86a0e586f7745b600ccb23	Bramit莫辛步枪消音器	Bramit	Mosin Rifle Bramit 7.62x54R sound suppressor	Bramit	2	1	mods;suppressor
5ba26383d4351e00334c93d9	HK MP7A1 4.6x30 冲锋枪	MP7A1	HK MP7A1 4.6x30 submachine gun	MP7A1	2	1	gun;wearable	Caliber46x30
5ba264f6d4351e0034777d52	HK MP7 4.6x30 20发弹匣	MP7 20	HK MP7 4.6x30 20-round magazine	MP7	1	1	mods
5ba2657ed4351e0035628ff2	HK MP7 4.6x30 30发弹匣	MP7 30	HK MP7 4.6x30 30-round magazine	MP7	1	2	mods
5ba26586d4351e44f824b340	HK MP7 4.6x30 40发弹匣	MP7 40	HK MP7 4.6x30 40-round magazine	MP7	1	2	mods
5ba2678ad4351e44f824b344	4.6x30毫米 FMJ SX	FMJ SX	4.6x30mm FMJ SX	FMJ SX	1	1	ammo;noFlea	Caliber46x30
5ba26812d4351e003201fef1	4.6x30毫米 Action SX	Action SX	4.6x30mm Action SX	Action SX	1	1	ammo;noFlea	Caliber46x30
5ba26835d4351e0035628ff5	4.6x30毫米 AP SX	AP SX	4.6x30mm AP SX	AP SX	1	1	ammo;noFlea	Caliber46x30
5ba26844d4351e00334c9475	4.6x30毫米 Subsonic SX	Subsonic SX	4.6x30mm Subsonic SX	Subsonic SX	1	1	ammo;noFlea	Caliber46x30
5ba26acdd4351e003562908e	HK MP7A1 4.6x30 消焰器	MP7A1	HK MP7A1 4.6x30 flash hider	MP7A1	1	1	mods
5ba26ae8d4351e00367f9bdb	B&T Rotex 2 4.6x30 MP7 消音器	Rotex 2	HK MP7 B&T Rotex 2 4.6x30 sound suppressor	Rotex 2	2	1	mods;suppressor
5ba26b01d4351e0085325a51	HK MP7 折叠式准星	MP7准星	HK MP7 flip-up front sight	MP7 FS	1	1	mods
5ba26b17d4351e00367f9bdd	HK MP7 折叠式照门	MP7照门	HK MP7 flip-up rear sight	MP7 RS	1	1	mods
5ba36f85d4351e0085325c81	NSPU-M瞄准镜眼罩	NSPU-M眼罩	NSPU-M scope eyecup	NSPU-M cup	1	1	mods
5ba3a078d4351e00334c96ca	AKM 7.62x39 突击步枪 (AKMB)	AKM (AKMB)	Kalashnikov AKM 7.62x39 assault rifle (AKMB)	AKM (AKMB)	6	2	preset
5ba3a14cd4351e003202017f	AKMS 7.62x39 突击步枪 (AKMSB 6P4M)	AKMS (AKMSB 6P4M)	Kalashnikov AKMS 7.62x39 assault rifle (AKMSB 6P4M)	AKMS (AKMSB 6P4M)	6	2	preset
5ba3a3dfd4351e0032020190	AKM 7.62x39 突击步枪 (AKMP)	AKM (AKMP)	Kalashnikov AKM 7.62x39 assault rifle (AKMP)	AKM (AKMP)	5	2	preset
5ba3a449d4351e0034778243	AKMS 7.62x39 突击步枪 (AKMSP)	AKMS (AKMSP)	Kalashnikov AKMS 7.62x39 assault rifle (AKMSP)	AKMS (AKMSP)	5	2	preset
5ba3a4d1d4351e4502010622	AKMN 7.62x39 突击步枪 (AKMN2 6P1N2)	AKMN (AKMN2 6P1N2)	Kalashnikov AKMN 7.62x39 assault rifle (AKMN2 6P1N2)	AKMN (AKMN2 6P1N2)	5	3	preset
5ba3a53dd4351e3bac12056e	AKMSN 7.62x39 突击步枪 (AKMSN2 6P4N2)	AKMSN (AKMSN2 6P4N2)	Kalashnikov AKMSN 7.62x39 assault rifle (AKMSN2 6P4N2)	AKMSN (AKMSN2 6P4N2)	5	3	preset
5bae13bad4351e00320204af	ProMag Archangel OPFOR PRS 莫辛步枪枪身	Archangel OPFOR PRS	Mosin Rifle ProMag Archangel OPFOR PRS chassis	Archangel Mosin	4	1	mods
5bae13ded4351e44f824bf38	7.62x54r ProMag OPFOR Archangel套件10发莫辛步枪弹匣	AA762R 02	Mosin Rifle 7.62x54R ProMag Archangel OPFOR 10-round magazine	AA762R 02	1	1	mods
5bb20d53d4351e4502010a69	HK 416A5 5.56x45 上机匣	416A5	HK 416A5 5.56x45 upper receiver	416A5	2	1	mods
5bb20d92d4351e00853263eb	11 英寸 HK416 枪管 5.56x45	416 11"	HK 416 5.56x45 11 inch barrel	416 11"	2	1	mods
5bb20d9cd4351e00334c9d8a	14.5 英寸 HK416 附折叠式准星枪管 5.56x45	416 14.5"	HK 416 5.56x45 14.5 inch barrel with flip-up front sight	416 14.5"	3	1	mods
5bb20da5d4351e0035629dbf	16.5 英寸 HK416 附折叠式准星枪管 5.56x45	416 16.5"	HK 416 5.56x45 16.5 inch barrel with flip-up front sight	416 16.5"	3	1	mods
5bb20dadd4351e00367faeff	20 英寸 HK416 附折叠式准星枪管 5.56x45	416 20"	HK 416 5.56x45 20 inch barrel with flip-up front sight	416 20"	4	1	mods
5bb20dbcd4351e44f824c04e	HK 加长卡笋 AR-15 拉机柄	加长掣子销	AR-15 HK Extended Latch charging handle	Ext. Latch	1	1	mods
5bb20dcad4351e3bac1212da	HK 416A5 低轮廓导气箍	416A5	HK 416A5 low profile gas block	416A5	1	1	mods
5bb20de5d4351e0035629e59	HK 416 四面导轨护木	四轨	HK 416 Quad Rail handguard	416 4Rail	2	1	mods
5bb20df1d4351e00347787d5	HK 416 四面导轨折叠准星护木	四轨准星	HK 416 Quad Rail handguard with flip-up front sight	416 4Rail FS	2	1	mods
5bb20dfcd4351e00334c9e24	HK 416 加长四面导轨护木	加长四轨	HK 416 Quad Rail Extended handguard	416 4Rail ext.	3	1	mods
5bb20e0ed4351e3bac1212dc	HK Battle Grip“海狸尾”AR-15 手枪式握把	Battle Grip	AR-15 HK Battle Grip Beavertail pistol grip	Battle Grip	1	1	mods;pistolGrip
5bb20e18d4351e00320205d5	HK Battle Grip AR-15 手枪式握把	Battle Grip	AR-15 HK Battle Grip pistol grip	Battle Grip	1	1	mods;pistolGrip
5bb20e49d4351e3bac1212de	HK 416A5可折叠照门	416A5照门	HK 416A5 flip-up rear sight	416A5 RS	1	1	mods
5bb20e58d4351e00320205d7	HK 416 Enhanced 缓冲管	Enhanced	HK 416 Enhanced Buffer Tube	Enhanced Tube	2	1	mods
5bb20e70d4351e0035629f8f	HK Slim Line AR-15 枪托	Slim Line	AR-15 HK Slim Line buttstock	Slim Line	2	1	mods
5bb2475ed4351e00853264e3	HK 416A5 5.56x45 突击步枪	HK 416A5	HK 416A5 5.56x45 assault rifle	HK 416A5	1	1	gun;wearable	Caliber556x45NATO
5bbdb811d4351e45020113c7	Aim Sports “三轨” 莫辛步枪导轨	三轨	Mosin Rifle AIM Sports Tri-Rail mount	Mosin 3Rail	2	1	mods
5bbdb83fd4351e44f824c44b	莫辛步枪Tacfire坦克手型7.62x54R膛口制退器	坦克手	Mosin Rifle Tacfire Tanker Style 7.62x54R muzzle brake	Mosin Tanker	1	1	mods
5bbdb870d4351e00367fb67d	ATI Monte Carlo莫辛步枪枪托	Monte Carlo	Mosin Rifle ATI Monte Carlo stock	Mosin MC	4	1	mods
5bbdb8bdd4351e4502011460	Odin Works ATLAS-7 7.62x51 AR-10 膛口制退器	ATLAS-7	AR-10 Odin Works ATLAS-7 7.62x51 muzzle brake	ATLAS-7	1	1	mods
5bbde409d4351e003562b036	Aim Sports莫辛步枪后座力缓冲垫	缓冲垫	Mosin Rifle AIM Sports Recoil Pad	Mosin RPad	1	1	mods
5bbde41ed4351e003562b038	Tacfire莫辛步枪手枪式握把	PGMN	Mosin Rifle Tacfire pistol grip	Mosin	1	1	mods;pistolGrip
5bbf1c1c88a45017144d28c5	AK-74M 5.45x39 突击步枪 Zenitco	AK-74M Zenitco	Kalashnikov AK-74M 5.45x39 assault rifle Zenitco	AK-74M Zenitco	5	2	preset
5bbf1c5a88a45017bb03d7aa	柯尔特 M4A1 5.56x45 卡宾枪 LVOA	M4A1 LVOA	Colt M4A1 5.56x45 assault rifle LVOA	M4A1 LVOA	5	2	preset
5bc09a18d4351e003562b68e	Magpul MBUS Gen.2 翻转式照门	MBUS照门	Magpul MBUS Gen2 flip-up rear sight	MBUS RS	1	1	mods
5bc09a30d4351e00367fb7c8	Magpul MBUS Gen.2 翻转式准星	MBUS准星	Magpul MBUS Gen2 flip-up front sight	MBUS FS	1	1	mods
5bc5a351d4351e003477a414	莫辛步枪Texas Precision Products 7.62x54R制退器	TPP	Mosin Rifle Texas Precision Products 7.62x54R muzzle brake	Mosin TPP	1	1	mods
5bc5a35cd4351e450201232f	莫辛步枪Witt Machine 7.62x54R膛口制退器	Witt	Mosin Rifle Witt Machine 7.62x54R muzzle brake	Mosin WM	1	1	mods
5bc5a372d4351e44f824d17f	Aim Sports莫辛步枪MNG导轨	MNG	Mosin Rifle AIM Sports MNG rail mount	Mosin MNG	1	1	mods
5bc9b156d4351e00367fbce9	DevilDog蛋黄酱	蛋黄酱	Jar of DevilDog mayo	Mayo	1	1	provisions
5bc9b355d4351e6d1509862a	#FireKlean牌枪润滑油	#FireKlean	#FireKlean gun lube	#FireKlean	1	1	barter
5bc9b720d4351e450201234b	金色1GPhone	1GPhone	Golden 1GPhone smartphone	1GPhone	1	1	barter
5bc9b9ecd4351e3bac122519	Deadlyslob的胡须油	胡须油	Deadlyslob's beard oil	BeardOil	1	1	barter
5bc9bc53d4351e00367fbcee	金公鸡塑像	金鸡	Golden rooster figurine	Rooster	2	2	barter
5bc9bdb8d4351e003562b8a1	银徽章	徽章	Silver Badge	Badge	1	1	barter
5bc9be8fd4351e00334cae6e	42 Signature Blend英式茶	42	42 Signature Blend English Tea	42	1	1	barter
5bc9c049d4351e44f824d360	破旧的古董书	书	Battered antique book	Book	1	2	barter
5bc9c1e2d4351e00367fbcf0	古董斧头	斧	Antique axe	Axe	1	2	wearable
5bc9c29cd4351e003562b8a3	西鲱鱼罐头	西鲱鱼	Can of sprats	Sprats	1	1	provisions
5bc9c377d4351e3bac12251b	古董火镰	火镰	Old firesteel	Firesteel	1	1	barter
5bcf0213d4351e0085327c17	HK MP7A1标准枪托	A1枪托	HK MP7A1 stock	A1	2	1	mods
5bd056fa86f7743aba7658cd	HK MP7A1 4.6x30 冲锋枪 默认	MP7A1 默认	HK MP7A1 4.6x30 submachine gun Default	MP7A1 Default	3	1	preset
5bd05f1186f774572f181678	HK MP7A1 4.6x30 冲锋枪 SEALS	MP7A1 SEALS	HK MP7A1 4.6x30 submachine gun SEALS	MP7A1 SEALS	4	2	preset
5bd06f5d86f77427101ad47c	瘦长鬼面具	面具	Slender mask	Mask	2	2	wearable
5bd0716d86f774171822ef4b	Misha Mayorov的面具	面具	Misha Mayorov mask	Mask	2	2	wearable
5bd071d786f7747e707b93a3	杰森面具	面具	Jason mask	Mask	2	2	wearable
5bd073a586f7747e6f135799	假胡子	胡子	Fake mustache	Mustache	1	1	wearable
5bd073c986f7747f627e796c	Kotton无檐小便帽	Kotton	Kotton beanie	Kotton	1	1	wearable
5bd70322209c4d00d7167b8f	HK MP7A2 4.6x30 冲锋枪	MP7A2	HK MP7A2 4.6x30 submachine gun	MP7A2	2	1	gun;wearable	Caliber46x30
5bd704e7209c4d00d7167c31	HK MP7A2标准枪托	A2枪托	HK MP7A2 stock	A2	2	1	mods
5bdb3ac186f77405f232ad22	HK MP7A2 4.6x30 冲锋枪 默认	MP7A2 默认	HK MP7A2 4.6x30 submachine gun Default	MP7A2 Default	3	1	preset
5be4038986f774527d3fae60	立交桥纸地图	立交桥	Interchange plan map	Interchange	1	1	barter;specialSlot
5bead2e00db834001c062938	MPL-50挖掘工具	MPL-50	MPL-50 entrenching tool	MPL-50	1	3	wearable
5bed61680db834001d2c45ab	AK-12 5.45x39 30发弹匣	AK-12	AK-12 5.45x39 30-round magazine	AK-12	1	2	mods
5bed625c0db834001c062946	RPK-16 5.45x39 95发弹鼓	RPK-16弹鼓	RPK-16 5.45x39 95-round drum magazine	RPK-16 drum	2	2	mods
5beec1bd0db834001e6006f3	15 英寸 RPK-16 枪管 5.45x39	RPK-16 15"	RPK-16 5.45x39 15 inch barrel	RPK-16 15"	2	1	mods
5beec2820db834001b095426	22 英寸 RPK-16 枪管 5.45x39	RPK-16 22"	RPK-16 5.45x39 22 inch barrel	RPK-16 22"	3	1	mods
5beec3420db834001b095429	RPK-16 5.45x39 膛口制退器	RPK-16 MB	RPK-16 5.45x39 muzzle brake	RPK-16	1	1	mods
5beec3e30db8340019619424	RPK-16 护木	RPK-16	RPK-16 handguard	RPK-16	2	1	mods
5beec8b20db834001961942a	RPK-16 缓冲管	RPK-16	RPK-16 buffer tube	RPK-16 tube	2	1	mods
5beec8c20db834001d2c465c	AK-12 枪托	AK-12	AK-12 stock	AK-12	2	1	mods
5beec8ea0db834001a6f9dbf	AK-12 手枪式握把	AK-12	AK-12 pistol grip	AK-12	1	1	mods;pistolGrip
5beec91a0db834001961942d	RPK-16 防尘盖	RPK-16	RPK-16 dust cover	RPK-16	2	1	mods
5beec9450db83400970084fd	RPK-16 照门基座	RPK-16基座	RPK-16 rear sight base	RPK16 RSB	1	1	mods
5beecbb80db834001d2c465e	AK-12 护木导轨	AK-12导轨	AK-12 handguard type rail	AK-12 rail	1	1	mods
5beed0f50db834001c062b12	RPK-16 5.45x39 轻机枪	RPK-16	RPK-16 5.45x39 light machine gun	RPK-16	2	1	gun;wearable	Caliber545x39
5bf3e03b0db834001d2c4a9c	AK-74 5.45x39 突击步枪	AK-74	Kalashnikov AK-74 5.45x39 assault rifle	AK-74	4	1	gun;wearable	Caliber545x39
5bf3e0490db83400196199af	AKS-74 5.45x39 突击步枪	AKS-74	Kalashnikov AKS-74 5.45x39 assault rifle	AKS-74	4	1	gun;wearable	Caliber545x39
5bf3f59f0db834001a6fa060	RPK-16 照门	RPK-16照门	RPK-16 rear sight	RPK-16 RS	1	1	mods
5bfd297f0db834001a669119	莫辛-纳甘 7.62x54R 栓动式步枪（步兵型）	莫辛步兵型	Mosin 7.62x54R bolt-action rifle (Infantry)	Mosin Infantry	1	1	gun;wearable	Caliber762x54R
5bfd35380db83400232fe5cc	步兵式莫辛步枪枪托	步兵式莫辛枪托	Mosin Rifle Infantry stock	Mosin inf. stock	4	1	mods
5bfd36290db834001966869a	锯短式莫辛狙击枪枪托	锯短莫辛狙击枪托	Mosin Rifle sawed-off sniper stock	Mosin sawed-off sniper	2	1	mods
5bfd36ad0db834001c38ef66	锯短式莫辛标准步枪枪托	锯短莫辛枪托	Mosin Rifle sawed-off stock	Mosin sawed-off	2	1	mods
5bfd37c80db834001d23e842	莫辛步枪狙击型卡宾枪托	莫辛狙击型卡宾枪托	Mosin Rifle sniper carbine stock	Mosin sniper carbine	3	1	mods
5bfd384c0db834001a6691d3	莫辛卡宾式枪托	莫辛卡宾式枪托	Mosin Rifle carbine stock	Mosin carbine	3	1	mods
5bfd4c980db834001b73449d	莫辛卡宾枪照门	莫辛照门	Mosin Rifle carbine rear sight	Mosin RS	1	1	mods
5bfd4cbe0db834001b73449f	514毫米莫辛卡宾枪标准枪管	莫辛514mm	Mosin Carbine 7.62x54R 514mm barrel	Mosin 514mm	3	1	mods
5bfd4cc90db834001d23e846	莫辛纳甘 200 毫米锯短枪管 7.62x54R	莫辛200mm	Mosin Rifle 7.62x54R sawed-off 200mm barrel	Mosin 200mm	2	1	mods
5bfd4cd60db834001c38f095	莫辛纳甘 220 毫米锯短螺纹枪管 7.62x54R	莫辛220mm螺纹	Mosin Rifle 7.62x54R sawed-off 220mm threaded barrel	Mosin 220mm	2	1	mods
5bfe7fb30db8340018089fed	Tactica Tula 12003 MP-133/153枪托转接器	12003	MP-133/153 Taktika Tula 12003 stock adapter	133/153 12003	1	1	mods
5bfe86a20db834001d23e8f7	Fab Defence AGR-870 雷明顿-870手枪式握把	AGR-870	M870 FAB Defense AGR-870 pistol grip	AGR-870	1	1	mods;pistolGrip
5bfe86bd0db83400232fe959	FAB Defense AGR-870 保护盖	AGR-870护盖	FAB Defense protection cap for AGR-870	AGR-870 cap	1	1	mods
5bfe86df0db834001b734685	FAB Defense GLR-16-S AR-15 枪托	GLR-16-S	AR-15 FAB Defense GLR-16-S stock	GLR-16-S	2	1	mods
5bfe89510db834001808a127	Fab Defence AGR-870缓冲管	AGR-870缓冲管	FAB Defense buffer tube for AGR-870	AGR-870 tube	2	1	mods
5bfea6e90db834001b7347f3	雷明顿Model 700 7.62x51 狙击步枪	M700	Remington Model 700 7.62x51 bolt-action sniper rifle	M700	1	1	gun;wearable	Caliber762x51
5bfea7ad0db834001c38f1ee	M700 7.62x51 Wyatt's Outdoor 5发容量弹匣	Wyatt 5发	M700 7.62x51 Wyatt's Outdoor 5-round magazine	Wyatt	1	1	mods
5bfeaa0f0db834001b734927	M700 7.62x51 Wyatt's Outdoor 10发容量弹匣	Wyatt 10发	M700 7.62x51 Wyatt's Outdoor 10-round magazine	Wyatt	1	2	mods
5bfeb32b0db834001a6694d9	M700 Hogue Overmolded Ghillie枪托	Overmolded ghillie	M700 Hogue Overmolded Ghillie stock	Overmolded Ghillie	3	1	mods
5bfebc250db834001a6694e1	26 英寸 M700 枪管 7.62x51	M700 26"	M700 7.62x51 26 inch barrel	M700 26"	4	1	mods
5bfebc320db8340019668d79	20 英寸 M700 螺纹枪管 7.62x51	M700 20"	M700 7.62x51 20 inch threaded barrel	M700 20"	3	1	mods
5bfebc530db834001d23eb65	M700多插槽拓展Weaver导轨	多插槽	M700 extended multi-slot Weaver rail base	M700 Multi-slot	2	1	mods
5bfebc5e0db834001a6694e5	M700 30毫米瞄具基座环	Rem. integr.	M700 30mm integral ring scope mount	M700 30mm	2	1	mods
5bffcf7a0db83400232fea79	PM-Laser TT-206 激光模块握把侧片	TT-206	TT PM-Laser TT-206 side grips with laser sight	TT-206	1	1	mods;pistolGrip
5bffd7ed0db834001d23ebf9	PM-Laser DTK-TT TT 手枪制退器	DTK-TT	TT PM-Laser DTK-TT muzzle brake	DTK-TT	1	1	mods
5bffdc370db834001d23eca8	6Kh5 刺刀	6Kh5	6Kh5 Bayonet	6Kh5	2	1	wearable
5bffdd7e0db834001b734a1a	Miller Bros. Blades M-2 战术剑	M-2	Miller Bros. Blades M-2 Tactical Sword	M-2	1	3	wearable
5bffe7930db834001b734a39	冲击斧	SCA	Crash Axe	SCA	1	3	wearable
5bffe7c50db834001d23ece1	P226 Axelson Mk.25战术手枪套筒	Axelson	P226 Axelson Tactical MK25 pistol slide	P226 Axelson	2	1	mods
5bffec120db834001c38f5fa	P226 Axelson Tactical MK25手枪式握把	Axelson P226	P226 Axelson Tactical MK25 pistol grip	P226 Axelson	1	1	mods;pistolGrip
5bffef760db8340019668fe4	Hogue Chain Link P226手枪握把	Mascus P226	P226 Hogue G10 Chain Link pistol grip	P226 CL	1	1	mods;pistolGrip
5c0000c00db834001a6697fc	HK MP5 海军型样式三叉消音器转接器	MP5三叉	HK MP5 Navy Style 3-lug suppressor adapter	MP5 Navy 3Lug	1	1	mods
5c0006470db834001a6697fe	西格-绍尔P226 Emperor Scorpion手枪握把	Scorpion P226	P226 Emperor Scorpion pistol grip	P226 Scorpion	1	1	mods;pistolGrip
5c00076d0db834001d23ee1f	P226 Stainless Elite 木制握把贴片	Stainless Elite	P226 Stainless Elite Wooden pistol grip	P226 Elite	1	1	mods;pistolGrip
5c0009510db834001966907f	P226 Stainless Elite 手枪套筒	Stainless Elite	P226 Stainless Elite pistol slide	P226 Elite	2	1	mods
5c0102aa0db834001b734ba1	雷明顿RAHG 2英寸导轨	RAHG 2"	Remington RAHG 2 inch rail	RAHG 2"	1	1	mods
5c0102b20db834001d23eebc	雷明顿RAHG 4英寸导轨	RAHG 4"	Remington RAHG 4 inch rail	RAHG 4"	1	1	mods
5c010a700db834001d23ef5d	P226 Sig Emperor Scorpion手枪套筒	Scorpion P226	P226 Emperor Scorpion pistol slide	P226 Scorpion	2	1	mods
5c010e350db83400232feec7	SP-8生存砍刀	SP-8	SP-8 Survival Machete	SP-8	1	3	wearable
5c0111ab0db834001966914d	ME Cylinder 12铅径膛口转接器	Cylinder	ME Cylinder 12ga muzzle adapter	Cylinder 12ga	1	1	mods
5c0125fc0db834001a669aa3	P226 Sig Legion全尺寸手枪套筒	Legion P226	P226 Legion full size pistol slide	P226 Legion	2	1	mods
5c0126f40db834002a125382	Red Rebel冰镐	RedRebel	Red Rebel ice pick	RedRebel	1	3	wearable
5c012ffc0db834001d23f03f	野营斧	营斧	Camper axe	Camper	1	3	wearable
5c0505e00db834001b735073	Valday PK-120 (1P87) 反射式瞄具	1P87	Valday PK-120 (1P87) reflex sight	PK-120	1	1	mods
5c0517910db83400232ffee5	Valday PS-320 1x/6x瞄准镜	PS320 1/6x	Valday PS-320 1/6x scope	PS-320	2	1	mods
5c05293e0db83400232fff80	Trijicon ACOG TA01NSN 4x32 瞄准镜 (黑色)	TA01NSN	Trijicon ACOG TA01NSN 4x32 scope (Black)	TA01NSN	2	1	mods
5c05295e0db834001a66acbb	Trijicon ACOG备用照门	Trij.备瞄	Trijicon ACOG backup rear sight	ACOG	1	1	mods
5c052a900db834001a66acbd	Trijicon ACOG TA01NSN 4x32 瞄准镜（黄褐色）	TA01NSN	Trijicon ACOG TA01NSN 4x32 scope (Tan)	TA01NSN	2	1	mods
5c052e6986f7746b207bc3c9	便携式除颤器	除颤器	Portable defibrillator	Defib	1	1	barter
5c052f6886f7746b1e3db148	军用COFDM无线信号发射器	SG-C10	Military COFDM Wireless Signal Transmitter	SG-C10	2	1	barter
5c052fb986f7746b2101e909	UHF RFID固定式读取器	RFIDR	UHF RFID Reader	RFIDR	1	1	barter
5c05300686f7746dce784e5d	VPX闪存模块	VPX	VPX Flash Storage Module	VPX	1	1	barter
5c05308086f7746b2101e90b	Virtex可编程处理器	Virtex	Virtex programmable processor	Virtex	1	1	barter
5c0530ee86f774697952d952	LEDX皮肤透照仪	LEDX	LEDX Skin Transilluminator	LEDX	1	1	barter
5c05413a0db834001c390617	HK 钢制防水腐蚀 5.56x45 STANAG 30发弹匣	HK钢制	AR-15 5.56x45 HK Steel Maritime STANAG 30-round magazine	HK Steel	1	2	mods
5c0548ae0db834001966a3c2	Circle 10 5.56x45 SLR-106/AK 30发弹匣	CWP	SLR-106/AK 5.56x45 Circle 10 30-round magazine	C-10 AK	1	2	mods
5c0558060db834001b735271	L3Harris GPNVG-18 夜视仪	GPNVG-18	L3Harris GPNVG-18 night vision goggles	GPNVG-18	2	1	mods;noFlea;wearable
5c064c400db834001d23f468	La Rue Tactical QD LT-101皮卡汀尼立管导轨基座	QD LT-101	LaRue LT101 QD Tactical Picatinny Riser mount	QD LT101	1	1	mods
5c06595c0db834001a66af6c	L3Harris LA-5B 战术设备	LA-5B	L3Harris LA-5B/PEQ tactical device	LA-5B/PEQ	1	1	mods
5c066e3a0db834001b7353f0	Armasight N-15夜视仪	N-15	Armasight N-15 night vision goggles	N-15	2	1	mods;wearable
5c066ef40db834001966a595	Armasight夜视镜头罩基座	夜视镜头罩	Armasight NVG head strap	NVG strap	2	2	wearable
5c0672ed0db834001b7353f3	PUFGUN SG-919 30 9x19 30发PP-19-01弹匣	SG-919 30	PP-19-01 Vityaz 9x19 PUFGUN SG-919 30 30-round magazine	SG-919	1	2	mods
5c0673fb0db8340023300271	PUFGUN SG-919 30 9x19 20发PP-19-01弹匣	SG-919 20	PP-19-01 Vityaz 9x19 PUFGUN SG-919 20 20-round magazine	SG-919	1	2	mods
5c06779c86f77426e00dd782	电线	电线	Bundle of wires	Wires	1	1	barter
5c06782b86f77426df5407d2	电容	电容	Capacitors	Caps	1	1	barter
5c0684e50db834002a12585a	仿制版Hogue TT橡胶握把	仿版Hogue	TT Hogue-like rubber grip	Hogue-like	1	1	mods;pistolGrip
5c0695860db834001b735461	PNV-10T燕尾槽转接器	10T转接器	PNV-10T dovetail adapter	10T adpt	1	1	mods
5c0696830db834001d23f5da	PNV-10T夜视仪	PNV-10T	PNV-10T night vision goggles	PNV-10T	2	1	mods;wearable
5c06c6a80db834001b735491	SSh-68钢盔（橄榄绿）	SSh-68	SSh-68 steel helmet (Olive Drab)	SSh-68	2	2	helmet;wearable
5c079ec50db834001966a706	Razor Arms TT橡胶握把	Razor A. TT	TT Razor Arms rubber grip	TT RazorA	1	1	mods;pistolGrip
5c079ed60db834001a66b372	DLP “战术精密” TT手枪LAM模块	Precision	TT DLP Tactical Precision Laser Sight	TT PLS	1	1	mods
5c07a8770db8340023300450	Noveske Gen.3 5.56x45 AR-15 上机匣	Gen.3	AR-15 Noveske Gen.3 5.56x45 upper receiver	Gen.3	2	1	mods
5c07b36c0db834002a1259e9	Meprolight “Tru Dot Night Sight” P226准星	TDNS准星	P226 Meprolight TRU-DOT Night front sight	P226 TD FS	1	1	mods
5c07b3850db834002330045b	Meprolight “Tru Dot Night Sight” P226照门	TDNS照门	P226 Meprolight TRU-DOT Night rear sight	P226 TD RS	1	1	mods
5c07c5ed0db834001b73571c	HK MP5 诺维斯克型 9x19 膛口制退器	诺维斯克	HK MP5 Noveske-style 9x19 muzzle brake	MP5 Noveske	1	1	mods
5c07c60e0db834002330051f	ADAR 2-15 .223 卡宾枪	ADAR 2-15	ADAR 2-15 5.56x45 carbine	ADAR 2-15	1	1	gun;wearable	Caliber556x45NATO
5c07c9660db834001a66b588	HK MP5机匣尾盖	尾盖	HK MP5 End Cap stock	EndCap	1	1	mods
5c07dd120db834001c39092d	EOTech HHS-1 复合瞄具	HHS-1	EOTech HHS-1 hybrid sight	HHS-1	2	1	mods
5c07df7f0db834001b73588a	Freeman撬棍	撬棍	Freeman crowbar	Crowbar	1	3	wearable
5c08f87c0db8340019124324	SHPM消防盔	SHPM	ShPM Firefighter helmet	ShPM	2	2	helmet;wearable
5c0919b50db834001b7ce3b9	Maska-1SCh 面罩（橄榄绿）	1Sch面罩	Maska-1SCh face shield (Olive Drab)	1SCh FS	2	1	glasses;noFlea;wearable
5c091a4e0db834001d5addc8	Maska-1SCh 防弹头盔（橄榄绿）	Maska-1SCh	Maska-1SCh bulletproof helmet (Olive Drab)	Maska-1SCh	2	2	helmet;wearable
5c093ca986f7740a1867ab12	Kappa 安全箱	Kappa	Secure container Kappa	Kappa	3	3	noFlea
5c093db286f7740a1b2617e3	Mr. Holodilnick保温箱	Holodilnick	Mr. Holodilnick thermal bag	Holodilnick	3	3	container;markedOnly
5c093e3486f77430cb02e593	狗牌包	狗牌	Dogtag case	Dogtags	1	1	container;markedOnly
5c0a2cec0db834001b7ce47d	EOTech HHS-1 复合瞄具（黄褐色）	HHS-1褐	EOTech HHS-1 hybrid sight (Tan)	HHS-1 Tan	2	1	mods
5c0a840b86f7742ffa4f2482	THICC 物品箱	THICC	T H I C C item case	T H I C C	5	3	container;markedOnly;noFlea
5c0c1ce886f77401c119d014	AK-74 5.45x39 突击步枪 默认	AK-74 默认	Kalashnikov AK-74 5.45x39 assault rifle Default	AK-74 Default	5	2	preset
5c0c1d2b86f77401c119d01f	AKS-74 5.45x39 突击步枪 默认	AKS-74 默认	Kalashnikov AKS-74 5.45x39 assault rifle Default	AKS-74 Default	5	2	preset
5c0c1d6586f7743e5335d264	雷明顿Model 700 7.62x51 狙击步枪 默认	M700 默认	Remington Model 700 7.62x51 bolt-action sniper rifle Default	M700 Default	5	1	preset
5c0c1dba86f7743e667da897	雷明顿Model 700 7.62x51 狙击步枪 AAC SD	M700 AAC SD	Remington Model 700 7.62x51 bolt-action sniper rifle AAC SD	M700 AAC SD	6	1	preset
5c0c1dff86f7744dba7a2892	莫辛-纳甘 7.62x54R 栓动式步枪（步兵型） Carbine	莫辛步兵型 Carbine	Mosin 7.62x54R bolt-action rifle (Infantry) Carbine	Mosin Infantry Carbine	5	1	preset
5c0c1e7486f7744dba7a289b	莫辛-纳甘 7.62x54R 栓动式步枪（步兵型） 默认	莫辛步兵型 默认	Mosin 7.62x54R bolt-action rifle (Infantry) Default	Mosin Infantry Default	6	1	preset
5c0c1f2b86f77455912eaefc	莫辛-纳甘 7.62x54R 栓动式步枪（狙击型） Carbine	莫辛狙击型 Carbine	Mosin 7.62x54R bolt-action rifle (Sniper) Carbine	Mosin Sniper Carbine	5	1	preset
5c0c1fc586f77455912eaf08	莫辛-纳甘 7.62x54R 栓动式步枪（步兵型） Obrez	莫辛步兵型 Obrez	Mosin 7.62x54R bolt-action rifle (Infantry) Obrez	Mosin Infantry Obrez	3	1	preset
5c0c202e86f77448687e0368	莫辛-纳甘 7.62x54R 栓动式步枪（狙击型） Obrez	莫辛狙击型 Obrez	Mosin 7.62x54R bolt-action rifle (Sniper) Obrez	Mosin Sniper Obrez	3	1	preset
5c0c208886f7743e5335d279	莫辛-纳甘 7.62x54R 栓动式步枪（狙击型） Obrez M	莫辛狙击型 Obrez M	Mosin 7.62x54R bolt-action rifle (Sniper) Obrez M	Mosin Sniper Obrez M	3	1	preset
5c0d1e9386f77440120288b7	HK 416A5 5.56x45 突击步枪 默认	HK 416A5 默认	HK 416A5 5.56x45 assault rifle Default	HK 416A5 Default	5	2	preset
5c0d1ec986f77439512a1a72	RPK-16 5.45x39 轻机枪 默认	RPK-16 默认	RPK-16 5.45x39 light machine gun Default	RPK-16 Default	5	2	preset
5c0d2727d174af02a012cf58	PSH-97 "Jeta"头盔	Djeta	PSh-97 DJETA riot helmet	PSh-97	2	2	helmet;wearable
5c0d32fcd174af02a1659c75	Pyramex Proximity防护眼镜	Proximity	Pyramex Proximity safety glasses	Proximity	2	1	glasses;wearable
5c0d56a986f774449d5de529	9x19毫米 RIP	RIP	9x19mm RIP	RIP	1	1	ammo;noFlea	Caliber9x19PARA
5c0d591486f7744c505b416f	12/70 RIP	12/70 RIP	12/70 RIP	RIP	1	1	ammo;noFlea	Caliber12g
5c0d5ae286f7741e46554302	5.56x45毫米 Warmageddon	WG	5.56x45mm Warmageddon	Warmage	1	1	ammo;noFlea	Caliber556x45NATO
5c0d5e4486f77478390952fe	5.45x39毫米 7N39“针刺”	7N39	5.45x39mm PPBS gs Igolnik	PPBS	1	1	ammo;noFlea	Caliber545x39
5c0d668f86f7747ccb7f13b2	9x39毫米 SPP	SPP	9x39mm SPP gs	SPP	1	1	ammo;noFlea	Caliber9x39
5c0d688c86f77413ae3407b2	9x39毫米 BP	BP	9x39mm BP gs	BP	1	1	ammo;noFlea	Caliber9x39
5c0e2f26d174af02a9625114	ADAR 2-15 5.56x45 2-15突击步枪上机匣	ADAR	AR-15 ADAR 2-15 5.56x45 upper receiver	ADAR	2	1	mods
5c0e2f5cd174af02a012cfc9	ADAR 2-15 AR-15兼容木质枪托	ADAR木制	AR-15 ADAR 2-15 wooden handguard	ADAR wood	2	1	mods
5c0e2f94d174af029f650d56	16 英寸 Molot Arms AR-15 枪管 5.56x45	ADAR 16"	AR-15 5.56x45 Molot Arms 16 inch barrel	ADAR 16"	3	1	mods
5c0e2ff6d174af02a1659d4a	ADAR 2-15木质枪托	ADAR木制	AR-15 ADAR 2-15 wooden stock	ADAR wood	2	1	mods;pistolGrip
5c0e3eb886f7742015526062	6B5-16 Zh-86 Uley 防弹胸挂（卡其色）	6B5-16	6B5-16 Zh-86 Uley armored rig (Khaki)	6B5-16	3	4	armor;rig;wearable
5c0e446786f7742013381639	6B5-15 Zh-86 Uley 防弹胸挂（丛林迷彩）	6B5-15	6B5-15 Zh-86 Uley armored rig (Flora)	6B5-15	3	4	armor;rig;wearable
5c0e51be86f774598e797894	6B13 突击甲（丛林迷彩）	6B13 丛林	6B13 assault armor (Flora)	6B13 FL	3	4	armor;wearable
5c0e530286f7747fa1419862	Propital 再生兴奋剂注射器	Propital	Propital regenerative stimulant injector	Propital	1	1	injectors;meds;provisions
5c0e531286f7747fa54205c2	SJ1 TGLabs 战斗兴奋剂注射器	SJ1 TGLabs	SJ1 TGLabs combat stimulant injector	SJ1	1	1	injectors;meds;provisions
5c0e531d86f7747fa23f4d42	SJ6 TGLabs 战斗兴奋剂注射器	SJ6 TGLabs	SJ6 TGLabs combat stimulant injector	SJ6	1	1	injectors;meds;provisions
5c0e533786f7747fa23f4d47	Zagustin 止血剂注射器	Zagustin	Zagustin hemostatic drug injector	Zagustin	1	1	injectors;meds;provisions
5c0e534186f7747fa1419867	eTG-change 再生兴奋剂注射器	eTG-c	eTG-change regenerative stimulant injector	eTG-c	1	1	injectors;meds;provisions
5c0e53c886f7747fa54205c7	6B13 突击甲（数码丛林迷彩）	6B13 EMR	6B13 assault armor (EMR)	6B13 EMR	3	4	armor;wearable
5c0e541586f7747fa54205c9	6B13 M 突击甲（Killa 版）	6B13 Killa	6B13 M assault armor (Killa Edition)	6B13 KE	3	4	armor;wearable
5c0e57ba86f7747fa141986d	6B23-2 防弹衣（山地丛林迷彩）	6B23-2 山地	6B23-2 body armor (Mountain Flora)	6B23-2 MF	3	4	armor;wearable
5c0e5bab86f77461f55ed1f3	6B23-1 防弹衣（数码丛林迷彩）	6B23-1 EMR	6B23-1 body armor (EMR)	6B23-1 EMR	3	4	armor;wearable
5c0e5edb86f77461f55ed1f7	BNTI Zhuk（甲虫）防弹衣（战地记者版）	Zhuk	BNTI Zhuk body armor (Press)	Zhuk	3	3	armor;wearable
5c0e625a86f7742d77340f62	BNTI Zhuk（甲虫）防弹衣（数码丛林迷彩）	Zhuk-6a	BNTI Zhuk body armor (EMR)	Zhuk EMR	3	3	armor;wearable
5c0e655586f774045612eeb2	HighCom Trooper TFO 防弹背心（复合迷彩）	Trooper	HighCom Trooper TFO body armor (MultiCam)	Trooper	3	3	armor;wearable
5c0e66e2d174af02a96252f4	Ops-Core SLAAP 附加防弹板（黄褐色）	SLAAP	Velocity Systems SLAAP Plate (Tan)	SLAAP	2	1	noFlea;wearable
5c0e6a1586f77404597b4965	Poyas-A + Poyas-B 复合胸挂	Poyas组合	Poyas-A + Poyas-B gear rig	Poyas combo	4	4	rig;wearable
5c0e722886f7740458316a57	ANA Tactical M1 插板胸挂（橄榄绿）	ANA M1	ANA Tactical M1 plate carrier (OD Green)	ANA M1	4	4	armor;rig;wearable
5c0e746986f7741453628fe5	WARTECH TV-110 插板胸挂（灰褐色）	TV-110	WARTECH TV-110 plate carrier (Coyote)	TV-110	4	3	armor;rig;wearable
5c0e774286f77468413cc5b2	Mystery Ranch Blackjack 50 背包（复合迷彩）	Blackjack 50	Mystery Ranch Blackjack 50 backpack (MultiCam)	Blackjack 50	5	7	backpack;noFlea;wearable
5c0e805e86f774683f3dd637	3V Gear Paratus 3 日干员战术背包（林地灰）	Paratus	3V Gear Paratus 3-Day Operator's Tactical backpack (Foliage Grey)	Paratus	5	7	backpack;noFlea;wearable
5c0e842486f77443a74d2976	Maska-1SCh 防弹面罩（Killa 版）	1Sch面罩	Maska-1SCh face shield (Killa Edition)	1SCh FS	2	1	glasses;wearable
5c0e874186f7745dc7616606	Maska-1SCh 防弹头盔（Killa 版）	Maska-1SCh KE	Maska-1SCh bulletproof helmet (Killa Edition)	Maska-1SCh KE	2	2	helmet;wearable
5c0e93cb86f77432297fdfc8	托卡列夫 TT-33 7.62x25 手枪 Brunner	TT Brunner	Tokarev TT-33 7.62x25 TT pistol Brunner	TT Brunner	2	1	preset
5c0e9f2c86f77432297fe0a3	Blackhawk! Commando胸挂（黑）	Commando	BlackHawk! Commando chest harness (Black)	Commando	4	3	rig;wearable
5c0fa877d174af02a012e1cf	Aquamari带滤嘴水瓶	Aquamari	Aquamari water bottle with filter	Aquamari	1	2	provisions
5c0faeddd174af02a962601f	ADAR缓冲管	ADAR	AR-15 ADAR 2-15 buffer tube	ADAR	2	1	mods
5c0faf68d174af02a96260b8	ADAR 2-15 AR-15拉机柄	ADAR	AR-15 ADAR 2-15 charging handle	ADAR	1	1	mods
5c0fafb6d174af02a96260ba	ADAR 2-15.56x45消焰器	ADAR	AR-15 ADAR 2-15 5.56x45 flash hider	ADAR	1	1	mods
5c10c8fd86f7743d7d706df3	肾上腺素注射器	肾上腺素	Adrenaline injector	Adrenaline	1	1	injectors;meds;provisions
5c10fcb186f774533e5529ab	ADAR 2-15 .223 卡宾枪 默认	ADAR 2-15 默认	ADAR 2-15 5.56x45 carbine Default	ADAR 2-15 Default	5	2	preset
5c11046cd174af02a012e42b	PVS-7 Wilcox接口	W-PVS7	PVS-7 Wilcox Adapter	W-PVS7	1	1	mods
5c110624d174af029e69734c	T7 热成像目镜（附夜视仪基座）	T-7	T-7 Thermal Goggles with a Night Vision mount	T-7	2	1	mods
5c11279ad174af029d64592b	5.56x45mm Warmageddon弹药包（20发装）	Warmage	5.56x45mm Warmageddon ammo pack (20 pcs)	Warmage	1	1	ammoBox
5c1127bdd174af44217ab8b9	9x19mm RIP弹药包（20发装）	DIPP	9x19mm RIP ammo pack (20 pcs)	RIP	1	1	ammoBox
5c1127d0d174af29be75cf68	12/70 RIP弹药包（5发装）	12/70 DIPP	12/70 RIP ammo pack (5 pcs)	RIP	1	1	ammoBox
5c123fe086f7742a60324263	春田 M1A 7.62x51 步枪 2k18 NY	M1A 2k18 NY	Springfield Armory M1A 7.62x51 rifle 2k18 NY	M1A 2k18 NY	6	2	preset
5c1260dc86f7746b106e8748	9x39mm 7N12 BP 弹药包（8发装）	BP	9x39mm BP gs ammo pack (8 pcs)	BP	1	1	ammoBox;noFlea
5c12613b86f7743bbe2c3f76	情报文件夹	情报	Intelligence folder	Intelligence	2	1	barter
5c12619186f7743f871c8a32	9x39mm SPP弹药包（8发装）	SPP	9x39mm SPP gs ammo pack (8 pcs)	SPP	1	1	ammoBox
5c12620d86f7743f8b198b72	Tetriz便携式游戏机	Tetriz	Tetriz portable game console	Tetriz	1	2	barter
5c1262a286f7743f8a69aab2	5.45x39mm 7N39“针刺”弹药包（30发装）	7N39	5.45x39mm PPBS gs Igolnik ammo pack (30 pcs)	PPBS	1	1	ammoBox;noFlea
5c1265fc86f7743f896a21c2	损坏的GPhone X	GPX	Broken GPhone X smartphone	GPX	1	1	barter
5c1267ee86f77416ec610f72	Prokill带链奖章	Prokill	Chain with Prokill medallion	Prokill	1	1	barter
5c12688486f77426843c7d32	尼龙绳索	绳索	Paracord	Paracord	2	1	barter;specialSlot
5c127c4486f7745625356c13	弹匣箱	弹匣箱	Magazine case	Magazines	3	2	container;markedOnly
5c13cd2486f774072c757944	肥皂	肥皂	Soap	Soap	1	1	barter
5c13cef886f774072e618e82	卫生纸	厕纸	Toilet paper	TP	1	1	barter
5c165d832e2216398b5a7e36	Peltor 战术运动型耳机	战术运动型	Peltor Tactical Sport headset	Tactical Sport	2	2	headphones;wearable
5c17664f2e2216398b5a7e3c	VLTOR CMRD Keymod AK护木	CMRD	AK Vltor CMRD KeyMod handguard	CMRD	2	1	mods
5c1780312e221602b66cc189	KAC折叠式照门	KAC照门	KAC Folding rear sight	KAC RS	1	1	mods
5c17804b2e2216152006c02f	KAC折叠式准星	KAC准星	KAC Folding front sight	KAC FS	1	1	mods
5c178a942e22164bef5ceca3	Crye Precision AirFrame 护颚	AF护颚	Crye Precision AirFrame Chops	AF Chops	2	2	wearable
5c1793902e221602b21d3de2	Crye Precision AirFrame 护耳	AF护耳	Crye Precision AirFrame Ears	AF Ears	2	2	wearable
5c17a7ed2e2216152142459c	Crye Precision AirFrame 头盔（黄褐色）	AirFrame	Crye Precision AirFrame helmet (Tan)	AirFrame	2	2	helmet;noFlea;wearable
5c18b90d2e2216152142466b	Magpul MBUS Gen.2 翻转式准星 (FDE)	MBUS准星	Magpul MBUS Gen2 flip-up front sight (FDE)	MBUS FS	1	1	mods
5c18b9192e2216398b5a8104	Magpul MBUS Gen.2 翻转式照门 (FDE)	MBUS照门	Magpul MBUS Gen2 flip-up rear sight (FDE)	MBUS RS	1	1	mods
5c1a1cc52e221602b3136e3d	Oakley SI M Frame 护目镜	M Frame	Oakley SI M Frame safety glasses	M Frame	2	1	glasses;wearable
5c1a1e3f2e221602b66cc4c2	假白胡子	胡子	Fake white beard	Beard	1	2	wearable
5c1bc4812e22164bef5cfde7	Zenit RK-0前握把	RK-0	Zenit RK-0 tactical foregrip	RK-0	1	1	mods
5c1bc5612e221602b5429350	Zenit RK-1前握把	RK-1	Zenit RK-1 tactical foregrip	RK-1	1	1	mods
5c1bc5af2e221602b412949b	Zenit RK-2前握把	RK-2	Zenit RK-2 tactical foregrip	RK-2	1	1	mods
5c1bc5fb2e221602b1779b32	Zenit RK-4前握把	RK-4	Zenit RK-4 tactical foregrip	RK-4	1	1	mods
5c1bc7432e221602b412949d	Zenit RK-5前握把	RK-5	Zenit RK-5 tactical foregrip	RK-5	1	1	mods
5c1bc7752e221602b1779b34	Zenit RK-6前握把	RK-6	Zenit RK-6 tactical foregrip	RK-6	1	1	mods
5c1cd46f2e22164bef5cfedb	Zenit RK-1 B-25U基座前握把	B-25U RK-1	Zenit RK-1 tactical foregrip on B-25U mount	B-25U RK-1	1	1	mods
5c1cdd302e221602b3137250	Kiba Arms 短基座瞄准镜适配器	短	Kiba Arms Short Mount sight adapter	Short	1	1	mods
5c1cdd512e22161b267d91ae	Kiba Arms 短款 2.5x 棱镜式瞄准镜	Prism 2.5x	Kiba Arms Short Prism 2.5x scope	Prism 2.5x	2	1	mods
5c1d0c5f86f7744bb2683cf0	实验室钥匙卡·蓝	蓝卡	TerraGroup Labs keycard (Blue)	Blue	1	1	keys
5c1d0d6d86f7744bb2683e1f	实验室钥匙卡·黄	黄卡	TerraGroup Labs keycard (Yellow)	Yellow	1	1	keys
5c1d0dc586f7744baf2e7b79	实验室钥匙卡·绿	绿卡	TerraGroup Labs keycard (Green)	Green	1	1	keys
5c1d0efb86f7744baf2e7b7b	实验室钥匙卡·红	红卡	TerraGroup Labs keycard (Red)	Red	1	1	keys
5c1d0f4986f7744bb01837fa	实验室钥匙卡·黑	黑卡	TerraGroup Labs keycard (Black)	Black	1	1	keys
5c1e2a1e86f77431ea0ea84c	TerraGroup 实验室经理办公室钥匙	经理办	TerraGroup Labs manager's office room key	TGL MO	1	1	keys
5c1e2d1f86f77431e9280bee	TerraGroup 实验室武器测试区域钥匙	测试区	TerraGroup Labs weapon testing area key	TGL WT	1	1	keys
5c1e495a86f7743109743dfb	实验室钥匙卡·紫	紫卡	TerraGroup Labs keycard (Violet)	Violet	1	1	keys
5c1f79a086f7746ed066fb8f	TerraGroup 实验室军械库钥匙	军械库	TerraGroup Labs arsenal storage room key	TGL ASR	1	1	keys
5c3df7d588a4501f290594e5	9x19毫米 绿色曳光弹	绿色曳光	9x19mm Green Tracer	GT	1	1	ammo;noFlea	Caliber9x19PARA
5c46fbd72e2216398b5a8c9c	德拉贡诺夫 SVDS 7.62x54 半自动狙击步枪	SVDS	SVDS 7.62x54R sniper rifle	SVDS	2	1	gun;wearable	Caliber762x54R
5c471b5d2e221602b21d4e14	SVDS聚合物枪托	SVDS	SVDS polymer stock	SVDS	2	1	mods
5c471b7e2e2216152006e46c	SVDS照门	SVDS照门	SVDS rear sight	SVDS RS	1	1	mods
5c471ba12e221602b3137d76	SVDS准星	SVDS准星	SVDS front sight	SVDS FS	1	1	mods
5c471bd12e221602b4129c3a	SVDS防尘盖	SVDS	SVDS dust cover	SVDS	2	1	mods
5c471be12e221602b66cd9ac	SVDS手枪式握把	SVDS	SVDS pistol grip	SVDS	1	1	mods;pistolGrip
5c471bfc2e221602b21d4e17	SVDS 7.62x54R膛口制退器	SVDS	SVDS 7.62x54R muzzle brake	SVDS	1	1	mods
5c471c2d2e22164bef5d077f	SVDS照门固定环	SVDS环	SVDS front trunnion	SVDS FT	1	1	mods
5c471c442e221602b542a6f8	SVD 7.62x54 10发弹匣	SVD 10	SVD 7.62x54R 10-round magazine	SVD	1	1	mods
5c471c6c2e221602b66cd9ae	SVDS聚合物护木	SVDS	SVDS polymer handguard	SVDS	1	1	mods
5c471c842e221615214259b5	SVDS导气管	SVDS导气	SVDS gas tube	SVDS gas	1	1	mods
5c471cb32e221602b177afaa	SVD 7.62x54R 565 毫米枪管	SVD 565mm	SVD 7.62x54R 565mm barrel	SVD 565mm	4	1	mods
5c488a752e221602b412af63	沙漠科技 MDR 5.56x45 突击步枪	MDR	Desert Tech MDR 5.56x45 assault rifle	MDR	2	1	gun;wearable	Caliber556x45NATO
5c48a14f2e2216152006edd7	MDR护木（FDE）	MDR	MDR handguard (FDE)	MDR	2	1	mods
5c48a2852e221602b21d5923	16 英寸 MDR 枪管 5.56x45	MDR 556 16"	MDR 5.56x45 16 inch barrel	MDR 556 16"	3	1	mods
5c48a2a42e221602b66d1e07	Desert Tech 5.56x45膛口制退器	MDR 556	AR-15 Desert Tech 5.56x45 flash hider	MDR 556	1	1	mods
5c48a2c22e221602b313fb6c	MDR手枪式握把（FDE）	MDR	MDR pistol grip (FDE)	MDR	1	1	mods;pistolGrip
5c4ee3d62e2216152006f302	SV-98 SRVV Mk.2.0 7.62x54R膛口制退补偿器	Mk.2.0	SV-98 SRVV Mk.2.0 7.62x54R muzzle brake	SRVV SV98	1	1	mods
5c4eec9b2e2216398b5aaba2	SV-98 7.62x54R 螺纹转接器	SV98转接	SV-98 7.62x54R thread adapter	SV98 thr.	1	1	mods
5c4eecc32e221602b412b440	SV-98 7.62x54标准消音器	SV-98消音器	SV-98 7.62x54R sound suppressor	SV98 supp.	2	1	mods;suppressor
5c4eecde2e221602b3140418	SV-98消音器隔热板	SV-98隔热板	SV-98 sound suppressor heat shield	SV98 HS	1	1	mods
5c501a4d2e221602b412b540	VPO-101 Vepr-Hunter 7.62x51 卡宾枪	Hunter	Molot Arms VPO-101 Vepr-Hunter 7.62x51 carbine	VPO-101	4	1	gun;wearable	Caliber762x51
5c5039be2e221602b177c9ff	VPO-101导气管	VPO-101	VPO-101 gas tube	101 gas	1	1	mods
5c503ac82e221602b21d6e9a	7.62x51 5发VPO-101兼容金属弹匣	VPO-101	VPO-101 7.62x51 5-round magazine	VPO-101	1	1	mods
5c503ad32e2216398b5aada2	7.62x51 10发VPO-101兼容金属弹匣	VPO-101	VPO-101 7.62x51 10-round magazine	VPO-101	1	1	mods
5c503af12e221602b177ca02	VPO-101 木制枪托	VPO-101	VPO-101 wooden stock	VPO-101	4	1	mods
5c503b1c2e221602b21d6e9d	VPO-101 照门	Vepr照门	VPO-101 rear sight	101 RS	1	1	mods
5c503d0a2e221602b542b7ef	VPO-101 防尘盖	VPO-101	VPO-101 dust cover	VPO-101	2	1	mods
5c5952732e2216398b5abda2	Zenit Perst-3战术设备	Perst-3	Zenit Perst-3 tactical device	Perst-3	1	1	mods
5c59529a2e221602b177d160	Lancer OEM M-LOK 14英寸MPX护木	MPX OEM 14"	MPX Lancer OEM 14 inch M-LOK handguard	MPX OEM 14"	2	1	mods
5c5970672e221602b21d7855	ProMag AALVX 35 7.62x39 35发SKS弹匣	AALVX 35	SKS 7.62x39 ProMag AALVX 35-round magazine	SKS AALVX	1	2	mods
5c5db5852e2216003a0fe71a	4.5 英寸 MPX 枪管 9x19	MPX 4.5"	MPX 9x19 4.5 inch barrel	MPX 4.5"	1	1	mods
5c5db5962e2216000e5e46eb	6.5 英寸 MPX 枪管 9x19	MPX 6.5"	MPX 9x19 6.5 inch barrel	MPX 6.5"	1	1	mods
5c5db5b82e2216003a0fe71d	10.5 英寸 MPX 枪管 9x19	MPX 10.5"	MPX 9x19 10.5 inch barrel	MPX 10.5"	2	1	mods
5c5db5c62e22160012542255	14 英寸 MPX 枪管 9x19	MPX 14"	MPX 9x19 14 inch barrel	MPX 14"	3	1	mods
5c5db5f22e2216000e5e47e8	Midwest 4.5英寸MPX M-LOK护木	MPX Midwest 4.5"	MPX Midwest Industries 4.5 inch M-LOK handguard	MPX Midwest 4.5"	1	1	mods
5c5db5fc2e2216000f1b2842	Midwest 6.5英寸MPX M-LOK护木	MPX Midwest 6.5"	MPX Midwest Industries 6.5 inch M-LOK handguard	MPX Midwest 6.5"	2	1	mods
5c5db6302e2216000e5e47f0	Midwest 10.5英寸MPX M-LOK护木	MPX Midwest 10.5"	MPX Midwest Industries 10.5 inch M-LOK handguard	MPX Midwest 10.5"	2	1	mods
5c5db63a2e2216000f1b284a	Midwest 14英寸MPX M-LOK护木	MPX Midwest 14"	MPX Midwest Industries 14 inch M-LOK handguard	MPX Midwest 14"	2	1	mods
5c5db6552e2216001026119d	标准MPX 20发9x19弹匣	9x19 MPX	MPX 9x19 20-round magazine	MPX	1	1	mods
5c5db6652e221600113fba51	MPX TTI Base pad+11 9x19 41发弹匣	9x19 MPX	MPX 9x19 TTI "Base Pad +11" 41-round magazine	MPX TTI	1	2	mods
5c5db6742e2216000f1b2852	F5 MPX 50发9x19弹鼓	MPX弹鼓	MPX 9x19 F5 MFG 50-round drum magazine	MPX F5	1	2	mods
5c5db6b32e221600102611a0	MPX Geissele “SCH”拉机柄	SCH拉机柄	MPX Geissele SCH charging handle	MPX SCH	1	1	mods
5c5db6ee2e221600113fba54	MPX/MCX Maxim Defense CQB 枪托	MD CQB	MPX/MCX Maxim Defense CQB stock	MD CQB	2	1	mods
5c5db6f82e2216003a0fe914	MPX/MCX PMM ULSS 枪托	ULSS	MPX/MCX PMM ULSS stock	ULSS	2	1	mods
5c6161fb2e221600113fbde5	MC 20-01 Sb.3 20铅径TOZ-106 5发弹匣	Sb.3x5	TOZ-106 20ga MTs 20-01 Sb.3 5-shot magazine	Sb.3x5	1	1	mods
5c6162682e22160010261a2b	TOZ-106燕尾槽基座	TOZ-106燕尾	TOZ-106 dovetail mount	106 DT	1	1	mods
5c61627a2e22160012542c55	TOZ-106瞄准镜基座	106基座	TOZ-106 rail scope mount	106 mount	1	1	mods
5c6165902e22160010261b28	SIG Sauer SRD9 9x19 消音器	SRD9	SIG Sauer SRD9 9x19 sound suppressor	SRD9	2	1	mods;suppressor
5c6175362e221600133e3b94	ProMag 7.62x39 AK-A-16 73发弹鼓	AK-A-16	AK 7.62x39 ProMag AK-A-16 73-round drum magazine	AK-A-16	2	2	mods;noFlea
5c617a5f2e2216000f1e81b3	Zenit B-10 AK护木	B-10	AK Zenit B-10 Handguard	B-10	1	1	mods
5c61a40d2e2216001403158d	Zenit B-13 "Klassika" 燕尾槽导轨平台	B-13	Zenit B-13 "Klassika" dovetail rail platform	B-13	1	1	mods
5c6592372e221600133e47d7	SureFire MAG5-100 AR-15 5.56x45 STANAG 100发弹匣	MAG5-100	AR-15 5.56x45 SureFire MAG5-100 STANAG 100-round magazine	MAG5-100	1	3	mods
5c6beec32e221601da3578f2	P226 TJ's Custom 9x19补偿器	TJ	P226 TJ's Custom 9x19 compensator	P226 TJC	1	1	mods
5c6bf4aa2e2216001219b0ae	US Palm AK手枪式握把	US Palm	AK US Palm pistol grip	US Palm	1	1	mods;pistolGrip
5c6c2c9c2e2216000f2002e4	TROY M-LOK HK 416 13 英寸护木	416 TROY 13"	HK 416 TROY M-LOK 13 inch handguard	416 TROY 13"	3	1	mods
5c6d10e82e221601da357b07	HK 416 MRS KeyMod 14 英寸护木	416 MRS 14"	HK 416 MRS KeyMod 14 inch handguard	416 MRS 14"	3	1	mods
5c6d10fa2e221600106f3f23	HK 416 Midwest Industries 9 英寸 M-LOK 护木	416 Midwest 9"	HK 416 Midwest Industries 9 inch M-LOK handguard	416 Midwest 9"	2	1	mods
5c6d11072e2216000e69d2e4	HK 416 Midwest Industries 13.5 英寸 M-LOK 护木	416 Midwest 13.5"	HK 416 Midwest Industries 13.5 inch M-LOK handguard	416 Midwest 13.5"	3	1	mods
5c6d11152e2216000f2003e7	HK 416 Strike Industries CRUX 15 英寸 M-LOK 护木	416 CRUX 15"	HK 416 Strike Industries CRUX 15 inch M-LOK handguard	416 CRUX 15"	3	1	mods
5c6d42cb2e2216000e69d7d1	HK 30 5.56x45 STANAG 30发聚合物弹匣	HK聚合	AR-15 5.56x45 HK 30 STANAG polymer 30-round magazine	HK poly	1	2	mods
5c6d450c2e221600114c997d	HK PM Gen.2 5.56x45 STANAG 30发弹匣	PM Gen.2	AR-15 5.56x45 HK PM Gen.2 STANAG 30-round magazine	PM Gen.2	1	2	mods
5c6d46132e221601da357d56	TROY Battlemag 5.56x45 STANAG 30发弹匣	Battlemag	AR-15 5.56x45 TROY BattleMag STANAG 30-round magazine	BattleMag	1	2	mods
5c6d5d8b2e221644fc630b39	STNGR VYPR 10 英寸 AR-15 M-LOK 护木	Stngr Vypr	AR-15 STNGR VYPR 10 inch M-LOK handguard	VYPR 10"	2	1	mods
5c6d710d2e22165df16b81e7	Surefire WarComp 5.56x45 AR-15消焰器	WarComp	AR-15 SureFire WarComp 5.56x45 flash hider	WarComp 556	1	1	mods
5c6d7b3d2e221600114c9b7d	HK V2 AR-15 手枪式握把	HK V2	AR-15 HK V2 pistol grip	HK V2	1	1	mods;pistolGrip
5c6d85e02e22165df16b81f4	10.6 英寸 HK416 枪管 5.56x45	416 10.6"	HK 416 5.56x45 10.6 inch barrel	416 10.6"	2	1	mods
5c78f2492e221600114c9f04	SAI 14.5 英寸 AR-15 快拆导轨护木	SAI QD导轨	AR-15 SAI 14.5 inch QD Rail handguard	SAI QD 14.5"	3	1	mods
5c78f2612e221600114c9f0d	SAI 10 英寸 AR-15 快拆导轨护木	SAI QD导轨	AR-15 SAI 10 inch QD Rail handguard	SAI QD 10"	2	1	mods
5c78f26f2e221601da3581d1	Magpul MOE SL中等长度M-LOK AR15护木	MOE SL	AR-15 Magpul MOE SL medium length M-LOK handguard	MOE SL	2	1	mods
5c78f2792e221600106f4683	Magpul MOE SL卡宾枪长度M-LOK AR15护木	MOE SL	AR-15 Magpul MOE SL carbine length M-LOK handguard	MOE SL	2	1	mods
5c78f2882e22165df16b832e	SAI JailBrake 5.56x45 AR-15 膛口装置	JailBrake	AR-15 SAI JailBrake 5.56x45 muzzle device	JailBrake	1	1	mods
5c791e872e2216001219c40a	Strike Industries Cobra 战术前握把	Cobra	Strike Industries Cobra Tactical foregrip	SI Cobra	1	1	mods
5c793fb92e221644f31bfb64	Strike Industries 先进机匣延长缓冲管	ARE	AR-15 Strike Industries Advanced Receiver Extension	ARE	2	1	mods
5c793fc42e221600114ca25d	Strike Industries 先进机匣延长缓冲管（电镀红）	ARE	AR-15 Strike Industries Advanced Receiver Extension (Anodized Red)	ARE	2	1	mods
5c793fde2e221601da358614	Strike Industries Viper Mod 1 AR-15 枪托	Viper Mod.1	AR-15 Strike Industries Viper Mod 1 stock	Viper Mod1	2	1	mods
5c7951452e221644f31bfd5c	Venom Tactical Antidote 7.62x39 AK 膛口制退器	Antidote	AK Venom Tactical Antidote 7.62x39 muzzle brake	Antidote	1	1	mods
5c7954d52e221600106f4cc7	Gemtech One直接螺纹安装转接器	ONE转接器	Gemtech ONE Direct Thread Mount adapter	ONE mount	1	1	mods
5c7955c22e221644f31bfd5e	Gemtech ONE 7.62x51声音抑制器	Gemtech ONE	Gemtech ONE multi-caliber sound suppressor	ONE	2	1	mods;suppressor
5c7d55de2e221644f31bff68	Aimpoint COMP M4反射式瞄具	COMP M4	Aimpoint CompM4 reflex sight	CompM4	1	1	mods
5c7d55f52e221644f31bff6a	Aimpoint LRP COMP M4瞄具基座	LRP	Aimpoint CompM4/PRO LRP mount	LRP	1	1	mods
5c7d560b2e22160bc12c6139	标准Aimpont瞄具垫高器	AMSS	Aimpoint Standard Spacer	SS	1	1	mods
5c7e5f112e221600106f4ede	AAC Blackout 51T 5.56x45 AR-15 消焰器	Blackout 51T	AR-15 AAC Blackout 51T 5.56x45 flash hider	51T 556	1	1	mods
5c7e8fab2e22165df16b889b	AAC Illusion 9 9x19毫米消音器	AAC Illusion 9	AAC Illusion 9 9x19 sound suppressor	Illusion 9	2	1	mods;suppressor
5c7fb51d2e2216001219ce11	SureFire SF3P 5.56x45 AR-15 消焰器	SF3P	AR-15 SureFire SF3P 5.56x45 flash hider	SF3P-556	1	1	mods
5c7fc87d2e221644f31c0298	BCM MOD.3战术握把	MOD3	BCM GUNFIGHTER MOD 3 vertical foregrip	GF MOD3	1	1	mods
5c82342f2e221644f31c060e	BelOMO PSO-1 4x24 瞄准镜	PSO-1	BelOMO PSO-1 4x24 scope	PSO-1	2	1	mods
5c82343a2e221644f31c0611	BelOMO PSO-1M2 4x24 瞄准镜	PSO-1M2	BelOMO PSO-1M2 4x24 scope	PSO-1M2	2	1	mods
5c86592b2e2216000e69e77c	I-E-A Mil Optics Magmount 34毫米一体式基座环	KH/F 34毫米	IEA Mil-Optics KH/F 34mm one-piece magmount	KH/F 34mm	2	1	mods
5c878e9d2e2216000f201903	Lantac Dragon 7.62x51 AR-10 膛口制退器	DGN762B	AR-10 Lantac Dragon 7.62x51 muzzle brake	DGN762B	1	1	mods
5c878ebb2e2216001219d48a	Lantac Dragon 7.62x39 AK 膛口制退器	DGNAK47B	AK Lantac Drakon 7.62x39 muzzle brake	DGNAK47B	1	1	mods
5c87a07c2e2216001219d4a2	HK E1 AR-15 枪托	HK E1	AR-15 HK E1 buttstock	HK E1	2	1	mods
5c87ca002e221600114cb150	KAC 垂直前握把	VPG	KAC vertical foregrip	KAC VFG	1	1	mods
5c88f24b2e22160bc12c69a6	SVD 7.62x54 20发弹匣	SVD 20	SVD 7.62x54R 20-round magazine	SVD	1	2	mods
5c90c3622e221601da359851	Zenit B-13V "Klassika" 燕尾槽导轨平台	B-13V	Zenit B-13V "Klassika" dovetail rail platform	B-13V	1	1	mods
5c920e902e221644f31c3c99	P226 9x19扩容弹匣	9x19 P226	P226 9x19 20-round extended magazine	P226	1	1	mods
5c925fa22e221601da359b7b	9x19毫米 AP 6.3	AP 6.3	9x19mm AP 6.3	AP 6.3	1	1	ammo;noFlea	Caliber9x19PARA
5c94bbff86f7747ee735c08f	TerraGroup实验室访问钥匙卡	钥匙卡	TerraGroup Labs access keycard	Access	1	1	keys
5c98bd7386f7740cfb15654e	沙漠科技 MDR 5.56x45 突击步枪 默认	MDR 默认	Desert Tech MDR 5.56x45 assault rifle Default	MDR Default	4	2	preset
5c98be1e86f7741cc96ffd79	德拉贡诺夫 SVDS 7.62x54 半自动狙击步枪 默认	SVDS 默认	SVDS 7.62x54R sniper rifle Default	SVDS Default	6	2	preset
5c98bf9186f7740cf708c509	VPO-101 Vepr-Hunter 7.62x51 卡宾枪 默认	Hunter 默认	Molot Arms VPO-101 Vepr-Hunter 7.62x51 carbine Default	VPO-101 Default	5	2	preset
5c99f3592e221644fc633070	定制截断莫辛枪托TOZ-106改	TOZ-106莫辛	TOZ-106 custom cut Mosin stock	TOZ106 Mosin	4	1	mods
5c9a07572e221644f31c4b32	Magpul Zhukov-U AK 护木（黑色）	Zhukov-U	AK Magpul Zhukov-U handguard (Black)	Zhukov-U	2	1	mods
5c9a1c3a2e2216000e69fb6a	Magpul Zhukov-U AK 护木（FDE）	Zhukov-U	AK Magpul Zhukov-U handguard (FDE)	Zhukov-U	2	1	mods
5c9a1c422e221600106f69f0	Magpul Zhukov-U AK 护木（黑红色）	Zhukov-U	AK Magpul Zhukov-U handguard (Plum)	Zhukov-U	2	1	mods
5c9a25172e2216000f20314e	Daniel Defence RIS II 12.25 英寸 AR-15 规格护木（狼棕色）	RIS II 12.25	AR-15 Daniel Defense RIS II 12.25 handguard (Coyote Brown)	RIS II 12.25	2	1	mods
5c9a26332e2216001219ea70	Daniel Defence RIS II 9.5 英寸 AR-15 规格护木（狼棕色）	RIS II FSP 9.5 CB	AR-15 Daniel Defense RIS II FSP 9.5 handguard (Coyote Brown)	RIS II FSP 9.5 CB	2	1	mods
5ca20abf86f77418567a43f2	Triton M43-A胸挂	Triton	Dynaforce Triton M43-A chest harness (Black)	Triton	4	3	rig;wearable
5ca20d5986f774331e7c9602	WARTECH 金雕 BB-102 背包 (A-TACS FG 迷彩)	Berkut	WARTECH Berkut BB-102 backpack (A-TACS FG)	Berkut	4	5	backpack;wearable
5ca20ee186f774799474abc2	Vulkan-5 (火神) LShZ-5 重型防弹头盔 (黑色)	Vulkan-5	Vulkan-5 LShZ-5 bulletproof helmet (Black)	Vulkan-5	2	2	helmet;wearable
5ca2113f86f7740b2547e1d2	Vulkan-5面罩	Vulkan面罩	Vulkan-5 helmet face shield	Vulkan-5 FS	2	1	glasses;noFlea;wearable
5ca2151486f774244a3b8d30	FORT Redut-M（堡垒-M）防弹衣	Redut-M	FORT Redut-M body armor	Redut-M	3	4	armor;wearable
5ca21c6986f77479963115a7	FORT Redut-T5（堡垒-T5）防弹衣（烟雾迷彩）	Redut-T5	FORT Redut-T5 body armor (Smog)	Redut-T5	4	4	armor;noFlea;wearable
5cadc190ae921500103bb3b6	伯莱塔 M9A3 9x19 手枪	M9A3	Beretta M9A3 9x19 pistol	M9A3	2	1	gun;wearable	Caliber9x19PARA
5cadc1c6ae9215000f2775a4	M9A3 9x19 127 毫米螺纹枪管	M9A3螺纹	M9A3 9x19 127mm threaded barrel	M9A3 thr.	1	1	mods
5cadc2e0ae9215051e1c21e7	M9A3 9x19 17发弹匣	9х19 M9A3	M9A3 9x19 17-round magazine	M9A3	1	1	mods
5cadc390ae921500126a77f1	M9A3螺纹保护帽	M9A3护帽	M9A3 thread protector	M9A3 thr.	1	1	mods
5cadc431ae921500113bb8d5	M9A3聚合物手枪握把	手握M9A3	M9A3 polymer side grips	M9A3	1	1	mods;pistolGrip
5cadc55cae921500103bb3be	M9A3 9x19手枪套筒	M9A3套筒	M9A3 pistol slide	M9A3	2	1	mods
5cadd919ae921500126a77f3	M9A3标准准星	M9A3准星	M9A3 front sight	M9A3 FS	1	1	mods
5cadd940ae9215051e1c2316	伯莱塔M9A3标准照门	M9A3照门	M9A3 rear sight	M9A3 RS	1	1	mods
5cadd954ae921500103bb3c2	M9照门基座	SM M9	M9A3 Sight Mount rear sight rail	SM M9	1	1	mods
5cadf6ddae9215051e1c23b2	12.7x55毫米 PS12	PS12	12.7x55mm PS12	PS12	1	1	ammo;noFlea	Caliber127x55
5cadf6e5ae921500113bb973	12.7x55毫米 PS12A	PS12A	12.7x55mm PS12A	PS12A	1	1	ammo;noFlea	Caliber127x55
5cadf6eeae921500134b2799	12.7x55毫米 PS12B	PS12B	12.7x55mm PS12B	PS12B	1	1	ammo;noFlea	Caliber127x55
5cadfbf7ae92152ac412eeef	ASh-12 12.7x55 突击步枪	ASh-12	ASh-12 12.7x55 assault rifle	ASh-12	4	2	gun;wearable	Caliber127x55
5caf1041ae92157c28402e3f	12.7x55 10发ASh-12弹匣	ASh-12 10发	ASh-12 12.7x55 10-round magazine	ASh-12	1	2	mods
5caf1109ae9215753c44119f	ASh-12 20发ASh-12弹匣	ASh-12	ASh-12 12.7x55 20-round magazine	ASh-12	1	2	mods
5caf1691ae92152ac412efb9	ASh-12提把式照门	ASh-12提把	ASh-12 rear sight carry handle	ASh-12 CH	1	1	mods
5caf16a2ae92152ac412efbc	ASh-12折叠式准星	ASh-12准星	ASh-12 folding front sight	ASh-12 FS	1	1	mods
5caf17c9ae92150b30006be1	ASh-12 12.7x55 膛口制退器	ASh制退器	ASh-12 12.7x55 muzzle brake	ASh-12	1	1	mods
5caf187cae92157c28402e43	ASh-12 12.7x55战术抑制器	ASh-12	ASh-12 12.7x55 sound suppressor	ASh-12	2	1	mods;suppressor
5cbda392ae92155f3c17c39f	AK-100系列聚合物护木	AK 100	AK 100-series polymer handguard	AK 100	1	1	mods
5cbda9f4ae9215000e5b9bfc	AK-74 聚合物护木（黑红色）	AK-74聚合	AK-74 polymer handguard (Plum)	AK-74 poly	1	1	mods
5cbdaf89ae9215000e5b9c94	6L23 5.45x39 AK-74 30 发弹匣（黑红色）	6L23	AK-74 5.45x39 6L23 30-round magazine (Plum)	6L23	1	2	mods
5cbdb1b0ae9215000d50e105	AK-74 聚合物枪托（黑红色）	AK-74聚合	AK-74 polymer stock (Plum)	AK-74 poly	2	1	mods
5cbdc23eae9215001136a407	Molot Arms 7.62x39 AK 75发弹鼓	Molot弹鼓	AK 7.62x39 Molot Arms 75-round drum magazine	Molot	2	2	mods
5cc6ea78e4a949000e1ea3c1	FN P90拉机柄	P90	FN P90 charging handle	P90	1	1	mods
5cc6ea85e4a949000e1ea3c3	FN P90 K&M The Handler拉机柄	Handler	FN P90 K&M The Handler charging handle	TheHandler	1	1	mods
5cc70093e4a949033c734312	FN P90 5.7x28 50发弹匣	P90	FN P90 5.7x28 50-round magazine	P90	2	1	mods
5cc700b9e4a949000f0f0f25	FN P90枪托	P90	FN P90 stock	P90	3	1	mods
5cc700cae4a949035e43ba72	FN P90枪托垫	P90垫	FN P90 buttpad	P90 butt	1	1	mods
5cc700d4e4a949000f0f0f28	Damage Industries P90枪托垫	DI托垫	FN P90 Damage Industries buttpad	P90 DI	1	1	mods
5cc700ede4a949033c734315	FN P90 EFFEN 90 5.7x28上机匣	EFFEN 90	FN P90 EFFEN 90 5.7x28 upper receiver	EFFEN 90	2	1	mods
5cc70102e4a949035e43ba74	FN P90上机匣	P90	FN P90 5.7x28 upper receiver	P90	2	1	mods
5cc7012ae4a949001252b43e	FN P90 EFFEN 90机匣导轨	EFFEN 90	FN P90 EFFEN 90 receiver rail	EFFEN 90	1	1	mods
5cc70146e4a949000d73bf6b	FN P90上机匣侧导轨	P90侧轨	FN P90 upper receiver side rail	P90 side	1	1	mods
5cc7015ae4a949001152b4c6	FN P90上机匣上导轨	P90顶轨	FN P90 upper receiver top rail	P90 top	1	1	mods
5cc701aae4a949000e1ea45c	10.5 英寸 P90 枪管 5.7x28	P90 10.5"	FN P90 5.7x28 10.5 inch barrel	P90 10.5"	2	1	mods
5cc701d7e4a94900100ac4e7	16 英寸 P90 枪管 5.7x28	P90 16"	FN P90 5.7x28 16 inch barrel	P90 16"	3	1	mods
5cc80f38e4a949001152b560	5.7x28毫米 SS190	SS190	5.7x28mm SS190	SS190	1	1	ammo;noFlea	Caliber57x28
5cc80f53e4a949000e1ea4f8	5.7x28毫米 L191	L191	5.7x28mm L191	L191	1	1	ammo;noFlea	Caliber57x28
5cc80f67e4a949035e43bbba	5.7x28毫米 SB193	SB193	5.7x28mm SB193	SB193	1	1	ammo;noFlea	Caliber57x28
5cc80f79e4a949033c7343b2	5.7x28毫米 SS198LF	SS198LF	5.7x28mm SS198LF	SS198LF	1	1	ammo;noFlea	Caliber57x28
5cc80f8fe4a949033b0224a2	5.7x28毫米 SS197SR	SS197SR	5.7x28mm SS197SR	SS197SR	1	1	ammo;noFlea	Caliber57x28
5cc82796e24e8d000f5859a8	FN P90 5.7x28消焰器	P90	FN P90 5.7x28 flash hider	P90	1	1	mods
5cc82d76e24e8d00134b4b83	FN P90 5.7x28 冲锋枪	P90	FN P90 5.7x28 submachine gun	P90	2	1	gun;wearable	Caliber57x28
5cc86832d7f00c000d3a6e6c	5.7x28毫米 R37.F	R37.F	5.7x28mm R37.F	R37.F	1	1	ammo;noFlea	Caliber57x28
5cc86840d7f00c002412c56c	5.7x28毫米 R37.X	R37.X	5.7x28mm R37.X	R37.X	1	1	ammo;noFlea	Caliber57x28
5cc9a96cd7f00c011c04e04a	SRVV MBR Jet 5.45x39 AK-74 膛口制退器	SRVV AK74	AK-74 SRVV MBR Jet 5.45x39 muzzle brake	SRVV AK74	1	1	mods
5cc9ad73d7f00c000e2579d4	SRVV 7.62x39 AK 膛口制退器	SRVV AKM	AK SRVV 7.62x39 muzzle brake	SRVV AKM	1	1	mods
5cc9b815d7f00c000e2579d6	TROY Claymore 5.56x45 AR-15膛口制退器	Claymore	AR-15 TROY Claymore 5.56x45 muzzle brake	Claymore	1	1	mods
5cc9bcaed7f00c011c04e179	Hera Arms HG-15 AR-15 手枪式握把	HG15	AR-15 Hera Arms HG-15 pistol grip	HG-15	1	1	mods;pistolGrip
5cc9c20cd7f00c001336c65d	NcSTAR Tactical LAM模块 蓝色激光	TBL	NcSTAR Tactical Blue Laser	TBL	1	1	mods
5cda9bcfd7f00c0c0b53e900	ASh-12 垂直前握把	ASh-12	ASh-12 vertical foregrip	ASh-12	1	1	mods
5cdaa99dd7f00c002412d0b2	ASh-12聚合物护木	ASh-12聚合	ASh-12 polymer handguard	ASh-12	1	1	mods
5cdd7685d7f00c000f260ed2	Keeno Arms SHREWD 7.62x51 AR-10膛口制退器	SHREWD	AR-10 Keeno Arms SHREWD 7.62x51 muzzle brake	SHREWD 762	1	1	mods
5cdd7693d7f00c0010373aa5	Precision Armament M-11 7.62x51 AR-10膛口制退器	M-11	AR-10 Precision Armanent M11 Severe-Duty 7.62x51 muzzle brake	M11	1	1	mods
5cde739cd7f00c0010373bd3	AB Arms MOD*X GEN 3 M700 枪身套件	MOD X Gen.3	M700 AB Arms MOD*X GEN 3 chassis	MOD*X Gen.3	2	1	mods
5cde77a9d7f00c000f261009	M700 AB Arms MOD*X缓冲管侧折叠转换器	折叠转接器	M700 AB Arms MOD*X buffer tube adapter	AB adpt.	1	1	mods
5cde7afdd7f00c000d36b89d	M700 AB Arms MOD*X GEN 3 KeyMod护木	MOD X	M700 AB Arms MOD*X GEN 3 KeyMod handguard	MOD*X	3	1	mods
5cde7b43d7f00c000d36b93e	M700 AB Arms MOD*X基座	MOD X	M700 AB Arms MOD*X rail mount	MOD*X rail	2	1	mods
5cdeac22d7f00c000f26168f	Magpul Pro 700 枪身套件	Pro700	M700 Magpul Pro 700 chassis	Pro700	3	1	mods
5cdeac42d7f00c000d36ba73	M700 Magpul Pro 700折叠枪托	Pro700枪托	M700 Magpul Pro 700 folding stock	Pro700	2	1	mods
5cdeac5cd7f00c000f261694	M700 Magpul Pro 700手枪式握把	Pro700	M700 Magpul Pro 700 pistol grip	Pro700	1	1	mods;pistolGrip
5cdeaca5d7f00c00b61c4b70	Magpul Pro 700 枪身轴向基座	Pro700基座	M700 Magpul Pro 700 chassis inline mount	Pro700 rail	2	1	mods
5ce69cbad7f00c00b61c5098	M700 7.62x51 Magpul PMAG AC 5发容量弹匣	PMAG AC	M700 7.62x51 Magpul PMAG AC 5-round magazine	PMAG AC	1	1	mods
5cebec00d7f00c065c53522a	FN P90 Attenuator 5.7x28消音器	Attenuator	FN P90 Attenuator 5.7x28 sound suppressor	Attenuator	2	1	mods;suppressor
5cebec10d7f00c065703d185	FN PS90枪托	PS90枪托	FN PS90 stock	PS90	3	1	mods
5cebec38d7f00c00110a652a	FN P90 Ring Sight反射式瞄具	环形	FN P90 Ring Sight reflex sight	Ring Sight	1	1	mods
5cf12a15d7f00c05464b293f	M700 7.62x51 ProMag AA-70 20发容量弹匣	AA-70 20	M700 7.62x51 ProMag AA-70 20-round magazine	AA-70	1	2	mods
5cf13123d7f00c1085616a50	Promag Archangel M700 枪身套件	Archangel M700	M700 ProMag Archangel chassis	Archangel M700	3	1	mods
5cf4e3f3d7f00c06595bc7f0	5.45 Design Aggressor AK 护木	Aggressor	AK 5.45 Design Aggressor handguard	Aggressor	1	1	mods
5cf4fb76d7f00c065703d3ac	RTM Pillau 战术前握把	Pillau	RTM Pillau tactical foregrip	Pillau	1	1	mods
5cf50850d7f00c056e24104c	Strike Industries AK 增强型手枪式握把（黑色）	AK-EPG	AK Strike Industries Enhanced Pistol Grip (Black)	AK-EPG	1	1	mods;pistolGrip
5cf508bfd7f00c056e24104e	Strike Industries AK 增强型手枪式握把 (FDE)	AK-EPG	AK Strike Industries Enhanced Pistol Grip (FDE)	AK-EPG	1	1	mods;pistolGrip
5cf50fc5d7f00c056c53f83c	CAA AKTS AK74M 缓冲管	AKTS	AK-74M CAA AKTS AK74 buffer tube	AKTS AK74	2	1	mods
5cf518cfd7f00c065b422214	CAA AKTS AKM/AK-74 缓冲管	AKTS AKM	AKM/AK-74 CAA AKTS buffer tube	AKTS AKM	2	1	mods
5cf54404d7f00c108840b2ef	KGB MG-47 AK手枪式握把	MG-47	AK KGB MG-47 pistol grip	MG-47 AK	1	1	mods;pistolGrip
5cf638cbd7f00c06595bc936	NPZ USP-1 郁金香 4x 瞄准镜	USP-1	NPZ USP-1 Tyulpan 4x scope	USP-1	1	1	mods
5cf639aad7f00c065703d455	USP-1瞄准镜眼罩	USP-1眼罩	NPZ USP-1 scope eyecup	USP-1 cup	1	1	mods
5cf656f2d7f00c06585fb6eb	Strelok VS-24 + VS-33c AK 护木导气管套件	VS组合	AK Vezhlivyy Strelok VS-24 + VS-33c handguard with gas tube	VS Combo	2	1	mods
5cf67a1bd7f00c06585fb6f3	莫辛步枪Weapon Tuning 7.62x39螺纹转接器	WT1052	Mosin Rifle Weapon Tuning 7.62x39 thread adapter	WT1052	1	1	mods
5cf67cadd7f00c065a5abab7	SKS Weapon Tuning 7.62x39螺纹转换器	WT0032-1	SKS Weapon Tuning 7.62x39 thread adapter	WT0032_1	1	1	mods
5cf6935bd7f00c06585fb791	TACCOM Carbine Brake 9x19制退器	TACCOM	TACCOM Carbine Brake 9x19 muzzle brake	TACCOM	1	1	mods
5cf6937cd7f00c056c53fb39	Bulletec ST-6012 5.56x45 AR-15 膛口制退器	ST-6012	AR-15 Bulletec ST-6012 5.56x45 muzzle brake	ST6012 556	1	1	mods
5cf78496d7f00c065703d6ca	Lantac BMD 爆炸缓冲装置 螺纹转接器	BMD A3	Lantac BMD Blast Mitigation Device A3 direct thread adapter	BMD A3	1	1	mods
5cf78720d7f00c06595bc93e	Lantac BMD 7.62x51 爆炸缓冲装置	BMD	Lantac BMD 7.62x51 Blast Mitigation Device	BMD 762	1	1	mods
5cf79389d7f00c10941a0c4d	莫辛步枪Kiba Arms 7.62x54R定制螺纹转接器	Mosin螺纹	Mosin Rifle Kiba Arms 7.62x54R custom thread adapter	Mosin thr.	1	1	mods
5cf79599d7f00c10875d9212	莫辛步枪Tiger Rock 7.62x51螺纹转换器	TR	Mosin Rifle Tiger Rock 7.62x51 thread adapter	TR thr.	1	1	mods
5cf7acfcd7f00c1084477cf2	FN PS90上机匣	PS90上机匣	FN PS90 5.7x28 upper receiver	PS90	2	1	mods
5cf8f3b0d7f00c00217872ef	MaxRounds Powermag 12/76 20发SOK-12兼容武器弹匣	Powermag 20	SOK-12 12ga MaxRounds Powermag 20-round drum magazine	Powermag	2	2	mods
5cfe8010d7ad1a59283b14c6	X Products 7.62x39 AK X-47 50发弹鼓	X-47 7.62	AK 7.62x39 X Products X-47 50-round drum magazine	X-47 7.62	1	2	mods;noFlea
5cff9e5ed7ad1a09407397d4	Daniel Defence WAVE 5.56x45 AR-15 膛口制退器	WAVE 556	AR-15 Daniel Defense WAVE 5.56x45 muzzle brake	WAVE 556	1	1	mods
5cff9e84d7ad1a049e54ed55	Daniel Defence WAVE 快拆消音器	WAVE QD	Daniel Defense WAVE QD sound suppressor	WAVE QD	2	1	mods;suppressor
5d00e0cbd7ad1a6c6566a42d	Strike Industries Viper 卡宾枪规格 AR-15 M-LOK 护木	Viper	AR-15 Strike Industries Viper carbine length M-LOK handguard	AR15 Viper	2	1	mods
5d00ec68d7ad1a04a067e5be	JP Enterprises 5B 型 AR-15 导气系统	GS-5B	AR-15 JP Enterprises Gas System-5B	GS-5B	1	1	mods
5d00ede1d7ad1a0940739a76	Noveske SWS N6 10.5 英寸 AR-10 护木	N6 10.5"	AR-10 Noveske SWS N6 10.5 inch handguard	SWS N6 10.5"	2	1	mods
5d00ef6dd7ad1a0940739b16	Noveske SWS N6 AR-10 分体式护木	N6分体式	AR-10 Noveske SWS N6 Split handguard	SWS N6 Split	2	1	mods
5d00f63bd7ad1a59283b1c1e	Strike Industries Viper 卡宾枪规格 AR-15 M-LOK 护木 (FDE)	Viper	AR-15 Strike Industries Viper carbine length M-LOK handguard (FDE)	AR15 Viper	2	1	mods
5d010d1cd7ad1a59283b1ce7	HK MP5 CAA HX-5护木	HX-5	HK MP5 CAA HX-5 handguard	MP5 HX-5	2	1	mods
5d0236dad7ad1a0940739d29	Fab Defence UAS SKS 枪身套件	FD UAS枪托	SKS FAB Defense UAS chassis	UAS SKS	3	1	mods
5d023784d7ad1a049d4aa7f2	Fab Defence AG-58 SKS/VZ-58 手枪式握把	AG-58	SKS/VZ-58 FAB Defense AG-58 pistol grip	SKS AG-58	1	1	mods;pistolGrip
5d024f5cd7ad1a04a067e91a	Arbalet Patriot K+W基座	Patriot K+W	Mosin Rifle Arbalet Patriot K+W rail mount	Patriot K+W	1	1	mods
5d025cc1d7ad1a53845279ef	HK Ergo PSG-1 样式 AR-15 手枪式握把	Ergo	AR-15 HK Ergo PSG-1 style pistol grip	Ergo	1	1	mods;pistolGrip
5d02676dd7ad1a049e54f6dc	Nordic Corvette 5.56x45 AR-15补偿器	Corvette	AR-15 Nordic Components Corvette 5.56x45 compensator	Vette 556	1	1	mods
5d02677ad7ad1a04a15c0f95	Nordic Corvette 7.62x51 AR-10膛口制退器	Corvette	AR-10 Nordic Components Corvette 7.62x51 compensator	Vette 762	1	1	mods
5d026791d7ad1a04a067ea63	Fortis RED Brake 7.62x51 AR-10 膛口制退器	RED制退	AR-10 Fortis RED Brake 7.62x51 muzzle brake	RED 762	1	1	mods
5d02778e86f774203e7dedbe	CMS手术包	CMS	CMS surgical kit	CMS	2	1	meds;provisions;specialSlot
5d02797c86f774203f38e30a	Surv12野战手术包	Surv12	Surv12 field surgical kit	Surv12	3	1	meds;provisions;specialSlot
5d0375ff86f774186372f685	军用电缆	军用电缆	Military cable	MCable	2	1	barter
5d0376a486f7747d8050965c	军用电路板	MCB	Military circuit board	MCB	1	1	barter
5d03775b86f774203e7e0c4b	相控阵单元	AESA	Phased array element	AESA	2	2	barter
5d0377ce86f774186372f689	Iridium军用热成像模块	Iridium	Iridium military thermal vision module	Iridium	1	1	barter
5d03784a86f774203e7e0c4d	军用转速计	MGT	Military gyrotachometer	MGT	1	2	barter
5d0378d486f77420421a5ff4	军用电源滤波器	滤波器	Military power filter	PFilter	1	1	barter
5d03794386f77420415576f5	6-STEN-140-M军用电池	坦克电池	6-STEN-140-M military battery	Tank battery	4	2	barter
5d0379a886f77420407aa271	OFZ 30x165毫米炮弹	OFZ	OFZ 30x165mm shell	OFZ	1	2	barter
5d08d21286f774736e7c94c3	Shturman 的储物箱钥匙	SSK	Shturman's stash key	SSK	1	1	keys
5d0a29ead7ad1a0026013f27	KMZ 1P59 燕尾槽基座	1P59基座	KMZ 1P59 dovetail mount	1P59 mount	1	1	mods
5d0a29fed7ad1a002769ad08	KMZ 1P69 韦佛式基座	1P69基座	KMZ 1P69 Weaver mount	1P69 mount	2	1	mods
5d0a3a58d7ad1a669c15ca14	KMZ 1P59 3-10x步枪瞄准镜	1P59	KMZ 1P59 3-10x riflescope	1P59 3-10	2	1	mods
5d0a3e8cd7ad1a6f6a3d35bd	KMZ 1P69 3-10x步枪瞄准镜	1P69	KMZ 1P69 3-10x riflescope	1P69 3-10	2	1	mods
5d0b5cd3d7ad1a3fe32ad263	KMZ 1P59瞄准镜眼罩	1P59眼罩	KMZ 1P59 scope eyecup	1P59 cup	1	1	mods
5d10b49bd7ad1a1a560708b0	Insight AN/PEQ-2 战术设备	AN/PEQ-2	Insight AN/PEQ-2 tactical device	AN/PEQ-2	1	1	mods
5d120a10d7ad1a4e1026ba85	DoubleStar ACE SOCOM Gen.4 AR-15 枪托	ACE SOCOM	AR-15 DoubleStar ACE SOCOM Gen.4 stock	ACE SOCOM	2	1	mods
5d120a28d7ad1a1c8962e295	Double Star ACE 后座力缓冲垫	缓冲垫	DoubleStar ACE recoil pad	ACE pad	1	1	mods
5d122e7bd7ad1a07102d6d7f	KAC URX 3.1 10.75 英寸 AR-15 护木	URX3.1 10.75"	AR-15 KAC URX 3.1 10.75 inch handguard	URX3.1 10.75"	2	1	mods
5d123102d7ad1a004e475fe5	KAC URX 3 8 英寸 AR-15 护木	URX3 8"	AR-15 KAC URX 3 8 inch handguard	URX3 8"	2	1	mods
5d123a3cd7ad1a004e476058	KAC URX 3/3.1专用短款护木片	URX短	KAC URX 3/3.1 short panel	URX short	1	1	mods
5d123b70d7ad1a0ee35e0754	KAC URX 3/3.1专用长款护木片	URX长	KAC URX 3/3.1 long panel	URX long	1	1	mods
5d123b7dd7ad1a004f01b262	KAC URX 3/3.1 阻手护木片	URX阻手	KAC URX 3/3.1 stopper panel	URX stop	1	1	mods
5d124c01d7ad1a115c7d59fb	KAC URX 3/3.1专用短款护木片 (FDE)	URX短	KAC URX 3/3.1 short panel (FDE)	URX short	1	1	mods
5d124c0ed7ad1a10d168dd9b	KAC URX 3/3.1专用长款护木片 (FDE)	URX长	KAC URX 3/3.1 long panel (FDE)	URX long	1	1	mods
5d124c1ad7ad1a12227c53a7	KAC URX 3/3.1 阻手护木片 (FDE)	URX阻手	KAC URX 3/3.1 stopper panel (FDE)	URX stop	1	1	mods
5d133067d7ad1a33013f95b4	KAC URX 3英寸导轨	URX3 3"	KAC URX 3 3 inch rail	URX3 3"	1	1	mods
5d1340b3d7ad1a0b52682ed7	Magpul PMAG 30 GEN M3 5.56x45 STANAG 30发弹匣 (FDE)	GEN M3	AR-15 5.56x45 Magpul PMAG 30 GEN M3 STANAG 30-round magazine (FDE)	GEN M3	1	2	mods
5d1340bdd7ad1a0e8d245aab	Magpul PMAG 40 GEN M3 5.56x45 STANAG 40发弹匣 (FDE)	GEN M3	AR-15 5.56x45 Magpul PMAG 40 GEN M3 STANAG 40-round magazine (FDE)	GEN M3	1	3	mods
5d1340cad7ad1a0b0b249869	Magpul PMAG 30 GEN M3 W 5.56x45 STANAG 30发弹匣 (FDE)	GEN M3	AR-15 5.56x45 Magpul PMAG 30 GEN M3 W STANAG 30-round magazine (FDE)	GEN M3	1	2	mods
5d135e83d7ad1a21b83f42d8	Magpul CTR AR-15 卡宾枪托（黑色）	CTR	AR-15 Magpul CTR Carbine stock (Black)	CTR	2	1	mods
5d135ecbd7ad1a21c176542e	Magpul CTR AR-15 卡宾枪托 (FDE)	CTR FDE	AR-15 Magpul CTR Carbine stock (FDE)	CTR FDE	2	1	mods
5d15ce51d7ad1a1eff619092	Alfa Arms Goliaf AKS-74U护木	Goliaf	AKS-74U Alfa Arms Goliaf handguard	Goliaf	1	1	mods
5d15cf3bd7ad1a67e71518b2	Magpul MOE AR-15 手枪式握把 (FDE)	MOE	AR-15 Magpul MOE pistol grip (FDE)	MOE AR15	1	1	mods;pistolGrip
5d19cd96d7ad1a4a992c9f52	HK MP5 PTR三轨护木	三轨	HK MP5 PTR Tri-Rail handguard	MP5 Tri-Rail	2	1	mods
5d1b198cd7ad1a604869ad72	TDI AKM-L AK护木	AKM-L	AK TDI AKM-L handguard	AKM-L	1	1	mods
5d1b2f3f86f774252167a52c	FP-100过滤吸收器	FP-100	FP-100 filter absorber	FP-100	3	3	barter
5d1b2fa286f77425227d1674	电动马达	马达	Electric motor	Motor	2	2	barter
5d1b2ffd86f77425243e8d17	NIXXOR镜头	NIXXOR	NIXXOR lens	NIXXOR	1	1	barter
5d1b304286f774253763a528	完好的液晶显示屏	LCD	Working LCD	LCD	1	2	barter
5d1b309586f77425227d1676	损坏的液晶显示屏	坏掉的LCD	Broken LCD	BrokenLCD	1	2	barter
5d1b313086f77425227d1678	相位控制继电器	继电器	Phase control relay	Relay	1	1	barter
5d1b317c86f7742523398392	手摇钻	手钻	Hand drill	Hand drill	3	2	barter
5d1b31ce86f7742523398394	圆嘴钳	R形钳	Round pliers	RPliers	1	1	barter
5d1b327086f7742525194449	压力表	压力表	Pressure gauge	PGauge	2	1	barter
5d1b32c186f774252167a530	模拟温度计	温度计	Analog thermometer	Therm.	1	2	barter
5d1b33a686f7742523398398	纯净水	Superwater	Canister with purified water	Superwater	2	2	barter;provisions
5d1b36a186f7742523398433	金属燃料桶	金属桶	Metal fuel tank	Fuel	2	3	barter
5d1b371186f774253763a656	野营燃料桶	塑料桶	Expeditionary fuel tank	Fuel	2	2	barter
5d1b376e86f774252519444e	“凶狠跑刀崽”私酒	私酒	Bottle of Fierce Hatchling moonshine	Moonshine	1	2	provisions
5d1b385e86f774252167b98a	滤水器	过滤器	Water filter	WFilter	1	2	barter
5d1b392c86f77425243e98fe	电灯泡	灯泡	Light bulb	Bulb	1	1	barter
5d1b39a386f774252339976f	硅胶管	管子	Silicone tube	Tube	1	1	barter
5d1b3a5d86f774252167ba22	一堆药	药	Pile of meds	Meds	1	1	barter
5d1b3f2d86f774253763b735	一次性注射器	注射器	Disposable syringe	Syringe	1	1	barter
5d1b5e94d7ad1a2b865a96b0	FLIR RS-32 2.25-9x 35毫米 60Hz热成像步枪瞄准镜	FLIR RS-32	FLIR RS-32 2.25-9x 35mm 60Hz thermal riflescope	FLIR RS-32	2	1	mods;noFlea
5d1c702ad7ad1a632267f429	Fab Defence GLR-17 Glock 枪托	GLR-17	Glock FAB Defense GLR-17 stock	GLR-17	2	1	mods
5d1c774f86f7746d6620f8db	螺旋散热器	散热器	Radiator helix	Helix	1	1	barter
5d1c819a86f774771b0acd6c	武器零件	武器零件	Weapon parts	WParts	2	1	barter
5d1f819086f7744b355c219b	Daniel Defence WAVE 7.62x51 AR-10 膛口制退器	WAVE 762	AR-10 Daniel Defense WAVE 7.62x51 muzzle brake	WAVE 762	1	1	mods
5d23376786f77459bb77d838	FN P90 5.7x28 冲锋枪 默认	P90 默认	FN P90 5.7x28 submachine gun Default	P90 Default	3	2	preset
5d23404b86f7740d62079098	FN P90 5.7x28 冲锋枪 SBR	P90 SBR	FN P90 5.7x28 submachine gun SBR	P90 SBR	4	2	preset
5d2340e986f77461496241bc	FN P90 5.7x28 冲锋枪 CWDG	P90 CWDG	FN P90 5.7x28 submachine gun CWDG	P90 CWDG	4	2	preset
5d23424c86f7740d5e50ce65	FN P90 5.7x28 冲锋枪 SBRT	P90 SBRT	FN P90 5.7x28 submachine gun SBRT	P90 SBRT	4	2	preset
5d23467086f77443f37fc602	ASh-12 12.7x55 突击步枪 默认	ASh-12 默认	ASh-12 12.7x55 assault rifle Default	ASh-12 Default	4	2	preset
5d235a5986f77443f6329bc6	黄金骷髅指环	骷髅指环	Gold skull ring	Skull	1	1	barter
5d235b4d86f7742e017bc88a	GP币	GP	GP coin	GP	1	1	barter;noFlea
5d235bb686f77443f4331278	SICC 收纳包	SICC	S I C C organizational pouch	S I C C	2	1	container;markedOnly
5d2369418abbc306c62e0c80	Steiner DBAL-PL 战术装置	DBAL-PL	Steiner DBAL-PL tactical device	DBAL-PL	1	1	mods
5d25a4a98abbc30b917421a4	M700 7.62x51 AICS 5发容量弹匣	AICS 5发	M700 7.62x51 AI AICS 5-round magazine	AICS	1	1	mods
5d25a6538abbc306c62e630d	M700 7.62x51 AICS 10发容量弹匣	AICS 10发	M700 7.62x51 AI AICS 10-round magazine	AICS	1	2	mods
5d25a6a48abbc306c62e6310	M700 7.62x51 MDT AICS 12发弹匣	MDT 12发	M700 7.62x51 MDT AICS 12-round magazine	MDT	1	2	mods
5d25a7b88abbc3054f3e60bc	M700 7.62x51 Magpul PMAG AC 10发容量弹匣	PMAG AC	M700 7.62x51 Magpul PMAG AC 10-round magazine	PMAG AC	1	2	mods
5d25af8f8abbc3055079fec5	M700 7.62x51 ProMag AA-70 10发容量弹匣	AA-70	M700 7.62x51 ProMag AA-70 10-round magazine	AA-70	1	1	mods
5d25d0ac8abbc3054f3e61f7	AI AT AICS M700 聚合物枪身	AICS M700	M700 AI AT AICS polymer chassis	AICS M700	4	1	mods
5d2702e88abbc31ed91efc44	26 英寸 M700 不锈钢枪管 7.62x51	M700 26"	M700 7.62x51 26 inch stainless steel barrel	M700 26"	4	1	mods
5d2703038abbc3105103d94c	20 英寸 M700 不锈钢螺纹枪管 7.62x51	M700 20"	M700 7.62x51 20 inch stainless steel threaded barrel	M700 20"	3	1	mods
5d270b3c8abbc3105335cfb8	M700螺纹保护帽	M700护帽	M700 thread protector	M700 thr.	1	1	mods
5d270ca28abbc31ee25ee821	M700 不锈钢螺纹枪管保护帽	M700护帽	M700 stainless steel thread protector	M700 thr.	1	1	mods
5d2c76ed48f03532f2136169	AKademia Bastion AK 导轨防尘盖	Bastion	AK AKademia Bastion dust cover	Bastion	2	1	mods
5d2c770c48f0354b4a07c100	FAB Defense PDC АК 导轨防尘盖	PDC	AK FAB Defense PDC dust cover	PDC	2	1	mods
5d2c772c48f0355d95672c25	TWS Dog Leg АК 导轨防尘盖	Dog leg	AK TWS Dog Leg Rail dust cover	Dog Leg Rail	2	1	mods
5d2c829448f0353a5c7d6674	CAF WASR-10/63 木制握把护木	WASR	WASR-10/63 CAF wooden foregrip	WASR	1	1	mods
5d2da1e948f035477b1ce2ba	Trijicon SRS-02反射式瞄具	SRS-02	Trijicon SRS-02 reflex sight	SRS-02	1	1	mods
5d2dc3e548f035404a1a4798	Monstrum 紧凑战术棱镜式瞄准镜 2x32	Monstr. 2x32	Monstrum Tactical Compact Prism Scope 2x32	Compact 2x32	2	1	mods
5d2f0d8048f0356c925bc3b0	HK MP5K 9x19 微型冲锋枪	MP5K-N	HK MP5K 9x19 submachine gun	MP5K-N	1	1	gun;wearable	Caliber9x19PARA
5d2f213448f0355009199284	HK MP5 9x19 20发弹匣	MP5	HK MP5 9x19 20-round magazine	MP5	1	1	mods
5d2f259b48f0355a844acd74	HK MP5K 聚合物护木	MP5K	HK MP5K polymer handguard	MP5K	1	1	mods
5d2f25bc48f03502573e5d85	HK MP5K机匣尾盖	尾盖	HK MP5K End Cap stock	EndCap	1	1	mods
5d2f261548f03576f500e7b7	HK MP5K 9x19上机匣	MP5K	HK MP5K 9x19 upper receiver	MP5K	2	1	mods
5d2f2d5748f03572ec0c0139	MP5K 拉机柄	MP5k拉机柄	HK MP5K cocking handle	MP5K CH	1	1	mods
5d383e1a86f7742a1468ce63	雷明顿Model 700 7.62x51 狙击步枪 AICS	M700 AICS	Remington Model 700 7.62x51 bolt-action sniper rifle AICS	M700 AICS	5	2	preset
5d383ee786f7742a15793860	雷明顿Model 700 7.62x51 狙击步枪 ARCH	M700 ARCH	Remington Model 700 7.62x51 bolt-action sniper rifle ARCH	M700 ARCH	5	2	preset
5d383f5d86f7742a15793872	雷明顿Model 700 7.62x51 狙击步枪 PRO	M700 PRO	Remington Model 700 7.62x51 bolt-action sniper rifle PRO	M700 PRO	5	2	preset
5d38517786f7742a1468cf6a	雷明顿Model 700 7.62x51 狙击步枪 MRS	M700 MRS	Remington Model 700 7.62x51 bolt-action sniper rifle MRS	M700 MRS	5	2	preset
5d3eb3b0a4b93615055e84d2	FN Five-seveN MK2 5.7x28 手枪	FN 5-7	FN Five-seveN MK2 5.7x28 pistol	FN 5-7	2	1	gun;wearable	Caliber57x28
5d3eb44aa4b93650d64e4979	Five-seveN MK2手枪套筒	57套筒	FN Five-seveN MK2 pistol slide	5-7	2	1	mods
5d3eb4aba4b93650d64e497d	Five-seveN标准照门	57照门	FN Five-seveN MK2 rear sight	5-7 RS	1	1	mods
5d3eb536a4b9363b1f22f8e2	Five-seveN MK2标准准星	57准星	FN Five-seveN MK2 front sight	5-7 FS	1	1	mods
5d3eb59ea4b9361c284bb4b2	Five-seveN 5.7x28螺纹枪管	5-7螺纹	FN Five-seveN 5.7x28 120mm threaded barrel	5-7 thr.	1	1	mods
5d3eb5b6a4b9361eab311902	Five-seveN 5.7x28枪管	57 5.7x28	FN Five-seveN 5.7x28 120mm barrel	5-7 barrel	1	1	mods
5d3eb5eca4b9363b1f22f8e4	Five-seveN 5.7x28 20发弹匣	5.7x28 57弹匣	FN Five-seveN 5.7x28 20-round magazine	5-7	1	1	mods
5d3ef698a4b9361182109872	Gemtech SFN-57 5.7x28毫米消音器	SFN-57	Gemtech SFN-57 5.7x28 sound suppressor	SFN-57	2	1	mods;suppressor
5d3f06c886f7743bb5318c6a	HK MP5K 9x19 微型冲锋枪 默认	MP5K-N 默认	HK MP5K 9x19 submachine gun Default	MP5K-N Default	2	1	preset
5d3f0bc986f7743cb332abdc	伯莱塔 M9A3 9x19 手枪 默认	M9A3 默认	Beretta M9A3 9x19 pistol Default	M9A3 Default	2	1	preset
5d403f9186f7743cac3f229b	Dan Jackiel瓶装威士忌	威士忌	Bottle of Dan Jackiel whiskey	Whiskey	1	2	provisions
5d40407c86f774318526545a	Tarkovskaya瓶装伏特加	伏特加	Bottle of Tarkovskaya vodka	Vodka	1	2	provisions
5d40412b86f7743cb332ac3a	Schaman洗发水	洗发水	Schaman shampoo	Shampoo	1	2	barter
5d40419286f774318526545f	金属切割剪刀	切割剪刀	Metal cutting scissors	MScissors	1	2	barter
5d4041f086f7743cac3f22a7	Ortodontox牙膏	Ortodontox	Ortodontox toothpaste	Ortodontox	1	1	barter
5d40425986f7743185265461	剪线钳	剪线钳	Nippers	Nippers	1	1	barter
5d4042a986f7743185265463	长平头螺丝刀	长平头	Flat screwdriver (Long)	L&F scdr.	1	2	barter
5d43021ca4b9362eab4b5e25	Lone Star TX-15 DML 5.56x45 半自动卡宾枪	TX-15 DML	Lone Star TX-15 DML 5.56x45 carbine	TX-15 DML	1	1	gun;wearable	Caliber556x45NATO
5d4405aaa4b9361e6a4e6bd3	TX15 轻量化上机匣	TX15轻量化	TX-15 5.56x45 Lightweight upper receiver	TX15 LW	2	1	mods
5d4405f0a4b9361e6a4e6bd9	Lone Star Ion Lite AR-15 护木	Ion Lite	AR-15 Lone Star Ion Lite handguard	Ion Lite	3	1	mods
5d440625a4b9361eec4ae6c5	Thunder Beast Arms 223CB 5.56x45 AR-15 膛口制退器	223CB	AR-15 Thunder Beast Arms 223CB 5.56x45 muzzle brake	223CB	1	1	mods
5d44064fa4b9361e4f6eb8b5	Thunder Beast Ultra 5声音抑制器	Ultra 5	Thunder Beast Arms Ultra 5 sound suppressor	Ultra 5	2	1	mods;suppressor
5d44069ca4b9361ebd26fc37	Magpul PRS GEN3 AR-15 枪托（黑色）	PRS GEN3	AR-15 Magpul PRS GEN3 stock (Black)	PRS GEN3	2	1	mods
5d4406a8a4b9361e4f6eb8b7	Magpul PRS GEN3 AR-15 枪托（灰色）	PRS GEN3	AR-15 Magpul PRS GEN3 stock (Grey)	PRS GEN3	2	1	mods
5d440b93a4b9364276578d4b	18 英寸 AR-15 枪管 5.56x45	AR-15 18"	AR-15 5.56x45 18 inch barrel	AR-15 18"	3	1	mods
5d440b9fa4b93601354d480c	20 英寸 AR-15 枪管 5.56x45	AR-15 20"	AR-15 5.56x45 20 inch barrel	AR-15 20"	4	1	mods
5d44334ba4b9362b346d1948	雷电 Raptor AR-15 拉机柄（钨灰色）	Raptor	AR-15 Radian Weapons Raptor charging handle (Tungsten Grey)	Raptor	1	1	mods
5d443f8fa4b93678dd4a01aa	Thunder Beast Arms 30CB 7.62x51 AR-10 膛口制退器	30CB	AR-10 Thunder Beast Arms 30CB 7.62x51 muzzle brake	30CB	1	1	mods
5d4aaa54a4b9365392071170	TDI AKM-L 护木（电镀红）	AKM-L	AK TDI AKM-L handguard (Anodized Red)	AKM-L	1	1	mods
5d4aaa73a4b9365392071175	TDI AKM-L 护木（电镀棕）	AKM-L	AK TDI AKM-L handguard (Anodized Bronze)	AKM-L	1	1	mods
5d4aab30a4b9365435358c55	Strelok VS-24 + VS-33c AK 护木导气管套件（白色）	VS组合	AK Vezhlivyy Strelok VS-24 + VS-33c handguard with gas tube (White)	VS Combo	2	1	mods
5d4d617f86f77449c463d107	Lone Star TX-15 DML 5.56x45 半自动卡宾枪 默认	TX-15 DML 默认	Lone Star TX-15 DML 5.56x45 carbine Default	TX-15 DML Default	6	2	preset
5d51290186f77419093e7c24	FN Five-seveN MK2 5.7x28 手枪 默认	FN 5-7 默认	FN Five-seveN MK2 5.7x28 pistol Default	FN 5-7 Default	2	1	preset
5d5d646386f7742797261fd9	6B3TM-01 防弹胸挂（卡其色）	6B3TM-01	6B3TM-01 armored rig (Khaki)	6B3TM-01	3	4	armor;rig;wearable
5d5d85c586f774279a21cbdb	Haley Strategic D3CRX 胸挂（丛林绿）	D3CRX	Haley Strategic D3CRX Chest Harness (Ranger Green)	D3CRX	3	3	rig;wearable
5d5d87f786f77427997cfaef	Ars Arma A18 Skanda 插板胸挂（复合迷彩）	A18	Ars Arma A18 Skanda plate carrier (MultiCam)	A18 Skanda	4	3	armor;rig;wearable
5d5d8ca986f7742798716522	SOE微型胸挂	微型胸挂	SOE Micro Rig (MultiCam)	Micro Rig	2	3	rig;wearable
5d5d940f86f7742797262046	Oakley Mechanism 重型背包（黑色）	Mechanism	Oakley Mechanism heavy duty backpack (Black)	Mechanism	5	5	backpack;wearable
5d5e7d28a4b936645d161203	MSA ACH TC-2001 MICH系列头盔	TC-2001	MSA ACH TC-2001 MICH Series helmet (Olive Drab)	TC-2001	2	2	helmet;wearable
5d5e9c74a4b9364855191c40	MSA ACH TC-2002 MICH系列头盔	TC-2002	MSA ACH TC-2002 MICH Series helmet (Olive Drab)	TC-2002	2	2	helmet;wearable
5d5fca1ea4b93635fd598c07	Crossbow战术目镜	Crossbow	ESS Crossbow tactical glasses	Crossbow	2	1	glasses;wearable
5d63d33b86f7746ea9275524	平头螺丝刀	平头	Flat screwdriver	F scdr.	1	1	barter
5d67abc1a4b93614ec50137f	FN Five-seveN MK2 5.7x28 手枪 (FDE)	FN 5-7 FDE	FN Five-seveN MK2 5.7x28 pistol (FDE)	FN 5-7 FDE	2	1	gun;wearable	Caliber57x28
5d6d2e22a4b9361bd5780d05	Oakley SI Gascan 墨镜	Gascan	Oakley SI Gascan glasses	Gascan	2	1	glasses;wearable
5d6d2ef3a4b93618084f58bd	雷硼飞行员墨镜	飞行墨镜	RayBench Aviator glasses	Aviator	2	1	glasses;wearable
5d6d3716a4b9361bc8618872	BNTI LShZ-2DTM 头盔（黑色）	LSHZ-2DTM	BNTI LShZ-2DTM helmet (Black)	LShZ-2DTM	2	2	helmet;wearable
5d6d3829a4b9361bc8618943	LSHZ-2DTM面罩	2DTM面罩	LShZ-2DTM face shield	2DTM FS	2	1	glasses;wearable
5d6d3943a4b9360dbc46d0cc	LSHZ-2DTM 伪装罩	伪装罩	LShZ-2DTM cover (Black)	LShZ-2DTM	1	1	wearable
5d6d3be5a4b9361bc73bc763	LSHZ-2DTM 护颈	护颈	LShZ-2DTM aventail	Aventail	2	1	wearable
5d6e6772a4b936088465b17c	12/70 5.25毫米鹿弹	5.25 12c	12/70 5.25mm buckshot	5.25mm	1	1	ammo;noFlea	Caliber12g
5d6e67fba4b9361bc73bc779	12/70 Express 6.5 毫米鹿弹	6.5 12c	12/70 6.5mm Express buckshot	Express	1	1	ammo;noFlea	Caliber12g
5d6e6806a4b936088465b17e	12/70 Magnum 8.5 毫米鹿弹	8.5 12с	12/70 8.5mm Magnum buckshot	Magnum	1	1	ammo;noFlea	Caliber12g
5d6e6869a4b9361c140bcfde	12/70 Grizzly 40独头弹	Grizzly	12/70 Grizzly 40 slug	Grizzly 40	1	1	ammo;noFlea	Caliber12g
5d6e6891a4b9361bd473feea	12/70 Poleva-3 独头弹	P-3 12c	12/70 Poleva-3 slug	Poleva-3	1	1	ammo;noFlea	Caliber12g
5d6e689ca4b9361bc8618956	12/70 Poleva-6U 独头弹	P-6u 12c	12/70 Poleva-6u slug	Poleva-6u	1	1	ammo;noFlea	Caliber12g
5d6e68a8a4b9360b6c0d54e2	12/70 AP-20 穿甲独头弹	AP-20	12/70 AP-20 armor-piercing slug	AP-20	1	1	ammo;noFlea	Caliber12g
5d6e68b3a4b9361bca7e50b5	12/70 Copper Sabot Premier 空尖独头弹	CSP	12/70 Copper Sabot Premier HP slug	CSP	1	1	ammo;noFlea	Caliber12g
5d6e68c4a4b9361b93413f79	12/70 .50 BMG 简易独头弹	.50 BMG	12/70 makeshift .50 BMG slug	.50 BMG	1	1	ammo;noFlea	Caliber12g
5d6e68d1a4b93622fe60e845	12/70 SuperFormance 空尖独头弹	SF	12/70 SuperFormance HP slug	SFormance	1	1	ammo;noFlea	Caliber12g
5d6e68dea4b9361bcc29e659	12/70 Dual Sabot 独头弹	2-Sabot	12/70 Dual Sabot slug	DualSabot	1	1	ammo;noFlea	Caliber12g
5d6e68e6a4b9361c140bcfe0	12/70 FTX Custom Lite独头弹	FTX	12/70 FTX Custom Lite slug	FTX	1	1	ammo;noFlea	Caliber12g
5d6e6911a4b9361bd5780d52	12/70 箭形弹	箭形弹	12/70 flechette	Flechette	1	1	ammo;noFlea	Caliber12g
5d6e695fa4b936359b35d852	20/70 5.6毫米鹿弹	5.6 20c	20/70 5.6mm buckshot	5.6mm	1	1	ammo;noFlea	Caliber20g
5d6e69b9a4b9361bc8618958	20/70 6.2毫米鹿弹	6.2 20k	20/70 6.2mm buckshot	6.2mm	1	1	ammo;noFlea	Caliber20g
5d6e69c7a4b9360b6c0d54e4	20/70 7.3毫米鹿弹	7.3 20c	20/70 7.3mm buckshot	7.3mm	1	1	ammo;noFlea	Caliber20g
5d6e6a05a4b93618084f58d0	20/70 Star独头弹	20/70独头弹	20/70 Star slug	Star	1	1	ammo;noFlea	Caliber20g
5d6e6a42a4b9364f07165f52	20/70 Poleva-6U 独头弹	P-6u 20c	20/70 Poleva-6u slug	Poleva-6u	1	1	ammo;noFlea	Caliber20g
5d6e6a53a4b9361bd473feec	20/70 Poleva-3 独头弹	P-3 20c	20/70 Poleva-3 slug	Poleva-3	1	1	ammo;noFlea	Caliber20g
5d6e6a5fa4b93614ec501745	20/70 Devastator独头弹	Dev.	20/70 Devastator slug	Devastator	1	1	ammo;noFlea	Caliber20g
5d6fc78386f77449d825f9dc	“Eagle”火药	火药	Gunpowder "Eagle"	Eagle	1	2	barter
5d6fc87386f77449db3db94e	“Hawk”火药	火药	Gunpowder "Hawk"	Hawk	1	2	barter
5d7b6bafa4b93652786f4c76	FN RMR 5-7 Mk.2基座	57 RMR基座	FN Five-seveN MK2 RMR mount	5-7 RMR	1	1	mods
5d7b845786f7743c1e531da7	FN Five-seveN MK2 5.7x28 手枪 (FDE) 默认	FN 5-7 FDE 默认	FN Five-seveN MK2 5.7x28 pistol (FDE) Default	FN 5-7 FDE Default	3	1	preset
5d80c60f86f77440373c4ece	RB-BK 符号钥匙	RB-BK	RB-BK marked key	RB-BK	1	1	keys
5d80c62a86f7744036212b3f	RB-VO 符号钥匙	RB-VO	RB-VO marked key	RB-VO	1	1	keys
5d80c66d86f774405611c7d6	RB-AO钥匙	RB-AO	RB-AO key	RB-AO	1	1	keys
5d80c6c586f77440351beef1	RB-OB钥匙	RB-OB	RB-OB key	RB-OB	1	1	keys
5d80c6fc86f774403a401e3c	RB-TB钥匙	RB-TB	RB-TB key	RB-TB	1	1	keys
5d80c78786f774403a401e3e	RB-AK钥匙	RB-AK	RB-AK key	RB-AK	1	1	keys
5d80c88d86f77440556dbf07	RB-AM钥匙	RB-AM	RB-AM key	RB-AM	1	1	keys
5d80c8f586f77440373c4ed0	RB-OP钥匙	RB-OP	RB-OP key	RB-OP	1	1	keys
5d80c93086f7744036212b41	RB-MP11钥匙	RB-MP11	RB-MP11 key	RB-MP11	1	1	keys
5d80c95986f77440351beef3	RB-MP12钥匙	RB-MP12	RB-MP12 key	RB-MP12	1	1	keys
5d80ca9086f774403a401e40	RB-MP21钥匙	RB-MP21	RB-MP21 key	RB-MP21	1	1	keys
5d80cab086f77440535be201	RB-MP22钥匙	RB-MP22	RB-MP22 key	RB-MP22	1	1	keys
5d80cb3886f77440556dbf09	RB-PSP1钥匙	RB-PSP1	RB-PSP1 key	RB-PSP1	1	1	keys
5d80cb5686f77440545d1286	RB-PSV1钥匙	RB-PSV1	RB-PSV1 key	RB-PSV1	1	1	keys
5d80cb8786f774405611c7d9	RB-PP钥匙	RB-PP	RB-PP key	RB-PP	1	1	keys
5d80cbd886f77470855c26c2	RB-MP13钥匙	RB-MP13	RB-MP13 key	RB-MP13	1	1	keys
5d80ccac86f77470841ff452	RB-ORB1钥匙	RB-ORB1	RB-ORB1 key	RB-ORB1	1	1	keys
5d80ccdd86f77474f7575e02	RB-ORB2钥匙	RB-ORB2	RB-ORB2 key	RB-ORB2	1	1	keys
5d80cd1a86f77402aa362f42	RB-ORB3钥匙	RB-ORB3	RB-ORB3 key	RB-ORB3	1	1	keys
5d8e0db586f7744450412a42	RB-KORL钥匙	RB-KORL	RB-KORL key	RB-KORL	1	1	keys
5d8e0e0e86f774321140eb56	RB-KPRL钥匙	RB-KPRL	RB-KPRL key	RB-KPRL	1	1	keys
5d8e15b686f774445103b190	水电站仓库钥匙	水电站	HEP station storage room key	HEPS	1	1	keys
5d8e3ecc86f774414c78d05e	RB-GN钥匙	RB-GN	RB-GN key	RB-GN	1	1	keys
5d947d3886f774447b415893	RB-SMP钥匙	RB-SMP	RB-SMP key	RB-SMP	1	1	keys
5d947d4e86f774447b415895	RB-KSM钥匙	RB-KSM	RB-KSM key	RB-KSM	1	1	keys
5d95d6be86f77424444eb3a7	RB-PSV2钥匙	RB-PSV2	RB-PSV2 key	RB-PSV2	1	1	keys
5d95d6fa86f77424484aa5e9	RB-PSP2钥匙	RB-PSP2	RB-PSP2 key	RB-PSP2	1	1	keys
5d96141523f0ea1b7f2aacab	Door Kicker 奔尼帽	Door Kicker	Door Kicker boonie hat	Door Kicker	2	2	wearable
5d9f1fa686f774726974a992	RB-ST钥匙	RB-ST	RB-ST key	RB-ST	1	1	keys
5da46e3886f774653b7a83fe	RB-RS钥匙	RB-RS	RB-RS key	RB-RS	1	1	keys
5da5cdcd86f774529238fb9b	RB-RH钥匙	RB-RH	RB-RH key	RB-RH	1	1	keys
5da743f586f7744014504f72	USEC 仓库钥匙	USEC	USEC stash key	USEC	1	1	keys
5dcbd56fdbd3d91b3e5468d5	沙漠科技 MDR 7.62x51 突击步枪	MDR	Desert Tech MDR 7.62x51 assault rifle	MDR	2	1	gun;noFlea;wearable	Caliber762x51
5dcbd6b46ec07c0c4347a564	MDR 护木（黑色）	MDR 黑	MDR handguard (Black)	MDR	2	1	mods
5dcbd6dddbd3d91b3e5468de	MDR 手枪式握把（黑色）	MDR 黑	MDR pistol grip (Black)	MDR	1	1	mods;pistolGrip
5dcbe9431e1f4616d354987e	16 英寸 MDR 枪管 7.62x51	MDR 762 16"	MDR 7.62x51 16 inch barrel	MDR 762 16"	3	1	mods
5dcbe965e4ed22586443a79d	沙漠科技 7.62x51 AR-10 消焰器	MDR 762	AR-10 Desert Tech 7.62x51 flash hider	MDR 762	1	1	mods
5dd7f8c524e5d7504a4e3077	AK-74 5.45x39 突击步枪 Plum	AK-74 Plum	Kalashnikov AK-74 5.45x39 assault rifle Plum	AK-74 Plum	5	2	preset
5dd800bde492226366631317	AK-104 7.62x39 突击步枪 T-SAW	AK-104 T-SAW	Kalashnikov AK-104 7.62x39 assault rifle T-SAW	AK-104 T-SAW	4	2	noFlea;preset
5dd800eae49222636663133b	柯尔特 M4A1 5.56x45 卡宾枪 SAI	M4A1 SAI	Colt M4A1 5.56x45 assault rifle SAI	M4A1 SAI	4	2	noFlea;preset
5dd8013ff4c3af18c507b10a	Lone Star TX-15 DML 5.56x45 半自动卡宾枪 D-WARRIOR	TX-15 DML D-WARRIOR	Lone Star TX-15 DML 5.56x45 carbine D-WARRIOR	TX-15 DML D-WARRIOR	5	2	preset
5ddbbeac582ed30a6134e577	Saiga-12K ver.10 12铅径半自动霰弹枪 NERFGUN	Saiga-12K NERFGUN	Saiga-12K ver.10 12ga semi-automatic shotgun NERFGUN	Saiga-12K NERFGUN	6	2	noFlea;preset
5de652c31b7e3716273428be	VPO-215 雪貂 .366 TKM 栓动式步枪	VPO-215 雪貂	Molot Arms VPO-215 Gornostay .366 TKM bolt-action rifle	VPO-215 Gornostay	1	1	gun;wearable	Caliber366TKM
5de653abf76fdc1ce94a5a2a	VPO-215 .366 TKM 4发弹匣	VPO-215	VPO-215 .366 TKM 4-round magazine	VPO-215	1	1	mods
5de65547883dde217541644b	VPO-215-02 .366TKM 600 毫米枪管	215 600mm	VPO-215-02 .366TKM 600mm barrel	215 600mm	3	1	mods
5de6556a205ddc616a6bc4f7	VPO-215螺纹保护帽	215护帽	VPO-215 thread protector	215 thr.	1	1	mods
5de6558e9f98ac2bc65950fc	VPO-215 瞄准镜导轨基座	215导轨	VPO-215 scope rail mount	215 rail	2	1	mods
5de655be4a9f347bc92edb88	VPO-215 木制枪托	VPO-215	VPO-215 wooden stock	VPO-215	4	1	mods
5de7bd7bfd6b4e6e2276dc25	B&T MP9-N 9x19 冲锋枪	MP9-N	B&T MP9-N 9x19 submachine gun	MP9-N	2	1	gun;wearable	Caliber9x19PARA
5de8e67c4a9f347bc92edbd7	B&T MP9-N 9x19 SMG上机匣	MP9-N机匣	MP9-N 9x19 upper receiver	MP9-N	2	1	mods
5de8e8dafd6b4e6e2276dc32	MP9 9x19标准15发弹匣	MP9 15	MP9 9x19 15-round magazine	MP9	1	1	mods
5de8ea8ffd6b4e6e2276dc35	MP9 9x19标准20发弹匣	MP9 20	MP9 9x19 20-round magazine	MP9	1	1	mods
5de8eaadbbaf010b10528a6d	MP9 9x19标准25发弹匣	MP9 25	MP9 9x19 25-round magazine	MP9	1	2	mods
5de8eac42a78646d96665d91	MP9 9x19标准30发弹匣	MP9 30	MP9 9x19 30-round magazine	MP9	1	2	mods
5de8f237bbaf010b10528a70	MP9 9x19消音器转接器	B&T基座	MP9 9x19 sound suppressor mount	MP9 adpt.	1	1	mods
5de8f2d5b74cd90030650c72	B&T MP9 9x19毫米声音抑制器	MP9	MP9 9x19 sound suppressor	MP9	2	1	mods;suppressor
5de8fb539f98ac2bc659513a	B&T MP9标准照门	MP9照门	MP9 rear sight	MP9 RS	1	1	mods
5de8fbad2fbe23140d3ee9c4	B&T MP9垂直握把	MP9 VFG	MP9-N vertical foregrip	MP9 VFG	1	1	mods
5de8fbf2b74cd90030650c79	B&T MP9底轨	B&T底	MP9 bottom rail	MP9 bottom	1	1	mods
5de8fc0b205ddc616a6bc51b	B&T MP9侧轨	B&T侧v	MP9 side rail	MP9 side	1	1	mods
5de910da8b6c4240ba2651b5	B&T MP9常规枪托	MP9枪托	MP9 stock	MP9	2	1	mods
5de922d4b11454561e39239f	B&T MP9拉机柄	MP9拉机柄	MP9 charging handle	MP9 CH	1	1	mods
5df24cf80dee1b22f862e9bc	ORSIS T-5000M 7.62x51 栓动式狙击步枪	T-5000M	ORSIS T-5000M 7.62x51 bolt-action sniper rifle	T-5000M	1	1	gun;wearable	Caliber762x51
5df256570dee1b22f862e9c4	660毫米T-5000枪管 .308	T-5000M 660mm	ORSIS T-5000M 7.62x51 660mm barrel	T-5000M 660mm	3	1	mods
5df25b6c0b92095fd441e4cf	.308 T-5000 5发弹匣	T-5000 5发	ORSIS T-5000M 7.62x51 5-round magazine	T-5000M	1	1	mods
5df25d3bfd6b4e6e2276dc9a	Orsis T-5000护木	T-5000护木	ORSIS T-5000M handguard	T-5000M	2	1	mods
5df35ddddfc58d14537c2036	Orsis T-5000M枪托	T-5000M枪托	ORSIS T-5000M stock	T-5000M	2	1	mods
5df35e59c41b2312ea3334d5	Orsis T-5000 铝枪体	T-5000枪托	ORSIS T-5000M aluminium body	T-5000M body	2	1	mods
5df35e7f2a78646d96665dd4	ORSIS T-5000M 7.62x51膛口制退器	T-5000M制退器	ORSIS T-5000M 7.62x51 muzzle brake	T-5000M	1	1	mods
5df35e970b92095fd441e4d2	Orsis T-5000M瞄准镜基座	T-5000基座	ORSIS T-5000M scope mount	T-5000M	2	1	mods
5df35ea9c41b2312ea3334d8	Oris长导轨	Orsis长	ORSIS T-5000M long length rail	ORSIS long	1	1	mods
5df35eb2b11454561e3923e2	Oris中导轨	Orsis中	ORSIS T-5000M medium length rail	ORSIS med.	1	1	mods
5df36948bb49d91fb446d5ad	T-5000护垫	T-5000护垫	ORSIS T-5000M padded handguard grip	T-5000M pad	1	1	mods
5df38a5fb74cd90030650cb6	Orsis T-5000手枪式握把	T-5000握把	ORSIS T-5000M pistol grip	T-5000M	1	1	mods;pistolGrip
5df8a2ca86f7740bfe6df777	6B2 防弹衣（丛林迷彩）	6B2	6B2 body armor (Flora)	6B2	3	3	armor;wearable
5df8a42886f77412640e2e75	Velocity Systems多用途巡逻背心	MPPV	Velocity Systems MPPV Multi-Purpose Patrol Vest (Wolf Grey)	MPPV	4	3	rig;wearable
5df8a4d786f77412672a1e3b	6Sh118 突击背包（数码丛林迷彩）	6Sh118	6Sh118 raid backpack (EMR)	6Sh118	6	7	backpack;noFlea;wearable
5df8a58286f77412631087ed	TSH-4M-L软质坦克乘员头盔	坦克头盔	TSh-4M-L soft tank crew helmet	Tank helmet	2	2	helmet;wearable
5df8a6a186f77412640e2e80	圣诞树装饰球（红）	红球	Christmas tree ornament (Red)	Ornament	1	1	barter;noFlea
5df8a72c86f77412640e2e83	圣诞树装饰球（银）	银球	Christmas tree ornament (Silver)	Ornament	1	1	barter;noFlea
5df8a77486f77412672a1e3f	圣诞树装饰球（紫）	紫球	Christmas tree ornament (Violet)	Ornament	1	1	barter;noFlea
5df8ce05b11454561e39243b	奈特军械公司 (KAC) SR-25 7.62x51 精确射手步枪	SR-25	Knight's Armament Company SR-25 7.62x51 marksman rifle	SR-25	1	1	gun;wearable	Caliber762x51
5df8e053bb49d91fb446d6a6	KAC SR-25 拉机柄	KAC	AR-10 KAC charging handle	KAC	1	1	mods
5df8e085bb49d91fb446d6a8	KAC AR-10 双侧拉机柄	KAC双侧	AR-10 KAC ambidextrous charging handle	KAC Ambi	1	1	mods
5df8e4080b92095fd441e594	SR-25 7.62x51 上机匣	SR-25上机匣	SR-25 7.62x51 upper receiver	SR-25	2	1	mods
5df8f535bb49d91fb446d6b0	KAC 7.62x51 AR-10 10发弹匣	KAC 10	AR-10 7.62x51 KAC 10-round steel magazine	KAC 7.62	1	1	mods
5df8f541c41b2312ea3335e3	KAC 7.62x51 AR-10 20发弹匣	KAC 20	AR-10 7.62x51 KAC 20-round steel magazine	KAC 7.62	1	2	mods
5df916dfbb49d91fb446d6b9	KAC URX 4 14.5 英寸 AR-10 护木	URX4 14.5"	AR-10 KAC URX 4 14.5 inch handguard	URX4 14.5"	3	1	mods
5df917564a9f347bc92edca3	16 英寸 SR-25 枪管 7.62x51	SR-25 16"	SR-25 7.62x51 16 inch barrel	SR-25 16"	3	1	mods
5dfa397fb11454561e39246c	20 英寸 SR-25 枪管 7.62x51	SR-25 20"	SR-25 7.62x51 20 inch barrel	SR-25 20"	4	1	mods
5dfa3cd1b33c0951220c079b	KAC QDC 7.62x51 AR-10 消焰器套件	QDC消焰	AR-10 KAC QDC 7.62x51 Flash Suppressor Kit	QDC FSK	1	1	mods
5dfa3d2b0dee1b22f862eade	KAC PRS/QDC 7.62x51 消音器	PRS QDC	KAC PRS/QDC 7.62x51 sound suppressor	PRS QDC	2	1	mods;suppressor
5dfa3d45dfc58d14537c20b0	KAC 低轮廓 AR-10 导气箍	KAC	AR-10 KAC Low Profile Gas Block	KAC	1	1	mods
5dfa3d7ac41b2312ea33362a	KAC折叠式微型照门	KAC照门	KAC Folding Micro rear sight	KAC MRS	1	1	mods
5dfa3d950dee1b22f862eae0	KAC折叠式微型准星	KAC准星	KAC Folding Micro front sight	KAC MFS	1	1	mods
5dfcd0e547101c39625f66f9	SAG MK1 SVD 枪身套件	SAG MK1	SVD SAG MK1 chassis	SAG MK1	3	1	mods
5dfce88fe9dc277128008b2e	SVDS定制防尘盖	SVDS定制	SVDS custom cut dust cover	SVDS CDC	2	1	mods
5dfe14f30b92095fd441edaf	EMTI-019基座	EMTI-019	ETMI-019 shotgun rail mount	ETMI-019	1	1	mods
5dfe6104585a0c3e995c7b82	NcSTAR ADO P4 Sniper 3-9x42步枪瞄准镜	ADO P4	NcSTAR ADO P4 Sniper 3-9x42 riflescope	ADO P4	2	1	mods
5dff772da3651922b360bf91	VOMZ Pilad 4x32 25.4 毫米步枪瞄准镜	Pilad 4х32	VOMZ Pilad 4x32 25.4mm riflescope	Pilad 4x32	2	1	mods
5dff77c759400025ea5150cf	UTG 25毫米环	UTG 25毫米	Leapers UTG 25mm ring scope mount	UTG 25mm	2	1	mods
5dff8db859400025ea5150d4	SAG SVD 低基线侧导轨基座	SVD低轮廓	SVD SAG low profile sidemount	SVD Low	1	1	mods
5e00903ae9dc277128008b87	B&T MP9 9x19 冲锋枪	MP9	B&T MP9 9x19 submachine gun	MP9	2	1	gun;wearable	Caliber9x19PARA
5e0090f7e9dc277128008b93	MP9 上机匣	MP9	MP9 9x19 upper receiver	MP9	2	1	mods
5e00c1ad86f774747333222c	Team Wendy EXFIL 防弹头盔（黑色）	EXFIL	Team Wendy EXFIL Ballistic Helmet (Black)	EXFIL	2	2	helmet;noFlea;wearable
5e00cdd986f7747473332240	TW EXFIL 防弹头盔面罩（黑色）	EXFIL面罩	Team Wendy EXFIL Ballistic face shield (Black)	EXFIL FS	2	1	glasses;noFlea;wearable
5e00cfa786f77469dc6e5685	TW EXFIL 护耳（黑色）	EXFIL护耳	Team Wendy EXFIL Ear Covers (Black)	EXFIL Ears	2	2	wearable
5e01e9e273d8eb11426f5bc3	Rotor 43 SVDS 螺纹转接器	SVDS螺纹	SVDS Rotor 43 thread adapter	SVDS thr.	1	1	mods
5e01ea19e9dc277128008c0b	Rotor 43 7.62x54R 消音器	R43 7.62x54R	Rotor 43 7.62x54R sound suppressor	R43 7.62x54R	2	1	mods;suppressor
5e01ef6886f77445f643baa4	Team Wendy EXFIL 防弹头盔（狼棕色）	EXFIL	Team Wendy EXFIL Ballistic Helmet (Coyote Brown)	EXFIL	2	2	helmet;noFlea;wearable
5e01f31d86f77465cf261343	TW EXFIL 护耳（狼棕色）	EXFIL护耳	Team Wendy EXFIL Ear Covers (Coyote Brown)	EXFIL Ears	2	2	wearable
5e01f37686f774773c6f6c15	TW EXFIL 防弹头盔面罩（狼棕色）	EXFIL面罩	Team Wendy EXFIL Ballistic face shield (Coyote Brown)	EXFIL FS	2	1	glasses;noFlea;wearable
5e023cf8186a883be655e54f	7.62x54R T-46M	T46M	7.62x54mm R T-46M gzh	T-46M	1	1	ammo;noFlea	Caliber762x54R
5e023d34e8a400319a28ed44	7.62x54R 7BT1	7BT1	7.62x54mm R BT gzh	BT	1	1	ammo;noFlea	Caliber762x54R
5e023d48186a883be655e551	7.62x54R 7N37	7N37	7.62x54mm R BS gs	BS	1	1	ammo;noFlea	Caliber762x54R
5e023e53d4353e3302577c4c	7.62x51毫米 BPZ FMJ	BPZ FMJ	7.62x51mm BCP FMJ	BCP FMJ	1	1	ammo;noFlea	Caliber762x51
5e023e6e34d52a55c3304f71	7.62x51毫米 TCW SP	TCW SP	7.62x51mm TCW SP	TCW SP	1	1	ammo;noFlea	Caliber762x51
5e023e88277cce2b522ff2b1	7.62x51毫米 Ultra Nosler	Ultra Nosler	7.62x51mm Ultra Nosler	Ultra Nosler	1	1	ammo;noFlea	Caliber762x51
5e0340ab86f7745bb7339235	B&T MP9 9x19 冲锋枪 默认	MP9 默认	B&T MP9 9x19 submachine gun Default	MP9 Default	3	2	preset
5e03410186f77469041348ea	B&T MP9-N 9x19 冲锋枪 默认	MP9-N 默认	B&T MP9-N 9x19 submachine gun Default	MP9-N Default	3	2	preset
5e03511086f7744ccb1fb6cf	奈特军械公司 (KAC) SR-25 7.62x51 精确射手步枪 默认	SR-25 默认	Knight's Armament Company SR-25 7.62x51 marksman rifle Default	SR-25 Default	5	2	preset
5e0354f786f77425b53eb6c5	ORSIS T-5000M 7.62x51 栓动式狙击步枪 默认	T-5000M 默认	ORSIS T-5000M 7.62x51 bolt-action sniper rifle Default	T-5000M Default	6	2	preset
5e0359bd86f7746b243db876	VPO-215 雪貂 .366 TKM 栓动式步枪 默认	VPO-215 雪貂 默认	Molot Arms VPO-215 Gornostay .366 TKM bolt-action rifle Default	VPO-215 Gornostay Default	5	1	preset
5e035eb586f774756048ec12	沙漠科技 MDR 7.62x51 突击步枪 默认	MDR 默认	Desert Tech MDR 7.62x51 assault rifle Default	MDR Default	4	2	noFlea;preset
5e208b9842457a4a7a33d074	Hexagon DTKP MK.2 7.62x39 消音器	DTKP	AK Hexagon DTKP MK.2 7.62x39 sound suppressor	DTKP	2	1	mods;suppressor
5e217ba4c1434648c13568cd	Hexagon“烧火棍”AKM/AK-74 枪托（电镀红）	Kocherga	AKM/AK-74 Hexagon "Kocherga" stock (Anodized Red)	Kocherga	2	1	mods
5e2192a498a36665e8337386	KGB MG-47 AK 手枪式握把（电镀红）	MG-47	AK KGB MG-47 pistol grip (Anodized Red)	MG-47 AK	1	1	mods;pistolGrip
5e21a3c67e40bd02257a008a	Magpul PMAG 30 GEN M3 7.62x39 30 发 AK 弹匣（香蕉黄）	GEN M3	AK 7.62x39 Magpul PMAG 30 GEN M3 30-round magazine (Banana)	GEN M3	1	2	mods
5e21ca18e4d47f0da15e77dd	CNC Warrior 5.56x45 AK 膛口转接器	CNC War.	AK CNC Warrior 5.56x45 muzzle device adapter	CNC War.	1	1	mods
5e2aedd986f7746d404f3aa4	GreenBat锂电池	GreenBat	GreenBat lithium battery	GreenBat	1	1	barter
5e2aee0a86f774755a234b62	Cyclon 蓄电池组	Cyclon	Cyclon rechargeable battery	Cyclon	2	1	barter
5e2aef7986f7746d3f3c33f5	Repellent杀虫剂	杀虫剂	Repellent	Repellent	1	2	barter
5e2af00086f7746d3f3c33f7	Smoked Chimney下水道清洁剂	洁厕灵	Smoked Chimney drain cleaner	DCleaner	1	2	barter
5e2af02c86f7746d420957d4	一包氯石灰	氯石灰	Pack of chlorine	Chlorine	2	1	barter
5e2af22086f7746d3f3c33fa	Poxeram冷焊膏	Poxeram	Tube of Poxeram cold welding	Poxeram	1	1	barter
5e2af29386f7746d4159f077	KEKTAPE管道胶带	KEK	KEKTAPE duct tape	KEK	1	1	barter
5e2af2bc86f7746d3f3c33fc	Hunter火柴	火柴	Hunting matches	HMatches	1	1	barter
5e2af37686f774755a234b65	SurvL幸存者打火机	SurvL	SurvL Survivor Lighter	SurvL	1	1	barter
5e2af41e86f774755a234b67	Cordura聚酰胺面料	Cordura面料	Cordura polyamide fabric	Cordura	2	1	barter
5e2af47786f7746d404f3aaa	绒布布料	绒布	Fleece fabric	Fleece	2	1	barter
5e2af4a786f7746d3f3c3400	防撕布料	防撕布	Ripstop fabric	Ripstop	2	1	barter
5e2af4d286f7746d4159f07a	芳纶纤维布料	芳纶布	Aramid fiber fabric	Aramid	2	1	barter
5e2af51086f7746d3f3c3402	UZRGM手榴弹引信	引信	UZRGM grenade fuze	Fuze	1	1	barter
5e2af55f86f7746d4159f07c	手榴弹箱	手榴弹	Grenade case	Grenades	3	3	container;markedOnly
5e32f56fcb6d5863cc5e5ee4	VOG-17 Khattabka 简易手榴弹	VOG-17	VOG-17 Khattabka improvised hand grenade	VOG-17	1	1	ammo;grenade
5e340dcdcb6d5863cc5e5efb	VOG-25 Khattabka 简易手榴弹	VOG-25	VOG-25 Khattabka improvised hand grenade	VOG-25	1	1	ammo;grenade
5e42c71586f7747f245e1343	ULTRA 医疗仓库钥匙	ULTRA医疗	ULTRA medical storage key	ULTRA med.	1	1	keys
5e42c81886f7742a01529f57	Object #11SR 钥匙卡	#11SR	Object #11SR keycard	#11SR	1	1	keys
5e42c83786f7742a021fdf3c	Object #21WS 钥匙卡	#21WS	Object #21WS keycard	#21WS	1	1	keys
5e4abb5086f77406975c9342	LBT-6094A Slick 插板背心（黑色）	Slick	LBT-6094A Slick Plate Carrier (Black)	Slick	3	3	armor;wearable
5e4abc1f86f774069619fbaa	Spiritus Systems Bank Robber 胸挂	Bank Robber	Spiritus Systems Bank Robber chest rig (MultiCam Black)	Bank Robber	3	2	rig;wearable
5e4abc6786f77406812bd572	LBT-2670 小型野战医物包	SFMP	LBT-2670 Slim Field Med Pack (Black)	SFMP	4	5	backpack;wearable
5e4abfed86f77406a2713cf7	Splav Tarzan M22 胸挂	Tarzan	Splav Tarzan M22 chest rig (Smog)	Tarzan	4	3	rig;wearable
5e4ac41886f77406a511c9a8	Ars Arma CPC MOD.1 插板胸挂（A-TACS FG 迷彩）	CPC MOD.1	Ars Arma CPC MOD.1 plate carrier (A-TACS FG)	CPC MOD.1	4	3	armor;rig;wearable
5e4bfc1586f774264f7582d3	MSA Gallet TC 800 High Cut 作战头盔	TC 800	MSA Gallet TC 800 High Cut combat helmet (Black)	TC 800	2	2	helmet;wearable
5e4d34ca86f774264f758330	Walker's Razor 数字耳机	Razor	Walker's Razor Digital headset	Razor	2	2	headphones;wearable
5e54f62086f774219b0f1937	乌鸦雕像	乌鸦	Raven figurine	Raven	1	2	barter
5e54f6af86f7742199090bf3	罐装 Dr. Lupo 咖啡豆	Lupo's	Can of Dr. Lupo's coffee beans	DrLupo's	1	1	barter
5e54f76986f7740366043752	Shroud 半面巾	Shroud	Shroud half-mask	Shroud	1	1	wearable
5e54f79686f7744022011103	Pestily 瘟疫面具	瘟疫面罩	Pestily plague mask	Plague mask	2	2	wearable
5e56991336989c75ab4f03f6	SVD现代化护木	SVD现代化	SVD modernization kit handguard	SVD mod.	2	1	mods
5e5699df2161e06ac158df6f	CAA XRS-DRG SVD护木	XRS DRG	SVD CAA XRS-DRG handguard	XRS-DRG	2	1	mods
5e569a0156edd02abe09f27d	SVD 现代化套件上导轨	SVD现代化	SVD modernization kit top rail	SVD mod.	1	1	mods
5e569a132642e66b0b68015c	CAA DRG L-1 SVD基座	DRG L-1	SVD CAA DRG L-1 barrel mount rail	DRG L-1	1	1	mods
5e569a2e56edd02abe09f280	CAA XD RGL SVD机匣基座	XD RGL	SVD CAA XD RGL receiver mount	XD RGL	1	1	mods
5e71f6be86f77429f2683c44	Twitch Rivals 2020 面罩	Rivals	Twitch Rivals 2020 mask	Rivals	1	1	wearable
5e71f70186f77429ee09f183	Twitch Rivals 2020 眼镜	Rivals	Twitch Rivals 2020 glasses	Rivals	2	1	glasses;wearable
5e71fad086f77422443d4604	Twitch Rivals 2020 半面巾	Rivals	Twitch Rivals 2020 half-mask	Rivals	1	1	wearable
5e81c3cbac2bb513793cdc75	柯尔特 M1911A1 .45 ACP 手枪	M1911A1	Colt M1911A1 .45 ACP pistol	M1911A1	2	1	gun;wearable	Caliber1143x23ACP
5e81c4ca763d9f754677befa	M1911 .45 ACP 7发弹匣	1911	M1911A1 .45 ACP 7-round magazine	1911	1	1	mods
5e81c519cb2b95385c177551	M1911A1 .45 ACP 标准枪管	M1911A1 .45	M1911A1 .45 ACP 127mm barrel	1911 127mm	1	1	mods
5e81c539cb2b95385c177553	M1911A1 空仓挂机柄	M1911A1 杠杆	M1911A1 slide stop	1911 SS	1	1	mods
5e81c550763d9f754677befd	M1911A1 击锤	M1911A1 击锤	M1911A1 hammer	1911 ham.	1	1	mods
5e81c6a2ac2bb513793cdc7f	M1911A1 扳机	M1911A1 扳机	M1911A1 trigger	1911 trig.	1	1	mods
5e81c6bf763d9f754677beff	M1911A1 标准聚合物握把	1911	M1911A1 side grips	1911	1	1	mods;pistolGrip
5e81ebcd8e146c7080625e15	FN GL-40 Mk.2 榴弹发射器	GL-40	FN40GL Mk2 40mm grenade launcher	FN40GL	3	1	gun;noFlea;wearable	Caliber40x46
5e81edc13397a21db957f6a1	M1911A1 .45 ACP 套筒	M1911A1 套筒	M1911A1 pistol slide	1911 slide	2	1	mods
5e81ee213397a21db957f6a6	M1911A1 准星	M1911A1 准星	M1911A1 front sight	1911 FS	1	1	mods
5e81ee4dcb2b95385c177582	M1911A1 照门	M1911A1 照门	M1911A1 rear sight	1911 RS	1	1	mods
5e81f423763d9f754677bf2e	.45 ACP FMJ	.45 FMJ	.45 ACP Match FMJ	FMJ	1	1	ammo;noFlea	Caliber1143x23ACP
5e831507ea0a7c419c2f9bd9	Esmarch止血带	Esmarch	Esmarch tourniquet	Esmarch	1	1	meds;provisions
5e8488fa988a8701445df1e4	CALOK-B止血剂	止血剂	CALOK-B hemostatic applicator	CALOK-B	1	1	meds;provisions
5e848cc2988a8701445df1e8	TOZ KS-23M 23x75 毫米泵动式霰弹枪	KS-23M	TOZ KS-23M 23x75mm pump-action shotgun	KS-23M	3	1	gun;noFlea;wearable	Caliber23x75
5e848d1c264f7c180b5e35a9	510mm枪管 KS-23 23x75mm	510mm KS23 23mm	KS-23 23x75 510mm barrel	KS23 510mm	3	1	mods
5e848d2eea0a7c419c2f9bfd	700mm枪管 KS-23 23x75mm	700mm KS23 23mm	KS-23 23x75 700mm barrel	KS23 700mm	5	1	mods
5e848d51e4dbc5266a4ec63b	TOZ KS-23M下护木	KS-23M下护木	KS-23M forestock	KS23M	2	1	mods
5e848d99865c0f329958c83b	KS-23M聚合物手枪式握把	KS23M聚合物握把	KS-23M pistol grip	KS23M	1	1	mods;pistolGrip
5e848db4681bea2ada00daa9	KS-23木制枪托	KS23木制	KS-23 wooden stock	KS23 wood	2	1	mods
5e848dc4e4dbc5266a4ec63d	KS-23金属枪托	KS-23M金属	KS-23M wire stock	KS23M steel	2	1	mods
5e85a9a6eacf8c039e4e2ac1	23x75毫米“破片-10”霰弹	破片-10	23x75mm Shrapnel-10 buckshot	Shrap-10	1	1	ammo;noFlea	Caliber23x75
5e85a9f4add9fe03027d9bf1	23x75毫米“红星”闪光弹	红星	23x75mm Zvezda flashbang round	Zvezda	1	1	ammo;noFlea	Caliber23x75
5e85aa1a988a8701445df1f5	23x75毫米破障独头弹	破障	23x75mm Barrikada slug	Barrikada	1	1	ammo;noFlea	Caliber23x75
5e870397991fd70db46995c8	Mossberg 590A1 12铅径泵动式霰弹枪	590A1	Mossberg 590A1 12ga pump-action shotgun	590A1	4	1	gun;wearable	Caliber12g
5e87071478f43e51ca2de5e1	20 英寸 M590 枪管 12铅径	590 20"	M590A1 12ga 20 inch barrel	590A1 20"	3	1	mods
5e87076ce2db31558c75a11d	Speedfeed M870 短下护木	Speedfeed	M590A1 SpeedFeed short handguard	590A1 SFeed	2	1	mods
5e87080c81c4ed43e83cefda	Mossberg 590A1 12 铅径 8 发弹仓	M590A1x8	M590 12ga 8-shell magazine cap	590x8	1	1	mods
5e8708d4ae379e67d22e0102	M590 鬼环准星	GR FS	M590 Ghost Ring front sight	590 GR FS	1	1	mods
5e87114fe2db31558c75a120	M590 鬼环照门	GR RS	M590 Ghost Ring rear sight	590 GR RS	1	1	mods
5e87116b81c4ed43e83cefdd	M590A1 聚合物枪托	M590A1 枪托	M590A1 polymer stock	590A1	2	1	mods
5e8f3423fd7471236e6e3b64	“诺文斯基核动力”金牌格瓦斯600毫升装	格瓦斯	Bottle of Norvinsky Yadreniy premium kvass (0.6L)	Kvass	1	2	provisions
5e997f0b86f7741ac73993e2	Sanitar 包	Sanitar 包	Sanitar's bag	Sanitar	4	4	backpack;wearable
5e9dacf986f774054d6b89f4	FORT Defender-2 防弹衣	Defender-2	FORT Defender-2 body armor	Defender-2	3	4	armor;wearable
5e9db13186f7742f845ee9d3	LBT-1961A 承重胸挂（MAS 灰色）	LBCR	LBT-1961A Load Bearing Chest Rig (MAS Grey)	LBCR	3	3	rig;wearable
5e9dcf5986f7746c417435b3	LBT-8005A Day Pack 背包（黑系复合迷彩）	Day Pack	LBT-8005A Day Pack backpack (MultiCam Black)	Day Pack	4	5	backpack;wearable
5ea02bb600685063ec28bfa1	7.62x25 PPSh-41 269 毫米枪管	PPSh-41	PPSh-41 7.62x25 269mm barrel	PPSh-41	2	1	mods
5ea034eb5aad6446a939737b	PPSH-41 7.62x25 35发弹匣	35 PPSH	PPSh-41 7.62x25 35-round magazine	PPSh	1	2	mods
5ea034f65aad6446a939737e	PPSh-41 7.62x25 71发弹鼓	71 PPSH	PPSh-41 7.62x25 71-round drum magazine	PPSh	2	2	mods
5ea03e5009aa976f2e7a514b	PPSH-41 防尘盖	PPSH-41 防尘盖	PPSh-41 dust cover	PPSh41	2	1	mods
5ea03e9400685063ec28bfa4	PPSH-41 枪托	PPSH-41 枪托	PPSh-41 stock	PPSh41	2	1	mods
5ea03f7400685063ec28bfa8	PPSh-41 7.62x25 冲锋枪	PPSh41	PPSh-41 7.62x25 submachine gun	PPSh41	1	1	gun;wearable	Caliber762x25TT
5ea058e01dbce517f324b3e2	Ops-Core头盔Tac-Kek Heavy Trooper面罩	Heavy Trooper	Tac-Kek Heavy Trooper mask for Ops-Core-type helmets	TK Heavy Trooper	2	2	wearable
5ea05cf85ad9772e6624305d	Tac-Kek Fast MT 头盔（不防弹的仿制品）	TK Fast MT	Tac-Kek FAST MT helmet (Replica)	TK FAST MT	2	2	helmet;wearable
5ea16acdfadf1d18c87b0784	Geissele SMR MK16 9.5 英寸 AR-15 M-LOK 护木 (DDC)	SMR Mk.16 9.5	AR-15 Geissele SMR MK16 9.5 inch M-LOK handguard (DDC)	SMR MK16 9.5"	2	1	mods
5ea16ada09aa976f2e7a51be	Geissele SMR MK16 13.5 英寸 AR-15 M-LOK 护木 (DDC)	SMR Mk.16 13.5	AR-15 Geissele SMR MK16 13.5 inch M-LOK handguard (DDC)	SMR MK16 13.5"	3	1	mods
5ea16d4d5aad6446a939753d	Geissele ACH AR-15 拉机柄 (DDC)	ACH	AR-15 Geissele ACH charging handle (DDC)	ACH	1	1	mods
5ea172e498dacb342978818e	Surefire SF4P 5.56x45 AR-15 消焰器	SF4P	AR-15 SureFire SF4P 5.56x45 flash hider	SF4P-556	1	1	mods
5ea17bbc09aa976f2e7a51cd	Surefire SOCOM556-RC2 5.56x45消音器	556-RC2	SureFire SOCOM556-RC2 5.56x45 sound suppressor	556-RC2	2	1	mods;suppressor
5ea17ca01412a1425304d1c0	Diamond Age Bastion 头盔（黑色）	DA Bastion	Diamond Age Bastion helmet (Black)	DA Bastion	2	2	helmet;wearable
5ea18c84ecf1982c7712d9a2	Bastion 头盔附加装甲	Bastion	Diamond Age Bastion helmet armor plate	Bastion plate	2	1	noFlea;wearable
5ea2a8e200685063ec28c05a	.45 RIP	.45 RIP	.45 ACP RIP	RIP	1	1	ammo;noFlea	Caliber1143x23ACP
5eb2963686f7742d3f5ab0f8	PPSh-41 7.62x25 冲锋枪 默认	PPSh41 默认	PPSh-41 7.62x25 submachine gun Default	PPSh41 Default	4	2	preset
5eb2968186f7746d1f1a4fd5	柯尔特 M1911A1 .45 ACP 手枪 默认	M1911A1 默认	Colt M1911A1 .45 ACP pistol Default	M1911A1 Default	2	1	preset
5ebbfe23ba87a5065a00a563	柯尔特 M4A1 5.56x45 卡宾枪 USASOC-I	M4A1 USASOC-I	Colt M4A1 5.56x45 assault rifle USASOC-I	M4A1 USASOC-I	5	2	preset
5ebbff0841a637322117a5fb	柯尔特 M4A1 5.56x45 卡宾枪 USASOC-II	M4A1 USASOC-II	Colt M4A1 5.56x45 assault rifle USASOC-II	M4A1 USASOC-II	6	2	preset
5ed515c8d380ab312177c0fa	3-(b-TG) 兴奋剂注射器	3-(b-TG)	3-(b-TG) stimulant injector	3-(b-TG)	1	1	injectors;meds;provisions
5ed515e03a40a50460332579	L1（去甲肾上腺素）注射器	L1	L1 (Norepinephrine) injector	L1	1	1	injectors;meds;provisions
5ed515ece452db0eb56fc028	P22 (22 号化合物) 兴奋剂注射器	P22	P22 (Product 22) stimulant injector	P22	1	1	injectors;meds;provisions
5ed515f6915ec335206e4152	AHF1-M 兴奋剂注射器	AHF1-M	AHF1-M stimulant injector	AHF1-M	1	1	injectors;meds;provisions
5ed5160a87bb8443d10680b5	米屈肼注射器	米屈肼	Meldonin injector	Meldonin	1	1	injectors;meds;provisions
5ed51652f6c34d2cc26336a1	M.U.L.E. 兴奋剂注射器	M.U.L.E	M.U.L.E. stimulant injector	M.U.L.E.	1	1	injectors;meds;provisions
5ed5166ad380ab312177c100	Obdolbos 鸡尾酒兴奋剂注射器	Obdolbos	Obdolbos cocktail injector	Obdolbos	1	1	injectors;meds;provisions
5ede4739e0350d05467f73e8	40x46毫米 M406(HE)	M406	40x46mm M406 (HE) grenade	M406	1	1	ammo;noFlea	Caliber40x46
5ede47405b097655935d7d16	40x46毫米 M441(HE)	M441	40x46mm M441 (HE) grenade	M441	1	1	ammo;noFlea	Caliber40x46
5ede474b0c226a66f5402622	40x46毫米 M381(HE)	M381	40x46mm M381 (HE) grenade	M381	1	1	ammo;noFlea	Caliber40x46
5ede475339ee016e8c534742	40x46毫米 M576(MP-APERS)	M576	40x46mm M576 (MP-APERS) grenade	M576	1	1	ammo;noFlea	Caliber40x46
5ede475b549eed7c6d5c18fb	40x46毫米 M386(HE)	M386	40x46mm M386 (HE) grenade	M386	1	1	ammo;noFlea	Caliber40x46
5ede7a8229445733cb4c18e2	RB-PKPM 符号钥匙	RB-PKPM	RB-PKPM marked key	RB-PKPM	1	1	keys
5ede7b0c6d23e5473e6e8c66	RB-RLSA 钥匙	RB-RLSA	RB-RLSA key	RB-RLSA	1	1	keys
5eea21647547d6330471b3c9	Magpul MOE M590 下护木	MOE M590	M590 Magpul MOE forend	MOE 590	2	1	mods
5eea217fc64c5d0dfc05712a	SGA M590 枪托	SGA M590	M590 Magpul SGA stock	SGA 590	2	1	mods
5eeb2ff5ea4f8b73c827350b	M590 战术导轨	M590导轨	M590 Tactical rail	590 rail	3	1	mods
5ef1b9f0c64c5d0dfc0571a1	LEO gen.1 M590枪托转接器	LEO M590	M590 Mesa Tactical LEO gen.1 stock adapter	590 LEO	1	1	mods
5ef1ba28c64c5d0dfc0571a5	Mesa Tactical Crosshair Hydraulic 缓冲管	MT Crosshair	Mesa Tactical Crosshair Hydraulic buffer tube	MT Crosshair	2	1	mods
5ef32e4d1c1fd62aea6a150d	Caspian Trik M1911A1 扳机	Trik	M1911A1 Caspian Arms Trik Trigger	1911 Trik	1	1	mods
5ef3448ab37dfd6af863525c	Mec-Gar .45 ACP M1911A1 11发弹匣	Mec-Gar	M1911A1 .45 ACP Mec-Gar 11-round magazine	Mec-Gar	1	1	mods
5ef3553c43cb350a955a7ccb	Wilson M1911A1 加长套筒卡锁	Wilson Ext.	M1911A1 Wilson Extended slide stop	1911 Ext.	1	1	mods
5ef35bc243cb350a955a7ccd	Wilson Ultralight M1911A1 镂空击锤	US Ham.	M1911A1 Wilson Ultralight skeletonized hammer	1911 ULS	1	1	mods
5ef35d2ac64c5d0dfc0571b0	M1911A1 击锤	M1911A1 击锤	M1911A1 Wilson Retro Commander hammer	1911 RC	1	1	mods
5ef35f46382a846010715a96	STI HEX M1911A1击锤	HEX Ham.	M1911A1 STI HEX hammer	1911 HEX	1	1	mods
5ef366938cef260c0642acad	Pachmayr “美国传奇” #423 M1911A1 握把	#423	M1911 Pachmayr American Legend Grip #423	#423	1	1	mods;pistolGrip
5ef369b08cef260c0642acaf	NCStar M1911A1 扳机保护基座	TGM	M1911A1 NcSTAR trigger guard mount	1911 TGM	1	1	mods
5ef5d994dfbc9f3c660ded95	Weigand Weig-a-tinny M1911A1 基座	Weig-a-tinny	M1911A1 Weigand Weig-a-tinny rail mount	1911 Weig	1	1	mods
5ef61964ec7f42238c31e0c1	Anarchy Outdoors .45 ACP M1911 膛口制退器	Anarchy	M1911 Anarchy Outdoors .45 ACP muzzle brake	1911 AO	1	1	mods
5efaf417aeb21837e749c7f2	Zenit B-30 护木 + B-31S 上导轨	B-30+B-31S	AK Zenit B-30 handguard with B-31S upper handguard rail	B-30+B-31S	2	1	mods
5efb0c1bd79ff02a1f5e68d9	7.62x51毫米 M993	M993	7.62x51mm M993	M993	1	1	ammo;noFlea	Caliber762x51
5efb0cabfb3e451d70735af5	.45 ACP AP	.45 AP	.45 ACP AP	AP	1	1	ammo;noFlea	Caliber1143x23ACP
5efb0d4f4bc50b58e81710f3	.45 ACP Lasermatch FMJ	.45LM	.45 ACP Lasermatch FMJ	Lasermatch	1	1	ammo;noFlea	Caliber1143x23ACP
5efb0da7a29a85116f6ea05f	9x19毫米 7N31	7N31	9x19mm PBP gzh	PBP	1	1	ammo;noFlea	Caliber9x19PARA
5efb0e16aeb21837e749c7ff	9x19毫米 QuakeMaker	QuakeMaker	9x19mm QuakeMaker	QuakeMaker	1	1	ammo;noFlea	Caliber9x19PARA
5efb0fc6aeb21837e749c801	.45 ACP Hydra-Shok	.45 HS	.45 ACP Hydra-Shok	HydraShok	1	1	ammo;noFlea	Caliber1143x23ACP
5efde6b4f5448336730dbd61	蓝色记号钥匙卡	钥匙卡	Keycard with a blue marking	Keycard	1	1	keys
5eff09cd30a7dc22fd1ddfed	粘有胶带的疗养院办公室钥匙	胶带钥匙	Health Resort office key with a blue tape	San tape	1	1	keys
5f0596629e22f464da6bbdd9	.366 AP	366 AP	.366 TKM AP-M	AP-M	1	1	ammo;noFlea	Caliber366TKM
5f06d6bb4010601e3232cd22	Mossberg 590A1 12铅径泵动式霰弹枪 默认	590A1 默认	Mossberg 590A1 12ga pump-action shotgun Default	590A1 Default	5	1	preset
5f06d6e1475d472556679d16	FN GL-40 Mk.2 榴弹发射器 默认	GL-40 默认	FN40GL Mk2 40mm grenade launcher Default	FN40GL Default	3	2	noFlea;preset
5f0c892565703e5c461894e9	40x46毫米 M433 (HEDP)	M433	40x46mm M433 (HEDP) grenade	M433	1	1	ammo;noFlea	Caliber40x46
5f2a9575926fd9352339381f	Kel-Tec RFB 7.62x51	RFB	Kel-Tec RFB 7.62x51 rifle	RFB	4	1	gun;wearable	Caliber762x51
5f2aa43ba9b91d26f20ae6d2	RFB螺纹垫片	RFB垫片	RFB thread spacer	RFB spacer	1	1	mods
5f2aa4464b50c14bcf07acdb	RFB螺纹保护帽	RFB护帽	RFB thread protector	RFB thr.	1	1	mods
5f2aa4559b44de6b1b4e68d1	RFB 7.62x51 标准消焰器	RFB FH	RFB 7.62x51 flash hider	RFB	1	1	mods
5f2aa46b878ef416f538b567	18 英寸 RFB 枪管 7.62x51	RFB 18"	RFB 7.62x51 18 inch barrel	RFB 18"	3	1	mods
5f2aa47a200e2c0ee46efa71	Kel-Tec RFB标准护木	RFB HG	RFB handguard	RFB	2	1	mods
5f2aa493cd375f14e15eea72	Kel-Tec RFB导轨护木	RFB HG导轨	RFB handguard rail mount	RFB	1	1	mods
5f2aa49f9b44de6b1b4e68d4	Kel-Tec RFB瞄准镜导轨基座	RFB瞄准镜基座	RFB scope rail mount	RFB rail	2	1	mods
5f36a0e5fbf956000b716b65	柯尔特 M45A1 .45 ACP 手枪	M45A1	Colt M45A1 .45 ACP pistol	M45A1	2	1	gun;wearable	Caliber1143x23ACP
5f3e76d86cda304dcc634054	M45A1 击锤	M45A1 击锤	M45A1 hammer	M45A1 ham.	1	1	mods
5f3e772a670e2a7b01739a52	M45A1 扳机	M45A1 扳机	M45A1 trigger	M45A1 trig.	1	1	mods
5f3e777688ca2d00ad199d25	M45A1 空仓挂机柄	M45A1 空仓挂机柄	M45A1 slide lock	M45A1 SL	1	1	mods
5f3e778efcd9b651187d7201	M45A1 标准聚合物握把	M45A1 聚合物握把	M45A1 Mil-Tac GVT G10 side grips	M45A1	1	1	mods;pistolGrip
5f3e77b26cda304dcc634057	M45A1 .45 ACP 7发弹匣	M45A1	M1911A1 .45 ACP Wilson Combat 7-round magazine	Wilson	1	1	mods
5f3e77f59103d430b93f94c1	M1911A1 .45 ACP 螺纹枪管	1911螺纹	M1911A1 .45 ACP 141mm threaded barrel	1911 thr.	1	1	mods
5f3e7801153b8571434a924c	National M1911 .45 ACP 竞赛枪管	National match .45	M1911A1 .45 ACP National Match 127mm barrel	1911 NM	1	1	mods
5f3e7823ddc4f03b010e2045	M45A1 .45 ACP套筒	M45A1套筒	M45A1 pistol slide	M45A1 slide	2	1	mods
5f3e7897ddc4f03b010e204a	Novak Lomount M45A1 照门	Lomount照门	M45A1 Novak Lomount rear sight	M45 Lomount	1	1	mods
5f3e78a7fbf956000b716b8e	Novak Lomount M45A1 准星	Lomount FS	M45A1 Novak Lomount front sight	M45 Lomount	1	1	mods
5f4f9eb969cdc30ff33f09db	EYE MK.2 手持指南针专业版	指南针	EYE MK.2 professional hand-held compass	Compass	1	1	specialSlot;wearable
5f5e45cc5021ce62144be7aa	LolKek 3F Transfer 旅行背包	LK 3F	LolKek 3F Transfer tourist backpack	LK 3F	3	4	backpack;wearable
5f5e467b0bc58666c37e7821	Eberlestock F5 弹簧刀 背包（干土色）	F5 弹簧刀	Eberlestock F5 Switchblade backpack (Dry Earth)	F5 Switchblade	5	6	backpack;wearable
5f5e46b96bdad616ad46d613	Eberlestock F4 终结者 承重背包（虎纹迷彩）	F4 终结者	Eberlestock F4 Terminator load bearing backpack (Tiger Stripe)	F4 Terminator	5	7	backpack;noFlea;wearable
5f5f41476bdad616ad46d631	NPP KlASS Korund-VM（刚玉-VM）防弹衣（黑色）	Korund-VM	NPP KlASS Korund-VM body armor (Black)	Korund-VM	3	4	armor;wearable
5f5f41f56760b4138443b352	Direct Action Thunderbolt 紧凑型胸挂	Thunderbolt	Direct Action Thunderbolt compact chest rig (Shadow Grey)	Thunderbolt	3	3	rig;wearable
5f60b34a41e30a4ab12a6947	Galvion 凯门鳄 复合防弹头盔（灰色）	凯门鳄	Galvion Caiman Hybrid helmet (Grey)	Caiman	2	2	helmet;noFlea;wearable
5f60b85bbdb8e27dee3dc985	Galvion 凯门鳄 复合防弹贴片	凯门鳄贴片	Galvion Caiman Hybrid Ballistic Applique	Caiman BA	2	1	wearable
5f60bf4558eff926626a60f2	Galvion 凯门鳄 面罩固定臂	凯门鳄护目	Galvion Caiman Fixed Arm Visor	Caiman FAV	2	1	glasses;wearable
5f60c076f2bcbb675b00dac2	Galvion 凯门鳄 复合防弹护颚	凯门鳄护颚	Galvion Caiman Hybrid Ballistic Mandible Guard	Caiman BMG	2	2	wearable
5f60c74e3b85f6263c145586	Rys-T 防弹头盔（黑色）	Rys-T	Rys-T assault helmet (Black)	Rys-T	2	2	helmet;noFlea;wearable
5f60c85b58eff926626a60f7	Rys-T 面罩	Rys-T面罩	Rys-T face shield	Rys-T FS	2	1	glasses;noFlea;wearable
5f60cd6cf2bcbb675b00dac6	Walker's XCEL 500BT 数字耳机	XCEL	Walker's XCEL 500BT Digital headset	XCEL	2	2	headphones;wearable
5f60e6403b85f6263c14558c	黑色贝雷帽	贝雷帽	Beret (Black)	Beret	1	1	wearable
5f60e7788adaa7100c3adb49	蓝色贝雷帽	贝雷帽	Beret (Blue)	Beret	1	1	wearable
5f60e784f2bcbb675b00dac7	橄榄绿贝雷帽	贝雷帽	Beret (Olive Drab)	Beret	1	1	wearable
5f6331e097199b7db2128dc2	TDI X47 AK 战术护木导轨系统	X47	AK TDI X47 tactical handguard rail system	X47	2	1	mods
5f6336bbda967c74a42e9932	Lancer LCH-7 12.5英寸 AR-10 M-LOK护木	LCH-7 12.5	AR-10 Lancer LCH7 12.5 inch M-LOK handguard	LCH7 12.5"	3	1	mods
5f6339d53ada5942720e2dc3	Ferfrans CRD 5.56x45 后座缓冲装置	CRD 556	Ferfrans CRD 5.56x45 Concussion Reduction Device	CRD 556	1	1	mods
5f633f68f5750b524b45f112	JMAC RRD-4C 7.62x39 AKM 膛口制退器	RRD 4C	AKM thread type JMac Customs RRD-4C 7.62x39 muzzle brake	RRD-4C	1	1	mods
5f633f791b231926f2329f13	JMAC RRD-4C AK-74 多口径膛口制退器	RRD 4C	AK-74 thread type JMac Customs RRD-4C multi-caliber muzzle brake	RRD-4C	1	1	mods
5f633ff5c444ce7e3c30a006	Rainier Arms Avalanche MOD2 AR-15 拉机柄	Avalanche	AR-15 Rainier Arms Avalanche MOD2 charging handle	Avalanche	1	1	mods
5f63405df5750b524b45f114	VPO-101 SVD 样式胡桃木枪托	SVD式枪托	VPO-101 SVD-style walnut stock	101 SVD	4	1	mods
5f63407e1b231926f2329f15	VPO-101 Rotor 43 7.62x51 消音器	R43 101	VPO-101 Rotor 43 7.62x51 sound suppressor	R43 101	2	1	mods;suppressor
5f6340d3ca442212f4047eb2	Tactical Dynamics 镂空前握把	TD	Tactical Dynamics Skeletonized Foregrip	SFG	1	1	mods
5f6341043ada5942720e2dc5	Aeroknox scorpius AK手枪式握把	Scorpius	AK Aeroknox Scorpius pistol grip	Scorpius	1	1	mods;pistolGrip
5f63418ef5750b524b45f116	SOK-12 Bravo-18铝合金护木	Bravo-18	SOK-12 Bravo-18 aluminium handguard	Bravo-18	2	1	mods
5f6372e2865db925d54f3869	Ferfrans CQB 5.56x45 AR-15 膛口制退器	CQB 556	AR-15 Ferfrans CQB 5.56x45 muzzle brake	CQB 556	1	1	mods
5f647d9f8499b57dc40ddb93	KS-23M 23mm 3发弹舱	KS-23Mx3	KS-23M 23x75 3-shell magazine cap	KS-23Mx3	1	1	mods
5f647f31b6238e5dd066e196	23x75 毫米“破片-25”霰弹	破片-25	23x75mm Shrapnel-25 buckshot	Shrap-25	1	1	ammo;noFlea	Caliber23x75
5f6762e964af6a2aa319deeb	柯尔特 M45A1 .45 ACP 手枪 默认	M45A1 默认	Colt M45A1 .45 ACP pistol Default	M45A1 Default	2	1	preset
5f676b779ab5ec19f028eaf3	Kel-Tec RFB 7.62x51 默认	RFB 默认	Kel-Tec RFB 7.62x51 rifle Default	RFB Default	4	2	preset
5f6770f839a13e712a1dff54	TOZ KS-23M 23x75 毫米泵动式霰弹枪 Drozd	KS-23M Drozd	TOZ KS-23M 23x75mm pump-action shotgun Drozd	KS-23M Drozd	5	1	noFlea;preset
5f6771214ef1ca4f4e1b8a06	TOZ KS-23M 23x75 毫米泵动式霰弹枪 默认	KS-23M 默认	TOZ KS-23M 23x75mm pump-action shotgun Default	KS-23M Default	6	1	noFlea;preset
5f745ee30acaeb0d490d8c5b	Veritas吉他拨片	Veritas	Veritas guitar pick	Veritas	1	1	barter
5f99418230835532b445e954	Rivals 2020 帽	Rivals	Rivals 2020 cap	Rivals	1	1	wearable
5f994730c91ed922dd355de3	Rivals 2020 圆帽	Rivals	Rivals 2020 beanie	Rivals	1	1	wearable
5f9949d869e2777a0e779ba5	Rivals 2020 臂带	Rivals	Armband (Rivals 2020)	Rivals	1	1	wearable
5fb64bc92b1b027b1f50bcf2	TDI KRISS Vector Gen.2 .45 ACP 冲锋枪	Vector .45	TDI KRISS Vector Gen.2 .45 ACP submachine gun	Vector .45ACP	2	2	gun;wearable	Caliber1143x23ACP
5fb651b52b1b027b1f50bcff	Glock .45 ACP 弹匣	.45 Glock	Glock .45 ACP 13-round magazine	Glock .45	1	1	mods
5fb651dc85f90547f674b6f4	KRISS G30 MagEx Glock .45 ACP 30 发弹匣	G30 MagEx	Glock .45 ACP KRISS G30 MagEx 30-round magazine	G30 MagEx	1	2	mods
5fb65363d1409e5ca04b54f5	5 英寸 KRISS Vector 枪管 .45 ACP	Vector .45 5"	KRISS Vector .45 ACP 5 inch barrel	Vector .45 5"	1	1	mods
5fb653962b1b027b1f50bd03	6 英寸 KRISS Vector 枪管 .45 ACP	Vector .45 6"	KRISS Vector .45 ACP 6 inch barrel	Vector .45 6"	2	1	mods
5fb65424956329274326f316	Kriss Vector .45 ACP 消焰器	Vector 45	KRISS Vector .45 ACP flash hider	Vector .45	1	1	mods
5fb6548dd1409e5ca04b54f9	Kriss Vector .45 ACP螺纹保护帽	Vector护帽	KRISS Vector .45 ACP thread protector	Vector thr.	1	1	mods
5fb6558ad6f0b2136f2d7eb7	KRISS Vector Gen.2 折叠枪托	Vector 枪托	KRISS Vector Gen.2 folding stock	Vector fold.	2	1	mods
5fb655a72b1b027b1f50bd06	Kriss Vector手枪吊带卡口	Vector PSA	KRISS Vector Pistol Sling adapter	Vector PSA	1	1	mods
5fb655b748c711690e3a8d5a	KRISS Vector 非可折叠枪托转接器	Vector NFA	KRISS Vector non-folding stock adapter	Vector NFA	1	1	mods
5fb6564947ce63734e3fa1da	KRISS “Defiance 低轮廓折叠式” 照门	Defiance 照门	KRISS Defiance low profile flip-up rear sight	Defiance RS	1	1	mods
5fb6567747ce63734e3fa1dc	KRISS “Defiance 低轮廓折叠式” 准星	Defiance准星	KRISS Defiance low profile flip-up front sight	Defiance FS	1	1	mods
5fbb976df9986c4cff3fe5f2	KRISS Vector底导轨	Vector底导轨	KRISS Vector bottom rail	Vector Bottom	1	1	mods
5fbb978207e8a97d1f0902d3	KRISS Vector Mk.5 模块化导轨	Mk.5	KRISS Vector Mk.5 modular rail	Mk.5	1	1	mods
5fbbaa86f9986c4cff3fe5f6	KRISS Defiance DS150 枪托（黑色）	DS150	AR-15 KRISS Defiance DS150 stock (Black)	DS150	2	1	mods
5fbbc3324e8a554c40648348	Kriss Vector 9x19 消焰器	Vector 9x19	KRISS Vector 9x19 flash hider	Vector 9x19	1	1	mods
5fbbc34106bde7524f03cbe9	Vector 9x19螺纹保护帽	Vector护帽	KRISS Vector 9x19 thread protector	Vector thr.	1	1	mods
5fbbc366ca32ed67276c1557	5 英寸 KRISS Vector 枪管 9x19	Vector 9x19 5"	KRISS Vector 9x19 5 inch barrel	Vector 9x19 5"	1	1	mods
5fbbc383d5cb881a7363194a	6 英寸 KRISS Vector 枪管 9x19	Vector 9x19 6"	KRISS Vector 9x19 6 inch barrel	Vector 9x19 6"	2	1	mods
5fbbfabed5cb881a7363194e	6.75 英寸 MCX 枪管 .300 BLK	MCX 6.75"	MCX .300 BLK 6.75 inch barrel	MCX 6.75"	2	1	mods
5fbbfacda56d053a3543f799	9 英寸 MCX 枪管 .300 BLK	MCX 9"	MCX .300 BLK 9 inch barrel	MCX 9"	2	1	mods
5fbc210bf24b94483f726481	MCX 导气箍	MCX导气	MCX gas block	MCX block	1	1	mods
5fbc226eca32ed67276c155d	MCX GEN1 KeyMod 8 英寸护木	MCX 8"	MCX GEN1 KeyMod 8 inch handguard	MCX 8"	2	1	mods
5fbc227aa56d053a3543f79e	MCX GEN1 KeyMod 12 英寸护木	MCX 12"	MCX GEN1 KeyMod 12 inch handguard	MCX 12"	3	1	mods
5fbc22ccf24b94483f726483	SIG Sauer Taper-LOK 7.62x51/.300 BLK膛口转接器	T-LOK	SIG Sauer Taper-LOK 7.62x51/.300 BLK muzzle adapter	T-LOK	1	1	mods
5fbcbcf593164a5b6278efb2	三叉 SIG 消焰器 7.62x51	三叉消焰	SIG Sauer 7.62x51 3-prong flash hider	3-pr 762	1	1	mods
5fbcbd02900b1d5091531dd3	SIG 微型膛口制退器 7.62x51	微型制退器	SIG Sauer Micro Brake 7.62x51 muzzle brake	Micro 762	1	1	mods
5fbcbd10ab884124df0cd563	SIG 双端膛口制退器 7.62x51	TPB 762	SIG Sauer Two Port Brake 7.62x51 muzzle brake	TPB 762	1	1	mods
5fbcbd6c187fea44d52eda14	MCX 手枪式握把	MCX	MCX pistol grip	MCX	1	1	mods;pistolGrip
5fbcc1d9016cce60e8341ab3	SIG MCX .300 Blackout 突击步枪	MCX .300 BLK	SIG MCX .300 Blackout assault rifle	MCX	1	1	gun;wearable	Caliber762x35
5fbcc3e4d6fa9c00c571bb58	MCX GEN1 .300 BLK 上机匣	MCX GEN1	MCX GEN1 .300 BLK upper receiver	MCX GEN1	2	1	mods
5fbcc429900b1d5091531dd7	SIG Sauer MCX/MPX 伸缩枪托	SIG TFS	SIG Sauer Telescoping/Folding Stock	SIG TFS	2	1	mods
5fbcc437d724d907e2077d5c	SIG Sauer 轻量化折叠式枪托	SIG TSFS	SIG Sauer Thin Side-Folding Stock	SIG TSFS	2	1	mods
5fbcc640016cce60e8341acc	MCX 拉机柄	MCX	MCX charging handle	MCX	1	1	mods
5fbe3ffdf8b6a877a729ea82	.300 Blackout BPZ FMJ	BPZ	.300 Blackout BCP FMJ	BCP FMJ	1	1	ammo;noFlea	Caliber762x35
5fbe760793164a5b6278efc8	SIG Sauer SRD762-QD 7.62x51 消音器	SRD762-QD	SIG Sauer SRD762-QD 7.62x51 sound suppressor	SRD762-QD	2	1	mods;suppressor
5fbe7618d6fa9c00c571bb6c	SIG Sauer SRD762Ti 7.62x51 消音器	SRD762Ti	SIG Sauer SRD762Ti 7.62x51 sound suppressor	SRD762Ti	2	1	mods;suppressor
5fc0f9b5d724d907e2077d82	A3 Tactical MVF001 KeyMod 垂直前握把（黑色）	MVF001 A3	A3 Tactical MVF001 KeyMod vertical foregrip (Black)	MVF001	1	1	mods
5fc0f9cbd6fa9c00c571bb90	SIG Sauer KeyMod 垂直握把（黑色）	SSVFK	SIG Sauer Vertical Foregrip KeyMod (Black)	SSVFK	1	1	mods
5fc0fa362770a0045c59c677	SIG MCX折叠式准星	MCX准星	MCX flip-up front sight	MCX FS	1	1	mods
5fc0fa957283c4046c58147e	SIG MCX 折叠式照门	MCX照门	MCX flip-up rear sight	MCX RS	1	1	mods
5fc22d7c187fea44d52eda44	SWORD International Mk-18 .338 LM 精确射手步枪	Mk-18 雷霆之锤	SWORD International Mk-18 .338 LM marksman rifle	Mk-18 Mjölnir	2	1	gun;wearable	Caliber86x70
5fc23426900b1d5091531e15	Sword Int. Mk-18 .338 LM 10发弹匣	Mk-18 10	Mk-18 .338 LM 10-round magazine	Mk-18	1	2	mods
5fc235db2770a0045c59c683	Mk-18 18 英寸护木	Mk-18 18"	Mk-18 18 inch handguard	Mk-18 18"	3	1	mods
5fc2360f900b1d5091531e19	Mk-18导气箍	Mk-18导气箍	Mk-18 gas block	Mk18 block	1	1	mods
5fc23636016cce60e8341b05	SilencerCo AC-858 ASR .338 LM 膛口制退器	AC-858	SilencerCo AC-858 ASR .338 LM muzzle brake	AC-858	1	1	mods
5fc23678ab884124df0cd590	24 英寸 Mk-18 枪管 .338 LM	Mk-18 24"	Mk-18 .338 LM 24 inch barrel	Mk-18 24"	4	1	mods
5fc2369685fd526b824a5713	B5 Systems AR-15 可伸缩精准枪托	Precision	AR-15 B5 Systems Collapsible Precision Stock	B5 CPS	2	1	mods
5fc275cf85fd526b824a571a	.338 Lapua Magnum FMJ	FMJ	.338 Lapua Magnum FMJ	FMJ	1	1	ammo;noFlea	Caliber86x70
5fc278107283c4046c581489	Sword Int. Mk-18 mod 1上机匣	Mk-18上机匣	Mk-18 .338 LM upper receiver	Mk-18	2	1	mods
5fc382a9d724d907e2077dab	.338 Lapua Magnum AP	AP	.338 Lapua Magnum AP	AP	1	1	ammo;noFlea	Caliber86x70
5fc382b6d6fa9c00c571bbc3	.338 Lapua Magnum TAC-X	TAC-X	.338 Lapua Magnum TAC-X	TAC-X	1	1	ammo;noFlea	Caliber86x70
5fc382c1016cce60e8341b20	.338 Lapua Magnum UCW	UCW	.338 Lapua Magnum UCW	UCW	1	1	ammo;noFlea	Caliber86x70
5fc3e272f8b6a877a729eac5	HK UMP .45 ACP冲锋枪	UMP 45	HK UMP .45 ACP submachine gun	UMP 45	2	2	gun;wearable	Caliber1143x23ACP
5fc3e466187fea44d52eda90	HK UMP .45 ACP 25发弹匣	UMP 45	HK UMP .45 ACP 25-round magazine	UMP 45	1	2	mods
5fc3e4a27283c4046c5814ab	8 英寸 HK UMP 枪管 .45 ACP	UMP-45 8"	HK UMP .45 ACP 8 inch barrel	UMP-45 8"	2	1	mods
5fc3e4ee7283c4046c5814af	HK UMP 聚合物枪托	UMP	HK UMP polymer stock	UMP	2	1	mods
5fc3f2d5900b1d5091531e57	TDI KRISS Vector Gen.2 9x19 冲锋枪	Vector 9x19	TDI KRISS Vector Gen.2 9x19 submachine gun	Vector 9x19	2	2	gun;wearable	Caliber9x19PARA
5fc4b97bab884124df0cd5e3	SilencerCo Omega 45k Piston转接器	PM Omega	SilencerCo Omega 45k Piston Mount adapter	PM Omega	1	1	mods
5fc4b992187fea44d52edaa9	SilencerCo Omega 45k直螺纹转接器	DT Omega	SilencerCo Omega 45k Direct Thread Mount adapter	DT Omega	1	1	mods
5fc4b9b17283c4046c5814d7	SilencerCo Omega 45k .45 ACP 声音抑制器	Omega 45k	SilencerCo Omega 45k .45 ACP sound suppressor	Omega 45K	2	1	mods;suppressor
5fc53954f8b6a877a729eaeb	HK UMP 下导轨	UMP底轨	HK UMP bottom handguard rail	UMP bott	1	1	mods
5fc5396e900b1d5091531e72	HK UMP 侧导轨	UMP侧轨	HK UMP side handguard rail	UMP side	1	1	mods
5fc64ea372b0dd78d51159dc	邪教徒之刃	仪式刀	Cultist knife	Knife	2	1	wearable
5fca138c2a7b221b2852a5c6	xTG-12 解毒剂注射器	xTG-12	xTG-12 antidote injector	xTG-12	1	1	injectors;meds;provisions
5fca13ca637ee0341a484f46	SJ9 TGLabs 战斗兴奋剂注射器	SJ9	SJ9 TGLabs combat stimulant injector	SJ9	1	1	injectors;meds;provisions
5fce0cf655375d18a253eff0	Magpul RVG 前握把 (FDE)	RVG FDE	Magpul RVG foregrip (FDE)	RVG FDE	1	1	mods
5fce0f9b55375d18a253eff2	KRISS Vector侧导轨	Vector侧导轨	KRISS Vector side rail	Vector side	1	1	mods
5fce16961f152d4312622bc9	KRISS Defiance DS150 枪托 (FDE)	DS150 FDE	AR-15 KRISS Defiance DS150 stock (FDE)	DS150 FDE	2	1	mods
5fd20ff893a8961fc660a954	.300 Blackout AP	AP	.300 Blackout AP	AP	1	1	ammo;noFlea	Caliber762x35
5fd25119dd870108a754a163	SWORD International Mk-18 .338 LM 精确射手步枪 默认	Mk-18 雷霆之锤 默认	SWORD International Mk-18 .338 LM marksman rifle Default	Mk-18 Mjölnir Default	6	2	preset
5fd2517dbdd50d684f73a474	HK UMP .45 ACP冲锋枪 默认	UMP 45 默认	HK UMP .45 ACP submachine gun Default	UMP 45 Default	3	2	preset
5fd251a31189a17bcc172662	SIG MCX .300 Blackout 突击步枪 默认	MCX .300 BLK 默认	SIG MCX .300 Blackout assault rifle Default	MCX Default	4	2	preset
5fd251c90d9c95034825edb5	TDI KRISS Vector Gen.2 9x19 冲锋枪 默认	Vector 9x19 默认	TDI KRISS Vector Gen.2 9x19 submachine gun Default	Vector 9x19 Default	3	2	preset
5fd251ee16cac650092f5d02	TDI KRISS Vector Gen.2 .45 ACP 冲锋枪 默认	Vector .45 默认	TDI KRISS Vector Gen.2 .45 ACP submachine gun Default	Vector .45ACP Default	3	2	preset
5fd4c474dd870108a754b241	5.11 Hexgrid 插板背心	Hexgrid	5.11 Tactical Hexgrid plate carrier	Hexgrid	3	3	armor;wearable
5fd4c4fa16cac650092f6771	IDEA DIY胸挂	IDEA	DIY IDEA chest rig	IDEA Rig	3	2	rig;wearable
5fd4c5477a8d854fa0105061	保安背心	背心	Security vest	Security	2	3	rig;wearable
5fd4c60f875c30179f5d04c2	Gear Craft GC-BSS-MK1 胸挂 (A-TACS 橄榄绿迷彩)	BSS-MK1	Gear Craft GC-BSS-MK1 chest rig (A-TACS FG)	BSS-MK1	3	3	rig;wearable
5fd8d28367cb5e077335170f	Smoke巴拉克拉瓦头套	Smoke	Smoke balaclava	Smoke	1	1	wearable
60098ad7c2240c0fe85c570a	AFAK单兵急救包	AFAK	AFAK tactical individual first aid kit	AFAK	1	1	meds;provisions
60098af40accd37ef2175f27	CAT止血带	CAT	CAT hemostatic tourniquet	CAT	1	1	meds;provisions
60098b1705871270cd5352a1	应急用水	应急用水	Emergency Water Ration	EWR	1	1	provisions
601948682627df266209af05	UVSR“针叶林-1”求生砍刀	针叶林-1	UVSR Taiga-1 survival machete	Taiga-1	1	3	wearable
60194943740c5d77f6705eea	5.56x45毫米 Mk 318 Mod 0 (SOST)	SOST	5.56x45mm MK 318 Mod 0 (SOST)	SOST	1	1	ammo;noFlea	Caliber556x45NATO
601949593ae8f707c4608daa	5.56x45毫米 SSA AP	SSA AP	5.56x45mm SSA AP	SSA AP	1	1	ammo;noFlea	Caliber556x45NATO
601aa3d2b2bcb34913271e6d	7.62x39毫米 MAI AP	MAI AP	7.62x39mm MAI AP	MAI AP	1	1	ammo;noFlea	Caliber762x39
602286df23506e50807090c6	PL-15 9x19 16发弹匣	PL-15	PL-15 9x19 16-round magazine	PL-15	1	1	mods
60228924961b8d75ee233c32	PL-15手枪套筒	PL15套筒	PL-15 pistol slide	PL-15 slide	2	1	mods
60228a76d62c9b14ed777a66	PL-15标准准星	PL15准星	PL-15 front sight	PL-15 FS	1	1	mods
60228a850ddce744014caf69	PL-15加长准星	PL15准星	PL-15 extended front sight	PL-15 FS ext.	1	1	mods
602293f023506e50807090cb	PL-15加长照门	Sup.照门	PL-15 extended rear sight	PL-15 RS ext.	1	1	mods
60229948cacb6b0506369e27	PL-15标准照门	PL15照门	PL-15 rear sight	PL-15 RS	1	1	mods
602a95edda11d6478d5a06da	PL-15 9x19 112毫米枪管	PL-15	PL-15 9x19 112mm barrel	PL-15	1	1	mods
602a95fe4e02ce1eaa358729	PL-15 9x19 112 毫米螺纹枪管	PL15螺纹	PL-15 9x19 112mm threaded barrel	PL-15 thr.	1	1	mods
602a97060ddce744014caf6f	PL-15 9x19毫米声音抑制器	PL-15	PL-15 9x19 sound suppressor	PL-15	2	1	mods;suppressor
602a9740da11d6478d5a06dc	列别杰夫 PL-15 9x19 手枪	PL-15	Lebedev PL-15 9x19 pistol	PL-15	2	1	gun	Caliber9x19PARA
602e3f1254072b51b239f713	联盟-TM AR-15 缓冲管	STM缓冲管	AR-15 Soyuz-TM buffer tube	STM Tube	2	1	mods
602e620f9b513876d4338d9a	FAB Defense GL-CORE AR-15 枪托	GL-CORE	AR-15 FAB Defense GL-CORE buttstock	GL-CORE	2	1	mods
602e63fb6335467b0c5ac94d	STM-9 9x19上机匣	STM-9 上机匣	STM-9 9x19 upper receiver	STM-9	2	1	mods
602e71bd53a60014f9705bfa	DLG Tactical DLG-123 AR-15 手枪式握把	DLG123	AR-15 DLG Tactical DLG-123 pistol grip	DLG123	1	1	mods;pistolGrip
602f85fd9b513876d4338d9c	STM-9弹匣转换器	弹匣转换器	STM-9 magwell	STM9 mwell	1	1	mods
603372b4da11d6478d5a07ff	10.5 英寸 STM-9 枪管 9x19	10.5英寸STM-9 9x19	STM-9 9x19 10.5 inch barrel	STM-9 10.5"	2	1	mods
603372d154072b51b239f9e1	12 英寸 STM-9 枪管 9x19	12英寸STM-9 9x19	STM-9 9x19 12 inch barrel	STM-9 12"	2	1	mods
603372f153a60014f970616d	14 英寸 STM-9 枪管 9x19	14英寸STM-9 9x19	STM-9 9x19 14 inch barrel	STM-9 14"	3	1	mods
603373004e02ce1eaa358814	16 英寸 STM-9 枪管 9x19	16英寸STM-9 9x19	STM-9 9x19 16 inch barrel	STM-9 16"	3	1	mods
6033749e88382f4fab3fd2c5	MASP Industries AR-15 双侧战斗拉机柄	MASP	AR-15 MASP Industries Ambidextrous Battle Charging Handle	MASP	1	1	mods
60337f5dce399e10262255d1	STM-9 9x19枪口制退器	STM9制退器	STM-9 9x19 muzzle brake	STM9 MB	1	1	mods
60338ff388382f4fab3fd2c8	STM-9弹匣转换器 Grey	弹匣转换器	STM-9 magwell (Grey)	STM9 mwell G	1	1	mods
60339954d62c9b14ed777c06	联盟-TM STM-9 Gen.2 9x19 卡宾枪	STM-9	Soyuz-TM STM-9 Gen.2 9x19 carbine	STM-9	1	1	gun;wearable	Caliber9x19PARA
6033fa48ffd42c541047f728	Opsmen Earmor M32 耳机	M32	OPSMEN Earmor M32 headset	M32	2	2	headphones;wearable
603409c80ca681766b6a0fb2	NPP KIASS Condor 护目镜	Condor	NPP KlASS Condor glasses	Condor	2	1	glasses;wearable
6034cf5fffd42c541047f72e	Umka М33-SET1 猎人背心	Umka	Umka M33-SET1 hunter vest (Olive Drab)	Umka	3	4	rig;wearable
6034d0230ca681766b6a0fb5	CSA 胸挂（黑色）	CSA	CSA chest rig (Black)	CSA	2	3	rig;wearable
6034d103ca006d2dca39b3f0	Hazard 4 Takedown 单肩背包（黑色）	Takedown	Hazard 4 Takedown sling backpack (Black)	Takedown	3	7	backpack;wearable
6034d2d697633951dc245ea6	Eberlestock G2 Gunslinger II 背包（干土色）	Gunslinger	Eberlestock G2 Gunslinger II backpack (Dry Earth)	G2 Gunslinger II	5	7	backpack;noFlea;wearable
6034e3cb0ddce744014cb870	联盟-TM 9 英寸 AR-15 M-LOK 护木	STM 9"	AR-15 Soyuz-TM 9 inch M-LOK handguard	STM 9"	2	1	mods
6034e3d953a60014f970617b	联盟-TM 15 英寸 AR-15 M-LOK 护木	STM 15"	AR-15 Soyuz-TM 15 inch M-LOK handguard	STM 15"	3	1	mods
6034e3e20ddce744014cb878	联盟-TM 12 英寸 AR-15 M-LOK 护木	STM 12"	AR-15 Soyuz-TM 12 inch M-LOK handguard	STM 12"	2	1	mods
603618feffd42c541047f771	黑色军帽	帽子	Army cap (Black)	Cap	1	1	wearable
603619720ca681766b6a0fc4	军帽（黄褐色）	帽子	Army cap (Coyote Tan)	Cap	1	1	wearable
60361a7497633951dc245eb4	Flora军帽	帽子	Army cap (Flora)	Cap	1	1	wearable
60361b0b5a45383c122086a1	沙漠军帽	帽子	Army cap (Desert)	Cap	1	1	wearable
60361b5a9a15b10d96792291	UCP军帽	帽子	Army cap (UCP)	Cap	1	1	wearable
60363c0c92ec1c31037959f5	GP-7防毒面具	GP-7	GP-7 gas mask	GP-7	2	2	wearable
603648ff5a45383c122086ac	Azimut SS "Zhuk"胸挂（黑）	Azimut	Azimut SS Zhuk chest harness (Black)	Zhuk	4	3	rig;wearable
6038b4b292ec1c3103795a0b	LBT 6094A Slick 插板背心（黄褐色）	Slick	LBT-6094A Slick Plate Carrier (Coyote Tan)	Slick	3	3	armor;wearable
6038b4ca92ec1c3103795a0d	LBT 6094A Slick 插板背心（橄榄绿）	Slick	LBT-6094A Slick Plate Carrier (Olive Drab)	Slick	3	3	armor;wearable
6038d614d10cbf667352dd44	Hazard 4 Takedown 单肩背包（复合迷彩）	Takedown	Hazard 4 Takedown sling backpack (MultiCam)	Takedown	3	7	backpack;wearable
60391a8b3364dc22b04d0ce5	罐装铝热剂	铝热剂	Can of thermite	Thermite	1	1	barter
60391afc25aff57af81f7085	棘轮扳手	棘轮	Ratchet wrench	Ratchet	1	2	barter
60391b0fb847c71012789415	TP-200 砖型TNT	TP-200	TP-200 TNT brick	TP-200	1	1	barter
6040dd4ddcf9592f401632d2	Azimut SS "Zhuk"胸挂（SURPAT）	Azimut	Azimut SS Zhuk chest harness (SURPAT)	Zhuk	4	3	rig;wearable
6040de02647ad86262233012	CADPAT军帽	帽子	Army cap (CADPAT)	Cap	1	1	wearable
60479c3f420fac5ebc199f86	联盟-TM STM-9 Gen.2 9x19 卡宾枪 默认	STM-9 默认	Soyuz-TM STM-9 Gen.2 9x19 carbine Default	STM-9 Default	4	2	preset
60479fb29c15b12b9a480fb0	列别杰夫 PL-15 9x19 手枪 默认	PL-15 默认	Lebedev PL-15 9x19 pistol Default	PL-15 Default	2	1	preset
606587252535c57a13424cfd	CMMG Mk47 Mutant 7.62x39 突击步枪	Mk47	CMMG Mk47 Mutant 7.62x39 assault rifle	Mk47	1	1	gun;wearable	Caliber762x39
60658776f2cb2e02a42ace2b	254毫米Mk47枪管	Mk47 254mm	Mk47 254mm barrel	Mk47 254mm	2	1	mods
6065878ac9cf8012264142fd	409毫米Mk47枪管	Mk47 409mm	Mk47 409mm barrel	Mk47 409mm	3	1	mods
606587a88900dc2d9a55b659	CMMG Resolute Mk47 7.62x39 Mk47上机匣	Mk47上机匣	Mk47 Resolute 7.62x39 upper receiver	Mk47 Resolute	2	1	mods
606587bd6d0bd7580617bacc	Mk47 双侧拉机柄	Mk47 Ambi	Mk47 ambidextrous charging handle	Mk47 Ambi	1	1	mods
606587d11246154cad35d635	CMMG RipStock AR-15 枪托	RipStock	AR-15 CMMG RipStock buttstock	RipStock	2	1	mods
606587e18900dc2d9a55b65f	CMMG AR-15 缓冲管	CMMG 缓冲管	AR-15 CMMG buffer tube	CMMG	2	1	mods
6065880c132d4d12c81fd8da	CMMG MK3 RML9 9英寸 AR-10 M-LOK 护木	MK3 RML9	AR-10 CMMG MK3 RML9 9 inch M-LOK handguard	MK3 RML9	2	1	mods
6065881d1246154cad35d637	CMMG MK3 RML15 15英寸 AR-10 M-LOK 护木	MK3 RML15	AR-10 CMMG MK3 RML15 15 inch M-LOK handguard	MK3 RML15	3	1	mods
6065c6e7132d4d12c81fd8e1	CMMG SV Brake 7.62x51 AR-10 膛口制退器	SV制退器	AR-10 CMMG SV Brake 7.62x51 muzzle brake	SV Brake	1	1	mods
6065dc8a132d4d12c81fd8e3	CMMG AR-10 低轮廓导气箍	CMMG 导气箍	AR-10 CMMG low profile gas block	CMMG	1	1	mods
606dae0ab0e443224b421bb7	MP-155 12铅径半自动霰弹枪	MP-155	MP-155 12ga semi-automatic shotgun	MP-155	3	1	gun	Caliber12g
606ee5c81246154cad35d65e	Ultima МP-155 聚乙烯枪托	МP-155 Ultima	MP-155 Ultima polymer forestock	Ultima	2	1	mods
606eef46232e5a31c233d500	Ultima МP-155 塑料手枪式握把	Ultima握把	MP-155 Ultima pistol grip	Ultima	2	1	mods;pistolGrip
606eef756d0bd7580617baf8	Ultima МP-155 聚乙烯枪托	Ultima枪托	MP-155 Ultima polymer stock	Ultima	2	1	mods
606ef0812535c57a13424d20	MP-155 "Ultima" 小型后坐力缓冲垫	Ultima小缓冲垫	MP-155 Ultima thin recoil pad	Ultima thin	1	1	mods
606f262c6d0bd7580617bafa	MP-155 "Ultima" 中型后坐力缓冲垫	Ultima中缓冲垫	MP-155 Ultima medium recoil pad	Ultima med.	1	1	mods
606f263a8900dc2d9a55b68d	MP-155 "Ultima" 大号后坐力缓冲垫	Ultima大缓冲垫	MP-155 Ultima large recoil pad	Ultima large	1	1	mods
606f26752535c57a13424d22	MP-155 "Ultima" 枪管下基座	Ultima基座	MP-155 Ultima underbarrel mount	Ultima mount	1	1	mods
606f2696f2cb2e02a42aceb1	MP-155 "Ultima"热成像摄像头	Ultima热成像	MP-155 Ultima thermal camera	Ultima thrm.	1	1	mods
6076c1b9f2cb2e02a42acedc	MP-155 12 铅径 510 毫米枪管	MP155 510mm	MP-155 12ga 510mm barrel	MP155 510mm	3	1	mods
6076c87f232e5a31c233d50e	MP-155 12 铅径 6 发弹仓	МP155x6	MP-155 12ga 6-shell magazine	MP155x6	2	1	mods
60785c0d232e5a31c233d51c	MP-155 "Ultima"手枪式握把橡胶垫	MP-155橡胶垫	MP-155 Ultima pistol grip rubber pad	Ultima rbr.	1	1	mods
60785ce5132d4d12c81fd918	MP-155 "Ultima"上导轨	Ultima上导轨	MP-155 Ultima top rail	Ultima top	3	1	mods
607d5a891246154cad35d6aa	MP-155木制枪托	MP-155木托	MP-155 walnut stock	155 walnut	2	1	mods
607d5aa50494a626335e12ed	Izhmekh MP-155 Walnut护木	МP-155 Walnut	MP-155 walnut forestock	MP155 walnut	2	1	mods
607ea812232e5a31c233d53c	MP-155 "Ultima"短导轨	Ultima短导轨	MP-155 Ultima short rail	Ultima shrt.	1	1	mods
607f201b3c672b3b3a24a800	Twitch Rivals 2021 巴拉克拉瓦	TR2021	Twitch Rivals 2021 balaclava	TR2021	1	1	wearable
607f20859ee58b18e41ecd90	PACA 软质防弹背心（Rivals 版本）	PACA TR	PACA Soft Armor (Rivals Edition)	PACA TR	3	3	armor;wearable
607ffb988900dc2d9a55b6e4	Surefire ProComp 7.62x51 AR-10膛口制退器	ProComp	AR-10 SureFire ProComp 7.62x51 muzzle brake	ProComp 762	1	1	mods
6086b5392535c57a13424d70	Custom Guns导轨	CG	Custom Guns handguard rail	CG	1	1	mods
6086b5731246154cad35d6c7	SOK-12 Custom Guns Type 340护木	Type340	SOK-12 Custom Guns Type-340 handguard	Type-340	2	1	mods
6087e0336d0bd7580617bb7a	Unique-ARs Wing & Skull 12 英寸 AR-15 护木	Wing&Skull	AR-15 Unique-ARs Wing & Skull 12 inch handguard	Wing&Skull	2	1	mods
6087e2a5232e5a31c233d552	ProMag Archangel OPFOR AAK7 AK 枪托	OPFOR AA47	AKM/AK-74 ProMag Archangel OPFOR AA47 buttstock	OPFOR AA47	2	1	mods
6087e663132d4d12c81fd96b	Custom Arms AGS-74 PRO + 狙击套件 AK 手枪式握把	AGS-74	AK Custom Arms AGS-74 PRO + Sniper Kit pistol grip	AGS-74	1	1	mods;pistolGrip
609269c3b0e443224b421cc1	SilencerCo ASR 5.56x45 AR-15 消焰器	ASR 556	AR-15 SilencerCo ASR 5.56x45 flash hider	ASR 556	1	1	mods
60926df0132d4d12c81fd9df	SilencerCo SAKER ASR 556 5.56x45 消音器	SAKER ASR 556	SilencerCo Saker ASR 556 5.56x45 sound suppressor	Saker ASR 556	2	1	mods;suppressor
609a4b4fe2ff132951242d04	Arbalet VPO-102基座	Arbalet VPO	VPO-102 Arbalet mount	Arbalet VPO	1	1	mods
609a63b6e2ff132951242d09	Valday Krechet反射式瞄具	Krechet	Valday Krechet reflex sight	Krechet	1	1	mods
609b9e31506cf869cf3eaf41	VOMZ PILAD Target Ring反射式瞄具	TargetRing	VOMZ Pilad TargetRing reflex sight	TargetRing	1	1	mods
609bab8b455afd752b2e6138	Torrey Pines Logic T12W热成像反射式瞄具	T12W	Torrey Pines Logic T12W 30Hz thermal reflex sight	T12W	1	1	mods
609e8540d5c319764c2bc2e9	NFM THOR 隐蔽型强化防弹背心	THOR 隐蔽型	NFM THOR Concealable Reinforced Vest body armor	THOR CRV	3	3	armor;wearable
609e860ebd219504d8507525	Crye Precision AVS 插板胸挂（Tagilla 版）	AVS TE	Crye Precision AVS plate carrier (Tagilla Edition)	AVS TE	3	3	armor;rig;wearable
60a23797a37c940de7062d02	SIG Romeo 8T反射式瞄具	Romeo8T	SIG Sauer ROMEO8T reflex sight	ROMEO8T	1	1	mods
60a272cc93ef783291411d8e	Hazard 4 Drawbridge 背包（黄褐色）	Drawbridge	Hazard 4 Drawbridge backpack (Coyote Tan)	Drawbridge	5	5	backpack;wearable
60a2828e8689911a226117f9	Hazard 4 Pillbox 背包 （黑色）	Pillbox	Hazard 4 Pillbox backpack (Black)	Pillbox	4	4	backpack;wearable
60a283193cb70855c43a381d	NFM THOR 一体式防弹护甲	THOR IC	NFM THOR Integrated Carrier body armor	THOR IC	4	4	armor;noFlea;wearable
60a3c68c37ea821725773ef5	CQC 鱼鹰 MK4A 防弹胸挂（防护型，多地形迷彩）	MK4A 防护型	CQC Osprey MK4A plate carrier (Protection, MTP)	Osprey MK4A (P)	4	3	armor;rig;wearable
60a3c70cde5f453f634816a3	CQC 鱼鹰 MK4A 防弹胸挂（突击型，多地形迷彩）	MK4A突击型	CQC Osprey MK4A plate carrier (Assault, MTP)	Osprey MK4A (A)	4	3	armor;rig;wearable
60a621c49c197e4e8c4455e6	Stich Profi MK2胸挂（突击型，A-TACS FG迷彩）	CR MK2突击型	Stich Profi Chest Rig MK2 (Assault, A-TACS FG)	CR MK2 (A)	3	4	rig;wearable
60a6220e953894617404b00a	Stich Profi MK2胸挂（侦察型，A-TACS FG迷彩）	CR MK2侦察型	Stich Profi Chest Rig MK2 (Recon, A-TACS FG)	CR MK2 (R)	3	4	rig;wearable
60a7acf20c5cb24b01346648	BOSS鸭舌帽	帽子	BOSS cap	Cap	1	1	wearable
60a7ad2a2198820d95707a2e	Tagilla的"UBEY"电焊面罩	"UBEY"	Tagilla's welding mask "UBEY"	"UBEY"	2	2	helmet;noFlea;wearable
60a7ad3a0c5cb24b0134664a	Tagilla的"Gorilla"电焊面罩	"Gorilla"	Tagilla's welding mask "Gorilla"	"Gorilla"	2	2	helmet;noFlea;wearable
60b0f561c4449e4cb624c1d7	LVNDMARK的老鼠药	鼠药	LVNDMARK's rat poison	Poison	1	2	barter
60b0f6c058e0b0481a09ad11	WZ钱包	WZ	WZ Wallet	WZ	1	1	container
60b0f7057897d47c5b04ab94	Loot Lord毛绒玩具	Loot Lord	Loot Lord plushie	Loot Lord	2	2	barter
60b0f93284c20f0feb453da7	罐装六可乐	六可乐	Can of RatCola soda	RatCola	1	1	barter;provisions
60b0f988c4449e4cb624c1da	Evasion臂带	Evasion	Armband (Evasion)	Evasion	1	1	wearable
60b52e5bc7d8103275739d67	Stich Profi Chimera 奔尼帽	Chimera	Stich Profi Chimera boonie hat	Chimera	2	2	wearable
60b7c28ee53e4c5c8945dd73	MP-155 12铅径半自动霰弹枪 默认	MP-155 默认	MP-155 12ga semi-automatic shotgun Default	MP-155 Default	6	1	preset
60b7c2bd95047637182d90a4	MP-155 12铅径半自动霰弹枪 Ultima	MP-155 Ultima	MP-155 12ga semi-automatic shotgun Ultima	MP-155 Ultima	5	2	preset
60b7d76e2a3c79100f1979de	CMMG Mk47 Mutant 7.62x39 突击步枪 默认	Mk47 默认	CMMG Mk47 Mutant 7.62x39 assault rifle Default	Mk47 Default	4	2	preset
60bf74184a63fc79b60c57f6	Bomber 无檐小便帽	Bomber	Bomber beanie	Bomber	1	1	wearable
60db29ce99594040e04c4a27	MTs-255-12 12铅径转轮霰弹枪	MTs-255-12	MTs-255-12 12ga shotgun	MTs-255-12	2	1	gun	Caliber12g
60dc519adf4c47305f6d410d	MTs-255-12 12 铅径 5发弹巢	255弹巢	MTs-255-12 12ga cylinder	255 cyl.	1	1	mods
6113c3586c780c1e710c90bc	F1 Firearms 镂空 1 型 AR-15 手枪式握把	F1 St1	AR-15 F1 Firearms Skeletonized Style 1 pistol grip	F1 St1	1	1	mods;pistolGrip
6113cc78d3a39d50044c065a	F1 Firearms 镂空 2 型 AR-15 手枪式握把（缠线版本）	F1 St2 PC	AR-15 F1 Firearms Skeletonized Style 2 PC pistol grip	F1 St2 PC	1	1	mods;pistolGrip
6113cce3d92c473c770200c7	F1 Firearms 镂空 2 型 AR-15 手枪式握把	F1 St2	AR-15 F1 Firearms Skeletonized Style 2 pistol grip	F1 St2	1	1	mods;pistolGrip
6113d6c3290d254f5e6b27db	Belomo PK-AA反射式瞄具	PK-AA	BelOMO PK-AA dovetail reflex sight	PK-AA	1	1	mods
611a30addbdd8440277441dc	750毫米MP-43e-1c枪管 12铅径	MP-43 750毫米	MP-43 12ga 750mm barrel	MP-43 750mm	5	1	mods
611a31ce5b7ffe001b4649d1	MP-43-1s枪托垫	43-1C枪托垫	MP-43-1C buttpad	43-1C butt	1	1	mods
6123649463849f3d843da7c4	MTs-255-12 山毛榉下护木	MTs-255 山毛榉	MTs-255-12 beechwood forestock	MTs-255 beech	2	1	mods
612368f58b401f4f51239b33	755毫米MTs-255-12霰弹枪肋条枪管 12铅径	МTs-255 755毫米肋条枪管	MTs-255-12 12ga 755mm barrel with rib	MTs-255 755mm rib	5	1	mods
612781056f3d944a17348d60	MTs-255-12木制枪托	MTs-255木制枪托	MTs-255-12 wooden stock	MTs-255 wood	2	1	mods
612e0cfc8004cc50514c2d9e	AWC PSR 5.56x45 AR-15 膛口制退器	PSR 556	AR-15 AWC PSR 5.56x45 muzzle brake	PSR 556	1	1	mods
612e0d3767085e45ef14057f	AWC PSR 7.62x51 AR-10 膛口制退器	PSR 762	AR-10 AWC PSR 7.62x51 muzzle brake	PSR 762	1	1	mods
612e0d81290d254f5e6b291a	AWC PSR .338 LM膛口制退器	PSR 338	AWC PSR .338 LM muzzle brake	PSR 338	1	1	mods
612e0e04568c120fdd294258	AWC PSR 膛口制退器螺纹护帽	PSR护帽	AWC PSR muzzle brake protector	PSR prot	1	1	mods
612e0e3c290d254f5e6b291d	TAA ZK-38 7.62x51 AR-10 膛口制退器	ZK-38 762	AR-10 TAA ZK-38 7.62x51 muzzle brake	ZK-38	1	1	mods
612e0e55a112697a4b3a66e7	TAA ZK-23 5.56x45 AR-15 膛口制退器	ZK-23 556	AR-15 TAA ZK-23 5.56x45 muzzle brake	ZK-23	1	1	mods
6130c3dffaa1272e43151c7d	8 英寸HK UMP 螺纹枪管 .45 ACP	UMP-45 8"螺纹	HK UMP .45 ACP 8 inch threaded barrel	UMP-45 8" thr.	2	1	mods
6130c43c67085e45ef1405a1	KAC QDC 7.62x51 AR-10 膛口制退器套件	QDC 762	AR-10 KAC QDC 7.62x51 Muzzle Brake Kit	QDC MBK	1	1	mods
6130c4d51cb55961fa0fd49f	B&T OEM .45 ACP UMP 消音器	UMP OEM	HK UMP B&T OEM .45 ACP sound suppressor	UMP OEM	2	1	mods;suppressor
6130ca3fd92c473c77020dbd	CSS AK 凸缘拉机柄	CSS AK	AK CSS knurled charging handle	CSS AK	1	1	mods
615d8d878004cc50514c3233	B&T QD NAR Aimpoint ACRO 准镜基座	NAR	B&T QD NAR mount for Aimpoint ACRO	NAR	1	1	mods
615d8da4d3a39d50044c10e8	Glock TangoDown AAM-01 ACRO基座	G TD	Glock TangoDown AAM-01 ACRO mount base	G TD	1	1	mods
615d8dbd290d254f5e6b2ed6	Glock 9x19 MOS套筒	G MOS	Glock 17 MOS pistol slide	G MOS	2	1	mods
615d8df08004cc50514c3236	B&T 9x19 MP5 快拆膛口制退器	MP5快拆	HK MP5 B&T QD 9x19 muzzle brake	QD MP5	1	1	mods
615d8e2f1cb55961fa0fd9a4	HK BLITZ 5.56x45 AR-15 消焰器	BLITZ 556	AR-15 HK BLITZ 5.56x45 flash hider	BLITZ 556	1	1	mods
615d8e9867085e45ef1409c6	Kiba Arms 7.62x39 AKM .308 枪口转接器	AKM 308	AKM 7.62x39 Kiba Arms .308 muzzle device adapter	AKM 308	1	1	mods
615d8eb350224f204c1da1cf	SureFire Warden 7.62x51 AR-10 爆炸调节器	War 762	AR-10 SureFire Warden 7.62x51 blast regulator	War 762	1	1	mods
615d8f5dd92c473c770212ef	Hexagon Reactor 5.45x39 AK 膛口制退器	Reactor	AK Hexagon Reactor 5.45x39 muzzle brake	Reactor	1	1	mods
615d8f8567085e45ef1409ca	Hexagon Wafflemaker 5.45x39 AK 消音器	Waffle	AK-74 Hexagon Wafflemaker 5.45x39 sound suppressor	Waffle	2	1	mods;suppressor
615d8faecabb9b7ad90f4d5d	Tactical Dynamics Hexgrip AR-15 手枪式握把	TD Hex	AR-15 Tactical Dynamics Hexgrip pistol grip	TD Hex	1	1	mods;pistolGrip
615d8fd3290d254f5e6b2edc	Monstrum Tactical KeyMod垂直前握把	MT VFG	Monstrum Tactical Vertical Fore Grip KeyMod	MT VFG	1	1	mods
61605d88ffa6e502ac5e7eeb	Wilcox RAPTAR ES 战术测距仪	RAPTAR	Wilcox RAPTAR ES Tactical Rangefinder	RAPTAR	1	1	mods
61605e13ffa6e502ac5e7eef	Vortex Ranger 1500测距仪	R1500	Vortex Ranger 1500 rangefinder	R1500	1	1	specialSlot
616442e4faa1272e43152193	Aimpoint ACRO P-1反射式瞄具	ACRO P-1	Aimpoint ACRO P-1 reflex sight	ACRO P-1	1	1	mods
616554fe50224f204c1da2aa	Aimpoint Micro H-2瞄具基座	H-2	Aimpoint Micro H-2 Standard Mount	H-2	1	1	mods
61657230d92c473c770213d7	Aimpoint Micro H-2 反射式瞄具	H-2	Aimpoint Micro H-2 reflex sight	H-2	1	1	mods
616584766ef05c2ce828ef57	Aimpoint QRP2 CompM4/PRO反射式瞄具基座	QRP2	Aimpoint CompM4/PRO QRP2 mount	QRP2	1	1	mods
61659f79d92c473c770213ee	Aimpoint PRO反射式瞄具	PRO	Aimpoint PRO reflex sight	PRO	1	1	mods
6165ac306ef05c2ce828ef74	FN SCAR-H 7.62x51 突击步枪 (FDE)	Mk 17	FN SCAR-H 7.62x51 assault rifle (FDE)	Mk 17	1	1	gun;noFlea	Caliber762x51
6165ac8c290d254f5e6b2f6c	Leapers UTG反射式瞄具	UTG	Leapers UTG reflex sight	UTG	1	1	mods
6165adcdd3a39d50044c120f	FN SCAR-H 7.62x51上机匣	Mk17	FN SCAR-H 7.62x51 upper receiver	Mk17	3	1	mods
6165aeedfaa1272e431521e3	FN SCAR-H 7.62x51 上机匣 (FDE)	Mk17	FN SCAR-H 7.62x51 upper receiver (FDE)	Mk17	3	1	mods
61695095d92c473c7702147a	KCI 7.62x39 SKS 75发弹鼓	KSI SKS	SKS 7.62x39 KCI 75-round drum magazine	KCI SKS	2	2	mods
61702be9faa1272e431522c3	16.5 英寸 HK417 枪管 7.62x51	417 16.5寸	HK417 7.62x51 16.5 inch barrel	417 16.5"	4	1	mods
61702d8a67085e45ef140b24	HK417 E1 加长拉机柄	417 E1	HK417 E1 Extended Charging Handle	417 E1	1	1	mods
61702f1b67085e45ef140b26	HK417 低轮廓导气箍	417	HK417 low profile gas block	417	1	1	mods
61703001d92c473c77021497	HK417 加长浮置护木（附折叠式准星）	417加长	HK417 Extended Free Float handguard with flip-up front sight	417 Ext. FF	3	1	mods
61712eae6c780c1e710c9a1d	HK417 巡逻型护木（附折叠式准星）	417巡逻型	HK417 Patrol handguard with flip-up front sight	417 Patrol	2	1	mods
617130016c780c1e710c9a24	HK417/G28 7.62x51 10发弹匣	417 762	HK417/G28 7.62x51 10-round magazine	417 7.62	1	1	mods
617131a4568c120fdd29482d	HK417/G28 7.62x51 20发弹匣	417 762	HK417/G28 7.62x51 20-round magazine	417 7.62	1	2	mods
61713308d92c473c770214a0	HK Prolonged 7.62x51消焰器	Prolong	HK Prolonged 7.62x51 flash hider	Prolong	1	1	mods
6171367e1cb55961fa0fdb36	B&T QD 7.62x51 G28 消音器	G28 QD	HK G28 B&T QD 7.62x51 sound suppressor	G28 QD	2	1	mods;suppressor
61713a8fd92c473c770214a4	HK G28 7.62x51上机匣	G28	HK G28 7.62x51 upper receiver	G28	2	1	mods
61713cc4d8e3106d9806c109	Recknagel Era-Tac 34毫米环形基座	RN 34毫米 ET	Recknagel Era-Tac 34mm ring scope mount	RN 34mm ET	2	1	mods
6171407e50224f204c1da3c5	Recknagel Era-Tac 30毫米环形基座	RN 30毫米 ET	Recknagel Era-Tac 30mm ring scope mount	RN 30mm ET	2	1	mods
61714b2467085e45ef140b2c	Recknagel Era-Tac Sunshade Aimpoint T-1基座	T1 Sun	Recknagel Era-Tac Sunshade mount for Aimpoint T-1 sights	T-1 Sun	1	1	mods
61714eec290d254f5e6b2ffc	Schmidt & Bender PM II 3-20x50 34 毫米步枪瞄准镜	PM II 3-20	Schmidt & Bender PM II 3-20x50 34mm riflescope	PM II 3-20	2	1	mods
617151c1d92c473c770214ab	Schmidt & Bender PM II 1-8x24 30 毫米步枪瞄准镜	PM II 1-8x24	Schmidt & Bender PM II 1-8x24 30mm riflescope	PM II 1-8	2	1	mods
617153016c780c1e710c9a2f	HK G28缓冲管	G28/417	HK G28 buffer tube	G28/417	2	1	mods
617154aa1cb55961fa0fdb3b	HK417 E2枪托	HK E2	HK417 E2 buttstock	HK E2	2	1	mods
617155ee50224f204c1da3cd	HK可调节枪托垫	HK可调节垫	HK417 Adjustable Buttstock	HK Adj.	2	1	mods
61715e7e67085e45ef140b33	HK可调节托腮板	HK托腮板	HK Adjustable Buttstock cheek rest	HK Cheek	1	1	mods
6176a40f0b8c0312ac75a3d3	食尸鬼面具	食尸鬼	Ghoul mask	Ghoul	2	2	wearable
6176a48d732a664031271438	无头鬼面具	无头鬼	Faceless mask	Faceless	2	2	wearable
6176aca650224f204c1da3fb	HK G28 7.62x51 精确射手步枪	G28	HK G28 7.62x51 marksman rifle	G28	1	1	gun	Caliber762x51
617aa4dd8166f034d57de9c5	M18烟雾弹 （绿色）	M18	M18 smoke grenade (Green)	M18	1	1	grenade
617fd91e5539a84ec44ce155	RGN手榴弹	RGN	RGN hand grenade	RGN	1	1	grenade;noFlea
61816734d8e3106d9806c1f3	FN SCAR 折叠式聚合物枪托	SCAR折叠式	FN SCAR folding polymer stock	SCAR fold.	2	1	mods
618167441cb55961fa0fdc71	FN SCAR托腮板	SCAR	FN SCAR cheek rest	SCAR	2	1	mods
618167528004cc50514c34f9	FN SCAR 伸缩式聚合物枪托	SCAR伸缩式	FN SCAR retractable polymer stock	SCAR retr.	2	1	mods
618167616ef05c2ce828f1a8	FN SCAR橡胶枪托垫	SCAR橡胶	FN SCAR rubber buttpad	SCAR rbp	1	1	mods
6181688c6c780c1e710c9b04	FN SCAR拉机柄	SCAR拉机柄	FN SCAR charging handle	SCAR CH	1	1	mods
618168b350224f204c1da4d8	13 英寸 FN SCAR-H 枪管 7.62x51	Mk17 13寸	FN SCAR-H 7.62x51 13 inch barrel	Mk17 13"	2	1	mods
618168dc8004cc50514c34fc	FN SCAR-H 7.62x51 20发弹匣	Mk17	FN SCAR-H 7.62x51 20-round magazine	Mk17	1	2	mods
61816df1d3a39d50044c139e	FN SCAR底轨	SCAR底轨	FN SCAR bottom rail	SCAR bott.	1	1	mods
61816dfa6ef05c2ce828f1ad	FN SCAR侧导轨	SCAR侧导轨	FN SCAR side rails	SCAR side	1	1	mods
61816fcad92c473c770215cc	FN SCAR折叠式准星	SCAR准星	FN SCAR flip-up front sight	SCAR FS	1	1	mods
61817865d3a39d50044c13a4	FN SCAR折叠式照门	SCAR照门	FN SCAR flip-up rear sight	SCAR RS	1	1	mods
618178aa1cb55961fa0fdc80	AAC SCAR-SD 51T 7.62x51 AR-10 消焰器	SCAR-SD 762	AR-10 AAC SCAR-SD 51T 7.62x51 flash hider	SCAR-SD 762	1	1	mods
61825d06d92c473c770215de	FN SCAR 折叠式聚合物枪托 （FDE）	SCAR折叠式	FN SCAR folding polymer stock (FDE)	SCAR fold.	2	1	mods
61825d136ef05c2ce828f1cc	FN SCAR 伸缩式聚合物枪托 （FDE）	SCAR伸缩式	FN SCAR retractable polymer stock (FDE)	SCAR retr.	2	1	mods
61825d24d3a39d50044c13af	FN SCAR托腮板 （FDE）	SCAR	FN SCAR cheek rest (FDE)	SCAR	2	1	mods
6183afd850224f204c1da514	FN SCAR-H 7.62x51突击步枪	Mk 17	FN SCAR-H 7.62x51 assault rifle	Mk 17	1	1	gun;noFlea	Caliber762x51
6183b0711cb55961fa0fdcad	16 英寸 FN SCAR-H 枪管 7.62x51	Mk17 16寸	FN SCAR-H 7.62x51 16 inch barrel	Mk17 16"	3	1	mods
6183b084a112697a4b3a6e6c	20 英寸 FN SCAR-H 枪管 7.62x51	Mk17 20寸	FN SCAR-H 7.62x51 20 inch barrel	Mk17 20"	4	1	mods
6183d53f1cb55961fa0fdcda	FN SCAR-H 7.62x51 20发弹匣 （FDE）	Mk17	FN SCAR-H 7.62x51 20-round magazine (FDE)	Mk17	1	2	mods
6183fc15d3a39d50044c13e9	10 英寸 FN SCAR-L 枪管 5.56x45	Mk-16 10寸	FN SCAR-L 5.56x45 10 inch barrel	Mk16 10"	2	1	mods
6183fd911cb55961fa0fdce9	14 英寸 FN SCAR-L 枪管 5.56x45	Mk-16 14寸	FN SCAR-L 5.56x45 14 inch barrel	Mk16 14"	3	1	mods
6183fd9e8004cc50514c358f	18 英寸 FN SCAR-L 枪管 5.56x45	Mk-16 18寸	FN SCAR-L 5.56x45 18 inch barrel	Mk16 18"	3	1	mods
618405198004cc50514c3594	FN SCAR-L 5.56x45 上机匣	Mk16	FN SCAR-L 5.56x45 upper receiver	Mk16	3	1	mods
6184055050224f204c1da540	FN SCAR-L 5.56x45突击步枪	Mk 16	FN SCAR-L 5.56x45 assault rifle	Mk 16	1	1	gun	Caliber556x45NATO
618407a850224f204c1da549	FN SCAR-L 5.56x45消焰器	Mk-16 556	FN SCAR-L 5.56x45 flash hider	Mk16 556	1	1	mods
61840bedd92c473c77021635	FN SCAR-L 5.56x45 30发弹匣	Mk16	FN SCAR-L 5.56x45 30-round magazine	Mk16	1	2	mods
61840d85568c120fdd2962a5	FN SCAR-L 5.56x45 30发弹匣 （FDE）	Mk16	FN SCAR-L 5.56x45 30-round magazine (FDE)	Mk16	1	2	mods
618426d96c780c1e710c9b9f	FN SCAR-L 5.56x45 上机匣 (FDE)	Mk16	FN SCAR-L 5.56x45 upper receiver (FDE)	Mk16	3	1	mods
618428466ef05c2ce828f218	FN SCAR-L 5.56x45突击步枪 （FDE）	Mk 16	FN SCAR-L 5.56x45 assault rifle (FDE)	Mk 16	1	1	gun	Caliber556x45NATO
618a431df1eb8e24b8741deb	RGO手榴弹	RGO	RGO hand grenade	RGO	1	1	grenade;noFlea
618a5d5852ecee1505530b2a	NPZ PK1 Obzor“监视”反射式瞄具（燕尾槽）	Obzor	NPZ PK1 Obzor dovetail reflex sight	Obzor	1	1	mods
618a75c9a3884f56c957ca1b	NPZ 1P78-1燕尾槽基座	1P78燕尾	NPZ 1P78-1 dovetail mount	1P78 DT	1	1	mods
618a75f0bd321d49084cd399	NPZ 1P78-1 2.8倍瞄准镜	1P78-1	NPZ 1P78-1 2.8x scope	1P78-1	1	1	mods
618a760e526131765025aae3	NPZ 1P78瞄准镜眼罩	1P78眼罩	NPZ 1P78 scope eyecup	1P78 cup	1	1	mods
618aae5a4dc2d41d5c30264b	AKS-74UN 5.45x39 短突击步枪 Recon	AKS-74UN Recon	Kalashnikov AKS-74UN 5.45x39 assault rifle Recon	AKS-74UN Recon	5	2	preset
618aaeb931ddad66c15eb7e9	AS VAL“巨浪” 9x39 特种突击步枪 Kobra	AS VAL Kobra	AS VAL 9x39 special assault rifle Kobra	AS VAL Kobra	5	2	preset
618aaf656bbeff39ad4acf0c	柯尔特 M4A1 5.56x45 卡宾枪 Custom	M4A1 Custom	Colt M4A1 5.56x45 assault rifle Custom	M4A1 Custom	6	2	preset
618aafe23c1dcf601e0327db	HK MP5 9x19 冲锋枪（海军三发点射） SD Spec	MP5 SD Spec	HK MP5 9x19 submachine gun (Navy 3 Round Burst) SD Spec	MP5 SD Spec	4	2	preset
618ab00ef236914bab050ca0	FN P90 5.7x28 冲锋枪 DEVGRU	P90 DEVGRU	FN P90 5.7x28 submachine gun DEVGRU	P90 DEVGRU	4	2	preset
618ab04934aa2e47480fba2b	AK-104 7.62x39 突击步枪 RPKT mod.1	AK-104 RPKT mod.1	Kalashnikov AK-104 7.62x39 assault rifle RPKT mod.1	AK-104 RPKT mod.1	4	2	preset
618ab08919394179c84fa57c	DS Arms SA-58 7.62x51 突击步枪 OSW	SA-58 OSW	DS Arms SA58 7.62x51 assault rifle OSW	SA58 OSW	4	2	preset
618ab0c66bbeff39ad4acf2e	PP-19-01 勇士 9x19 冲锋枪 FSB	PP-19-01 FSB	PP-19-01 Vityaz 9x19 submachine gun FSB	PP-19-01 FSB	4	2	preset
618aef6d0a5a59657e5f55ee	Jack Pyke Hunting LLCS奔尼帽	LLCS	Jack Pyke Hunting LLCS boonie hat	LLCS	2	2	wearable
618b9643526131765025ab35	Geissele Super Precision 30 毫米环形瞄准镜基座	Geis 30mm	Geissele Super Precision 30mm ring scope mount	Geis 30mm	2	1	mods
618b9671d14d6d5ab879c5ea	Geissele Super Precision 环形基座顶盖	Geis top	Geissele Super Precision top ring cap	Geis top	1	1	mods
618b9682a3884f56c957ca78	Reptilia ROF-90 RMR Geissele瞄具基座	ROF-90 RMR	Reptilia ROF-90 RMR mount for Geissele scope mounts	ROF-90 RMR	1	1	mods
618ba27d9008e4636a67f61d	Vortex Razor HD Gen.2 1-6x24 30 毫米步枪瞄准镜	Razor HD Gen.2	Vortex Razor HD Gen.2 1-6x24 30mm riflescope	Razor HD Gen.2	2	1	mods
618ba91477b82356f91ae0e8	Geissele Super Precision 环形基座顶盖 (DDC)	Geis top	Geissele Super Precision top ring cap (DDC)	Geis top	1	1	mods
618ba92152ecee1505530bd3	Reptilia ROF-90 RMR Geissele瞄具基座 （DDC）	ROF-90 RMR	Reptilia ROF-90 RMR mount for Geissele scope mounts (DDC)	ROF-90 RMR	1	1	mods
618bab21526131765025ab3f	Geissele Super Precision 30 毫米环形瞄准镜基座 (DDC)	Geis 30mm	Geissele Super Precision 30mm ring scope mount (DDC)	Geis 30mm	2	1	mods
618bb76513f5097c8d5aa2d5	Gruppa 99 T20背包（茶褐色）	T20	Gruppa 99 T20 backpack (Umber Brown)	T20	5	5	backpack;wearable
618cfae774bb2d036a049e7c	LBT-1476A 3 日行军背包（林地迷彩）	LBT-1476A	LBT-1476A 3Day Pack (Woodland)	LBT-1476A	4	5	backpack;wearable
619256e5f8af2c1a4e1f5d92	Model 7290闪光弹	M7290	Model 7290 Flash Bang grenade	M7290	1	1	grenade
619386379fb0c665d5490dbe	HK Sturmgriff前握把	Sturmgriff	HK Sturmgriff foregrip	Sturmgriff	1	1	mods
6193a720f8ee7e52e42109ed	HK USP .45 ACP手枪	USP .45	HK USP .45 ACP pistol	USP .45	2	1	gun;wearable	Caliber1143x23ACP
6193d3149fb0c665d5490e32	HK USP 战术型 .45 ACP 12发弹匣	USP45T	HK USP Tactical .45 ACP 12-round magazine	USP45T	1	1	mods
6193d338de3cdf1d2614a6fc	HK USP .45 ACP 12发弹匣	USP45	HK USP .45 ACP 12-round magazine	USP45	1	1	mods
6193d382ed0429009f543e65	HK USP .45 ACP手枪套筒	USP	HK USP .45 ACP pistol slide	USP45	2	1	mods
6193d3be7c6c7b169525f0da	HK USP 击锤	USP击锤	HK USP hammer	USP ham.	1	1	mods
6193d3cded0429009f543e6a	HK USP 扳机	USP扳机	HK USP trigger	USP trig.	1	1	mods
6193d5d4f8ee7e52e4210a1b	HK USP套筒卡锁	USP卡锁	HK USP slide lock	USP SLock	1	1	mods
6193dcd0f8ee7e52e4210a28	HK Battle Grip“海狸尾”AR-15 手枪式握把 (RAL 8000)	Battle Grip	AR-15 HK Battle Grip Beavertail pistol grip (RAL 8000)	Battle Grip	1	1	mods;pistolGrip
6193e108c1982475fa2a7f16	FN SCAR-L 5.56x45突击步枪 （FDE） CQC	Mk 16 CQC	FN SCAR-L 5.56x45 assault rifle (FDE) CQC	Mk 16 CQC	4	2	preset
6193e18de693542ea37d11b3	FN SCAR-L 5.56x45突击步枪 LB	Mk 16 LB	FN SCAR-L 5.56x45 assault rifle LB	Mk 16 LB	6	2	preset
6193e226449ec003d9127fa6	FN SCAR-L 5.56x45突击步枪 （FDE） 默认	Mk 16 默认	FN SCAR-L 5.56x45 assault rifle (FDE) Default	Mk 16 Default	5	2	preset
6193e380069d61205d490dc7	FN SCAR-H 7.62x51 突击步枪 (FDE) CQC	Mk 17 CQC	FN SCAR-H 7.62x51 assault rifle (FDE) CQC	Mk 17 CQC	5	2	noFlea;preset
6193e4a46bb904059c382295	FN SCAR-H 7.62x51突击步枪 LB	Mk 17 LB	FN SCAR-H 7.62x51 assault rifle LB	Mk 17 LB	6	2	noFlea;preset
6193e4fae693542ea37d11c6	FN SCAR-H 7.62x51 突击步枪 (FDE) 默认	Mk 17 默认	FN SCAR-H 7.62x51 assault rifle (FDE) Default	Mk 17 Default	5	2	noFlea;preset
6193e590069d61205d490dd8	HK G28 7.62x51 精确射手步枪 默认	G28 默认	HK G28 7.62x51 marksman rifle Default	G28 Default	6	3	preset
6193e5f3aa34a3034236bdb3	HK G28 7.62x51 精确射手步枪 Patrol	G28 Patrol	HK G28 7.62x51 marksman rifle Patrol	G28 Patrol	5	3	preset
6194ef39de3cdf1d2614a768	HK USP .45 ACP 112 毫米枪管	USP45	HK USP .45 ACP 112mm barrel	USP45 std	1	1	mods
6194efe07c6c7b169525f11b	HK USP 战术型 .45 ACP 129 毫米螺纹枪管	USP45T	HK USP Tactical .45 ACP 129mm threaded barrel	USP45T	1	1	mods
6194eff92d2c397d6600348b	HK USP 专家型 .45 ACP 132 毫米枪管	USP45EX	HK USP Expert .45 ACP 132mm barrel	USP45EX	1	1	mods
6194f017ed0429009f543eaa	HK USP 精英型 .45 ACP 153 毫米枪管	USP45EL	HK USP Elite .45 ACP 153mm barrel	USP45EL	1	1	mods
6194f02d9bb3d20b0946d2f0	HK USP 赛事型 .45 ACP 153 毫米枪管	USP45M	HK USP Match .45 ACP 153mm barrel	USP45M	1	1	mods
6194f1f918a3974e5e7421e4	HK USP 战术型 螺纹保护帽	USP45T	HK USP Tactical thread protector	USP45T thr.	1	1	mods
6194f2912d2c397d6600348d	HK USP照门	USP照门	HK USP rear sight	USP RS	1	1	mods
6194f2df645b5d229654ad77	HK USP 战术型 照门	USPT照门	HK USP Tactical rear sight	USPT RS	1	1	mods
6194f3286db0f2477964e67d	HK USP 战术型 准星	USP准星	HK USP Tactical front sight	USPT FS	1	1	mods
6194f35c18a3974e5e7421e6	HK USP准星	USP准星	HK USP front sight	USP FS	1	1	mods
6194f41f9fb0c665d5490e75	HK USP 战术型 手枪套筒	USP T	HK USP Tactical .45 ACP pistol slide	USP45T	2	1	mods
6194f5722d2c397d6600348f	HK USP 专家型 手枪套筒	USP Ex	HK USP Expert .45 ACP pistol slide	USP45EX	2	1	mods
6194f5a318a3974e5e7421eb	HK USP 赛事型 手枪套筒	USP45M	HK USP Match .45 ACP pistol slide	USP45M	2	1	mods
6194f5d418a3974e5e7421ef	HK USP 精英型 手枪套筒	USP E	HK USP Elite .45 ACP pistol slide	USP45EL	2	1	mods
619621a4de3cdf1d2614a7a7	HK USP 精英型 补偿器	USP45EL	HK USP .45 ACP Elite compensator	USP45EL	1	1	mods
619624b26db0f2477964e6b0	HK USP 赛事型 补偿器	USP45M	HK USP .45 ACP Match compensator	USP45M	1	1	mods
6196255558ef8c428c287d1c	HK USP导轨转换器	USP导轨	HK USP rail adapter	USP rail	1	1	mods
61962b617c6c7b169525f168	5.45x39毫米 7N40	7N40	5.45x39mm 7N40	7N40	1	1	ammo;noFlea	Caliber545x39
61962d879bb3d20b0946d385	9x39毫米 PAB-9	PAB-9	9x39mm PAB-9 gs	PAB-9	1	1	ammo;noFlea	Caliber9x39
6196364158ef8c428c287d9f	.300 Blackout V-Max	V-Max	.300 Blackout V-Max	V-Max	1	1	ammo;noFlea	Caliber762x35
6196365d58ef8c428c287da1	.300 Whisper	Whisper	.300 Whisper	Whisper	1	1	ammo;noFlea	Caliber762x35
619636be6db0f2477964e710	.300 Blackout M62 曳光弹	M62	.300 Blackout M62 Tracer	M62	1	1	ammo;noFlea	Caliber762x35
61963a852d2c397d660036ad	HK USP红点瞄具基座	USP红点	HK USP Red Dot sight mount	USP RD	1	1	mods
61965d9058ef8c428c287e0d	FN SCAR PWS SRX延长导轨	SRX SCAR	FN SCAR PWS SRX rail extension	SRX SCAR	1	1	mods
619666f4af1f5202c57a952d	FN SCAR Kinetic MREX 6.5 M-LOK导轨	MREX 6.5 M-LOK	FN SCAR Kinetic MREX 6.5 M-LOK rail	MREX 6.5 M-LOK	2	1	mods
6197b229af1f5202c57a9bea	SVDS Lynx Arms Hinge缓冲管转接器	SVDS转接	SVDS Lynx Arms Hinge buffer tube adapter	SVDS adpt.	1	1	mods
6197d1f3585c515a052ad88f	MP-43-1C 12 铅径双管霰弹枪 默认	MP-43-1C 默认	MP-43-1C 12ga double-barrel shotgun Default	MP-43-1C Default	6	1	preset
6198e2ddef80673cae5d1c87	MTs-255-12 12铅径转轮霰弹枪 默认	MTs-255-12 默认	MTs-255-12 12ga shotgun Default	MTs-255-12 Default	6	1	preset
619b5db699fb192e7430664f	Aeroknox AX-15 10.5 英寸 AR-15 M-LOK 护木	AX-15 10.5寸	AR-15 Aeroknox AX-15 10.5 inch M-LOK handguard	AX-15 10.5"	2	1	mods
619b69037b9de8162902673e	Hera Arms CQR47 AKM/AK-74 一体式枪托	CQR47	AKM/AK-74 Hera Arms CQR47 pistol grip/buttstock	CQR47	2	1	mods;pistolGrip
619bc61e86e01e16f839a999	"Alpha" 臂带	Alpha	Armband (Alpha)	Alpha	1	1	noFlea;wearable
619bdd8886e01e16f839a99c	"BEAR" 臂带	BEAR	Armband (BEAR)	BEAR	1	1	wearable
619bddc6c9546643a67df6ee	"DEADSKUL" 臂带	DEADSKUL	Armband (DEADSKUL)	DEADSKUL	1	1	noFlea;wearable
619bddffc9546643a67df6f0	"特训" 臂带	特训	Armband (Train Hard)	THGP	1	1	noFlea;wearable
619bde3dc9546643a67df6f2	"Kiba Arms" 臂带	Kiba	Armband (Kiba Arms)	Kiba	1	1	noFlea;wearable
619bde7fc9546643a67df6f4	实验室雇员臂带	Labs	Armband (Labs)	Labs	1	1	wearable
619bdeb986e01e16f839a99e	俄军臂带	RFARMY	Armband (RFARMY)	RFARMY	1	1	noFlea;wearable
619bdef8c9546643a67df6f6	TerraGroup 臂带	TG	Armband (TerraGroup)	TG	1	1	wearable
619bdf9cc9546643a67df6f8	联合国驻塔科夫特派团 (UNTAR) 臂带	UNTAR	Armband (UNTAR)	UNTAR	1	1	noFlea;wearable
619bdfd4c9546643a67df6fa	"USEC" 臂带	USEC	Armband (USEC)	USEC	1	1	wearable
619cbf476b8a1b37a54eebf8	军用波纹软管	军用波纹软管	Military corrugated tube	MTube	1	1	barter
619cbf7d23893217ec30b689	注射器收纳盒	注射器	Injector case	Injectors	1	1	container;markedOnly
619cbf9e0a7c3a1a2731940a	钥匙卡收纳盒	钥匙卡	Keycard holder case	Keycards	1	1	container;markedOnly
619cbfccbedcde2f5b3f7bdd	管道扳手	管道扳手	Pipe grip wrench	PGW	1	2	barter
619cbfeb6b8a1b37a54eebfa	Bulbex剪线器	Bulbex	Bulbex cable cutter	Bulbex	1	2	barter
619cc01e0a7c3a1a2731940c	医疗工具	医疗工具	Medical tools	MedTools	1	1	barter
619cf0335771dd3c390269ae	Gruppa 99 T20背包 （复合迷彩）	T20	Gruppa 99 T20 backpack (MultiCam)	T20	5	5	backpack;wearable
619d267f36b5be1f3236f9ba	HK USP .45 ACP手枪 默认	USP .45 默认	HK USP .45 ACP pistol Default	USP .45 Default	2	1	preset
619d26ccc7791e3af27ae3cd	HK USP .45 ACP手枪 Match	USP .45 Match	HK USP .45 ACP pistol Match	USP .45 Match	2	1	preset
619d270836b5be1f3236f9c5	HK USP .45 ACP手枪 Tactical	USP .45 Tactical	HK USP .45 ACP pistol Tactical	USP .45 Tactical	2	1	preset
619d272b0f9e4513744e7699	HK USP .45 ACP手枪 Elite	USP .45 Elite	HK USP .45 ACP pistol Elite	USP .45 Elite	2	1	preset
619d276ca4712949ff3159b9	HK USP .45 ACP手枪 Expert	USP .45 Expert	HK USP .45 ACP pistol Expert	USP .45 Expert	2	1	preset
619d36da53b4d42ee724fae4	Mts-255-12 12铅径收束器	MTs收束器	MTs-255-12 12ga choke	MTs choke	1	1	mods
619e61e70459e93c12392ba7	FN SCAR-L 5.56x45突击步枪 （FDE） Contract Wars	Mk 16 Contract Wars	FN SCAR-L 5.56x45 assault rifle (FDE) Contract Wars	Mk 16 Contract Wars	5	2	preset
619f4ab2d25cbd424731fb95	Chiappa Rhino塑料手枪式握把	CR 手枪式	Chiappa Rhino plastic pistol grip	CR pl.	1	1	mods;pistolGrip
619f4bffd25cbd424731fb97	Chiappa Rhino木质手枪式握把	CR 木质握把	Chiappa Rhino wooden pistol grip	CR wood	1	1	mods;pistolGrip
619f4cee4c58466fe1228435	Chiappa Rhino照门	CR 照门	Chiappa Rhino rear sight	CR RS	1	1	mods
619f4d304c58466fe1228437	Chiappa Rhino准星	CR 准星	Chiappa Rhino front sight	CR FS	1	1	mods
619f4f8c4c58466fe1228439	Chiappa Rhino Fiber Optic 照门	CR 绿光	Chiappa Rhino Fiber Optic rear sight	CR RF	1	1	mods
619f52454c58466fe122843b	Chiappa Rhino Fiber Optic 准星	CR 绿光	Chiappa Rhino Fiber Optic front sight	CR RF	1	1	mods
619f54a1d25cbd424731fb99	Chiappa Rhino .357 6发弹巢	CR 弹巢	Chiappa Rhino .357 6-round cylinder	CR cyl.	1	1	mods
61a4c8884f95bc3b2c5dc96f	Chiappa 犀牛 50DS .357 左轮手枪	CR 50DS	Chiappa Rhino 50DS .357 revolver	CR 50DS	2	1	gun	Caliber9x33R
61a64428a8c6aa1b795f0ba1	灯塔便利店储藏室	便利店	Convenience store storage room key	Store	1	1	keys
61a6444b8c141d68246e2d2f	山边小屋钥匙	小屋	Hillside house key	House	1	1	keys
61a6446f4b5f8b70f451b166	冷库钥匙	冷库	Cold storage room key	Cold	1	1	keys
61a64492ba05ef10d62adcc1	叛乱USEC仓库钥匙	仓库	Rogue USEC stash key	Stash	1	1	keys
61aa5aed32a4743c3453d319	灯塔警用卡车驾驶室钥匙	警用	Police truck cabin key	Police	1	1	keys
61aa5b518f5e7a39b41416e2	Merin小轿车后备箱钥匙	Merin	Merin car trunk key	Merin	1	1	keys
61aa5b7db225ac1ead7957c1	USEC灯塔一号保险箱钥匙	USEC 1	USEC cottage first safe key	USEC 1	1	1	keys
61aa5ba8018e9821b7368da9	USEC灯塔二号保险箱钥匙	USEC 2	USEC cottage second safe key	USEC 2	1	1	keys
61aa81fcb225ac1ead7957c3	叛乱USEC工作间钥匙	工作间	Rogue USEC workshop key	Workshop	1	1	keys
61b9e1aaef9a1b5d6a79899a	圣诞老人的背包	圣诞老人的包	Santa's bag	Santa's bag	5	7	backpack;noFlea;wearable
61bc85697113f767765c7fe7	Eagle Industries MMAC 插板胸挂 （丛林绿）	MMAC	Eagle Industries MMAC plate carrier (Ranger Green)	MMAC	3	3	armor;rig;wearable
61bca7cda0eae612383adf57	NFM "HJELM" 头盔	HJELM	NFM HJELM helmet (Hellhound Grey)	HJELM	2	2	helmet;wearable
61bcc89aef0f505f0c6cd0fc	FirstSpear Strandhogg 插板胸挂（丛林绿）	Strandhogg	First Spear Strandhogg plate carrier (Ranger Green)	Strandhogg	3	4	armor;rig;wearable
61bf7b6302b3924be92fa8c3	金属零件	金属零件	Metal spare parts	M.parts	1	1	barter
61bf7c024770ee6f9c6b8b53	加密磁带盒	加密磁带	Secure magnetic tape cassette	SMT	1	1	barter
61bf83814088ec1a363d7097	针线盒	Krasavch.	Sewing kit	Krasavch.	1	1	barter
61c18d83b00456371a66814b	气焊护目镜	气焊	Gas welder safety goggles	Gaswelder	2	1	glasses;wearable
61c18db6dfd64163ea78fbb4	皮帽	帽子	Leather cap	Cap	2	1	wearable
61f4012adfc9f01a816adda1	MP-18 7.62x54R 600毫米枪管	MP18 600毫米	MP-18 7.62x54R 600mm barrel	MP18 600mm	4	1	mods
61f7b234ea4ab34f2f59c3ec	MP-18木制枪托	MP18木制	MP-18 wooden stock	MP18 wood	2	1	mods
61f7b85367ddd414173fdb36	MP-18木制护木	MP18木制	MP-18 wooden handguard	MP-18 wood	2	1	mods
61f7c9e189e6fb1a5e3ea78d	MP-18 7.62x54R单发步枪	MP-18	MP-18 7.62x54R single-shot rifle	MP-18	2	1	gun	Caliber762x54R
61f8024263dc1250e26eb029	MP-18聚合物护木	MP18聚合物	MP-18 polymer handguard	MP-18 poly	2	1	mods
61f803b8ced75b2e852e35f8	MP-18聚合物枪托	MP18聚合物	MP-18 polymer stock	MP18 poly	2	1	mods
61f804acfcba9556ea304cb8	MP-18瞄具基座	MP18 RIS	MP-18 sight mount	MP18 RIS	1	1	mods
61faa91878830f069b6b7967	SV-98木制枪托	SV98木制	SV-98 wooden stock	SV98 wood	4	1	mods
620109578d82e67e7911abf2	ZiD SP-81 26x75信号枪	SP-81	ZiD SP-81 26x75 signal pistol	SP-81	2	1	gun;noFlea;specialSlot	Caliber26x75
6217726288ed9f0845317459	RSP-30 反应式信号弹（绿色）	绿色信号棒	RSP-30 reactive signal cartridge (Green)	Green	1	2	gun;specialSlot	Caliber26x75
62178be9d0050232da3485d9	ROP-30 反应式照明弹（白色）	照明棒	ROP-30 reactive flare cartridge (White)	Flare	1	2	gun;specialSlot	Caliber26x75
62178c4d4ecf221597654e3d	RSP-30 反应式信号弹（红色）	红色信号棒	RSP-30 reactive signal cartridge (Red)	Red	1	2	gun;noFlea;specialSlot	Caliber26x75
622b327b267a1b13a44abea3	HK G36导气箍	G36导气箍	HK G36 gas block	G36 block	1	1	mods
622b379bf9cfc87d675d2de5	HK G36 5.56x45 228毫米枪管	G36 228mm	HK G36 5.56x45 228mm barrel	G36 228mm	2	1	mods
622b3858034a3e17ad0b81f5	HK G36 5.56x45 318毫米枪管	G36 318mm	HK G36 5.56x45 318mm barrel	G36 318mm	3	1	mods
622b38c56762c718e457e246	HK G36 5.56x45 480毫米枪管	G36 480mm	HK G36 5.56x45 480mm barrel	G36 480mm	4	1	mods
622b397c9a3d4327e41843b6	HK G36脚架	G36脚架	HK G36 bipod	G36	2	1	mods
622b3c081b89c677a33bcda6	HK G36瞄具基座	G36	HK G36 sight mount	G36	2	1	mods
622b3d5cf9cfc87d675d2de9	HK G36折叠瞄具导轨	G36折叠	HK G36 optic rail with flip-up sights	G36 flip-up	2	1	mods
622b4d7df9cfc87d675d2ded	HK G36 Hensoldt HKV 3x 瞄具提把	HKV 3x	HK G36 Hensoldt HKV 3x carry handle	HKV 3x	2	1	mods
622b4f54dc8dcc0ba8742f85	HK G36 Hensoldt HKV ZF 1.5x 瞄具提把	HKV 1.5x	HK G36 Hensoldt HKV ZF 1.5x carry handle	HKV 1.5x	2	1	mods
622efbcb99f4ea1a4d6c9a15	Hensoldt RV 红点瞄具	RV	Hensoldt RV red dot sight	RV	1	1	mods
622efdf8ec80d870d349b4e5	Hensoldt RIS顶部导轨	HKV RIS	Hensoldt RIS top rail	HKV RIS	1	1	mods
622f02437762f55aaa68ac85	HK G36 原装弹匣井	G36 std.	HK G36 magwell	G36 std.	1	1	mods
622f039199f4ea1a4d6c9a17	HK G36 STANAG 弹匣井	G36 NATO	HK G36 STANAG magwell	G36 NATO	1	1	mods
622f07cfae33bc505b2c4dd5	HK G36 5.56x45消焰器	G36	HK G36 5.56x45 flash hider	G36 std	1	1	mods
622f0ee47762f55aaa68ac87	HK G36C 5.56x45四棘消焰器	G36C短	HK G36C 5.56x45 4-prong flash hider	G36C short	1	1	mods
622f128cec80d870d349b4e8	HK G36 5.56x45四棘消焰器	G36长	HK G36 5.56x45 4-prong flash hider	G36 long	1	1	mods
622f140da5958f63c67f1735	HK G36聚合物枪托	G36	HK G36 polymer stock	G36	2	1	mods
622f14e899892a7f9e08f6c5	HK G36 KV伸缩式枪托	G36 KV	HK G36 KV adjustable stock	G36 KV	2	1	mods
622f16a1a5958f63c67f1737	HK G36 阻手	G36阻手	HK G36 hand stop	G36 HS	1	1	mods
623063e994fc3f7b302a9696	HK G36 5.56x45 突击步枪	G36	HK G36 5.56x45 assault rifle	G36	2	1	gun	Caliber556x45NATO
62307b7b10d2321fa8741921	HK G36 5.56x45 30发弹匣	G36	HK G36 5.56x45 30-round magazine	G36	1	2	mods
6231654c71b5bc3baa1078e5	HK G36 6 孔护木	G36 6孔	HK G36 6-vent handguard	G36 6-vent	3	1	mods
623166e08c43374ca1567195	HK G36准星	G36准星	HK G36 front sight	G36 FS	1	1	mods
6231670f0b8aa5472d060095	HK G36照门	G36照门	HK G36 rear sight	G36 RS	1	1	mods
62330b3ed4dc74626d570b95	.357 Magnum FMJ	FMJ	.357 Magnum FMJ	FMJ	1	1	ammo;noFlea	Caliber9x33R
62330bfadc5883093563729b	.357 Magnum Hollow Point	HP	.357 Magnum HP	HP	1	1	ammo;noFlea	Caliber9x33R
62330c18744e5e31df12f516	.357 Magnum JHP	JHP	.357 Magnum JHP	JHP	1	1	ammo;noFlea	Caliber9x33R
62330c40bdd19b369e1e53d1	.357 Magnum Soft Point	SP	.357 Magnum SP	SP	1	1	ammo;noFlea	Caliber9x33R
62386b2adf47d66e835094b2	HK G36 2 孔护木	G36 2孔	HK G36 2-vent handguard	G36 2-vent	2	1	mods
62386b7153757417e93a4e9f	HK G36 4 孔护木	G36 4孔	HK G36 4-vent handguard	G36 4-vent	2	1	mods
62389aaba63f32501b1b444f	26x75 毫米照明信号弹（绿色）	绿色信号弹	26x75mm flare cartridge (Green)	Green	1	1	ammo;noFlea	Caliber26x75
62389ba9a63f32501b1b4451	26x75 毫米照明信号弹（红色）	红色信号弹	26x75mm flare cartridge (Red)	Red	1	1	ammo;noFlea	Caliber26x75
62389bc9423ed1685422dc57	26x75 毫米照明信号弹（白色）	照明信号弹	26x75mm flare cartridge (White)	Flare	1	1	ammo;noFlea	Caliber26x75
62389be94d5d474bf712e709	26x75燃烧照明信号弹（黄色）	黄色信号弹	26x75mm flare cartridge (Yellow)	Yellow	1	1	ammo;noFlea	Caliber26x75
623b2e9d11c3296b440d1638	CNC Guns OV-SV98 枪身	OV-SV98	SV-98 CNC Guns OV-SV98 chassis	OV-SV98	3	1	mods
623c2f4242aee3103f1c44b7	CNC Guns KeyMod 4英寸导轨	CNC 4寸	CNC Guns KeyMod 4 inch rail	CNC 4"	1	1	mods
623c2f652febb22c2777d8d7	CNC Guns KeyMod 2英寸导轨	CNC 2寸	CNC Guns KeyMod 2 inch rail	CNC 2"	1	1	mods
623c3be0484b5003161840dc	FAB Defense AGR-47 AK 手枪式握把 (FDE)	AGR47	AK FAB Defense AGR-47 pistol grip (FDE)	AGR-47	1	1	mods;pistolGrip
623c3c1f37b4b31470357737	SV-98 CNC Guns OV-SV98 KeyMod护木	OV KM	SV-98 CNC Guns OV-SV98 KeyMod handguard	OV KM	2	1	mods
6241c2c2117ad530666a5108	Magpul PMAG 30 GEN M3 STANAG 30 发 BB 弹弹匣 (FDE)	GEN M3	AR-15 6mm Magpul PMAG 30 GEN M3 STANAG 30-round magazine (FDE)	GEN M3	1	2	mods
62444cb99f47004c781903eb	HK G36 底导轨	G36底轨	HK G36 bottom handguard rail	G36 bott	1	1	mods
62444cd3674028188b052799	HK G36 侧导轨	G36侧轨	HK G36 side handguard rail	G36 side	1	1	mods
624c0b3340357b5f566e8766	RSP-30 反应式信号弹（黄色）	黄色信号棒	RSP-30 reactive signal cartridge (Yellow)	Yellow	1	2	gun;specialSlot	Caliber26x75
624c29ce09cd027dff2f8cd7	CNC Guns OV-SV98 M12B枪托	M12B	CNC Guns OV-SV98 M12B stock	M12B	2	1	mods
624c2e8614da335f1e034d8c	Chiappa 犀牛 200DS 9x19 左轮手枪	CR 200DS	Chiappa Rhino 200DS 9x19 revolver	CR 200DS	1	1	gun	Caliber9x19PARA
624c3074dbbd335e8e6becf3	Chiappa Rhino 9x19 6发弹巢	CR 弹巢	Chiappa Rhino 9x19 6-round cylinder	CR cyl.	1	1	mods
624d7a3691f0160c7324c3f4	Chiappa 犀牛 50DS .357 左轮手枪 默认	CR 50DS 默认	Chiappa Rhino 50DS .357 revolver Default	CR 50DS Default	2	1	preset
624d7ae691f0160c7324c402	Chiappa 犀牛 50DS .357 左轮手枪 Tactical	CR 50DS Tactical	Chiappa Rhino 50DS .357 revolver Tactical	CR 50DS Tactical	2	1	preset
624d7b2881a57812413b7954	Chiappa 犀牛 200DS 9x19 左轮手枪 默认	CR 200DS 默认	Chiappa Rhino 200DS 9x19 revolver Default	CR 200DS Default	1	1	preset
6259b864ebedf17603599e88	Benelli M3 Super 90 12铅径双模式霰弹枪	M3 Super 90	Benelli M3 Super 90 12ga dual-mode shotgun	M3 Super 90	3	1	gun	Caliber12g
6259bdcabd28e4721447a2aa	Benelli M3 Super 90 12铅径7发容量弹匣	M3x7	Benelli M3 Super 90 12ga 7-shell magazine	M3x7	2	1	mods
6259c2c1d714855d182bad85	Benelli M3 Super 90 12铅径 500毫米枪管	M3 500mm	Benelli M3 Super 90 12ga 500mm barrel	M3 500mm	3	1	mods
6259c3387d6aab70bc23a18d	Benelli M3可伸缩枪托	M3伸缩	Benelli M3 telescopic stock	M3 tel.	2	1	mods
6259c3d8012d6678ec38eeb8	Benelli M3可伸缩手枪式握把枪托	M3手枪式	Benelli M3 telescopic stock pistol grip	M3 PGrip	1	1	mods;pistolGrip
6259c4347d6aab70bc23a190	Benelli M3护木	M3 std	Benelli M3 forend	M3 std	2	1	mods
625eb0faa6e3a82193267ad9	Benelli M3 Mesa Tactical Urbino枪托	M3 Urbino	Benelli M3 Mesa Tactical Urbino stock	M3 Urbino	2	2	mods
625ebcef6f53af4aa66b44dc	Benelli M3 Ghost Ring照门	M3照门	Benelli M3 Ghost Ring rear sight	M3 GR	1	1	mods
625ec45bb14d7326ac20f572	Benelli M3 Super 90拉机柄	M3	Benelli M3 Super 90 charging handle	M3	1	1	mods
625ed7c64d9b6612df732146	Benelli M3 Super 90上机匣导轨	M3顶轨	Benelli M3 Super 90 upper receiver top rail	M3 top	1	1	mods
625ff2ccb8c587128c1a01dd	Benelli M3 Super 90 12铅径5发容量弹匣	M3x5	Benelli M3 Super 90 12ga 5-shell magazine cap	M3x5	1	1	mods
625ff2eb9f5537057932257d	Benelli M3 Super 90 12铅径 Toni System 9发容量弹匣	M3x9	Benelli M3 Super 90 12ga Toni System 9-shell magazine	M3x9	3	1	mods
625ff3046d721f05d93bf2ee	Benelli M3 Super 90 12铅径 Toni System 11发容量弹匣	M3x11	Benelli M3 Super 90 12ga Toni System 11-shell magazine	M3x11	3	1	mods
625ff31daaaa8c1130599f64	Benelli M3 Super 90 12铅径 Toni System 13发容量弹匣	M3x13	Benelli M3 Super 90 12ga Toni System 13-shell magazine	M3x13	4	1	mods
626667e87379c44d557b7550	KAC QDC 5.56x45 AR-15 三叉消焰器	QDC-3 556	AR-15 KAC QDC 5.56x45 3-Prong Flash Eliminator	QDC-3 556	1	1	mods
626673016f1edc06f30cf6d5	KAC QDC 5.56x45消音器	QDC 556	KAC QDC 5.56x45 sound suppressor	QDC 556	2	1	mods;suppressor
62669bccdb9ebb4daa44cd14	SureFire Warden 5.56x45 AR-15 爆炸调节器	War 556	AR-15 SureFire Warden 5.56x45 blast regulator	War 556	1	1	mods
6267c6396b642f77f56f5c1c	Daniel Defense 25毫米环形基座	23毫米环	Daniel Defense 25mm accessory ring mount	25mm DD	1	1	mods
6269220d70b6c02e665f2635	Magpul M-LOK悬挂式基座	M-LOK RL	Magpul M-LOK Cantilever Mount	M-LOK RL	1	1	mods
6269545d0e57f218e4548ca2	Magpul M-LOK Offset Light基座	M-LOK Off	Magpul M-LOK Offset Light Mount	M-LOK Off	1	1	mods
626a74340be03179a165e30c	Yankee Hill Phantom 5.56x45 AR-15 消焰器	Phantom	AR-15 Yankee Hill Phantom 5.56x45 flash hider	Phantom	1	1	mods
626a8ae89e664a2e2a75f409	TOZ-106 FAB Defense GPCP托腮板	GPCP	TOZ-106 FAB Defense GPCP cheek rest	GPCP	1	1	mods
626a9cb151cb5849f6002890	M1911 Kiba Arms Geneburn定制侧握把	Geneburn	M1911 Kiba Arms Geneburn custom side grips	Geneburn	1	1	mods;pistolGrip
626bb8532c923541184624b4	SwampFox Trihawk 棱镜式瞄准镜 3x30	Trihawk 3x30	SwampFox Trihawk Prism Scope 3x30	Trihawk 3x30	2	1	mods
626becf9582c3e319310b837	Insight WMX200 战术手电	WMX200	Insight WMX200 tactical flashlight	WMX200	1	1	mods
6272370ee4013c5d7e31f418	Olight Baldr Pro 战术手电激光组合	BaldrPro	Olight Baldr Pro tactical flashlight with laser	BaldrPro	1	1	mods
6272379924e29f06af4d5ecb	Olight Baldr Pro 战术手电激光组合（黄褐色）	BaldrPro	Olight Baldr Pro tactical flashlight with laser (Tan)	BaldrPro	1	1	mods
627254cc9c563e6e442c398f	Strike Industries Viper PDW AR-15 枪托	Viper PDW	AR-15 Strike Industries Viper PDW stock	Viper PDW	2	1	mods
6272874a6c47bd74f92e2087	7.62x39 AK FAB Defense Ultimag 30R 30发弹匣	Ultimag	AK 7.62x39 FAB Defense Ultimag 30R 30-round magazine	Ultimag	1	2	mods
6275303a9f372d6ea97f9ec7	Milkor M32A1 MSGL 40 毫米榴弹发射器	MSGL	Milkor M32A1 MSGL 40mm grenade launcher	MSGL	4	1	gun;noFlea	Caliber40x46
627bce33f21bc425b06ab967	M32A1 40毫米弹巢	MSGL	M32A1 40mm cylinder	MSGL	2	2	mods
627e14b21713922ded6f2c15	Accuracy International AXMC .338 LM 栓动式狙击步枪	AXMC	Accuracy International AXMC .338 LM bolt-action sniper rifle	AXMC	1	1	gun	Caliber86x70
62811cd7308cb521f87a8f99	AI AXMC .338 LM枪栓零件套组	AXMC .338LM	AI AXMC .338 LM bolt assembly	AXMC .338LM	1	1	mods
62811e2510e26c1f344e6554	AI AXMC手枪式握把	AXMC PG	AI AXMC pistol grip	AXMC PG	1	1	mods
62811e335631d45211793c95	AI AXMC GTAC AR 规格手枪式握把转接器	GTAC	AI AXMC GTAC AR-type pistol grip adapter	GTAC	1	1	mods
62811f461d5df4475f46a332	AI AX-50 34毫米瞄具基座	AX-50 34毫米	AI AX-50 34mm scope mount	AX-50 34mm	2	1	mods
62811f828193841aca4a45c3	AI AXMC AX枪托	AXMC	AI AXMC AX buttstock	AXMC	2	1	mods
62811fa609427b40ab14e765	AI .338 LM战术声音抑制器	TSM .338LM	AI .338 LM Tactical Sound Moderator	TSM .338LM	2	1	mods;suppressor
62811fbf09427b40ab14e767	AI AXMC上机匣	AXMC上机匣	AI AXMC upper receiver	AXMC upper	2	1	mods
6281204f308cb521f87a8f9b	AI AXMC .338 LM 枪身	AXMC .338LM	AI AXMC .338 LM chassis	AXMC .338LM	2	1	mods
628120621d5df4475f46a335	AI AXMC螺纹保护帽	AXMC保护帽	AI AXMC thread protector	AXMC thr.	1	1	mods
62812081d23f207deb0ab216	AI .338 LM战术型枪口制退器	TMB 338LM	AI .338 LM Tactical Muzzle Brake	TMB 338LM	1	1	mods
6281209662cba23f6c4d7a19	AI AXMC AX KeySlot 16英寸护木	AX 16寸	AI AXMC AX KeySlot 16 inch handguard	AX 16"	3	1	mods
628120c21d5df4475f46a337	AI AXMC AT X顶部导轨	AXMC顶轨	AI AXMC AT X Top Rail	AXMC top	3	1	mods
628120d309427b40ab14e76d	AI AXMC Adapter Kit短导轨	AXMC短	AI AXMC Adapter Kit short length rail	AXMC short	1	1	mods
628120dd308cb521f87a8fa1	AI AXMC Adapter Kit中导轨	AXMC中	AI AXMC Adapter Kit medium length rail	AXMC med	1	1	mods
628120fd5631d45211793c9f	AI AXMC .338 LM 10发容量弹匣	AXMC 338LM	AI AXMC .338 LM 10-round magazine	AXMC 338LM	1	2	mods
6281212a09427b40ab14e770	AI AXMC护木握把	AXMC pad	AI AXMC padded handguard grip	AXMC pad	1	1	mods
628121434fa03b6b6c35dc6a	28 英寸 AI AXMC 枪管 .338 LM	AXMC .338LM 28寸	AI AXMC .338 LM 28 inch barrel	AXMC .338LM 28"	4	1	mods
6284bd5f95250a29bc628a30	Milkor M2A1榴弹发射器反射式瞄具	M2A1	Milkor M2A1 grenade launcher reflex sight	M2A1	1	1	mods
62850c28da09541f43158cca	Schmidt & Bender PM II 5-25x56 34 毫米步枪瞄准镜	PM II 5-25x56	Schmidt & Bender PM II 5-25x56 34mm riflescope	PM II 5-25	2	1	mods
62874ff7a4a8431af4739d25	柯尔特 M45A1 .45 ACP 手枪 Mew-mew	M45A1 Mew-mew	Colt M45A1 .45 ACP pistol Mew-mew	M45A1 Mew-mew	2	1	preset
628750420828252c7a28b944	雷明顿 Model 870 12铅径泵动式霰弹枪 Hammer	M870 Hammer	Remington Model 870 12ga pump-action shotgun Hammer	M870 Hammer	3	2	preset
62875070bbbd995f3c41b225	SIG MCX .300 Blackout 突击步枪 Neptune Spear	MCX .300 BLK Neptune Spear	SIG MCX .300 Blackout assault rifle Neptune Spear	MCX Neptune Spear	5	2	preset
62875103af0a053a6672c234	柯尔特 M4A1 5.56x45 卡宾枪 Your-Ex	M4A1 Your-Ex	Colt M4A1 5.56x45 assault rifle Your-Ex	M4A1 Your-Ex	4	2	preset
628751e6af0a053a6672c261	雷明顿Model 700 7.62x51 狙击步枪 Mescalero	M700 Mescalero	Remington Model 700 7.62x51 bolt-action sniper rifle Mescalero	M700 Mescalero	6	2	preset
62875256bbbd995f3c41b253	雷明顿 R11 RSASS 7.62x51 精确射手步枪 Kiowa	RSASS Kiowa	Remington R11 RSASS 7.62x51 marksman rifle Kiowa	RSASS Kiowa	6	3	preset
628753bba4a8431af4739d3b	奈特军械公司 (KAC) SR-25 7.62x51 精确射手步枪 Ba-cho	SR-25 Ba-cho	Knight's Armament Company SR-25 7.62x51 marksman rifle Ba-cho	SR-25 Ba-cho	6	2	preset
628753ee0c9eb3366b5218d4	GLOCK 18C 9x19 冲锋手枪 Lizzie	GLOCK18C Lizzie	Glock 18C 9x19 machine pistol Lizzie	Glock 18C Lizzie	2	2	preset
628754510c9eb3366b5218f8	Glock 17 9x19 手枪 Jackie	GLOCK17 Jackie	Glock 17 9x19 pistol Jackie	Glock 17 Jackie	2	2	preset
6287549856af630b0f672cc4	沙漠科技 MDR 7.62x51 突击步枪 Killtube	MDR Killtube	Desert Tech MDR 7.62x51 assault rifle Killtube	MDR Killtube	4	2	noFlea;preset
628755c60c9eb3366b521908	CMMG Mk47 Mutant 7.62x39 突击步枪 Mace	Mk47 Mace	CMMG Mk47 Mutant 7.62x39 assault rifle Mace	Mk47 Mace	4	2	preset
628755f166bb7d4a3c32bc45	FN SCAR-H 7.62x51 突击步枪 (FDE) Face	Mk 17 Face	FN SCAR-H 7.62x51 assault rifle (FDE) Face	Mk 17 Face	5	2	noFlea;preset
628a60ae6b1d481ff772e9c8	Rifle Dynamics RD-704 7.62x39突击步枪	RD-704	Rifle Dynamics RD-704 7.62x39 assault rifle	RD-704	3	1	gun	Caliber762x39
628a664bccaab13006640e47	AK TangoDown Battle Grip手枪式握把	TD BG	AK TangoDown Battle Grip pistol grip	TD BG	1	1	mods;pistolGrip
628a665a86cbd9750d2ff5e5	RD-704防尘盖	RD-704防尘盖	RD-704 dust cover	RD-704 DC	2	1	mods
628a6678ccaab13006640e49	RD AK 转 M4 缓冲管转接器	AK转M4	AKM/AK-74 RD AK to M4 buffer tube adapter	AKtoM4	1	1	mods
628a66b41d5e41750e314f34	Dead Air Keymount 7.62x51 AR-10 膛口制退器	Keymount	AR-10 Dead Air Keymount 7.62x51 muzzle brake	Keymount	1	1	mods
628a7b23b0f75035732dd565	RD Enhanced V2 AK 照门	V2 E 照门	AK RD Enhanced V2 Rear Sight	V2 ERS	1	1	mods
628a83c29179c324ed269508	RD-704 SLR ION Lite + Railed Gas Tube护木导气箍套件	ION Lite 9寸	RD-704 SLR ION Lite + Railed Gas Tube handguard with gas tube	ION Lite 9"	2	1	mods
628a85ee6b1d481ff772e9d5	SB Tactical SBA3 AR-15 臂箍	SBA3	AR-15 SB Tactical SBA3 brace	SBA3	2	1	mods
628b5638ad252a16da6dd245	SAG AK-545 5.45x39卡宾枪	AK-545	SAG AK-545 5.45x39 carbine	AK-545	4	1	gun	Caliber545x39
628b8d83717774443b15e248	AK-545 Mk. 2.1 导气管	Mk.2.1	AK-545 Mk. 2.1 gas tube	Mk.2.1	1	1	mods
628b916469015a4e1711ed8d	AK-545 Mk.3 护木	SAG Mk.3	AK-545 Mk.3 handguard	SAG Mk.3	2	1	mods
628b9471078f94059a4b9bfb	AK-545 照门	AK-545照门	AK-545 rear sight	AK-545 RS	1	1	mods
628b9784bcf6e2659e09b8a2	S&S Precision PlateFrame 插板胸挂（Goons 特别版）	PlateFrame GE	S&S Precision PlateFrame plate carrier (Goons Edition)	PlateFrame GE	3	3	armor;rig;wearable
628b9a40717774443b15e9f2	AK-545 缓冲管	SAG缓冲管	AK-545 buffer tube	SAG tube	2	1	mods
628b9be6cff66b70c002b14c	AK-545 导轨防尘盖	AK-545防尘盖	AK-545 railed dust cover	AK-545 DC	1	1	mods
628b9c37a733087d0d7fe84b	SAG AK-545 5.45x39截短卡宾枪	AK-545短	SAG AK-545 Short 5.45x39 carbine	AK-545 Short	3	1	gun	Caliber545x39
628b9c7d45122232a872358f	Crye Precision CPC 插板胸挂（Goons 特别版）	CPC GE	Crye Precision CPC plate carrier (Goons Edition)	CPC GE	4	3	armor;rig;wearable
628baf0b967de16aab5a4f36	LBT-1961A 承重胸挂（Goons特别版）	LBCR GE	LBT-1961A Load Bearing Chest Rig (Goons Edition)	LBCR GE	3	3	rig;wearable
628bc7fb408e2b2e9c0801b1	Mystery Ranch NICE COMM 3 BVS 稳固系统（黄褐色）	COMM 3	Mystery Ranch NICE COMM 3 BVS frame system (Coyote)	COMM 3	4	5	backpack;wearable
628c9ab845c59e5b80768a81	TangoDown Battle Grip AK 手枪式握把 (FDE)	TD BG	AK TangoDown Battle Grip pistol grip (FDE)	TD BG	1	1	mods;pistolGrip
628cd624459354321c4b7fa2	Tasmanian Tiger SK 插板胸挂（黑系复合迷彩）	TT SK	Tasmanian Tiger SK plate carrier (MultiCam Black)	TT SK	3	3	armor;rig;wearable
628d0618d1ba6e4fa07ce5a4	NPP KlASS Bagariy 防弹胸挂（数码丛林迷彩）	Bagariy	NPP KlASS Bagariy plate carrier (EMR)	Bagariy	4	4	armor;rig;wearable
628dc750b910320f4c27a732	ECLiPSE RBAV-AF 插板胸挂（丛林绿）	RBAV-AF	ECLiPSE RBAV-AF plate carrier (Ranger Green)	RBAV-AF	3	4	armor;rig;wearable
628e1ffc83ec92260c0f437f	Gruppa 99 T30背包（黑色）	T30	Gruppa 99 T30 backpack (Black)	T30	5	6	backpack;wearable
628e4dd1f477aa12234918aa	Big Pipe的头巾	头巾	Big Pipe's bandana	Bandana	1	1	wearable
628e4e576d783146b124c64d	Peltor ComTac IV Hybrid 耳机（狼棕色）	ComTac IV	Peltor ComTac IV Hybrid headset (Coyote Brown)	ComTac IV	2	2	headphones;wearable
62963c18dbc8ab5f0d382d0b	Death Knight面具	Death Knight	Death Knight mask	Death Knight	2	2	wearable
629711787af74c3ff577951d	SAG AK-545 5.45x39截短卡宾枪 默认	AK-545短 默认	SAG AK-545 Short 5.45x39 carbine Default	AK-545 Short Default	4	2	preset
62971cf67af74c3ff577954b	SAG AK-545 5.45x39卡宾枪 默认	AK-545 默认	SAG AK-545 5.45x39 carbine Default	AK-545 Default	5	2	preset
62972a7d91492d1a34152fbe	Rifle Dynamics RD-704 7.62x39突击步枪 默认	RD-704 默认	Rifle Dynamics RD-704 7.62x39 assault rifle Default	RD-704 Default	4	2	preset
62973e474bb5ab23071c2a70	Accuracy International AXMC .338 LM 栓动式狙击步枪 默认	AXMC 默认	Accuracy International AXMC .338 LM bolt-action sniper rifle Default	AXMC Default	6	2	preset
629744d002667c48a467e9f9	Milkor M32A1 MSGL 40 毫米榴弹发射器 默认	MSGL 默认	Milkor M32A1 MSGL 40mm grenade launcher Default	MSGL Default	4	2	noFlea;preset
62975de85c32d414f8797433	Benelli M3 Super 90 12铅径双模式霰弹枪 默认	M3 Super 90 默认	Benelli M3 Super 90 12ga dual-mode shotgun Default	M3 Super 90 Default	5	2	preset
629766c15c9e3c392f7c2db0	SV-98 7.62x54 狙击步枪 OV	SV-98 OV	SV-98 7.62x54R bolt-action sniper rifle OV	SV-98 OV	6	2	preset
6297738b9f1b474e440c45b5	HK G36 5.56x45 突击步枪 默认	G36 默认	HK G36 5.56x45 assault rifle Default	G36 Default	6	2	preset
629774055c32d414f8797477	HK G36 5.56x45 突击步枪 C	G36 C	HK G36 5.56x45 assault rifle C	G36 C	4	2	preset
6297743d005016781231ab76	HK G36 5.56x45 突击步枪 E	G36 E	HK G36 5.56x45 assault rifle E	G36 E	6	2	preset
629774817d59e26b711f88be	HK G36 5.56x45 突击步枪 E2	G36 E2	HK G36 5.56x45 assault rifle E2	G36 E2	6	2	preset
629774d35c32d414f8797486	HK G36 5.56x45 突击步枪 K	G36 K	HK G36 5.56x45 assault rifle K	G36 K	5	2	preset
629775539f1b474e440c45c1	HK G36 5.56x45 突击步枪 KV1	G36 KV1	HK G36 5.56x45 assault rifle KV1	G36 KV1	5	2	preset
6297757b2aecda1b350da2a3	HK G36 5.56x45 突击步枪 KV2	G36 KV2	HK G36 5.56x45 assault rifle KV2	G36 KV2	5	2	preset
629792f0fd6eda47d6466fe8	MP-18 7.62x54R单发步枪 默认	MP-18 默认	MP-18 7.62x54R single-shot rifle Default	MP-18 Default	5	1	preset
62987c658081af308d7558c6	雷达站指挥室钥匙	雷达站	Radar station commandant room key	Radar	1	1	keys
62987cb98081af308d7558c8	会议室钥匙	会议室	Conference room key	Conf.	1	1	keys
62987da96188c076bc0d8c51	手术室钥匙	手术室	Operating room key	OR	1	1	keys
62987dfc402c7f69bf010923	变电站符号钥匙	变电站	Substation marked key	Substation	1	1	keys
62987e26a77ec735f90a2995	污水处理厂储藏室钥匙	储藏室	Water treatment plant storage room key	WTP store	1	1	keys
62a08f4c4f842e1bd12d9d62	BEAR Buddy毛绒玩具	BEAR Buddy	BEAR Buddy plush toy	BEAR Buddy	2	2	barter
62a091170b9d3c46de5b6cf2	Axel鹦鹉雕像	Axel	Axel parrot figurine	Axel	1	2	barter
62a09cb7a04c0c5c6e0a84f8	记者证（为NoiceGuy签发）	记者证	Press pass (issued for NoiceGuy)	Pass	1	2	barter
62a09cfe4f842e1bd12da3e4	金蛋	金蛋	Golden egg	Egg	1	1	barter
62a09d3bcf4a99369e262447	Gingy钥匙串	Gingy	Gingy keychain	Gingy	1	1	container
62a09d79de7ac81993580530	DRD防弹衣	DRD	DRD body armor	DRD	3	3	armor;wearable
62a09dd4621468534a797ac7	Baddie的红胡子	Baddie	Baddie's red beard	Baddie	1	2	wearable
62a09e08de7ac81993580532	Glorious E 面具	Glorious E	Glorious E mask	Glorious E	2	2	wearable
62a09e410b9d3c46de5b6e78	JohnB "Liquid DNB"墨镜	JohnB	JohnB Liquid DNB glasses	JohnB	2	1	glasses;wearable
62a09e73af34e73a266d932a	BakeEzy烹饪书	BakeEzy	BakeEzy cook book	BakeEzy	1	2	barter
62a09e974f842e1bd12da3f0	《天雷地火》录像带	VHS	Video cassette with the Cyborg Killer movie	VHS	2	1	barter
62a09ec84f842e1bd12da3f2	Missam叉车钥匙	Danex	Missam forklift key	Danex	1	1	keys
62a09ee4cf4a99369e262453	罐装白盐	盐	Can of white salt	Salt	1	1	barter
62a09f32621468534a797acb	瓶装 Pevko 淡啤酒	Pevko	Bottle of Pevko Light beer	Pevko	1	2	provisions
62a0a043cf4a99369e2624a5	OLOLO瓶装复合维生素	维生素	Bottle of OLOLO Multivitamins	Vitamins	1	1	barter
62a0a098de7ac8199358053b	缝纫锥	缝纫锥	Awl	Awl	1	1	barter
62a0a0bb621468534a797ad5	"Master"锉刀套装	Master	Set of files "Master"	Master	2	2	barter
62a0a124de7ac81993580542	地形调查地图	地图	Topographic survey maps	Maps	2	1	barter
62a0a16d0b9d3c46de5b6e97	军用闪存装置	军用闪存	Military flash drive	MFD	1	1	barter
62a1b7fbc30cfa1d366af586	Gruppa 99 T30背包 （复合迷彩）	T30	Gruppa 99 T30 backpack (MultiCam)	T30	5	6	backpack;wearable
62a61bbf8ec41a51b34758d2	Big Pipe的烟斗	烟斗	Big Pipe's smoking pipe	Pipe	1	1	wearable
62a61c988ec41a51b34758d5	Oakley SI Batwolf 墨镜	Batwolf	Oakley SI Batwolf glasses	Batwolf	2	1	glasses;wearable
62a9cb937377a65d7b070cef	叛乱USEC营房钥匙	营房	Rogue USEC barrack key	Barrack	1	1	keys
62e14904c2699c0ec93adc47	SR-2M 石楠 9x21 冲锋枪	SR-2M	SR-2M Veresk 9x21 submachine gun	SR-2M	2	1	gun	Caliber9x21
62e153bcdb1a5c41971c1b5b	SR-2M 9x21 30发弹匣	SR-2M	SR-2M 9x21 30-round magazine	SR-2M	1	2	mods
62e15547db1a5c41971c1b5e	SR-2M 聚合物护木（黑红色）	SR-2M	SR-2M polymer handguard (Plum)	SR-2M	1	1	mods
62e27a7865f0b1592a49e17b	SR-2M 防尘盖	SR-2M	SR-2M dust cover	SR-2M	2	1	mods
62e281349ecd3f493f6df954	SR-2M Zenit B-17基座	B-17	SR-2M Zenit B-17 mount	B-17	1	1	mods
62e292e7b6c0ee2f230cee00	SR-2M折叠枪托	SR-2M	SR-2M top-folding stock	SR-2M	2	1	mods
62e2969582ebf260c20539c2	SR-2MP折叠枪托	SR-2MP	SR-2MP top-folding stock	SR-2MP	2	1	mods
62e2a7138e1ac9380579c122	SR-2M 9x21 SV-1381 消音器	SV-1381	SR-2M 9x21 SV-1381 sound suppressor	SV-1381	2	1	mods;suppressor
62e2a754b6c0ee2f230cee0f	SR-2M 9x21 枪口阻手器	SR-2M	SR-2M 9x21 hand stopper	SR-2M	1	1	mods
62e7c4fba689e8c9c50dfc38	Steyr AUG A1 5.56x45突击步枪	AUG A1	Steyr AUG A1 5.56x45 assault rifle	AUG A1	3	2	gun	Caliber556x45NATO
62e7c72df68e7a0676050c77	Steyr AUG A3 5.56x45机匣	AUG A3	Steyr AUG A3 5.56x45 receiver	AUG A3	2	1	mods
62e7c7f3c34ea971710c32fc	20 英寸 Steyr AUG A1 枪管 5.56x45	A1 20"	Steyr AUG A1 5.56x45 20 inch barrel	A1 20"	4	1	mods
62e7c880f68e7a0676050c7c	Steyr AUG A1拉机柄	AUG A1	Steyr AUG A1 charging handle	AUG A1	1	1	mods
62e7c8f91cd3fde4d503d690	Steyr AUG A3 M1高基座	A3M1高	Steyr AUG A3 M1 high sight mount	A3M1 high	2	1	mods
62e7c98b550c8218d602cbb4	Steyr AUG 5.56x45 30发容量弹匣	AUG	Steyr AUG 5.56x45 30-round magazine	AUG	1	2	mods
62e7e7bbe6da9612f743f1e0	GP-25“篝火”40 毫米下挂式榴弹发射器	GP-25	GP-25 Kostyor 40mm underbarrel grenade launcher	GP-25	2	1	mods;noFlea
62e910aaf957f2915e0a5e36	Digital secure DSP无线电收发器	DSPT	Digital secure DSP radio transmitter	DSPT	1	1	noFlea;specialSlot
62ea7c793043d74a0306e19f	Steyr AUG A1 STG77 1.5倍光学瞄准镜	STG77 1.5x	Steyr AUG A1 STG77 1.5x optic sight	STG77 1.5x	2	1	mods
62ebba1fb658e07ef9082b5a	Steyr AUG A3 M1低基座	A3M1低	Steyr AUG A3 M1 low sight mount	A3M1 low	1	1	mods
62ebbc53e3c1e1ec7c02c44f	Steyr AUG A3拉机柄	AUG A3	Steyr AUG A3 charging handle	AUG A3	1	1	mods
62ebd290c427473eff0baafb	Steyr AUG A3 M1 1.5倍光学瞄准镜	A3M1 1.5x	Steyr AUG A3 M1 1.5x optic sight	A3M1 1.5x	2	1	mods
62ed189fb3608410ef5a2bfc	SR-2M短侧导轨	SR-2M短	SR-2M short side rail	SR-2M short	1	1	mods
62ed1921b3608410ef5a2c04	SR-2M侧导轨	SR-2M	SR-2M side rail	SR-2M	1	1	mods
62ff9920fe938a24c90c10d2	SR-2M KP-SR2反射式瞄具	KP-SR2	SR-2M KP-SR2 reflex sight	KP-SR2	1	1	mods
62ff9faffe938a24c90c10df	KP-SR2 瞄具遮光罩	KP-SR2	KP-SR2 sight shade	KP-SR2	1	1	mods
63075cc5962d0247b029dc2a	Glock 19X 9x19手枪套筒	G19X	Glock 19X pistol slide	G19X	2	1	mods
630764fea987397c0816d219	Glock 19X 9x19枪管	G19X	Glock 19X 9x19 102mm barrel	G19X	1	1	mods
630765777d50ff5e8a1ea718	Glock 19X准星	G19X准星	Glock 19X front sight	G19X FS	1	1	mods
630765cb962d0247b029dc45	Glock 19X照门	G19X照门	Glock 19X rear sight	G19X RS	1	1	mods
63076701a987397c0816d21b	Glock 9x19 19发弹匣（灰褐色）	G19X	Glock 9x19 19-round magazine (Coyote)	G19X	1	1	mods
630767c37d50ff5e8a1ea71a	Glock 9x19 "Big Stick" 31 发弹匣（灰褐色）	Big Stick	Glock 9x19 "Big Stick" 31-round magazine (Coyote)	Big Stick	1	2	mods
630769c4962d0247b029dc60	Glock 9x19 "Big Stick" 24 发弹匣（灰褐色）	Big Stick	Glock 9x19 "Big Stick" 24-round magazine (Coyote)	Big Stick	1	2	mods
63088377b5cd696784087147	Glock 19X 9x19 手枪	Glock 19X	Glock 19X 9x19 pistol	Glock 19X	2	1	gun	Caliber9x19PARA
630e1adbbd357927e4007c09	Steyr AUG 5.56x45 10发容量弹匣	AUG	Steyr AUG 5.56x45 10-round magazine	AUG	1	1	mods
630e295c984633f1fb0e7c30	Steyr AUG 5.56x45 42发容量弹匣	AUG	Steyr AUG 5.56x45 42-round magazine	AUG	1	3	mods
630e39c3bd357927e4007c15	16 英寸 Steyr AUG A3 枪管 5.56x45	A3 16"	Steyr AUG A3 5.56x45 16 inch barrel	A3 16"	3	1	mods
630f27f04f3f6281050b94d7	Steyr AUG RAT Worx 5.56x45膛口转换器	RatWorx	Steyr AUG RAT Worx 5.56x45 muzzle device adapter	RatWorx	1	1	mods
630f2872911356c17d06abc5	Steyr AUG A1 5.56x45封闭式消焰器	A1FH 5.56	Steyr AUG A1 5.56x45 closed flash hider	A1FH 5.56	1	1	mods
630f28f0cadb1fe05e06f004	Steyr AUG A3 5.56x45封闭式消焰器	A3FH 5.56	Steyr AUG A3 5.56x45 closed flash hider	A3FH 5.56	1	1	mods
630f291b9f66a28b37094bb8	Steyr AUG A3 5.56x45枪口制退器	A3MB 5.56	Steyr AUG A3 5.56x45 muzzle brake	A3MB 5.56	1	1	mods
630f2982cdb9e392db0cbcc7	Steyr AUG Relfex T4AUG Ranger 5.56x45消音器	T4AUG 5.56	Steyr AUG Relfex T4AUG Ranger 5.56x45 sound suppressor	T4AUG 5.56	2	1	mods;suppressor
63171672192e68c5460cebc5	Steyr AUG A3 5.56x45突击步枪	AUG A3	Steyr AUG A3 5.56x45 assault rifle	AUG A3	3	2	gun	Caliber556x45NATO
6333f05d1bc0e6217a0e9d34	16 英寸 Steyr AUG A1 枪管 5.56x45	A1 16"	Steyr AUG A1 5.56x45 16 inch barrel	A1 16"	3	1	mods
633a98eab8b0506e48497c1a	SR-2M 9x21 20发弹匣	SR-2M	SR-2M 9x21 20-round magazine	SR-2M	1	1	mods
633ec6ee025b096d320a3b15	RSh-12 12.7x55 5发容量弹巢	RSh12弹巢	RSh-12 12.7x55 5-round cylinder	RSh12 cyl.	1	1	mods
633ec7c2a6918cb895019c6c	RSh-12 12.7x55转轮手枪	RSH-12	RSh-12 12.7x55 revolver	RSh-12	2	1	gun	Caliber127x55
633ec8e4025b096d320a3b1e	RSH-12 手枪式握把	RSH-12	RSh-12 pistol grip	RSh-12	1	1	mods;pistolGrip
634959225289190e5e773b3b	装有糖果的南瓜	南瓜	Pumpkin with sweets	Pumpkin	2	2
634e61b0767cb15c4601a877	Steyr AUG垂直前握把	AUG	Steyr AUG vertical foregrip	AUG	1	1	mods
634eba08f69c710e0108d386	Steyr AUG Ase Utra S Series SL7i 5.56x45消音器	SL7i 5.56	Steyr AUG Ase Utra S Series SL7i 5.56x45 sound suppressor	SL7i 5.56	2	1	mods;suppressor
634eff66517ccc8a960fc735	OP-SKS 7.62x39 520毫米枪管	OP-SKS 520mm	OP-SKS 7.62x39 520mm barrel	OP-SKS 520mm	3	1	mods
634f02331f9f536910079b51	SKS 7.62x39 520毫米枪管	SKS 520mm	SKS 7.62x39 520mm barrel	SKS 520mm	3	1	mods
634f02d7517ccc8a960fc744	SKS导气管	SKS导气	SKS gas tube	SKS gas	1	1	mods
634f036a517ccc8a960fc746	OP-SKS导气管	OP-SKS导气	OP-SKS gas tube	OP-SKS gas	1	1	mods
634f03d40384a3ba4f06f874	OP-SKS导气管防尘盖	OP-SKS防尘盖	OP-SKS gas tube cover	OP-SKS cover	1	1	mods
634f04d82e5def262d0b30c6	SKS照门固定环	SKS固定环	SKS front trunnion	SKS FT	1	1	mods
634f05a21f9f536910079b56	OP-SKS照门固定环	OP-SKS固定环	OP-SKS front trunnion	OP-SKS FT	1	1	mods
634f05ca517ccc8a960fc748	SKS防尘盖	SKS防尘盖	SKS dust cover	SKS DC	1	1	mods
634f06262e5def262d0b30ca	OP-SKS防尘盖	OP-SKS防尘盖	OP-SKS dust cover	OP-SKS DC	1	1	mods
634f08a21f9f536910079b5a	SKS导气管防尘盖	SKS防尘盖	SKS gas tube cover	SKS cover	1	1	mods
635267ab3c89e2112001f826	恐怖头颅面具	骷髅	Spooky skull mask	Skull	2	2	wearable
635267f063651329f75a4ee8	26x75 毫米照明信号弹（酸绿）	酸绿	26x75mm flare cartridge (Acid Green)	AG	1	1	ammo;noFlea	Caliber26x75
6357c98711fb55120211f7e1	M203 40毫米下挂式榴弹发射器	M203	M203 40mm underbarrel grenade launcher	M203	2	1	mods;noFlea
635a758bfefc88a93f021b8a	咸狗牛肉肠	香肠	Salty Dog beef sausage	Sausage	2	1	provisions
63611865ba5b90db0c0399d1	Azimut SS "Khamelion"胸挂（橄榄色）	Khamelion	Azimut SS "Khamelion" chest harness (Olive)	Khamelion	4	3	rig;wearable
63626d904aa74b8fe30ab426	Zryachiy巴拉克拉瓦	Zryachiy	Zryachiy's balaclava	Zryachiy	1	1	wearable
636270263f2495c26f00b007	Zryachiy巴拉克拉瓦帽子	Zryachiy	Zryachiy's balaclava (folded)	Zryachiy	1	1	wearable
63737f448b28897f2802b874	Hexatac HPC 插板背心（黑系复合迷彩）	HPC	Hexatac HPC Plate Carrier (MultiCam Black)	HPC	3	3	armor;wearable
6374a7e7417239a7bf00f042	PM胶木握把侧片	PM胶木	PM bakelite grip	PM bak.	1	1	mods;pistolGrip
6374a822e629013b9c0645c8	PM手枪套筒	PM	PM pistol slide	PM	2	1	mods
637784c5f7b3f4ac1a0d1a9a	FAB Defense PM-G 手枪式握把	PM-G	PM FAB Defense PM-G pistol grip	PM-G	1	1	mods;pistolGrip
637b60c3b7afa97bfc3d7001	Obdolbos 2 鸡尾酒兴奋剂注射器	Obd 2	Obdolbos 2 cocktail injector	Dolbos 2	1	1	injectors;meds;provisions
637b612fb7afa97bfc3d7005	SJ12 TGLabs 战斗兴奋剂注射器	SJ12	SJ12 TGLabs combat stimulant injector	SJ12	1	1	injectors;meds;provisions
637b6179104668754b72f8f5	PNB (16 号化合物) 兴奋剂注射器	PNB	PNB (Product 16) stimulant injector	PNB	1	1	injectors;meds;provisions
637b620db7afa97bfc3d7009	曲马多注射器	曲马多	Trimadol stimulant injector	Trimadol	1	1	injectors;meds;provisions
637b6251104668754b72f8f9	人造血（蓝血）注射器	人造血	Perfotoran (Blue Blood) stimulant injector	Perfotoran	1	1	injectors;meds;provisions
637b6d610aef6cfc5e02dd14	PM战术手枪式握把	PM战术	PM Tactic Kit pistol grip	PM TK	2	1	mods;pistolGrip
637b9c37b7e3bc41b21ce71a	SR-2M 手枪式握把（黑红色）	SR-2M	SR-2M pistol grip (Plum)	SR-2M	1	1	mods;pistolGrip
637ba19df7ca6372bf2613d7	SR-2M聚合物护木（黑）	SR-2M	SR-2M polymer handguard (Black)	SR-2M	1	1	mods
637ba29bf7ca6372bf2613db	SR-2M手枪式握把（黑）	SR-2M	SR-2M pistol grip (Black)	SR-2M	1	1	mods;pistolGrip
637f57a68d137b27f70c4968	柯尔特 M4 卡宾枪长度 AR-15 下护木	M4标准	AR-15 Colt M4 Carbine Length lower handguard	M4 Carbine	2	1	mods
637f57b78d137b27f70c496a	KAC RIS AR-15 下护木	KAC RIS	AR-15 KAC RIS lower handguard	KAC RIS	2	1	mods
637f57c532b66e7e320a6676	KAC URX 3.1 10.75 英寸下护木	URX3.1 10.75"	AR-15 KAC URX 3.1 10.75 inch lower handguard	URX3.1 10.75"	2	1	mods
637f57d2f5ef8c33840d36c4	KAC URX 3 8 英寸 AR-15 下护木	URX3 8"	AR-15 KAC URX 3 8 inch lower handguard	URX3 8"	2	1	mods
637f589af5ef8c33840d36d3	Strike Industries Viper 卡宾枪规格 AR-15 M-LOK 下护木	Viper AR15	AR-15 Strike Industries Viper carbine length M-LOK lower handguard	Viper AR15	2	1	mods
6386120cd6baa055ad1e201c	Griffin Armament Gate-LOK Hammer 5.56x45 AR-15 消焰器	G-LOK	AR-15 Griffin Armament Gate-LOK Hammer 5.56x45 flash hider	G-LOK	1	1	mods
638612b607dfed1ccb7206ba	Griffin Armament M4SD-K 5.56x45 AR-15 消音器	M4SD-K	AR-15 Griffin Armament M4SD-K 5.56x45 sound suppressor	M4SD-K	2	1	mods;suppressor
6386300124a1dc425c00577a	AK 100 系列金属框架枪托	AK 100	AK 100-series metal skeletonized stock	AK 100	2	1	mods
63877c99e785640d436458ea	AWC Thor PSR XL多口径消音器	Thor PSR	AWC Thor PSR XL multi-caliber sound suppressor	Thor PSR	2	1	mods;suppressor
63888bbd28e5cc32cc09d2b6	Precision Reflex GEN III Delta Carbon AR-15 护木 (FDE)	Delta Carbon	AR-15 Precision Reflex GEN III Delta Carbon handguard (FDE)	Delta Carbon	2	1	mods
6388c4478d895f557a0c6512	Precision Reflex护木短侧导轨基座	PR侧轨	Precision Reflex handguard short side rail mount	PR side	1	1	mods
6388c4ac8d895f557a0c6515	Precision Reflex护木底部导轨基座	PR底轨	Precision Reflex handguard bottom rail mount	PR bot.	1	1	mods
6388c5d19c00405f4717c0f0	Precision Reflex护木长顶部导轨基座	PR顶轨	Precision Reflex handguard long top rail mount	PR top	2	1	mods
6389c6463485cf0eeb260715	Arseniy包装荞麦	荞麦	Pack of Arseniy buckwheat	Buckwheat	1	2	barter
6389c6c7dbfd5e4b95197e68	Aquapeps饮用水净化片	Aquapeps	Aquapeps water purification tablets	Aquapeps	1	1	barter
6389c70ca33d8c4cdf4932c6	电子元件	电子元件	Electronic components	EC	1	1	barter
6389c7750ef44505c87f5996	微控制器电路板	电路板	Microcontroller board	MB	1	1	barter;noFlea
6389c7f115805221fb410466	GPS信号放大单元	GPS放大器	Far-forward GPS Signal Amplifier Unit	GPSA	1	1	barter;noFlea
6389c85357baa773a825b356	直流变压器	变压器	Advanced current converter	MCC	2	2	barter;noFlea
6389c8c5dbfd5e4b95197e6b	TerraGroup "蓝色文件夹" 材料	蓝色文件夹	TerraGroup "Blue Folders" materials	Blue Folders	1	2	barter
6389c8fb46b54c634724d847	硅基光电集成电路教材	光电教材	Silicon Optoelectronic Integrated Circuits textbook	SOIC	1	2	noFlea
6389c92d52123d5dd17f8876	先进电子材料教材	电子材料教材	Advanced Electronic Materials textbook	AEM	1	2	noFlea
6389f1dfc879ce63f72fc43e	CNC Guns OV GP AK 护木	OV GP	AK CNC Guns OV GP handguard	OV GP	2	1	mods
638db77630c4240f9e06f8b6	SAG Bit 低基线燕尾槽基座	Bit DT	SAG Bit low profile dovetail sidemount	Bit DT	1	1	mods
638de3603a1a4031d8260b8c	RTM ATP AR-15 缓冲管	ATP	AR-15 RTM ATP buffer tube	ATP	2	1	mods
638f1ff84822287cad04be9d	Daniel Defence RIS II 9.5 英寸 AR-15 下护木（狼棕色）	RIS II 9.5	AR-15 Daniel Defense RIS II 9.5 lower handguard (Coyote Brown)	RIS II 9.5	2	1	mods
638f2003bbd47aeb9e0ff637	Daniel Defence RIS II 12.25 英寸 AR-15 下护木（狼棕色）	RIS II 12.25	AR-15 Daniel Defense RIS II 12.25 lower handguard (Coyote Brown)	RIS II 12.25	2	1	mods
6391fcf5744e45201147080f	Primorsky大道公寓钥匙	Primorsky	Primorsky Ave apartment key	Primorsky	1	1	keys
63920105a83e15700a00f168	SOG Voodoo Hawk战术斧	Hawk	SOG Voodoo Hawk tactical tomahawk	Hawk	1	2	wearable
639343fce101f4caa40a4ef3	Shellback Tactical Banshee 插板胸挂（A-TACS AU 迷彩）	Banshee	Shellback Tactical Banshee plate carrier (A-TACS AU)	Banshee	3	3	armor;rig;wearable
639346cc1c8f182ad90c8972	Tasmanian Tiger Trooper 35 背包（卡其色）	Trooper 35	Tasmanian Tiger Trooper 35 backpack (Khaki)	Trooper 35	5	7	backpack;noFlea;wearable
63969c9019971040b005049b	Strike Industries Viper 卡宾枪规格 M-LOK 下护木 (FDE)	Viper AR15	AR-15 Strike Industries Viper carbine length M-LOK lower handguard (FDE)	Viper AR15	2	1	mods
6396aaa9a52ace83df0840ab	Daniel Defence RIS II 9.5 英寸 AR-15 下护木（黑色）	RIS II 9.5	AR-15 Daniel Defense RIS II 9.5 lower handguard (Black)	RIS II 9.5	2	1	mods
6398636bb483a550805be5e5	Steyr AUG A1 5.56x45突击步枪 默认	AUG A1 默认	Steyr AUG A1 5.56x45 assault rifle Default	AUG A1 Default	5	2	preset
63986752a28b76105a33c095	Steyr AUG A3 5.56x45突击步枪 默认	AUG A3 默认	Steyr AUG A3 5.56x45 assault rifle Default	AUG A3 Default	5	2	preset
639867ca90c8ca7156504f75	Steyr AUG A3 5.56x45突击步枪 CIV	AUG A3 CIV	Steyr AUG A3 5.56x45 assault rifle CIV	AUG A3 CIV	4	2	preset
6398681b9f81ff62557b8225	Steyr AUG A3 5.56x45突击步枪 CQB	AUG A3 CQB	Steyr AUG A3 5.56x45 assault rifle CQB	AUG A3 CQB	4	2	preset
6398685ee678457197138035	Glock 19X 9x19 手枪 默认	Glock 19X 默认	Glock 19X 9x19 pistol Default	Glock 19X Default	2	1	preset
639868a207a3eb0207197bb5	RSh-12 12.7x55转轮手枪 默认	RSH-12 默认	RSh-12 12.7x55 revolver Default	RSh-12 Default	2	1	preset
63986a38608a960125446db5	SR-2M 石楠 9x21 冲锋枪 默认	SR-2M 默认	SR-2M Veresk 9x21 submachine gun Default	SR-2M Default	3	1	preset
63986a9ab483a550805be5ee	SR-2M 石楠 9x21 冲锋枪 FSB	SR-2M FSB	SR-2M Veresk 9x21 submachine gun FSB	SR-2M FSB	4	2	preset
63986acda28b76105a33c09f	SR-2M 石楠 9x21 冲锋枪 TAC	SR-2M TAC	SR-2M Veresk 9x21 submachine gun TAC	SR-2M TAC	4	2	preset
6398fd8ad3de3849057f5128	备用藏身处钥匙	藏身处	Backup hideout key	Hideout	1	1	keys;noFlea
63a0b208f444d32d6f03ea1e	Fierce Blow重击锤	重击锤	Fierce Blow sledgehammer	Sledgehammer	2	5	barter
63a0b2eabea67a6d93009e52	无线电中继器	中继器	Radio repeater	Repeater	2	2	noFlea
63a39667c9b3aa4b61683e98	金融办公室钥匙	金融	Financial institution office key	Finance	1	1	keys
63a397d3af870e651d58e65b	车行封闭区域钥匙	LexOs封闭	Car dealership closed section key	LexOs sect.	1	1	keys
63a399193901f439517cafb6	车行负责人办公室钥匙	LexOs	Car dealership director's office room key	LexOs	1	1	keys
63a39c69af870e651d58e6aa	商店经理钥匙	商店	Store manager's key	Store	1	1	keys
63a39c7964283b5e9c56b280	Concordia 安保处钥匙	Conc安保	Concordia security room key	Conc sec.	1	1	keys
63a39cb1c9b3aa4b61683ee2	建筑工地工棚钥匙	工地	Construction site bunkhouse key	Construct.	1	1	keys
63a39ce4cd6db0635c1975fa	供应部门主管办公室钥匙	供应部	Supply department director's office key	Supp.	1	1	keys
63a39ddda3a2b32b5f6e007a	公寓上锁房间保险箱钥匙	公寓保险箱	Apartment locked room safe key	Apt. safe	1	1	keys
63a39df18a56922e82001f25	Zmeevsky 5公寓20号钥匙	公寓20	Zmeisky 5 apartment 20 key	Zm apt. 20	1	1	keys
63a39dfe3901f439517cafba	Zmeevsky 3公寓8号钥匙	公寓8	Zmeisky 3 apartment 8 key	Zm apt. 8	1	1	keys
63a39e1d234195315d4020bd	Primorsky 46-48号天桥钥匙	天桥46-48	Primorsky 46-48 skybridge key	Skybridge 46-48	1	1	keys;noFlea
63a39e49cd6db0635c1975fc	档案室钥匙	档案室	Archive room key	Archives	1	1	keys
63a39e5b234195315d4020bf	房屋管理处二楼保险箱钥匙	房管处2	Housing office second floor safe key	HO 2	1	1	keys
63a39e6acd6db0635c1975fe	房屋管理处一楼保险箱钥匙	房管处1	Housing office first floor safe key	HO 1	1	1	keys
63a39f08cd6db0635c197600	酒店215房间钥匙	酒店215	Pinewood hotel room 215 key	Pnwd 215	1	1	keys
63a39f18c2d53c2c6839c1d3	酒店206房间钥匙	酒店206	Pinewood hotel room 206 key	Pnwd 206	1	1	keys
63a39f6e64283b5e9c56b289	铁门钥匙	铁门	Iron gate key	Iron gate	1	1	keys
63a39fc0af870e651d58e6ae	Chekannaya 15号公寓钥匙	Chek. 15	Chekannaya 15 apartment key	Chek. 15	1	1	keys
63a39fd1c9b3aa4b61683efb	楼梯间钥匙	楼梯	Stair landing key	Stairs	1	1	keys
63a39fdf1e21260da44a0256	货物网格门钥匙	军火	Cargo container mesh door key	Container	1	1	keys
63a3a93f8a56922e82001f5d	废弃工厂符号钥匙	废弃工厂	Abandoned factory marked key	Aband.	1	1	keys
63a71e781031ac76fe773c7d	Concordia 8号公寓钥匙	Conc 8	Concordia apartment 8 room key	Conc 8	1	1	keys
63a71e86b7f4570d3a293169	Concordia 64号公寓办公室钥匙	Conc办公室	Concordia apartment 64 office room key	Conc off.	1	1	keys
63a71e922b25f7513905ca20	Concordia 64号公寓钥匙	Conc64	Concordia apartment 64 key	Conc 64	1	1	keys
63a71eb5b7f4570d3a29316b	Primorsky 48 公寓钥匙	Prim 48	Primorsky 48 apartment key	Prim 48	1	1	keys
63a71ed21031ac76fe773c7f	金融办公室小房间钥匙	金融小房间	Financial institution small office key	Finance s	1	1	keys
63ac5c9658d0485fc039f0b8	AlienTech 5.56x45 AR-15 膛口制退器	AlienTech	AR-15 AlienTech 5.56x45 muzzle brake	AlienTech	1	1	mods
63c6adcfb4ba094317063742	PM照门	PM照门	PM rear sight	PM RS	1	1	mods
63d114019e35b334d82302f7	SAG AK燕尾侧基座	SAG AK	SAG AK dovetail sidemount	SAG AK	1	1	mods
63d3ce0446bd475bcb50f55f	13.7 英寸 Hanson Carbine AR-15 枪管 5.56x45	Hanson 13.7"	AR-15 5.56x45 Ballistic Advantage Hanson Carbine Pro 13.7 inch barrel	BA Hanson 13.7"	3	1	mods
63d3ce281fe77d0f2801859e	AR-15 Ballistic Advantage Lo-Pro导气箍	LoPro	AR-15 Ballistic Advantage Lo-Pro Gas Block	LoPro	1	1	mods
63d3d44a2a49307baf09386d	16 英寸 Hanson Carbine AR-15 枪管 5.56x45	Hanson 16"	AR-15 5.56x45 Ballistic Advantage Hanson Carbine Pro 16 inch barrel	BA Hanson 16"	3	1	mods
63f4ba71f31d4a33b87bd046	Aeroknox AX-15 4英寸 AR-15 M-LOK 护木	AX-15 4寸	AR-15 Aeroknox AX-15 4 inch M-LOK handguard	AX-15 4"	1	1	mods
63f4da90f31d4a33b87bd054	Mission First Tactical ENGAGE AK47 手枪式握把	MFT47	AK Mission First Tactical ENGAGE AK47 pistol grip	MFT47	1	1	mods;pistolGrip
63f5ed14534b2c3d5479a677	Aeroknox AX-15 5.56x45 AR-15 上机匣	AX-15	AR-15 Aeroknox AX-15 5.56x45 upper receiver	AX-15	2	1	mods
63f5feead259b42f0b4d6d0f	Aeroknox Orion AR-15 手枪式握把	Orion	AR-15 Aeroknox Orion pistol grip	Orion	1	1	mods;pistolGrip
63fc449f5bd61c6cf3784a88	Armasight Zeus通用基座	Zeus	Armasight Zeus universal base	Zeus	1	1	mods
63fc44e2429a8a166c7f61e6	Armasight Zeus-Pro 640 2-8x50 30Hz热成像瞄准镜	ZeusPro 640	Armasight Zeus-Pro 640 2-8x50 30Hz thermal scope	Zeus-Pro 640	2	1	mods;noFlea
63fc4533b10b17385349b565	Armasight Zeus Pro瞄准镜眼罩	ZeusPro	Armasight Zeus-Pro scope eyecup	ZeusPro	1	1	mods
6405ff6bd4578826ec3e377a	Aeroknox Butterfly 5.56x45 AR-15 膛口制退器	Aeroknox	AR-15 Aeroknox Butterfly 5.56x45 muzzle brake	Aeroknox	1	1	mods
640b20359ab20e15ee445fa9	Aeroknox AX-15 15.8英寸 AR-15 M-LOK 护木	AX-15 15.8寸	AR-15 Aeroknox AX-15 15.8 inch M-LOK handguard	AX-15 15.8"	3	1	mods
6410733d5dd49d77bd07847e	Tokarev AVT-40 7.62x54R自动步枪	AVT-40	Tokarev AVT-40 7.62x54R automatic rifle	AVT-40	2	1	gun;noFlea	Caliber762x54R
6410745d5dd49d77bd078485	AVT-40木制枪托	AVT木托	AVT-40 wooden stock	AVT wood	4	1	mods
641074a07fd350b98c0b3f96	AVT-40 7.62x54R 15发弹匣	AVT	AVT-40 7.62x54R 15-round magazine	AVT	1	2	mods
6410758c857473525b08bb77	SVT-40 7.62x54R 625毫米枪管	SVT 625mm	SVT-40 7.62x54R 625mm barrel	SVT 625mm	3	1	mods
64119cdbdcf48d656f0aa272	SVT防尘盖	SVT	SVT dust cover	SVT	1	1	mods
64119d1f2c6d6f921a0929f8	SVT-40 7.62x54R 膛口制退器	SVT	SVT-40 7.62x54R muzzle brake	SVT	2	1	mods
64119d672c6d6f921a0929fb	SVT-40准星	SVT准星	SVT-40 front sight	SVT FS	1	1	mods
64119d90dcf48d656f0aa275	SVT-40照门	SVT照门	SVT-40 rear sight	SVT RS	1	1	mods
6415c694da439c6a97048b56	SKS Leapers UTG PRO MTU017机匣基座	MTU017	SKS Leapers UTG PRO MTU017 receiver cover mount	MTU017	2	1	mods
6415d33eda439c6a97048b5b	SKS CHOAT瞄准镜基座	CHOATE	SKS CHOATE scope mount	CHOATE	1	1	mods
641dc35e19604f20c800be18	SVT-40 Tokarev PU基座	Tokarev	SVT-40 Tokarev PU mount	Tokarev	1	1	mods
6422e1ea3c0f06190302161a	AVT-40 7.62x54R 10发弹匣	SVT 10	SVT-40 7.62x54R 10-round magazine	SVT 10	1	1	mods
643ea5b23db6f9f57107d9fd	Tokarev SVT-40 7.62x54R步枪	SVT-40	Tokarev SVT-40 7.62x54R rifle	SVT-40	2	1	gun	Caliber762x54R
644674a13d52156624001fbc	KBP 9A-91 9x39紧凑型突击步枪	9A-91	KBP 9A-91 9x39 compact assault rifle	9A-91	2	1	gun	Caliber9x39
644675573d52156624001fc9	9A-91护木	9A-91	9A-91 handguard	9A-91	1	1	mods
6448f2f6d4928d46d30be3f6	VSK-94护木	VSK-94	VSK-94 handguard	VSK-94	1	1	mods
644a3df63b0b6f03e101e065	MAWL-C1+战术装置	MAWL-C1+	B.E. Meyers MAWL-C1+ tactical device	MAWL-C1+	1	1	mods
6450ec2e7da7133e5a09ca96	9A-91 9x39 20发弹匣	9A-91	9A-91 9x39 20-round magazine	9A-91	1	2	mods
6450f21a3d52156624001fcf	9A-91手枪式握把	9A-91握把	9A-91 pistol grip	9A-91 PG	1	1	mods;pistolGrip
6451167ad4928d46d30be3fd	9A-91上折叠枪托	9A-91	9A-91 top-folding stock	9A-91	2	1	mods
645122f6d4928d46d30be3ff	9A-91 9x39枪管	9A-91	9A-91 9x39 barrel	9A-91	2	1	mods
645123013d52156624001fd1	VSK-94 9x39枪管	VSK-94	VSK-94 9x39 barrel	VSK-94	2	1	mods
6452519e3d52156624001fd5	VSK-94枪托	VSK-94	VSK-94 stock	VSK-94	2	1	mods
64527a263d52156624001fd7	9A-91护木固定器	9A-91	9A-91 handguard retainer	9A-91	1	1	mods
64527a3a7da7133e5a09ca99	9A-91 9x39声音抑制器	9A-91	9A-91 9x39 sound suppressor	9A-91	2	1	mods;suppressor
645e0c6b3b381ede770e1cc9	KBP VSK-94 9x39步枪	VSK-94	KBP VSK-94 9x39 rifle	VSK-94	2	1	gun	Caliber9x39
64637076203536ad5600c990	PKM 7.62x54R 机枪	PKM	Kalashnikov PKM 7.62x54R machine gun	PKM	3	1	gun	Caliber762x54R
646371779f5f0ea59a04c204	PK手枪式握把	PK	PK pistol grip	PK	1	1	mods;pistolGrip
646371a9f2404ab67905c8e6	PKM木制枪托	PKM	PKM wooden stock	PKM	2	1	mods
646371faf2404ab67905c8e9	PKM 7.62x54R 658毫米枪管	PKM 658mm	PKM 7.62x54R 658mm barrel	PKM 658mm	4	1	mods
646372518610c40fc20204e8	PK 7.62x54R 100发盒式弹匣	PK	PK 7.62x54R 100-round box	PK	2	2	mods
64639a9aab86f8fd4300146c	PKP 7.62x54R 658毫米枪管	PKP 658mm	PKP 7.62x54R 658mm barrel	PKP 658mm	4	1	mods
6464d870bb2c580352070cc4	PK脚架	PK脚架	PK bipod	PK	2	1	mods
646f62fee779812413011ab7	Zenit 2D 战术手电	2D	Zenit 2D flashlight	2D	1	1	mods
646f6322f43d0c5d62063715	Zenit KR-2 老款手电基座	KR-2	Zenit KR-2 old gen mount	KR-2	1	1	mods
64748cb8de82c85eaf0a273a	MP-43 12铅径截短双管霰弹枪	截短霰弹枪	MP-43 12ga sawed-off double-barrel shotgun	Sawed-off	1	1	gun	Caliber12g
64748d02d1c009260702b526	MP-43 12铅径 310毫米截短枪管	MP-43 310mm	MP-43 12ga sawed-off 310mm barrel	MP-43 310mm	2	1	mods
6477772ea8a38bb2050ed4db	SIG Sauer ROMEO7 1x30反射式瞄具（原型版本）	ROMEO7	SIG Sauer ROMEO7 1x30 reflex sight (Prototype)	ROMEO7	2	1	mods
64785e7c19d732620e045e15	ELCAN Specter HCO 全息瞄具	HCO	ELCAN Specter HCO holographic sight	HCO	1	1	mods
6478641c19d732620e045e17	SIG Sauer ECHO1 1-2x30毫米 30赫兹反射式热成像瞄准镜	ECHO1	SIG Sauer ECHO1 1-2x30mm 30Hz thermal reflex scope	ECHO1	1	1	mods;noFlea
647db1eca8d3399c380d195c	Alfa Arms Goliaf AKS-74U M-LOK 护木	Goliaf MLOK	AKS-74U Alfa Arms Goliaf M-LOK handguard	Goliaf MLOK	1	1	mods
647dba3142c479dde701b654	AKdemia Dominator AK 护木	Dominator	AK AKdemia Dominator handguard	Dominator	1	1	mods
647dd2b8a12ebf96c3031655	Alfa Arms ASPID AK 护木	Aspid	AK Alfa Arms ASPID handguard	Aspid	2	1	mods
647de824196bf69818044c93	AB Arms MOD1 AR-15 护木	ABA M1	AR-15 AB Arms MOD1 handguard	ABA M1	2	1	mods
647def638295ebcb5b02f05b	AB Arms MOD1 AR-15 下护木	ABA M1	AR-15 AB Arms MOD1 lower handguard	ABA M1	2	1	mods
648067db042be0705c0b3009	RTM Pillau战术前握把（沙漠色）	Pillau	RTM Pillau tactical foregrip (Sand)	Pillau	1	1	mods
64806bdd26c80811d408d37a	RTM Osovets P-2战术前握把	Osovets	RTM Osovets P-2 tactical foregrip	Osovets	1	1	mods
64807a29e5ffe165600abc97	RTM Osovets P-2战术前握把（卡其色）	Osovets	RTM Osovets P-2 tactical foregrip (Khaki)	Osovets	1	1	mods
64897ffc3656831810043165	已密封的武器箱	武器箱	Sealed weapon case	Weapon (sealed)	5	2	noFlea
648983d6b5a2df1c815a04ec	12.7x55mm PS12B（10发装）	PS12B	12.7x55mm PS12B (10 pcs)	PS12B	1	1	ammoBox
6489848173c462723909a14b	.338 Lapua Magnum AP弹药包（20发装）	AP	.338 Lapua Magnum AP ammo pack (20 pcs)	AP	2	1	ammoBox;noFlea
648984b8d5b4df6140000a1a	7.62x54mm R 7N37 弹药包（20发装）	7N37	7.62x54mm R BS ammo pack (20 pcs)	BS	1	1	ammoBox;noFlea
648984e3f09d032aa9399d53	7.62x51mm M993弹药包（20发装）	M993	7.62x51mm M993 ammo pack (20 pcs)	M993	1	1	ammoBox;noFlea
6489851fc827d4637f01791b	7.62x39mm MAI AP弹药包（20发装）	MAI AP	7.62x39mm MAI AP ammo pack (20 pcs)	MAI AP	1	1	ammoBox;noFlea
6489854673c462723909a14e	9x39mm 7N12 BP 弹药包（20发装）	BP	9x39mm BP ammo pack (20 pcs)	BP	1	1	ammoBox;noFlea
64898583d5b4df6140000a1d	5.56x45mm SSA AP弹药包（50发装）	SSA AP	5.56x45mm SSA AP ammo pack (50 pcs)	SSA AP	1	1	ammoBox;noFlea
648985c074a806211e4fb682	.300 Blackout AP弹药包（50发装）	AP	.300 Blackout AP ammo pack (50 pcs)	AP	1	1	ammoBox;noFlea
64898602f09d032aa9399d56	5.45x39mm 7N40盒装弹药（30发装）	7N40	5.45x39mm 7N40 ammo pack (30 pcs)	7N40	1	1	ammoBox
648986bbc827d4637f01791e	5.7x28mm SS190弹药包（50发装）	SS190	5.7x28mm SS190 ammo pack (50 pcs)	SS190	1	1	ammoBox
6489870774a806211e4fb685	4.6x30mm AP SX弹药包（40发装）	AP SX	4.6x30mm AP SX ammo pack (40 pcs)	AP SX	1	1	ammoBox;noFlea
6489875745f9ca4ba51c4808	9x21mm SP13 弹药包（30发装）	SP13	9x21mm BT ammo pack (30 pcs)	BT	1	1	ammoBox
6489879db5a2df1c815a04ef	.45 ACP AP弹药包（50发装）	AP	.45 ACP AP ammo pack (50 pcs)	AP	1	1	ammoBox
648987d673c462723909a151	9x19mm PBP (7N31) 弹药包（50 发装）	7N31	9x19mm PBP ammo pack (50 pcs)	PBP	1	1	ammoBox
64898838d5b4df6140000a20	12/70 AP-20弹药包（25发装）	AP-20	12/70 AP-20 ammo pack (25 pcs)	AP-20	1	1	ammoBox
64898e9db18e646e992aba47	已密封的武器箱	武器箱	Sealed weapon case	Weapon (sealed)	5	2	noFlea
648990314b4d2b31b63a46fc	已密封的武器箱	武器箱	Sealed weapon case	Weapon (sealed)	5	2	noFlea
648996987063b903ff4b8561	已密封的武器箱	武器箱	Sealed weapon case	Weapon (sealed)	5	2	noFlea
6489981f7063b903ff4b8565	已密封的武器箱	武器箱	Sealed weapon case	Weapon (sealed)	5	2	noFlea
64899a35fc093676bb0f57e3	已密封的武器箱	武器箱	Sealed weapon case	Weapon (sealed)	5	2	noFlea
64899ec0a236de328b12db52	已密封的武器箱	武器箱	Sealed weapon case	Weapon (sealed)	5	2	noFlea
64899f4189de40533661a0c0	已密封的武器箱	武器箱	Sealed weapon case	Weapon (sealed)	5	2	noFlea
6489a0a4fc493c59d15fec05	已密封的武器箱	武器箱	Sealed weapon case	Weapon (sealed)	5	2	noFlea
6489a233a236de328b12db56	已密封的武器箱	武器箱	Sealed weapon case	Weapon (sealed)	5	2	noFlea
6489a344fc493c59d15fec0f	已密封的武器箱	武器箱	Sealed weapon case	Weapon (sealed)	5	2	noFlea
6489a7d87063b903ff4b85cc	已密封的武器箱	武器箱	Sealed weapon case	Weapon (sealed)	5	2	noFlea
6489a97645f9ca4ba51c4dd0	已密封的武器箱	武器箱	Sealed weapon case	Weapon (sealed)	5	2	noFlea
6489aa584b6fc03d00374e59	已密封的武器箱	武器箱	Sealed weapon case	Weapon (sealed)	5	2	noFlea
6489ab9645f9ca4ba51c4dd7	已密封的武器箱	武器箱	Sealed weapon case	Weapon (sealed)	5	2	noFlea
6489b2b131a2135f0d7d0fcb	已密封的武器箱	武器箱	Sealed weapon case	Weapon (sealed)	5	2	noFlea
6489b73cebac5a4a1b73cab7	已密封的武器箱	武器箱	Sealed weapon case	Weapon (sealed)	5	2	noFlea
6489b88bcf0cd80b7e749069	已密封的武器箱	武器箱	Sealed weapon case	Weapon (sealed)	5	2	noFlea
6489b91dd0c36c0a4925c4b4	已密封的武器箱	武器箱	Sealed weapon case	Weapon (sealed)	5	2	noFlea
6489b99eebac5a4a1b73cabc	已密封的武器箱	武器箱	Sealed weapon case	Weapon (sealed)	5	2	noFlea
6489ba157c07471efa3e03b4	已密封的武器箱	武器箱	Sealed weapon case	Weapon (sealed)	5	2	noFlea
6489ba92a74e43447b64d5e2	已密封的武器箱	武器箱	Sealed weapon case	Weapon (sealed)	5	2	noFlea
6489bbd6d0c36c0a4925c4b8	已密封的武器箱	武器箱	Sealed weapon case	Weapon (sealed)	5	2	noFlea
6489bd7b79295b4f753d486a	已密封的武器箱	武器箱	Sealed weapon case	Weapon (sealed)	5	2	noFlea
6489bed4a53c8c047c3dc361	已密封的武器箱	武器箱	Sealed weapon case	Weapon (sealed)	5	2	noFlea
6489bfa844d98e01bc4c420e	已密封的武器箱	武器箱	Sealed weapon case	Weapon (sealed)	5	2	noFlea
6489c03c8bc5233fdc78e788	已密封的武器箱	武器箱	Sealed weapon case	Weapon (sealed)	5	2	noFlea
6489c0508bc5233fdc78e78c	已密封的武器箱	武器箱	Sealed weapon case	Weapon (sealed)	5	2	noFlea
6489c0df7c07471efa3e03b8	已密封的武器箱	武器箱	Sealed weapon case	Weapon (sealed)	5	2	noFlea
6489c0f731a2135f0d7d0fd5	已密封的武器箱	武器箱	Sealed weapon case	Weapon (sealed)	5	2	noFlea
6489c12f8bc5233fdc78e790	已密封的武器箱	武器箱	Sealed weapon case	Weapon (sealed)	5	2	noFlea
6489c164a53c8c047c3dc365	已密封的武器箱	武器箱	Sealed weapon case	Weapon (sealed)	5	2	noFlea
6489c200cf0cd80b7e74906d	已密封的武器箱	武器箱	Sealed weapon case	Weapon (sealed)	5	2	noFlea
6489c2aad0c36c0a4925c4bc	已密封的武器箱	武器箱	Sealed weapon case	Weapon (sealed)	5	2	noFlea
6489c30331a2135f0d7d0fd9	已密封的武器箱	武器箱	Sealed weapon case	Weapon (sealed)	5	2	noFlea
6489c46eebac5a4a1b73cac0	已密封的武器箱	武器箱	Sealed weapon case	Weapon (sealed)	5	2	noFlea
6489c5cb44d98e01bc4c4212	已密封的武器箱	武器箱	Sealed weapon case	Weapon (sealed)	5	2	noFlea
6489c65cd0c36c0a4925c4c0	已密封的武器箱	武器箱	Sealed weapon case	Weapon (sealed)	5	2	noFlea
6489c753a74e43447b64d5e6	已密封的武器箱	武器箱	Sealed weapon case	Weapon (sealed)	5	2	noFlea
6489c80e7c07471efa3e03bc	已密封的武器箱	武器箱	Sealed weapon case	Weapon (sealed)	5	2	noFlea
6489c8a1a53c8c047c3dc369	已密封的武器箱	武器箱	Sealed weapon case	Weapon (sealed)	5	2	noFlea
6489c8dba53c8c047c3dc36d	已密封的武器箱	武器箱	Sealed weapon case	Weapon (sealed)	5	2	noFlea
6489c99f7c07471efa3e03c0	已密封的武器箱		Sealed weapon case		5	2	noFlea
6489ca66d0c36c0a4925c4c4	已密封的武器箱	武器箱	Sealed weapon case	Weapon (sealed)	5	2	noFlea
6489cad98bc5233fdc78e794	已密封的武器箱	武器箱	Sealed weapon case	Weapon (sealed)	5	2	noFlea
6489cb4fa74e43447b64d5ea	已密封的武器箱	武器箱	Sealed weapon case	Weapon (sealed)	5	2	noFlea
6489cc4379295b4f753d486e	已密封的武器箱	武器箱	Sealed weapon case	Weapon (sealed)	5	2	noFlea
6489cca131a2135f0d7d0fdd	已密封的武器箱	武器箱	Sealed weapon case	Weapon (sealed)	5	2	noFlea
6489d812cf0cd80b7e749071	已密封的武器箱	武器箱	Sealed weapon case	Weapon (sealed)	5	2	noFlea
6489d89debac5a4a1b73caf7	已密封的武器箱	武器箱	Sealed weapon case	Weapon (sealed)	5	2	noFlea
648ae3e356c6310a830fc291	Custom Guns CG101 AR 规格手枪式握把转接器	CG101	AK Custom Guns CG101 AR-type pistol grip adapter	CG101	1	1	mods;pistolGrip
648afce7ec6bb25b2608defb	FAB Defense PM-G 手枪式握把（橄榄绿）	PM-G OD	PM FAB Defense PM-G pistol grip (Olive Drab)	PM-G OD	1	1	mods;pistolGrip
6491c6f6ef312a876705191b	Zenit B-50 PK 机枪护木	B-50	PK Zenit B-50 handguard	B-50	2	1	mods
6492c6dd60fdb10a020621a2	Zenit B-50 16 毫米 PK 机枪顶轨	B50 16	PK Zenit B-50 16mm top mount	B50 16	1	1	mods
6492c8bba6e68e06fb0bae87	Zenit B-50 66 毫米 PK 机枪顶轨	B50 66	PK Zenit B-50 66mm top mount	B50 66	1	1	mods
6492d7847363b8a52206bc52	Zenit PT-2 "Klassika" PK 机枪枪托	PT-2	PK Zenit PT-2 "Klassika" stock	PT-2	2	1	mods
6492e3a97df7d749100e29ee	PKP聚合物枪托	PKP	PKP polymer stock	PKP	2	1	mods
6492ef63cfcf7c89e701abf1	Zenit DTK-1P 7.62x54R PK 膛口制退器	DTK-1P	PK Zenit DTK-1P 7.62x54R muzzle brake	DTK-1P	1	1	mods
6492efb8cfcf7c89e701abf3	PKM 7.62x54R消焰器	PKM	PKM 7.62x54R slotted flash hider	PKM	1	1	mods
6492efe46cc7e29a6f03b2a0	PKM 7.62x54R枪口制退器	PKM	PKM 7.62x54R muzzle brake	PKM	1	1	mods
6492fb8253acae0af00a29b6	PK照门	PK照门	PK rear sight	PK RS	1	1	mods
6494094948796d891603e59f	Custom Arms ST-EF 74 AK 金属框架枪托抵肩垫	ST-EF	AK Custom Arms ST-EF 74 skeleton stock extension	ST-EF	1	1	mods
64942bfc6ee699f6890dff95	Vector VR-05T 7.62x39 AK 膛口制退器	VR05T	AK Vector VR-05T 7.62x39 muzzle brake	VR05T	1	1	mods
64943b74e9998d641b0412ed	WDR NERO 556 5.56x45 AR-15 膛口制退器	NERO 556	AR-15 WDR NERO 556 5.56x45 muzzle brake	NERO 556	1	1	mods
6499849fc93611967b034949	AK-12 5.45x39 突击步枪	AK-12	Kalashnikov AK-12 5.45x39 assault rifle	AK-12	4	1	gun	Caliber545x39
649ec107961514b22506b10c	AK-12导气管	AK-12导气	AK-12 gas tube	AK-12 gas	1	1	mods
649ec127c93611967b034957	AK-12护木	AK-12	AK-12 handguard	AK-12 HG	1	1	mods
649ec2af961514b22506b10f	AK-12 5.45x39 膛口制退器	AK-12制退	AK-12 5.45x39 muzzle brake	AK-12 MB	1	1	mods
649ec2cec93611967b03495e	AK-12照门	AK-12照门	AK-12 rear sight	AK-12 RS	1	1	mods
649ec2da59cbb3c813042dca	AK-12照门基座	AK-12基座	AK-12 rear sight base	AK-12 RSB	1	1	mods
649ec2f3961514b22506b111	AK-12 导轨防尘盖	AK-12	AK-12 railed dust cover	AK-12 DC	2	1	mods
649ec30cb013f04a700e60fb	AK-12 早期版 5.45x39 30发弹匣	AK-12早期	AK-12 5.45x39 early model 30-round magazine	AK-12 old	1	2	mods
649ec87d8007560a9001ab36	AK-12缓冲管	AK-12	AK-12 buffer tube	AK-12 BT	2	1	mods
64a536392d2c4e6e970f4121	WARTECH TV-115 插板胸挂（橄榄绿）	TV-115	WARTECH TV-115 plate carrier (Olive Drab)	TV-115	3	3	armor;rig;wearable
64a5366719bab53bd203bf33	Eagle Allied Industries MBSS 插板胸挂（狼棕色）	MBSS	Eagle Allied Industries MBSS plate carrier (Coyote Brown)	MBSS	3	3	armor;rig;wearable
64abd93857958b4249003418	Interceptor OTV防弹衣（通用迷彩）	OTV	Interceptor OTV body armor (UCP)	OTV	3	3	armor;wearable
64ace9d9b5bf5e95f50a4c1d	7.62x39mm FMJ弹药包（20发装）	FMJ	7.62x39mm FMJ ammo pack (20 pcs)	FMJ	1	1	ammoBox
64ace9f9c4eda9354b0226aa	7.62x39mm PP 弹药包（20发装）	PP	7.62x39mm PP gzh ammo pack (20 pcs)	PP	1	1	ammoBox
64ace9ff03378853630da538	7.62x39mm SP弹药包（20发装）	SP	7.62x39mm SP ammo pack (20 pcs)	SP	1	1	ammoBox
64acea09c4eda9354b0226ad	7.62x39mm T-45M1 弹药包（20发装）	T-45M1	7.62x39mm T-45M1 gzh ammo pack (20 pcs)	T-45M1	1	1	ammoBox
64acea0d03378853630da53b	7.62x39mm US 弹药包（20发装）	US	7.62x39mm US gzh ammo pack (20 pcs)	US	1	1	ammoBox
64acea16c4eda9354b0226b0	7.62x39mm BP 弹药包（20发装）	BP	7.62x39mm BP gzh ammo pack (20 pcs)	BP	1	1	ammoBox;noFlea
64acea2c03378853630da53e	7.62x39mm HP弹药包（20发装）	HP	7.62x39mm HP ammo pack (20 pcs)	HP	1	1	ammoBox
64aceab0426a303417060654	7.62x54mm R SP BT 弹药包（20发装）	SP BT	7.62x54mm R SP BT gzh ammo pack (20 pcs)	SP BT	1	1	ammoBox
64aceac0c4eda9354b0226b3	7.62x54mm R FMJ弹药包（20发装）	FMJ	7.62x54mm R FMJ ammo pack (20 pcs)	FMJ	1	1	ammoBox
64aceaecc4eda9354b0226b6	4.6x30mm JSP SX弹药包（40发装）	JSP SX	4.6x30mm JSP SX ammo pack (40 pcs)	JSP SX	1	1	ammoBox
64aceafcb5bf5e95f50a4c20	9x19mm FMJ M882弹药包（30发装）	M882	9x19mm FMJ M882 ammo pack (30 pcs)	M882	1	1	ammoBox
64acee6903378853630da544	7.62x54mm R HP BT弹药包（20发装）	HP BT	7.62x54mm R HP BT ammo pack (20 pcs)	HP BT	1	1	ammoBox
64afc71497cf3a403c01ff38	Granit Br5防弹插板	Granit Br5	Granit Br5 ballistic plate	Granit Br5	2	2	armorPlate;noFlea;wearable
64afd81707e2cf40e903a316	Granit 防弹插板（侧边）	Granit侧板	Granit ballistic plate (Side)	Granit Side	1	1	armorPlate;wearable
64afdb577bb3bfe8fe03fd1d	ESBI IV 级防弹插板（侧边）	ESBI IV侧板	ESBI level IV ballistic plate (Side)	ESBI IV Side	1	1	armorPlate;wearable
64afdcb83efdfea28601d041	ESAPI IV 级防弹插板	ESAPI IV	ESAPI level IV ballistic plate	ESAPI IV	2	2	armorPlate;noFlea;wearable
64b6979341772715af0f9c39	4.6x30毫米 JSP SX	JSP SX	4.6x30mm JSP SX	JSP SX	1	1	ammo;noFlea	Caliber46x30
64b7af434b75259c590fa893	7.62x39毫米 PP	PP	7.62x39mm PP gzh	PP	1	1	ammo;noFlea	Caliber762x39
64b7af5a8532cf95ee0a0dbd	7.62x39毫米 FMJ	FMJ	7.62x39mm FMJ	FMJ	1	1	ammo;noFlea	Caliber762x39
64b7af734b75259c590fa895	7.62x39毫米 SP	SP	7.62x39mm SP	SP	1	1	ammo;noFlea	Caliber762x39
64b7bbb74b75259c590fa897	9x19毫米 FMJ M882	M882	9x19mm FMJ M882	M882	1	1	ammo;noFlea	Caliber9x19PARA
64b8725c4b75259c590fa899	.300 Blackout CBJ	CBJ	.300 Blackout CBJ	CBJ	1	1	ammo;noFlea	Caliber762x35
64b8ee384b75259c590fa89b	12/70 “食人鱼”	食人鱼	12/70 Piranha	Piranha	1	1	ammo;noFlea	Caliber12g
64b8f7968532cf95ee0a0dbf	7.62x54R FMJ	FMJ	7.62x54mm R FMJ	FMJ	1	1	ammo;noFlea	Caliber762x54R
64b8f7b5389d7ffd620ccba2	7.62x54R SP BT	SP BT	7.62x54mm R SP BT	SP BT	1	1	ammo;noFlea	Caliber762x54R
64b8f7c241772715af0f9c3d	7.62x54R HP BT	HP BT	7.62x54mm R HP BT	HP BT	1	1	ammo;noFlea	Caliber762x54R
64b9cf0ac12b9c38db26923a	Magpul PMAG 20 GEN M3 7.62x39 20发 AK 弹匣	GEN M3	AK 7.62x39 Magpul PMAG 20 GEN M3 20-round magazine	GEN M3	1	2	mods
64b9e2037fdfb81df81e3c25	M1A 7.62x51 10发弹匣	M1A	M1A 7.62x51 10-round magazine	M1A	1	1	mods
64b9e265c94d0d15c5027e35	Delta-Tek Saiga 545 5.45x39 20发弹匣	Saiga 545	AK-74 Delta-Tek Saiga 545 5.45x39 20-round magazine	Saiga 545	1	2	mods
64be7095047e826eae02b0c1	Zulu Nylon Gear M4 低特征胸挂（丛林绿）	M4 RSCR	Zulu Nylon Gear M4 Reduced Signature Chest Rig (Ranger Green)	M4 RSCR	2	3	rig;wearable
64be7110bf597ba84a0a41ea	56式胸挂	56式胸挂	Type 56 Chicom chest harness	Type 56 Chicom	3	3	rig;wearable
64be79c487d1510151095552	NPP KlASS Kora-Kulon防弹衣	Kora-Kulon	NPP KlASS Kora-Kulon body armor (Black)	Kora-Kulon	3	3	armor;wearable
64be79e2bf8412471d0d9bcc	NPP KlASS Kora-Kulon防弹衣（数码迷彩）	Kora-Kulon数字迷彩	NPP KlASS Kora-Kulon body armor (EMR)	Kora-Kulon EMR	3	3	armor;wearable
64c1510bda0f6d156000cc17	AK-12 5.45x39 突击步枪 默认	AK-12 默认	Kalashnikov AK-12 5.45x39 assault rifle Default	AK-12 Default	5	2	preset
64c151f83319a1cf380c4df7	Tokarev SVT-40 7.62x54R步枪 默认	SVT-40 默认	Tokarev SVT-40 7.62x54R rifle Default	SVT-40 Default	6	1	preset
64c1525e3319a1cf380c4e09	Tokarev AVT-40 7.62x54R自动步枪 默认	AVT-40 默认	Tokarev AVT-40 7.62x54R automatic rifle Default	AVT-40 Default	6	2	noFlea;preset
64c152953319a1cf380c4e1b	MP-43 12铅径截短双管霰弹枪 默认	截短霰弹枪 默认	MP-43 12ga sawed-off double-barrel shotgun Default	Sawed-off Default	3	1	preset
64c196ad26a15b84aa07132f	AK-12 5.45x39消音器	AK-12	AK-12 5.45x39 sound suppressor	AK-12	2	1	mods;suppressor
64c390af8427c75665190d1d	Tokarev SVT-40 7.62x54R步枪 Sniper	SVT-40 Sniper	Tokarev SVT-40 7.62x54R rifle Sniper	SVT-40 Sniper	6	1	preset
64ca3d3954fc657e230529cc	PKP 7.62x54R 步兵机枪	PKP	Kalashnikov PKP 7.62x54R infantry machine gun	PKP	3	1	gun;noFlea	Caliber762x54R
64cbad529f7cf7f75c077fd5	PK手枪式握把（黑）	PK	PK pistol grip (Black)	PK	1	1	mods;pistolGrip
64cbdff43ccb85468628d5fc	PKM 7.62x54R 机枪 默认	PKM 默认	Kalashnikov PKM 7.62x54R machine gun Default	PKM Default	6	3	preset
64cbe20d5aa0a53ad12f96c9	PKM 7.62x54R 机枪 Zenit	PKM Zenit	Kalashnikov PKM 7.62x54R machine gun Zenit	PKM Zenit	6	3	preset
64ccaa66ad8a0956023901b6	PKM 7.62x54R 机枪 Zenit	PKM Zenit	Kalashnikov PKM 7.62x54R machine gun Zenit	PKM Zenit	6	3	preset
64ccc1d4a0f13c24561edf27	Concordia34号公寓房间钥匙	Concd 34	Concordia apartment 34 room key	Conc 34	1	1	keys
64ccc1ec1779ad6ba200a137	Concordia 8号公寓家庭影院钥匙	影院	Concordia apartment 8 home cinema key	Cinema	1	1	keys
64ccc1f4ff54fb38131acf27	Concordia 63号公寓钥匙	Conc 63	Concordia apartment 63 room key	Conc 63	1	1	keys
64ccc1fe088064307e14a6f7	“白鲸”餐厅经理办公室钥匙	白鲸	Beluga restaurant director key	Beluga	1	1	keys
64ccc206793ca11c8f450a38	TerraGroup会议室钥匙	TG会议室	TerraGroup meeting room key	TG meeting	1	1	keys
64ccc2111779ad6ba200a139	塔科夫银行现金区钥匙	塔科夫银行	Tarbank cash register department key	Tarbank	1	1	keys
64ccc246ff54fb38131acf29	X光检查室钥匙	X光	X-ray room key	X-ray	1	1	keys
64ccc24de61ea448b507d34d	TerraGroup军械库钥匙	TG军械库	TerraGroup security armory key	TG arm.	1	1	keys
64ccc25f95763a1ae376e447	神秘房间符号钥匙	Chek. 13	Mysterious room marked key	Chek. 13	1	1	keys
64ccc268c41e91416064ebc7	体育教师办公室钥匙	体育	PE teacher's office key	PE	1	1	keys
64ce572331dd890873175115	"Aspect"公司办公区钥匙	Aspect	Aspect company office key	Aspect	1	1	keys
64cf7b2d033b747d625b7666	PKP 7.62x54R 步兵机枪 Pecheneg	PKP Pecheneg	Kalashnikov PKP 7.62x54R infantry machine gun Pecheneg	PKP Pecheneg	6	3	noFlea;preset
64cf7b7d8b48ea38c5030f65	PKP 7.62x54R 步兵机枪 Zenit	PKP Zenit	Kalashnikov PKP 7.62x54R infantry machine gun Zenit	PKP Zenit	6	3	noFlea;preset
64d0b40fbe2eed70e254e2d4	神圣护身符	护身符	Sacred Amulet	Amulet	1	1	noFlea;specialSlot
64d4b23dc1b37504b41ac2b6	生锈的带血钥匙	生锈钥匙	Rusted bloody key	Rusted	1	1	keys;noFlea
651178336cad06c37c049eb4	VSS/VAL 聚合物护木（黑红色）	VSS/VAL	VSS/VAL polymer handguard (Plum)	VSS/VAL	1	1	mods
65118f531b90b4fc77015083	VSS/VAL 9x39 30发弹匣	VSS/VAL	VSS/VAL 9x39 30-round magazine	VSS/VAL	1	2	mods
6513ef33e06849f06c0957ca	RPD 7.62x39 轻机枪	RPD	Degtyarev RPD 7.62x39 machine gun	RPD	3	1	gun	Caliber762x39
6513eff1e06849f06c0957d4	RPD 7.62x39 520毫米枪管	RPD 520mm	RPD 7.62x39 520mm barrel	RPD 520mm	4	1	mods
6513f037e06849f06c0957d7	RPD脚架	RPD	RPD bipod	RPD	2	1	mods
6513f05a94c72326990a3866	RPD木制护木	RPD护木	RPD wooden handguard	RPD wood	1	1	mods
6513f0a194c72326990a3868	RPD 7.62x39“圆木”100 发弹链盒	圆木	RPD 7.62x39 Buben 100-round box	Buben	2	2	mods
6513f0f5e63f29908d0ffab8	RPD 枪管螺纹保护帽	RPD护帽	RPD barrel thread protector	RPD thr.	1	1	mods
6513f13a8cb24472490ee32f	RPD木制手枪式握把	RPD握把	RPD wooden pistol grip	RPD PG	1	1	mods;pistolGrip
6513f153e63f29908d0ffaba	RPD照门	RPD照门	RPD rear sight	RPD RS	1	1	mods
6513f1798cb24472490ee331	RPD木制枪托	RPD枪托	RPD wooden stock	RPD wood	2	1	mods
65144f546ddb773afa0e35e1	SR-3M聚合物护木	SR-3M	SR-3M polymer handguard (Black)	SR-3M	1	1	mods
65144ff50e00edc79406836f	SR-3M 9x39消音器	SR-3M	SR-3M 9x39 sound suppressor	SR-3M	2	1	mods;suppressor
651450ce0e00edc794068371	SR-3M 9x39紧凑型突击步枪	SR-3M	SR-3M 9x39 compact assault rifle	SR-3M	2	1	gun;noFlea	Caliber9x39
651580dc71a4f10aec4b6056	PUFGUN SG-M2 AK 手枪式握把	SG-M2	AK PUFGUN SG-M2 pistol grip	SG-M2	1	1	mods;pistolGrip
65169d5b30425317755f8e25	RTM Pillau P-2战术前握把（红色）	P-2	RTM Pillau P-2 tactical foregrip (Red)	P-2	1	1	mods
6516b129609aaf354b34b3a8	Lynx Arms SVDS AK 手枪式握把转接器	P-SVD-S	SVDS Lynx Arms AK-series pistol grip adapter	P-SVD-S	1	1	mods;pistolGrip
6516e91f609aaf354b34b3e2	Daniel Defense Enhanced AR-15 伸缩式枪托（黑色）	DD ECB	AR-15 Daniel Defense Enhanced Collapsible Buttstock (Black)	DD ECB	2	1	mods
6516e971a3d4c6497930b450	Daniel Defense Enhanced AR-15 伸缩式枪托 (FDE)	DD ECB	AR-15 Daniel Defense Enhanced Collapsible Buttstock (FDE)	DD ECB	2	1	mods
6516e9bc5901745209404287	Daniel Defense TCS 12毫米枪托垫	TCS 12	Daniel Defense TCS 12mm Buttpad	TCS 12	1	1	mods
6516e9d7e239bd0c487e3766	Daniel Defense TCS 20毫米枪托垫	TCS 20	Daniel Defense TCS 20mm Buttpad	TCS 20	1	1	mods
651a8bf3a8520e48047bf708	Daniel Defense Enhanced M-LOK 垂直前握把（黑色）	DD M-LOK	Daniel Defense Enhanced M-LOK Vertical Foregrip (Black)	DD M-LOK	1	1	mods
651a8e529829226ceb67c319	Daniel Defense Enhanced M-LOK 垂直前握把（狼棕色）	DD M-LOK	Daniel Defense Enhanced M-LOK Vertical Foregrip (Coyote Brown)	DD M-LOK	1	1	mods
651bf5617b3b552ef6712cb7	Daniel Defense GRIP-N-RIP AR-15 拉机柄	GNR	AR-15 Daniel Defense GRIP-N-RIP charging handle	GNR	1	1	mods
651bfe4d1065f87f082e7209	Saiga-9 Hartman Gyurza护木	Gyurza-9	Saiga-9 Hartman Gyurza handguard	Gyurza-9	2	1	mods
65266fd43341ed9aa903dd56	RPD 7.62x39 350毫米截短枪管	RPD 350mm	RPD 7.62x39 sawed-off 350mm barrel	RPD 350mm	3	1	mods
65268d8ecb944ff1e90ea385	RPDN 7.62x39 轻机枪	RPDN	Degtyarev RPDN 7.62x39 machine gun	RPDN	3	1	gun;noFlea	Caliber762x39
6526909b539ee574cb624991	录音机	录音机	Audio recorder	Rec.	2	1	noFlea;specialSlot
65290f395ae2ae97b80fdf2d	SIG MCX SPEAR 6.8x51突击步枪	SPEAR 6.8	SIG MCX-SPEAR 6.8x51 assault rifle	SPEAR 6.8	1	1	gun;noFlea	Caliber68x51
652910565ae2ae97b80fdf35	13 英寸 MCX-SPEAR 枪管 6.8x51	SPEAR 13"	MCX-SPEAR 6.8x51 13 inch barrel	SPEAR 13"	2	1	mods
6529109524cbe3c74a05e5b7	MCX SPEAR拉机柄	SPEAR	MCX-SPEAR charging handle	SPEAR	1	1	mods
652910bc24cbe3c74a05e5b9	MCX SPEAR可调节气动活塞	SPEAR活塞	MCX-SPEAR Adjustable Gas Piston	SPEAR gas	1	1	mods
652910ef50dc782999054b97	MCX SPEAR 11英寸 M-LOK护木	SPEAR 11"	MCX-SPEAR 11 inch M-LOK handguard	SPEAR 11"	3	1	mods
6529113b5ae2ae97b80fdf39	MCX SPEAR Clutch-Lok QD 6.8x51消焰器	CLQD	MCX-SPEAR Clutch-Lok QD 6.8x51 Shouldered Flash Hider	CLQD	1	1	mods
652911675ae2ae97b80fdf3c	SIG M400 小倾角 AR-15 手枪式握把（黄褐色）	M400	AR-15 SIG Sauer Reduced Angle Pistol Grip (Coyote Tan)	SIG RAPG	1	1	mods;pistolGrip
6529119424cbe3c74a05e5bb	MCX SPEAR 6.8x51上机匣	SPEAR 6.8	MCX-SPEAR 6.8x51 upper receiver	SPEAR 6.8	2	1	mods
652911e650dc782999054b9d	MCX SPEAR SLX68-MG-QD 6.8x51消音器	SLX68	MCX-SPEAR SLX68-MG-QD 6.8x51 sound suppressor	SLX68	2	1	mods;suppressor
6529243824cbe3c74a05e5c1	6.8x51毫米 SIG Hybrid	Hybrid	6.8x51mm SIG Hybrid	Hybrid	1	1	ammo;noFlea	Caliber68x51
6529302b8c26af6326029fb7	6.8x51毫米 SIG FMJ	FMJ	6.8x51mm SIG FMJ	FMJ	1	1	ammo;noFlea	Caliber68x51
6529348224cbe3c74a05e5c4	SIG Sauer 枪托锁定铰链套件	SIG LSHA	SIG Sauer Locking Stock Hinge Assembly	SIG LSHA	1	1	mods
6529366450dc782999054ba0	SIG Sauer 低轮廓枪托缓冲管转接器（黄褐色）	SIG LPT	SIG Sauer Stock Adapter Low Profile Tube (Coyote Tan)	SIG LPT	2	1	mods
6529370c405a5f51dd023db8	Magpul MOE SL-K AR-15 枪托（黄褐色）	MOE SL-K	AR-15 Magpul MOE SL-K buttstock (Coyote Tan)	MOE SL-K	2	1	mods
65293c38fc460e50a509cb25	Lancer L7AWM 7.62x51 AR-10 20发弹匣	L7AWM	AR-10 7.62x51 Lancer L7AWM 20-round magazine	L7AWM	1	2	mods
65293c7a17e14363030ad308	Lancer L7AWM 7.62x51 AR-10 25发弹匣	L7AWM	AR-10 7.62x51 Lancer L7AWM 25-round magazine	L7AWM	1	2	mods
6530e8587cbfc1e309011e37	复仇Zryachiy巴拉克拉瓦	复仇面罩	Vengeful Zryachiy's balaclava	Vengeful	1	1	wearable
6531119b9afebff7ff0a1769	复仇Zryachiy巴拉克拉瓦（折叠）	复仇帽子	Vengeful Zryachiy's balaclava (folded)	Vengeful	1	1	wearable
65329ebcc0d50d0c9204ace1	SR-3M聚合物前握把	SR-3M	SR-3M polymer foregrip (Black)	SR-3M	1	1	mods
65392f611406374f82152ba5	GBRS Aimpoint Hydra基座套组（黑色）	Hydra	GBRS Aimpoint Hydra Mount Kit (Black)	Hydra	2	1	mods
653931da5db71d30ab1d6296	GBRS Aimpoint Hydra基座套组（FDE）	Hydra	GBRS Aimpoint Hydra Mount Kit (FDE)	Hydra	2	1	mods
653ecc425a1690d9d90491e4	SKS ATI Monte Carlo导气管防尘盖	SKS MC	SKS ATI Monte Carlo gas tube cover	SKS MC	1	1	mods
653ecd065a1690d9d90491e6	TAPCO SKS 导轨导气管防尘盖	SKS TAPCO	SKS TAPCO railed gas tube cover	SKS TAPCO	1	1	mods
653ece125a1690d9d90491e8	FAB Defense UAS SKS 导气管防尘盖	SKS UAS	SKS FAB Defense UAS gas tube cover	SKS UAS	1	1	mods
653ecef836fae5a82f02b869	SKS ATI Monte Carlo枪托	SKS MC	SKS ATI Monte Carlo stock	SKS MC	4	1	mods
653ed132896b99b40a0292e6	Fab Defence UAS SKS枪托	UAS SKS	SKS FAB Defense UAS buttstock	UAS SKS	2	1	mods
653ed19d22e1ef3d9002c328	TAPCO Intrafuse SKS 枪身下导轨	Tapco intrafuse	SKS TAPCO Intrafuse chassis lower rail	TAPCO Intrafuse	1	1	mods
6540d2162ae6d96b540afcaf	PR-Taran警棍	PR-Taran	PR-Taran police baton	PR-Taran	1	2	wearable
65434a4e4e3a01736a6c9706	Hartman Lenok 70毫米导轨	Lenok	Hartman Lenok 70mm rail	Lenok	1	1	mods
6544d4187c5457729210d277	Axion Kobra EKP-1S-03 反射式瞄具（燕尾槽）	EKP-1S-03	Axion Kobra EKP-1S-03 reflex sight (Dovetail)	EKP-1S-03	1	1	mods
654a4a964b446df1ad03f192	Granit 4RS防弹插板（背部）	Granit 4RS 背板	Granit 4RS ballistic plates (Back)	Granit 4RS Back	2	2	armorPlate;noFlea;wearable
654a4dea7c17dec2f50cc86a	6B12防弹插板（前部）	6B12 前板	6B12 ballistic plates (Front)	6B12 Front	2	3	armorPlate;wearable
654a4f8bc721968a4404ef18	刚玉-VM 防弹插板（侧边）	Korund-VM 侧板	Korund-VM ballistic plate (Side)	Korund-VM Side	1	1	armorPlate;wearable
65573fa5655447403702a816	Granit Br4防弹插板	Granit Br4	Granit Br4 ballistic plate	Granit Br4	2	2	armorPlate;noFlea;wearable
6557458f83942d705f0c4962	SSAPI III+ 级防弹插板（侧边）	SSAPI III+侧	SSAPI level III+ ballistic plate (Side)	SSAPI III+ Side	1	1	armorPlate;wearable
655746010177119f4a097ff7	SAPI III+ 级防弹插板	SAPI III+	SAPI level III+ ballistic plate	SAPI III+	2	2	armorPlate;noFlea;wearable
655c652d60d0ac437100fed7	BEAR 干员玩偶	BEAR	BEAR operative figurine	BEAR	1	2	barter
655c663a6689c676ce57af85	USEC 干员玩偶	USEC	USEC operative figurine	USEC	1	2	barter
655c669103999d3c810c025b	邪教徒玩偶	邪教徒	Cultist figurine	Cultist	1	2	barter
655c66e40b2de553b618d4b8	Mutkevich 政客玩偶	Mutkevich	Politician Mutkevich figurine	Mutkevich	1	2	barter
655c673673a43e23e857aebd	Scav 玩偶	Scav	Scav figurine	Scav	1	2	barter
655c67782a1356436041c9c5	Ryzhy 玩偶	Ryzhy	Ryzhy figurine	Ryzhy	1	2	barter
655c67ab0d37ca5135388f4b	圣诞老人玩偶	圣诞老人	Ded Moroz figurine	Ded Moroz	1	2	barter
655cb6b5d680a544f30607fa	Legal Arsenal Piligrim AKS-74U 导轨防尘盖	Piligrim	AKS-74U Legal Arsenal Pilgrim railed dust cover	Pilgrim	2	1	mods
655dccfdbdcc6b5df71382b6	Strike Industries Cobra 战术前握把 (FDE)	Cobra	Strike Industries Cobra Tactical foregrip (FDE)	SI Cobra	1	1	mods
655df24fdf80b12750626d0a	Stark SE-5 Express Forward握把（FDE）	SE-5	Stark SE-5 Express Forward foregrip (FDE)	SE-5	1	1	mods
655f13e0a246670fb0373245	Wilcox BOSS Xe反射式瞄具	BOSS Xe	Wilcox BOSS Xe reflex sight	BOSS Xe	1	1	mods
6565b91666492762f5029c0b	AS VAL手枪式握把（黑色）	VAL	AS VAL pistol grip (Black)	VAL	1	1	mods;pistolGrip
6565bb7eb4b12a56eb04b084	VSS/VAL聚合物护木（黑色）	VSS/VAL	VSS/VAL polymer handguard (Black)	VSS/VAL	1	1	mods
6565c0c2ff7eb7070409084c	SR-3M 聚合物前握把（黑红色）	SR-3M	SR-3M polymer foregrip (Plum)	SR-3M	1	1	mods
6565c3ab977bcc2dbb01c2e7	SR-3M 聚合物护木（黑红色）	SR-3M	SR-3M polymer handguard (Plum)	SR-3M	1	1	mods
6567e751a715f85433025998	SIG ALPHA4 30环形瞄具基座	ALPHA4	SIG Sauer ALPHA4 30mm ring scope mount	ALPHA4	2	1	mods
6567e7681265c8a131069b0f	SIG Sauer TANGO6T 1-6x24 30 毫米步枪瞄准镜	TANGO6T	SIG Sauer TANGO6T 1-6x24 30mm riflescope	TANGO6T	2	1	mods
6568a6bf2c5fb7afc70bc424	SR-3M 聚合物导轨护木（黑色）	SR-3M导轨	SR-3M railed polymer handguard (Black)	SR-3M R	1	1	mods
656ddcf0f02d7bcea90bf395	Tehinkom RK-PT-25巡逻背包（数码丛林迷彩）	RK-PT-25	Tehinkom RK-PT-25 patrol backpack (EMR)	RK-PT-25	5	5	backpack;wearable
656df4fec921ad01000481a2	方便面	方便面	Pack of instant noodles	Noodles	1	1	provisions
656e0436d44a1bb4220303a0	Mystery Ranch SATL Bridger突击背包（叶绿色）	SATL	Mystery Ranch SATL Bridger Assault Pack (Foliage)	SATL	5	7	backpack;wearable
656efaf54772930db4031ff5	Granit 4防弹插板（背部）	Granit 4背部	Granit 4 ballistic plates (Back)	Granit 4 Back	2	2	armorPlate;noFlea;wearable
656efd66034e8e01c407f35c	6B13定制防弹插板（黑色）	6B13背部	6B13 custom ballistic plates (Back)	6B13 Back	2	2	armorPlate;wearable
656f198fb27298d6fd005466	Direct Action 龙蛋 Mark II 背包（黑色）	Dragon Egg MKII	Direct Action Dragon Egg Mark II backpack (Black)	Dragon Egg MKII	5	5	backpack;wearable
656f57dc27aed95beb08f628	Zhuk-3防弹插板（前部）	Zhuk-3前部	Zhuk-3 ballistic plate (Front)	Zhuk-3 Front	2	3	armorPlate;wearable
656f603f94b480b8a500c0d6	6B33防弹插板（前部）	6B33前部	6B33 ballistic plate (Front)	6B33 Front	2	3	armorPlate;wearable
656f611f94b480b8a500c0db	Granit 4防弹插板（前部）	Granit 4前部	Granit 4 ballistic plate (Front)	Granit 4 Front	2	3	armorPlate;wearable
656f63c027aed95beb08f62c	Granit 4RS防弹插板（前部）	Granit 4RS前部	Granit 4RS ballistic plate (Front)	Granit 4RS Front	2	3	armorPlate;noFlea;wearable
656f664200d62bcd2e024077	刚玉-VM 防弹插板（前部）	Korund-VM 前板	Korund-VM ballistic plates (Front)	Korund-VM Front	2	3	armorPlate;wearable
656f66b5c6baea13cd07e108	刚玉-VM-K 防弹插板（前部）	Korund-VM-K 前板	Korund-VM-K ballistic plates (Front)	Korund-VM-K Front	2	3	armorPlate;noFlea;wearable
656f9d5900d62bcd2e02407c	AR500 Legacy Plate防弹插板	AR500 LP	AR500 Legacy Plate ballistic plate	AR500 LP	2	2	armorPlate;wearable
656f9fa0498d1b7e3e071d98	SPRTN Omega防弹插板	SPRTN Omega	SPRTN Omega ballistic plate	SPRTN Omega	2	2	armorPlate;wearable
656fa0fb498d1b7e3e071d9c	Global Armor’s Steel防弹插板	GA Steel	Global Armor’s Steel ballistic plate	GA Steel	2	2	armorPlate;wearable
656fa25e94b480b8a500c0e0	Kiba Arms Titan防弹插板	KA Titan	Kiba Arms Titan ballistic plate	KA Titan	2	2	armorPlate;wearable
656fa53d94b480b8a500c0e4	TallCom Guardian防弹插板	TC Guardian	TallCom Guardian ballistic plate	TC Guardian	2	2	armorPlate;noFlea;wearable
656fa61e94b480b8a500c0e8	NESCO 4400-SA-MC防弹插板	NESCO 4400	NESCO 4400-SA-MC ballistic plate	NESCO 4400	2	2	armorPlate;noFlea;wearable
656fa76500d62bcd2e024080	Kiba Arms Steel防弹插板	KA Steel	Kiba Arms Steel ballistic plate	KA Steel	2	2	armorPlate;noFlea;wearable
656fa8d700d62bcd2e024084	Cult Locust防弹插板	Cult Locust	Cult Locust ballistic plate	Cult Locust	2	2	armorPlate;noFlea;wearable
656fa99800d62bcd2e024088	Cult Termite防弹插板	Cult Termite	Cult Termite ballistic plate	Cult Termite	2	2	armorPlate;noFlea;wearable
656fac30c6baea13cd07e10c	PRTCTR轻量化防弹插板	PRTCTR轻量化	PRTCTR Lightweight ballistic plate	PRTCTR Light	2	2	armorPlate;wearable
656fad8c498d1b7e3e071da0	Monoclete三级PE防弹插板	Monoclete PE	Monoclete level III PE ballistic plate	Monoclete PE	2	2	armorPlate;wearable
656fae5f7c2d57afe200c0d7	GAC 3s15m防弹插板	GAC 3s15m	GAC 3s15m ballistic plate	GAC 3s15m	2	2	armorPlate;noFlea;wearable
656faf0ca0dce000a2020f77	GAC 4sss2防弹插板	GAC 4sss2	GAC 4sss2 ballistic plate	GAC 4sss2	2	2	armorPlate;noFlea;wearable
656fafe3498d1b7e3e071da4	KITECO SC-IV SA防弹插板	KITECO SC	KITECO SC-IV SA ballistic plate	KITECO SC	2	2	armorPlate;noFlea;wearable
656fb0bd7c2d57afe200c0dc	SPRTN Elaphros防弹插板	SPRTN Elaphros	SPRTN Elaphros ballistic plate	SPRTN Elaphros	2	2	armorPlate;wearable
656fb21fa0dce000a2020f7c	NewSphereTech三级防弹插板	NST三级	NewSphereTech level III ballistic plate	NST level III	2	2	armorPlate;wearable
657023a9126cc4a57d0e17a6	.300 Blackout CBJ弹药包（50发装）	CBJ	.300 Blackout CBJ ammo pack (50 pcs)	CBJ	1	1	ammoBox
657023b1cfc010a0f50069e5	.300 Blackout M62 曳光弹弹药包（50发装）	M62	.300 Blackout M62 Tracer ammo pack (50 pcs)	M62	1	1	ammoBox
657023b71419851aef03e6e8	.300 Blackout V-Max弹药包（50发装）	V-Max	.300 Blackout V-Max ammo pack (50 pcs)	V-Max	1	1	ammoBox
657023bebfc87b3a34093207	.300 Blackout FMJ 弹药包（50发装）	FMJ	.300 Blackout BCP FMJ ammo pack (50 pcs)	FMJ	1	1	ammoBox
657023c61419851aef03e6eb	.300 Blackout Whisper 弹药包（50发装）	Whisper	.300 Whisper ammo pack (50 pcs)	Whisper	1	1	ammoBox;noFlea
657023ccbfc87b3a3409320a	.338 Lapua Magnum FMJ弹药包（20发装）	FMJ	.338 Lapua Magnum FMJ ammo pack (20 pcs)	FMJ	2	1	ammoBox;noFlea
657023d6cfc010a0f50069e9	.338 Lapua Magnum TAC-X 弹药包（20发装）	TAC-X	.338 Lapua Magnum TAC-X ammo pack (20 pcs)	TAC-X	2	1	ammoBox
657023dabfc87b3a3409320d	.338 Lapua Magnum UCW 弹药包（20发装）	UCW	.338 Lapua Magnum UCW ammo pack (20 pcs)	UCW	2	1	ammoBox
657023decfc010a0f50069ec	.357 Magnum FMJ弹药包（25发装）	FMJ	.357 Magnum FMJ ammo pack (25 pcs)	FMJ	1	1	ammoBox
657023e31419851aef03e6ee	.357 Magnum HP 弹药包（25发装）	HP	.357 Magnum HP ammo pack (25 pcs)	HP	1	1	ammoBox
657023e7c5d7d4cb4d078552	.357 Magnum JHP 弹药包（25发装）	JHP	.357 Magnum JHP ammo pack (25 pcs)	JHP	1	1	ammoBox
657023eccfc010a0f50069ef	.357 Magnum SP 弹药包（25发装）	SP	.357 Magnum SP ammo pack (25 pcs)	SP	1	1	ammoBox
657023f1bfc87b3a34093210	.366 TKM FMJ弹药包（20发装）	FMJ	.366 TKM FMJ ammo pack (20 pcs)	FMJ	1	1	ammoBox
657023f81419851aef03e6f1	.366 TKM AP-M弹药包（20发装）	AP-M	.366 TKM AP-M ammo pack (20 pcs)	AP-M	1	1	ammoBox
657023fcbfc87b3a34093213	.366 TKM Geksa 弹药包（20发装）	Geksa	.366 TKM Geksa ammo pack (20 pcs)	Geksa	1	1	ammoBox
657024011419851aef03e6f4	.366 TKM EKO弹药包（20发装）	EKO	.366 TKM EKO ammo pack (20 pcs)	EKO	1	1	ammoBox
65702406bfc87b3a34093216	.45 ACP Hydra-Shok弹药包（50发装）	.45 HS	.45 ACP Hydra-Shok ammo pack (50 pcs)	HydraShok	1	1	ammoBox
6570240a1419851aef03e6f7	.45 ACP Lasermatch FMJ弹药包（50发装）	.45LM	.45 ACP Lasermatch FMJ ammo pack (50 pcs)	Lasermatch	1	1	ammoBox
6570240ecfc010a0f50069f2	.45 ACP Match FMJ弹药包（50发装）	FMJ	.45 ACP Match FMJ ammo pack (50 pcs)	FMJ	1	1	ammoBox
65702414c5d7d4cb4d078555	.45 ACP RIP弹药包（50发装）	RIP	.45 ACP RIP ammo pack (50 pcs)	RIP	1	1	ammoBox
6570241bcfc010a0f50069f5	12.7x55mm PS12 弹药包（10发装）	PS12	12.7x55mm PS12 ammo pack (10 pcs)	PS12	1	1	ammoBox
65702420bfc87b3a34093219	12.7x55mm PS12A 弹药包（10发装）	PS12A	12.7x55mm PS12A ammo pack (10 pcs)	PS12A	1	1	ammoBox
65702426cfc010a0f50069f8	12/70 5.25 毫米鹿弹 弹药包（25发装）	5.25	12/70 5.25mm buckshot ammo pack (25 pcs)	5.25mm	1	1	ammoBox
65702432bfc87b3a3409321c	12/70 6.5 毫米 Express 鹿弹 弹药包（25发装）	Express	12/70 6.5mm Express buckshot ammo pack (25 pcs)	Express	1	1	ammoBox
657024361419851aef03e6fa	12/70 7 毫米鹿弹 弹药包（25发装）	7毫米	12/70 7mm buckshot ammo pack (25 pcs)	7mm	1	1	ammoBox
6570243bbfc87b3a3409321f	12/70 8.5 毫米 Magnum 鹿弹 弹药包（25发装）	Magnum	12/70 8.5mm Magnum buckshot ammo pack (25 pcs)	Magnum	1	1	ammoBox
6570243fcfc010a0f50069fb	12/70 Dual Sabot 独头弹 弹药包（25发装）	DualSabot	12/70 Dual Sabot slug ammo pack (25 pcs)	DualSabot	1	1	ammoBox
657024431419851aef03e6fd	12/70 食人鱼 弹药包（25发装）	食人鱼	12/70 Piranha ammo pack (25 pcs)	Piranha	1	1	ammoBox
65702449bfc87b3a34093223	12/70 FTX Custom Lite 独头弹 弹药包（25发装）	FTX	12/70 FTX Custom Lite slug ammo pack (25 pcs)	FTX	1	1	ammoBox
6570244ec5d7d4cb4d078558	12/70 Grizzly 40 独头弹 弹药包（25发装）	Grizzly 40	12/70 Grizzly 40 slug ammo pack (25 pcs)	Grizzly 40	1	1	ammoBox
65702452cfc010a0f50069fe	12/70 Poleva-3 独头弹 弹药包（25发装）	Poleva-3	12/70 Poleva-3 slug ammo pack (25 pcs)	Poleva-3	1	1	ammoBox
657024581419851aef03e700	12/70 Poleva-6u 独头弹 弹药包（25发装）	Poleva-6u	12/70 Poleva-6u slug ammo pack (25 pcs)	Poleva-6u	1	1	ammoBox
65702469c5d7d4cb4d07855b	12/70 .50 BMG 独头弹 弹药包（25发装）	.50 BMG	12/70 makeshift .50 BMG slug ammo pack (25 pcs)	.50 BMG	1	1	ammoBox
6570246fcfc010a0f5006a01	12/70 铅头独头弹 弹药包（25发装）	铅弹	12/70 lead slug ammo pack (25 pcs)	Slug	1	1	ammoBox
65702474bfc87b3a34093226	12/70 箭形弹 弹药包（25发装）	箭形弹	12/70 flechette ammo pack (25 pcs)	Flechette	1	1	ammoBox
65702479c5d7d4cb4d07855e	12/70 CSP HP 独头弹 弹药包（25发装）	CSP	12/70 Copper Sabot Premier HP slug ammo pack (25 pcs)	CSP	1	1	ammoBox
6570247ebfc87b3a34093229	12/70 SuperFormance HP 独头弹 弹药包（25发装）	SFormance	12/70 SuperFormance HP slug ammo pack (25 pcs)	SFormance	1	1	ammoBox
657024831419851aef03e703	20/70 5.6 毫米鹿弹 弹药包（25发装）	5.6	20/70 5.6mm buckshot ammo pack (25 pcs)	5.6mm	1	1	ammoBox
6570248dcfc010a0f5006a04	20/70 6.2 毫米鹿弹 弹药包（25发装）	6.2	20/70 6.2mm buckshot ammo pack (25 pcs)	6.2mm	1	1	ammoBox
657024921419851aef03e706	20/70 7.3 毫米鹿弹 弹药包（25发装）	7.3	20/70 7.3mm buckshot ammo pack (25 pcs)	7.3mm	1	1	ammoBox
65702495c5d7d4cb4d078561	20/70 7.5 毫米鹿弹 弹药包（25发装）	7.5	20/70 7.5mm buckshot ammo pack (25 pcs)	7.5mm	1	1	ammoBox
6570249bcfc010a0f5006a07	20/70 Devastator 独头弹 弹药包（25发装）	Devastator	20/70 Devastator slug ammo pack (25 pcs)	Devastator	1	1	ammoBox
6570249f1419851aef03e709	20/70 Star 独头弹 弹药包（25发装）	Star	20/70 Star slug ammo pack (25 pcs)	Star	1	1	ammoBox
657024a4bfc87b3a3409322c	20/70 Poleva-3 独头弹 弹药包（25发装）	Poleva-3	20/70 Poleva-3 slug ammo pack (25 pcs)	Poleva-3	1	1	ammoBox
657024a91419851aef03e70c	20/70 Poleva-6u 独头弹 弹药包（25发装）	Poleva-6u	20/70 Poleva-6u slug ammo pack (25 pcs)	Poleva-6u	1	1	ammoBox
657024aebfc87b3a3409322f	23x75mm 破片-10 霰弹 弹药包（5发装）	破片-10	23x75mm Shrapnel-10 buckshot ammo pack (5 pcs)	Shrap-10	2	1	ammoBox;noFlea
657024b31419851aef03e70f	23x75mm 破片-25 霰弹 弹药包（5发装）	破片-25	23x75mm Shrapnel-25 buckshot ammo pack (5 pcs)	Shrap-25	2	1	ammoBox;noFlea
657024b8bfc87b3a34093232	23x75mm 破障独头弹 弹药包（5发装）	破障	23x75mm Barrikada slug ammo pack (5 pcs)	Barrikada	2	1	ammoBox
657024bdc5d7d4cb4d078564	23x75mm “红星”闪光弹 弹药包（5发装）	红星	23x75mm Zvezda flashbang round ammo pack (5 pcs)	Zvezda	2	1	ammoBox
657024c81419851aef03e712	4.6x30mm Action SX 弹药包（40发装）	Action SX	4.6x30mm Action SX ammo pack (40 pcs)	Action SX	1	1	ammoBox
657024cecfc010a0f5006a0a	4.6x30mm FMJ SX 弹药包（40发装）	FMJ SX	4.6x30mm FMJ SX ammo pack (40 pcs)	FMJ SX	1	1	ammoBox
657024d2bfc87b3a34093235	4.6x30mm Subsonic SX 弹药包（40发装）	Subsonic SX	4.6x30mm Subsonic SX ammo pack (40 pcs)	Subsonic SX	1	1	ammoBox
657024d8c5d7d4cb4d078567	5.56x45mm FMJ 弹药包（50发装）	FMJ	5.56x45mm FMJ ammo pack (50 pcs)	FMJ	1	1	ammoBox
657024debfc87b3a34093238	5.56x45mm HP 弹药包（50发装）	HP	5.56x45mm HP ammo pack (50 pcs)	HP	1	1	ammoBox
657024e3c5d7d4cb4d07856a	5.56x45mm M855A1 弹药包（50发装）	M855A1	5.56x45mm M855A1 ammo pack (50 pcs)	M855A1	1	1	ammoBox
657024e8cfc010a0f5006a0d	5.56x45mm M856 弹药包（50发装）	M856	5.56x45mm M856 ammo pack (50 pcs)	M856	1	1	ammoBox
657024ecc5d7d4cb4d07856d	5.56x45mm M856A1 弹药包（50发装）	M856A1	5.56x45mm M856A1 ammo pack (50 pcs)	M856A1	1	1	ammoBox
657024f01419851aef03e715	5.56x45mm M995 弹药包（50发装）	M995	5.56x45mm M995 ammo pack (50 pcs)	M995	1	1	ammoBox;noFlea
657024f5cfc010a0f5006a10	5.56x45mm MK 255 Mod 0 (RRLP) 弹药包（50发装）	RRLP	5.56x45mm MK 255 Mod 0 (RRLP) ammo pack (50 pcs)	RRLP	1	1	ammoBox
657024f9bfc87b3a3409323b	5.56x45mm MK 318 Mod 0 (SOST) 弹药包（50发装）	SOST	5.56x45mm MK 318 Mod 0 (SOST) ammo pack (50 pcs)	SOST	1	1	ammoBox
657025161419851aef03e718	5.7x28mm L191 弹药包（50发装）	L191	5.7x28mm L191 ammo pack (50 pcs)	L191	1	1	ammoBox
6570251ccfc010a0f5006a13	5.7x28mm R37.F 弹药包（50发装）	R37.F	5.7x28mm R37.F ammo pack (50 pcs)	R37.F	1	1	ammoBox
65702520bfc87b3a3409323e	5.7x28mm R37.X 弹药包（50发装）	R37.X	5.7x28mm R37.X ammo pack (50 pcs)	R37.X	1	1	ammoBox
65702524cfc010a0f5006a16	5.7x28mm SB193 弹药包（50发装）	SB193	5.7x28mm SB193 ammo pack (50 pcs)	SB193	1	1	ammoBox
657025281419851aef03e71b	5.7x28mm SS197SR 弹药包（50发装）	SS197SR	5.7x28mm SS197SR ammo pack (50 pcs)	SS197SR	1	1	ammoBox
6570252dbfc87b3a34093241	5.7x28mm SS198LF弹药包（50发装）	SS198LF	5.7x28mm SS198LF ammo pack (50 pcs)	SS198LF	1	1	ammoBox
65702532cfc010a0f5006a19	7.62x25mm ТТ FMJ43 弹药包（25发装）	FMJ43	7.62x25mm ТТ FMJ43 ammo pack (25 pcs)	FMJ43	1	1	ammoBox
65702536c5d7d4cb4d078570	7.62x25mm ТТ LRN 弹药包（25发装）	LRN	7.62x25mm ТТ LRN ammo pack (25 pcs)	LRN	1	1	ammoBox
6570253acfc010a0f5006a1c	7.62x25mm ТТ LRNPC 弹药包（25发装）	LRNPC	7.62x25mm ТТ LRNPC ammo pack (25 pcs)	LRNPC	1	1	ammoBox
6570253ec5d7d4cb4d078573	7.62x25mm ТТ AKBS 弹药包（25发装）	AKBS	7.62x25mm TT AKBS ammo pack (25 pcs)	AKBS	1	1	ammoBox
657025421419851aef03e71e	7.62x25mm ТТ P 弹药包（25发装）	P	7.62x25mm TT P gl ammo pack (25 pcs)	P	1	1	ammoBox
65702546cfc010a0f5006a1f	7.62x25mm ТТ Pst 弹药包（25发装）	Pst	7.62x25mm TT Pst gzh ammo pack (25 pcs)	Pst	1	1	ammoBox
6570254abfc87b3a34093244	7.62x25mm ТТ PT 弹药包（25发装）	PT	7.62x25mm TT PT gzh ammo pack (25 pcs)	PT	1	1	ammoBox
6570254fcfc010a0f5006a22	7.62x51mm M61 弹药包（20发装）	M61	7.62x51mm M61 ammo pack (20 pcs)	M61	1	1	ammoBox;noFlea
65702554bfc87b3a34093247	7.62x51mm M62 曳光弹 弹药包（20发装）	M62	7.62x51mm M62 Tracer ammo pack (20 pcs)	M62	1	1	ammoBox;noFlea
65702558cfc010a0f5006a25	7.62x51mm M80 弹药包（20发装）	M80	7.62x51mm M80 ammo pack (20 pcs)	M80	1	1	ammoBox
6570255dbfc87b3a3409324a	7.62x51mm Ultra Nosler 弹药包（20发装）	Ultra Nosler	7.62x51mm Ultra Nosler ammo pack (20 pcs)	Ultra Nosler	1	1	ammoBox
65702561cfc010a0f5006a28	7.62x51mm BPZ FMJ 弹药包（20发装）	BCP FMJ	7.62x51mm BCP FMJ ammo pack (20 pcs)	BCP FMJ	1	1	ammoBox
65702566bfc87b3a3409324d	7.62x51mm TCW SP 弹药包（20发装）	TCW SP	7.62x51mm TCW SP ammo pack (20 pcs)	TCW SP	1	1	ammoBox
65702572c5d7d4cb4d078576	7.62x54mm R 7BT1 弹药包（20发装）	7BT1	7.62x54mm R BT gzh ammo pack (20 pcs)	BT	1	1	ammoBox;noFlea
65702577cfc010a0f5006a2c	7.62x54mm R LPS 弹药包（20发装）	LPS	7.62x54mm R LPS gzh ammo pack (20 pcs)	LPS	1	1	ammoBox
6570257cc5d7d4cb4d078579	7.62x54mm R 7N1 弹药包（20发装）	7N1	7.62x54mm R PS gzh ammo pack (20 pcs)	PS	1	1	ammoBox
65702584cfc010a0f5006a2f	7.62x54mm R T-46M 弹药包（20发装）	T-46M	7.62x54mm R T-46M gzh ammo pack (20 pcs)	T-46M	1	1	ammoBox
65702591c5d7d4cb4d07857c	9x19mm AP 6.3 弹药包（50发装）	AP 6.3	9x19mm AP 6.3 ammo pack (50 pcs)	AP 6.3	1	1	ammoBox
657025961419851aef03e721	9x19mm 绿色曳光弹 弹药包（50发装）	GT	9x19mm Green Tracer ammo pack (50 pcs)	GT	1	1	ammoBox
6570259bc5d7d4cb4d07857f	9x19mm Luger CCI 弹药包（50发装）	Luger CCI	9x19mm Luger CCI ammo pack (50 pcs)	Luger CCI	1	1	ammoBox
6570259fcfc010a0f5006a32	9x19mm QuakeMaker 弹药包（50发装）	QuakeMaker	9x19mm QuakeMaker ammo pack (50 pcs)	QuakeMaker	1	1	ammoBox
657025a4bfc87b3a34093250	9x19mm PSO 弹药包（50发装）	PSO	9x19mm PSO gzh ammo pack (50 pcs)	PSO	1	1	ammoBox
657025a81419851aef03e724	9x19mm Pst 弹药包（50发装）	Pst	9x19mm Pst gzh ammo pack (50 pcs)	Pst	1	1	ammoBox
657025bbcfc010a0f5006a35	9x21mm SP11 弹药包（30发装）	SP11	9x21mm P gzh ammo pack (30 pcs)	P	1	1	ammoBox
657025c4c5d7d4cb4d078582	9x21mm SP10 弹药包（30发装）	SP10	9x21mm PS gzh ammo pack (30 pcs)	PS	1	1	ammoBox
657025c9cfc010a0f5006a38	9x21mm SP12 弹药包（30发装）	SP12	9x21mm PE gzh ammo pack (30 pcs)	PE	1	1	ammoBox
657025cfbfc87b3a34093253	9x39mm PAB-9 弹药包（20发装）	PAB-9	9x39mm PAB-9 gs ammo pack (20 pcs)	PAB-9	1	1	ammoBox
657025d4c5d7d4cb4d078585	9x39mm SP-5 弹药包（20发装）	SP-5	9x39mm SP-5 gs ammo pack (20 pcs)	SP-5	1	1	ammoBox
657025dabfc87b3a34093256	9x39mm SP-6 弹药包（20发装）	SP-6	9x39mm SP-6 gs ammo pack (20 pcs)	SP-6	1	1	ammoBox;noFlea
657025dfcfc010a0f5006a3b	9x39mm SPP 弹药包（20发装）	SPP	9x39mm SPP gs ammo pack (20 pcs)	SPP	1	1	ammoBox
657025ebc5d7d4cb4d078588	5.45x39mm 7N39“针刺”弹药包（120发装）	7N39	5.45x39mm PPBS gs Igolnik ammo pack (120 pcs)	PPBS	2	1	ammoBox;noFlea
65702606cfc010a0f5006a3e	9x18mm PM BZhT 弹药包（50发装）	BZhT	9x18mm PM BZhT gzh ammo pack (50 pcs)	BZhT	1	1	ammoBox
6570260c1419851aef03e727	9x18mm PM P 弹药包（50发装）	P	9x18mm PM P gzh ammo pack (50 pcs)	P	1	1	ammoBox
65702610cfc010a0f5006a41	9x18mm PM PBM 弹药包（50发装）	PBM	9x18mm PM PBM gzh ammo pack (50 pcs)	PBM	1	1	ammoBox
65702614c5d7d4cb4d07858b	9x18mm PM PPT 弹药包（50发装）	PPT	9x18mm PM PPT gzh ammo pack (50 pcs)	PPT	1	1	ammoBox
65702619bfc87b3a34093259	9x18mm PM PPe 弹药包（50发装）	PPe	9x18mm PM PPe gzh ammo pack (50 pcs)	PPe	1	1	ammoBox
6570261dc5d7d4cb4d07858e	9x18mm PM PRS 弹药包（50发装）	PRS	9x18mm PM PRS gs ammo pack (50 pcs)	PRS	1	1	ammoBox
65702621cfc010a0f5006a44	9x18mm PM PS PPO 弹药包（50发装）	PS PPO	9x18mm PM PS gs PPO ammo pack (50 pcs)	PS PPO	1	1	ammoBox
657026251419851aef03e72a	9x18mm PM PSV 弹药包（50发装）	PSV	9x18mm PM PSV ammo pack (50 pcs)	PSV	1	1	ammoBox
65702629cfc010a0f5006a47	9x18mm PM PSO 弹药包（50发装）	PSO	9x18mm PM PSO gzh ammo pack (50 pcs)	PSO	1	1	ammoBox
6570262d1419851aef03e72d	9x18mm PM Pst 弹药包（50发装）	Pst	9x18mm PM Pst gzh ammo pack (50 pcs)	Pst	1	1	ammoBox
65702630cfc010a0f5006a4a	9x18mm PM RG028 弹药包（50发装）	RG028	9x18mm PM RG028 gzh ammo pack (50 pcs)	RG028	1	1	ammoBox
657026341419851aef03e730	9x18mm PM SP7 弹药包（50发装）	SP7	9x18mm PM SP7 gzh ammo pack (50 pcs)	SP7	1	1	ammoBox
65702639bfc87b3a3409325c	9x18mm PM SP8 弹药包（50发装）	SP8	9x18mm PM SP8 gzh ammo pack (50 pcs)	SP8	1	1	ammoBox
65702640cfc010a0f5006a4d	9x18mm PMM PstM 弹药包（50发装）	PstM	9x18mm PMM PstM gzh ammo pack (50 pcs)	PstM	1	1	ammoBox
657026451419851aef03e733	5.56x45mm FMJ 弹药包（100发装）	FMJ	5.56x45mm FMJ ammo pack (100 pcs)	FMJ	1	1	ammoBox
6570264acfc010a0f5006a50	5.56x45mm HP 弹药包（100发装）	HP	5.56x45mm HP ammo pack (100 pcs)	HP	1	1	ammoBox
6570264d1419851aef03e736	5.56x45mm M855 弹药包（100发装）	M855	5.56x45mm M855 ammo pack (100 pcs)	M855	1	1	ammoBox
65702652cfc010a0f5006a53	5.56x45mm M855A1 弹药包（100发装）	M855A1	5.56x45mm M855A1 ammo pack (100 pcs)	M855A1	1	1	ammoBox
65702656c5d7d4cb4d078591	5.56x45mm M856 弹药包（100发装）	M856	5.56x45mm M856 ammo pack (100 pcs)	M856	1	1	ammoBox
6570265bcfc010a0f5006a56	5.56x45mm M856A1 弹药包（100发装）	M856A1	5.56x45mm M856A1 ammo pack (100 pcs)	M856A1	1	1	ammoBox
6570265f1419851aef03e739	5.56x45mm M995 弹药包（100发装）	M995	5.56x45mm M995 ammo pack (100 pcs)	M995	1	1	ammoBox;noFlea
65702664cfc010a0f5006a59	5.56x45mm MK 255 Mod 0 (RRLP) 弹药包（100发装）	RRLP	5.56x45mm MK 255 Mod 0 (RRLP) ammo pack (100 pcs)	RRLP	1	1	ammoBox
6570266bc5d7d4cb4d078594	5.56x45mm MK 318 Mod 0 (SOST) 弹药包（100发装）	SOST	5.56x45mm MK 318 Mod 0 (SOST) ammo pack (100 pcs)	SOST	1	1	ammoBox
65702681bfc87b3a3409325f	5.56x45mm SSA AP弹药包（100发装）	SSA AP	5.56x45mm SSA AP ammo pack (100 pcs)	SSA AP	1	1	ammoBox;noFlea
657089638db3adca1009f4ca	Atomic Defense CQCM 防弹面具（黑色）	CQCM	Atomic Defense CQCM ballistic mask (Black)	CQCM	2	2	noFlea;wearable
6570900858b315e8b70a8a98	5.45x39mm 7N40 弹药包（120发装）	7N40	5.45x39mm 7N40 ammo pack (120 pcs)	7N40	2	1	ammoBox
65709d2d21b9f815e208ff95	Diamond Age NeoSteel 高切头盔 (黑色)	NeoSteel	Diamond Age NeoSteel High Cut helmet (Black)	NeoSteel	2	2	noFlea;wearable
6570a88c8f221f3b210353b7	Diamond Age NeoSteel 头盔护颚 (鲨鱼嘴)	NeoSteel	Diamond Age NeoSteel helmet ballistic mandible	NeoSteel	2	2	wearable
6570aead4d84f81fd002a033	Death Shadow（死亡阴影）面具	Death Shadow	Death Shadow mask	Death Shadow	2	2	noFlea;wearable
657122506fe59548840cb559	BNTI Kirasa-N（胸甲-N）防弹衣 默认	Kirasa-N 默认	BNTI Kirasa-N body armor Default	Kirasa-N Default	3	3	preset
657123216d197c216005b354	6B13 突击甲（数码丛林迷彩） 默认	6B13 EMR 默认	6B13 assault armor (EMR) Default	6B13 EMR Default	3	4	preset
657127126d197c216005b402	Interceptor OTV防弹衣（通用迷彩） 默认	OTV 默认	Interceptor OTV body armor (UCP) Default	OTV Default	3	3	preset
65712763c50461e8750d1fae	6B23-2 防弹衣（山地丛林迷彩） 默认	6B23-2 山地 默认	6B23-2 body armor (Mountain Flora) Default	6B23-2 MF Default	3	4	preset
657127b7f1074598bf0c02f2	HighCom Trooper TFO 防弹背心（复合迷彩） 默认	Trooper 默认	HighCom Trooper TFO body armor (MultiCam) Default	Trooper Default	3	3	preset
65719339acb85662e7024be2	Eagle Allied Industries MBSS 插板胸挂（狼棕色） 默认	MBSS 默认	Eagle Allied Industries MBSS plate carrier (Coyote Brown) Default	MBSS Default	3	3	preset
65719408289dc422160e08c4	WARTECH TV-115 插板胸挂（橄榄绿） 默认	TV-115 默认	WARTECH TV-115 plate carrier (Olive Drab) Default	TV-115 Default	3	3	preset
657194c0289dc422160e08d1	CQC 鱼鹰 MK4A 防弹胸挂（突击型，多地形迷彩） 默认	MK4A突击型 默认	CQC Osprey MK4A plate carrier (Assault, MTP) Default	Osprey MK4A (A) Default	4	3	preset
6571952aacb85662e7024c01	ANA Tactical M2 插板胸挂（橄榄绿） 默认	ANA M2 默认	ANA Tactical M2 plate carrier (OD Green) Default	ANA M2 Default	4	4	preset
6571960bacb85662e7024c23	Ars Arma A18 Skanda 插板胸挂（复合迷彩） 默认	A18 默认	Ars Arma A18 Skanda plate carrier (MultiCam) Default	A18 Skanda Default	4	3	preset
65719d367a553968340d88b8	Crye Precision AVS 插板胸挂（丛林绿） 默认	AVS 默认	Crye Precision AVS plate carrier (Ranger Green) Default	AVS Default	3	4	preset
65719f0775149d62ce0a670b	NPP KlASS Tor-2 头盔（橄榄绿）	Tor-2	NPP KlASS Tor-2 helmet (Olive Drab)	Tor-2	2	2	noFlea;wearable
65719f9ef392ad76c50a2ec8	NPP KlASS Tor-2头盔面罩	Tor-2面罩	NPP KlASS Tor-2 helmet face shield	Tor-2 FS	2	1	noFlea;wearable
6571bde39837cc51b800c212	幽灵半面巾	幽灵	Ghost half-mask	Ghost	1	1	wearable
65749cb8e0423b9ebe0c79c9	Gus 棒球帽	Gus	Gus baseball cap	Gus	1	1	wearable
65749ccf33fdc9c0cf06d3ca	Basmach皮革帽	Basmach	Basmach leather cap	Basmach	1	1	wearable
65765a38526e320fbe035795	BNTI Zhuk（甲虫）防弹衣（战地记者版） 默认	Zhuk 默认	BNTI Zhuk body armor (Press) Default	Zhuk Default	3	3	preset
65765cb6b7ea14f3b70da689	6B23-1 防弹衣（数码丛林迷彩） 默认	6B23-1 EMR 默认	6B23-1 body armor (EMR) Default	6B23-1 EMR Default	3	4	preset
65765f39526e320fbe0357b1	6B13 突击甲（丛林迷彩） 默认	6B13 丛林 默认	6B13 assault armor (Flora) Default	6B13 FL Default	3	4	preset
65765fbe234b9f6e050a4292	NFM THOR 隐蔽型强化防弹背心 默认	THOR 隐蔽型 默认	NFM THOR Concealable Reinforced Vest body armor Default	THOR CRV Default	3	3	preset
6576604f86f11bca4106d33d	FirstSpear Strandhogg 插板胸挂（丛林绿） 默认	Strandhogg 默认	First Spear Strandhogg plate carrier (Ranger Green) Default	Strandhogg Default	3	4	preset
657660a1526e320fbe0357c1	ECLiPSE RBAV-AF 插板胸挂（丛林绿） 默认	RBAV-AF 默认	ECLiPSE RBAV-AF plate carrier (Ranger Green) Default	RBAV-AF Default	3	4	preset
657660eb86f11bca4106d34f	Eagle Industries MMAC 插板胸挂 （丛林绿） 默认	MMAC 默认	Eagle Industries MMAC plate carrier (Ranger Green) Default	MMAC Default	3	3	preset
6576616086f11bca4106d35f	ANA Tactical M1 插板胸挂（橄榄绿） 默认	ANA M1 默认	ANA Tactical M1 plate carrier (OD Green) Default	ANA M1 Default	4	4	preset
657661ad234b9f6e050a42a2	Shellback Tactical Banshee 插板胸挂（A-TACS AU 迷彩） 默认	Banshee 默认	Shellback Tactical Banshee plate carrier (A-TACS AU) Default	Banshee Default	3	3	preset
65766278526e320fbe0357d4	NPP KlASS Korund-VM（刚玉-VM）防弹衣（黑色） 默认	Korund-VM 默认	NPP KlASS Korund-VM body armor (Black) Default	Korund-VM Default	3	4	noFlea;preset
657662c8234b9f6e050a42b2	NPP KlASS Bagariy 防弹胸挂（数码丛林迷彩） 默认	Bagariy 默认	NPP KlASS Bagariy plate carrier (EMR) Default	Bagariy Default	4	4	noFlea;preset
657663b6526e320fbe0357ec	BNTI Gzhel-K（彩瓷-K）防弹衣 默认	Gzhel-K 默认	BNTI Gzhel-K body armor Default	Gzhel-K Default	3	3	noFlea;preset
657663ff303700411c024278	FORT Defender-2 防弹衣 默认	Defender-2 默认	FORT Defender-2 body armor Default	Defender-2 Default	3	4	noFlea;preset
657664ae303700411c02428c	CQC 鱼鹰 MK4A 防弹胸挂（防护型，多地形迷彩） 默认	MK4A 防护型 默认	CQC Osprey MK4A plate carrier (Protection, MTP) Default	Osprey MK4A (P) Default	4	3	noFlea;preset
657664ec526e320fbe0357fe	Hexatac HPC 插板背心（黑系复合迷彩） 默认	HPC 默认	Hexatac HPC Plate Carrier (MultiCam Black) Default	HPC Default	3	3	noFlea;preset
65766527303700411c0242a6	5.11 Tactical TacTec 插板胸挂（丛林绿） 默认	TacTec 默认	5.11 Tactical TacTec plate carrier (Ranger Green) Default	TacTec Default	4	4	noFlea;preset
65766582234b9f6e050a42c1	IOTV Gen4 防弹衣（高机动型，复合迷彩） 默认	Gen4高机动型 默认	IOTV Gen4 body armor (High Mobility Kit, MultiCam) Default	Gen4 HMK Default	3	4	noFlea;preset
657665e2303700411c0242b2	6B13 M 突击甲（Killa 版） 默认	6B13 Killa 默认	6B13 M assault armor (Killa Edition) Default	6B13 KE Default	3	4	noFlea;preset
657666ca303700411c0242c6	LBT-6094A Slick 插板背心（黑色） 默认	Slick 默认	LBT-6094A Slick Plate Carrier (Black) Default	Slick Default	3	3	noFlea;preset
6576670586f11bca4106d36f	LBT 6094A Slick 插板背心（黄褐色） 默认	Slick 默认	LBT-6094A Slick Plate Carrier (Coyote Tan) Default	Slick Default	3	3	noFlea;preset
65766738234b9f6e050a42d8	LBT 6094A Slick 插板背心（橄榄绿） 默认	Slick 默认	LBT-6094A Slick Plate Carrier (Olive Drab) Default	Slick Default	3	3	noFlea;preset
6576676d86f11bca4106d37b	5.11 Hexgrid 插板背心 默认	Hexgrid 默认	5.11 Tactical Hexgrid plate carrier Default	Hexgrid Default	3	3	noFlea;preset
657667b5234b9f6e050a42e4	Crye Precision AVS 插板胸挂（Tagilla 版） 默认	AVS TE 默认	Crye Precision AVS plate carrier (Tagilla Edition) Default	AVS TE Default	3	3	noFlea;preset
657667f686f11bca4106d383	Tasmanian Tiger SK 插板胸挂（黑系复合迷彩） 默认	TT SK 默认	Tasmanian Tiger SK plate carrier (MultiCam Black) Default	TT SK Default	3	3	noFlea;preset
6576683d303700411c0242d2	S&S Precision PlateFrame 插板胸挂（Goons 特别版） 默认	PlateFrame GE 默认	S&S Precision PlateFrame plate carrier (Goons Edition) Default	PlateFrame GE Default	3	3	noFlea;preset
657668ad86f11bca4106d38b	IOTV Gen4 防弹衣（突击型，复合迷彩） 默认	Gen4突击型 默认	IOTV Gen4 body armor (Assault Kit, MultiCam) Default	Gen4 Assault Default	4	3	noFlea;preset
65766910303700411c0242da	IOTV Gen4 防弹衣（全面防护型，复合迷彩） 默认	Gen4全防护 默认	IOTV Gen4 body armor (Full Protection Kit, MultiCam) Default	Gen4 Full Default	4	4	noFlea;preset
6576695d234b9f6e050a42f0	FORT Redut-M（堡垒-M）防弹衣 默认	Redut-M 默认	FORT Redut-M body armor Default	Redut-M Default	3	4	noFlea;preset
657669c186f11bca4106d3a5	FORT Redut-T5（堡垒-T5）防弹衣（烟雾迷彩） 默认	Redut-T5 默认	FORT Redut-T5 body armor (Smog) Default	Redut-T5 Default	4	4	noFlea;preset
65766a20234b9f6e050a4306	Crye Precision CPC 插板胸挂（Goons 特别版） 默认	CPC GE 默认	Crye Precision CPC plate carrier (Goons Edition) Default	CPC GE Default	4	3	noFlea;preset
65766a7b86f11bca4106d3c3	BNTI Zhuk（甲虫）防弹衣（数码丛林迷彩） 默认	Zhuk-6a 默认	BNTI Zhuk body armor (EMR) Default	Zhuk EMR Default	3	3	noFlea;preset
65766adc234b9f6e050a431a	6B43 屏障-Sh 防弹衣（数码丛林迷彩） 默认	6B43 默认	6B43 Zabralo-Sh body armor (EMR) Default	6B43 Default	4	4	noFlea;preset
65766b46303700411c0242f8	NFM THOR 一体式防弹护甲 默认	THOR IC 默认	NFM THOR Integrated Carrier body armor Default	THOR IC Default	4	4	noFlea;preset
6576f4708ca9c4381d16cd9d	9x21毫米 7N42“凿刀”穿甲手枪弹	7N42	9x21mm 7N42 Zubilo	7N42	1	1	ammo;noFlea	Caliber9x21
6576f93989f0062e741ba952	9x21毫米 7U4	7U4	9x21mm 7U4	7U4	1	1	ammo;noFlea	Caliber9x21
6576f96220d53a5b8f3e395e	9x39毫米 FMJ	FMJ	9x39mm FMJ	FMJ	1	1	ammo;noFlea	Caliber9x39
6579846c1ec1943afb14c15a	9x21mm 7U4 弹药包（30发装）	7U4	9x21mm 7U4 ammo pack (30 pcs)	7U4	1	1	ammoBox
6579847c5a0e5879d12f2873	9x21mm 7N42 弹药包（30发装）	7N42	9x21mm 7N42 ammo pack (30 pcs)	7N42	1	1	ammoBox
657984a50fbff513dd435765	9x39mm FMJ 弹药包（20发装）	FMJ	9x39mm FMJ ammo pack (20 pcs)	FMJ	1	1	ammoBox
657b22485f444d6dff0c6c2f	6B23-2防弹插板（黑色）	6B23-2背部	6B23-2 ballistic plate (Back)	6B23-2 Back	2	2	armorPlate;wearable
657b2797c3dbcb01d60c35ea	刚玉-VM 防弹插板（背部）	Korund-VM 背板	Korund-VM ballistic plate (Back)	Korund-VM Back	2	2	armorPlate;noFlea;wearable
657b28d25f444d6dff0c6c77	刚玉-VM-K 防弹插板（背部）	Korund-VM-K 背板	Korund-VM-K ballistic plate (Back)	Korund-VM-K Back	2	2	armorPlate;noFlea;wearable
657b351d306ad0bf99008208	WARTECH TV-110 插板胸挂（灰褐色） 默认	TV-110 默认	WARTECH TV-110 plate carrier (Coyote) Default	TV-110 Default	4	3	preset
657bc821aab96fccee08becc	Maska-1SCh 防弹头盔（Killa 版） 默认	Maska-1SCh KE 默认	Maska-1SCh bulletproof helmet (Killa Edition) Default	Maska-1SCh KE Default	2	2	preset
657eb19b7ba4217c5e65b689	KBP 9A-91 9x39紧凑型突击步枪 默认	9A-91 默认	KBP 9A-91 9x39 compact assault rifle Default	9A-91 Default	4	2	preset
657eb1c4aebd1b6d254bf6d5	KBP 9A-91 9x39紧凑型突击步枪 Tactical	9A-91 Tactical	KBP 9A-91 9x39 compact assault rifle Tactical	9A-91 Tactical	5	2	preset
657eb1fa2ce80354b8259889	KBP VSK-94 9x39步枪 默认	VSK-94 默认	KBP VSK-94 9x39 rifle Default	VSK-94 Default	5	2	preset
657eb23b7ba4217c5e65b692	KBP VSK-94 9x39步枪 Tactical	VSK-94 Tactical	KBP VSK-94 9x39 rifle Tactical	VSK-94 Tactical	4	2	preset
657eb281b0bc0f28b178311e	RPD 7.62x39 轻机枪 默认	RPD 默认	Degtyarev RPD 7.62x39 machine gun Default	RPD Default	6	3	preset
657eb2b246a703073a5b91e8	RPD 7.62x39 轻机枪 Short	RPD Short	Degtyarev RPD 7.62x39 machine gun Short	RPD Short	5	3	preset
657eb30326f0eb0718056204	RPDN 7.62x39 轻机枪 默认	RPDN 默认	Degtyarev RPDN 7.62x39 machine gun Default	RPDN Default	6	3	noFlea;preset
657eb3773271d8578610fe28	SIG MCX SPEAR 6.8x51突击步枪 默认	SPEAR 6.8 默认	SIG MCX-SPEAR 6.8x51 assault rifle Default	SPEAR 6.8 Default	6	2	noFlea;preset
657eb391aebd1b6d254bf6e2	SIG MCX SPEAR 6.8x51突击步枪 CQB	SPEAR 6.8 CQB	SIG MCX-SPEAR 6.8x51 assault rifle CQB	SPEAR 6.8 CQB	5	2	noFlea;preset
657eb3ef7ba4217c5e65b6a5	西蒙诺夫 SKS 7.62x39 卡宾枪 Tactical	SKS Tactical	TOZ Simonov SKS 7.62x39 carbine Tactical	SKS Tactical	6	2	preset
657eb42546a703073a5b91f1	西蒙诺夫 OP-SKS 7.62x39 卡宾枪 Sniper	OP-SKS Sniper	Molot Arms Simonov OP-SKS 7.62x39 carbine Sniper	OP-SKS Sniper	5	1	preset
657eb44126f0eb0718056218	西蒙诺夫 OP-SKS 7.62x39 卡宾枪 Tactical	OP-SKS Tactical	Molot Arms Simonov OP-SKS 7.62x39 carbine Tactical	OP-SKS Tactical	5	2	preset
65815f0e647e3d7246384e14	塔克肉干	塔克肉干	Pack of Tarker dried meat	Tarker	1	1	provisions
6581998038c79576a2569e11	Unity Credit银行现金收纳机钥匙	UC收纳机	Unity Credit Bank cash register key	UC reg.	1	1	keys
658199972dc4e60f6d556a2f	地下停车场杂物间钥匙	杂物间	Underground parking utility room key	Utility	1	1	keys
658199a0490414548c0fa83b	Horse饭店厕所钥匙	厕所	Horse restaurant toilet key	Toilet	1	1	keys
658199aa38c79576a2569e13	TerraGroup科学家办公室钥匙	科学家	TerraGroup science office key	Science	1	1	keys
6582dbe43a2e5248357dbe9a	"调解室"钥匙	调解室	"Negotiation" room key	Negotiations	1	1	keys
6582dbf0b8d7830efc45016f	休息室钥匙	休息室	Relaxation room key	Relax	1	1	keys
6582dc4b6ba9e979af6b79f4	内务部学院门厅警卫室钥匙	内务部	MVD academy entrance hall guard room key	MVD	1	1	keys
6582dc5740562727a654ebb1	不动产管理处办公室钥匙	不动产	Real estate agency office room key	REA	1	1	keys
6582dc63cafcd9485374dbc5	Unity Credit银行档案室钥匙	UC档案室	Unity Credit Bank archive room key	UC arch.	1	1	keys
65ae4f57e343f0acc00824da	PP-19-01 Vityaz Vector VR-LPS 左侧拉机柄	VR-LPS	PP-19-01 Vityaz Vector VR-LPS left-side charging handle	VR-LPS	1	1	mods
65ca457b4aafb5d7fc0dcb5d	United Cutlery M48战术尼泊尔军刀	M48军刀	United Cutlery M48 Tactical Kukri	M48 Kukri	2	1	noFlea;wearable
65ddcc9cfa85b9f17d0dfb07	无名者之声	无名者之声	Mark of The Unheard	Unheard	1	1	noFlea;specialSlot
65f05b9d39dab9e9ec049cfd	KOMZ Rusak反射式瞄具	Rusak	KOMZ Rusak reflex sight	Rusak	1	1	mods
65f064eec4da400cbb0dc1fe	M700 Badger Ordnance瞄准镜导轨	M700瞄具导轨	M700 Badger Ordnance Scope Rail	M700 SR	2	1	mods
65f1b1176dbd6c5ba2082eed	RS Regulate AK-303M 全尺寸导轨燕尾槽下基座	AK-303M	RS Regulate AK-303M Full Length Lower dovetail mount	AK-303M	1	1	mods
65f1b2a5c14a07890801fc70	RS Regulate AKR 上导轨基座	AKR	RS Regulate AKR top mount	AKR	1	1	mods
65fb023261d5829b2d090755	U.S Ordnance M60E4 7.62x51 轻机枪	Mk 43 Mod 1	U.S. Ordnance M60E4 7.62x51 light machine gun	Mk 43 Mod 1	3	1	gun	Caliber762x51
6601257f1347bc1a5f0f4db6	M60E4扳机机构	E4扳机	M60E4 trigger group	E4 TG	1	1	mods;pistolGrip
660125bf1d087a96c60a54db	M60E4手枪式握把	E4握把	M60E4 pistol grip	E4 PG	1	1	mods;pistolGrip
660126161347bc1a5f0f4dba	M60E4枪托	E4枪托	M60E4 buttstock	E4 BS	1	1	mods
6601265f98a610c1aa0ea637	M60照门	M60照门	M60 rear sight	M60 RS	1	1	mods
6601268bc752a02bbe05e686	M60E4准星	E4准星	M60E4 front sight	E4 FS	1	1	mods
660126a98f2b23af220b27e7	M60E6前瞄具导轨	E6前瞄具	M60E6 front sight rail	E6 FS	1	1	mods
660126f7c752a02bbe05e688	M60E4 7.62x51 458毫米枪管	E4 458mm	M60E4 7.62x51 458mm barrel	E4 458mm	4	1	mods
66012788c752a02bbe05e68e	M60E4 7.62x51 475毫米重型枪管	E4 475mm	M60E4 7.62x51 475mm heavy barrel	E4 475mm	4	1	mods
6601279cc752a02bbe05e692	M60E3 7.62x51 584毫米枪管	E3 584mm	M60E3 7.62x51 584mm barrel	E3 584mm	5	1	mods
6601281fc752a02bbe05e696	M60E3 7.62x51消焰器	M60E3	M60E3 7.62x51 flash hider	M60E3	1	1	mods
66012a1d3dff5074ed002e2a	M60E6 7.62x51消焰器	M60E6	M60E6 7.62x51 flash hider	M60E6	1	1	mods
66012d003dff5074ed002e2c	M60E6护木	M60E6	M60E6 handguard	M60E6	2	1	mods
66012d64c752a02bbe05e69b	M60E4 Mod 1护木	E4 Mod 1	M60E4 Mod 1 handguard	E4 Mod 1	2	1	mods
66012d9a3dff5074ed002e33	M60脚架	M60脚架	M60 bipod	M60	2	1	mods
660137d8481cc6907a0c5cda	20/70 TSS 穿甲独头弹	TSS AP	20/70 TSS Armor Piercing Slug	TSS AP	1	1	ammo;noFlea	Caliber20g
660137ef76c1b56143052be8	20/70“危险猎物”独头弹 (DGS)	DGS	20/70 Dangerous Game Slug	DGS	1	1	ammo;noFlea	Caliber20g
6601380580e77cfd080e3418	20/70 箭形弹	箭形弹 20c	20/70 flechette	Flechette	1	1	ammo;noFlea	Caliber20g
66015072e9f84d5680039678	20x1毫米玩具枪	玩具枪	20x1mm toy gun	Blicky	2	1	gun	Caliber20x1mm
6601546f86889319850bd566	20x1毫米塑料片	塑料片	20x1mm disk	Disk	1	1	ammo;noFlea	Caliber20x1mm
66015dc4aaad2f54cb04c56a	玩具枪 20x1毫米 20发弹匣	玩具枪弹匣	Toy gun 20x1mm 20-round magazine	Drum	1	1	mods
660312cc4d6cdfa6f500c703	无名者臂带	无名者	Armband of The Unheard	Unheard	1	1	noFlea;wearable
6606af2cc690b729e20beb56	20x1毫米玩具枪 默认	玩具枪 默认	20x1mm toy gun Default	Blicky Default	2	1	preset
660bbc47c38b837877075e47	加密U盘	U盘	Encrypted flash drive	Flash drive	1	1
660bc341c38b837877075e4c	解密数据文件	文件	Documents with decrypted data	Documents	1	1	noFlea
660ea4453786cc0af808a1be	M60 7.62x51 Capco 100发突击弹药盒	突击弹药盒	M60 7.62x51 Capco 100-round Assault Box	Assault Box	2	2	mods
660ea4ba5a58d057b009efab	M60 7.62x51 LBT 100发供弹包	供弹包	M60 7.62x51 LBT 100-round Feed Tray Pouch	Feed Tray Pouch	2	2	mods
6615202b96461aa8360271eb	M60E6枪托	E6枪托	M60E6 buttstock	E6 BS	1	1	mods
66152060a031cbb5570e3466	M60E6手枪式握把	E6握把	M60E6 pistol grip	E6 PG	1	1	mods;pistolGrip
6615208aa031cbb5570e346a	M60E6扳机机构	E6扳机	M60E6 trigger group	E6 TG	1	1	mods;pistolGrip
661520fb6f8e1a96340afaa6	M60E6枪托（FDE）	E6枪托	M60E6 buttstock (FDE)	E6 BS	1	1	mods
6615211ca031cbb5570e346d	M60E6手枪式握把（FDE）	E6握把	M60E6 pistol grip (FDE)	E6 PG	1	1	mods;pistolGrip
66152153a031cbb5570e346f	M60E6扳机机构（FDE）	E6扳机	M60E6 trigger group (FDE)	E6 TG	1	1	mods;pistolGrip
661ceb1b9311543c7104149b	U.S Ordnance M60E6 7.62x51 轻机枪	M60E6	U.S. Ordnance M60E6 7.62x51 light machine gun	M60E6	3	1	gun	Caliber762x51
661cec09b2c6356b4d0c7a36	U.S Ordnance M60E6 7.62x51 轻机枪（FDE）	M60E6	U.S. Ordnance M60E6 7.62x51 light machine gun (FDE)	M60E6	3	1	gun	Caliber762x51
661e52415be02310ed07a07a	TangoDown Stubby BGV-QDK前握把（黑色）	BGV-QDK	TangoDown Stubby BGV-QDK foregrip (Black)	BGV-QDK	1	1	mods
661e52b5b099f32c28003586	TangoDown Stubby BGV-QDK前握把（FDE）	BGV-QDK	TangoDown Stubby BGV-QDK foregrip (FDE)	BGV-QDK	1	1	mods
661e52e29c8b4dadef008577	TangoDown Stubby BGV-QDITI前握把（黑色）	BGV-QDITI	TangoDown BGV-QDITI foregrip (Black)	BGV-QDITI	1	1	mods
661e53149c8b4dadef008579	TangoDown Stubby BGV-QDITI前握把（FDE）	BGV-QDITI	TangoDown BGV-QDITI foregrip (FDE)	BGV-QDITI	1	1	mods
661f8995c341ea101e0d33e8	PM-Laser PM 激光瞄具握把侧片	PM-L	PM PM-Laser grip with laser sight	PM-L	1	1	mods;pistolGrip
661fbe066751ee51930b01f2	M60E4 Mod 1护木（FDE）	E4 Mod 1	M60E4 Mod 1 handguard (FDE)	E4 Mod 1	2	1	mods
6621455e3aceea9e2b0b01e7	DoubleStar Carlson Tac Comp 5.56x45 AR-15 枪口补偿装置	CC450 556	AR-15 DoubleStar Carlson Tac Comp 5.56x45 compensator	CC450 556	1	1	mods
66225d88a1c7e3b81600c76f	M60E6 7.62x51 458毫米枪管	E6 458mm	M60E6 7.62x51 458mm barrel	E6 458mm	4	1	mods
66265d7be65f224b2e17c6aa	USEC小屋房间钥匙	USEC小屋	USEC cottage room key	USEC cott.	1	1	keys
6638a5474e92f038531e210e	Kerman先生的全息猫	Kerman	Mr Kerman's cat hologram	Mr Kerman	1	2	barter
6642f63667f5cb56a00662eb	Delta-Tek DTK-AR10 7.62x51 AR-10 膛口制退器	DTK-AR10	AR-10 Delta-Tek DTK-AR10 7.62x51 muzzle brake	DTK-AR10	1	1	mods
664301213dd83ddae20dda18	Delta-Tek DTK-M16 5.56x45 AR-15 膛口制退器	DTK-M16	AR-15 Delta-Tek DTK-M16 5.56x45 muzzle brake	DTK-M16	1	1	mods
6644920d49817dc7d505ca71	BT10 V8 Atlas折叠脚架	BT10	BT10 V8 Atlas Bipod	BT10	2	1	mods
664a5428d5e33a713b622379	APOK ”荒原之地“ 战术短剑	短剑	APOK Tactical Wasteland Gladius	TWG	1	4	noFlea;wearable
664a5480bfcc521bad3192ca	竞技场臂带	竞技场	Armband (ARENA)	ARENA	1	1	noFlea;wearable
664a55d84a90fc2c8a6305c9	Theta 安全箱	Theta	Secure container Theta	Theta	3	3	noFlea
664d3db6db5dea2bad286955	Shatun的藏身处钥匙	Shatun	Shatun's hideout key	Shatun	1	1	keys;noFlea
664d3dd590294949fe2d81b7	Grumpy的藏身处钥匙	Grumpy	Grumpy's hideout key	Grumpy	1	1	keys;noFlea
664d3ddfdda2e85aca370d75	Voron的藏身处钥匙	Voron	Voron's hideout key	Voron	1	1	keys;noFlea
664d3de85f2355673b09aed5	Leon的藏身处钥匙	Leon	Leon's hideout key	Leon	1	1	keys;noFlea
664d4b0103ef2c61246afb56	公寓管理员钥匙	管理员钥匙	Dorm overseer key	Overseer	1	1	keys
66507eabf5ddb0818b085b68	2A2-(b-TG) 兴奋剂注射器	2A2-(b-TG)	2A2-(b-TG) stimulant injector	2A2-(b-TG)	1	1	injectors;meds;provisions
6655e35b6bc645cb7b059912	“明眼”迫击炮袭告警装置	“明眼”	"The Eye" mortar strike signaling device	"The Eye"	1	1	noFlea;specialSlot
6656560053eaaa7a23349c86	传奇奖章	传奇奖章	Lega Medal	Lega	1	1	barter;noFlea
66571bf06a723f7f005a0619	上锁的装备箱（稀有）	装备箱（稀有）	Locked equipment crate (Rare)	Equipment (Rare)	4	4	barter;noFlea
66572b3f6a723f7f005a066c	上锁的武器箱（稀有）	武器箱（稀有）	Locked weapon crate (Rare)	Weapons (Rare)	5	2	barter;noFlea
66572b88ac60f009f270d1dc	上锁的物资箱（稀有）	物资箱（稀有）	Locked supply crate (Rare)	Supplies (Rare)	4	4	barter;noFlea
66572b8d80b1cd4b6a67847f	Den 玩偶	Den	Den figurine	Den	1	2	barter
66572bb3ac60f009f270d1df	上锁的贵重物品箱（稀有）	贵重物品箱（稀有）	Locked valuables crate (Rare)	Valuables (Rare)	3	2	barter;noFlea
66572be36a723f7f005a066e	Reshala 玩偶	Reshala	Reshala figurine	Reshala	1	2	barter
66572c82ad599021091c6118	Killa 玩偶	Killa	Killa figurine	Killa	1	2	barter
66572cbdad599021091c611a	Tagilla 玩偶	Tagilla	Tagilla figurine	Tagilla	1	2	barter
665730fa4de4820934746c48	已解锁的装备箱（稀有）	装备箱（稀有）	Unlocked equipment crate (Rare)	Equipment (Rare)	4	4	noFlea
665732e7ac60f009f270d1ef	已解锁的武器箱（稀有）	武器箱（稀有）	Unlocked weapon crate (Rare)	Weapons (Rare)	5	2	noFlea
665732f4464c4b4ba4670fa9	已解锁的物资箱（稀有）	物资箱（稀有）	Unlocked supply crate (Rare)	Supplies (Rare)	4	4	noFlea
66573310a1657263d816a139	已解锁的贵重物品箱（稀有）	贵重物品箱（稀有）	Unlocked valuables crate (Rare)	Valuables (Rare)	3	2	noFlea
6658285190486915542256c4	上锁的装备箱（特等）	装备箱（特等）	Locked equipment crate (Epic)	Equipment (Epic)	4	4	barter;noFlea
66582889efd94e2d665b14a2	上锁的武器箱（特等）	武器箱（特等）	Locked weapon crate (Epic)	Weapons (Epic)	5	2	barter;noFlea
665828c44de4820934746ce4	上锁的物资箱（特等）	物资箱（特等）	Locked supply crate (Epic)	Supplies (Epic)	4	4	barter;noFlea
665828f490486915542256c6	上锁的贵重物品箱（特等）	贵重物品箱（特等）	Locked valuables crate (Epic)	Valuables (Epic)	3	2	barter;noFlea
6658291eefd94e2d665b14a4	已解锁的装备箱（特等）	装备箱（特等）	Unlocked equipment crate (Epic)	Equipment (Epic)	4	4	noFlea
665829424de4820934746ce6	已解锁的武器箱（特等）	武器箱（特等）	Unlocked weapon crate (Epic)	Weapons (Epic)	5	2	noFlea
66582972ac60f009f270d2aa	已解锁的物资箱（特等）	物资箱（特等）	Unlocked supply crate (Epic)	Supplies (Epic)	4	4	noFlea
665829a6efd94e2d665b14a8	已解锁的贵重物品箱（特等）	贵重物品箱（特等）	Unlocked valuables crate (Epic)	Valuables (Epic)	3	2	noFlea
665886abdaadd1069736c539	已解锁的贵重物品箱（普通）	贵重物品箱（普通）	Unlocked valuables crate (Common)	Valuables (Common)	3	2	noFlea
6658876e146af22739040fad	已解锁的装备箱（普通）	装备箱（普通）	Unlocked equipment crate (Common)	Equipment (Common)	4	4	noFlea
665888282c4a1b73af576b77	已解锁的武器箱（普通）	武器箱（普通）	Unlocked weapon crate (Common)	Weapons (Common)	5	2	noFlea
6658892e6e007c6f33662002	已解锁的物资箱（普通）	物资箱（普通）	Unlocked supply crate (Common)	Supplies (Common)	4	4	noFlea
66588b514de4820934746dc6	上锁的装备箱（普通）	装备箱（普通）	Locked equipment crate (Common)	Equipment (Common)	4	4	barter;noFlea
66588b6dcb48a73e674b2649	上锁的武器箱（普通）	武器箱（普通）	Locked weapon crate (Common)	Weapons (Common)	5	2	barter;noFlea
66588ba291f6e93c4c06efef	上锁的物资箱（普通）	物资箱（普通）	Locked supply crate (Common)	Supplies (Common)	4	4	barter;noFlea
66588bb047fbd536a674240e	上锁的贵重物品箱（普通）	贵重物品箱（普通）	Locked valuables crate (Common)	Valuables (Common)	3	2	barter;noFlea
665d5d9e338229cfd6078da1	BCM GUNFIGHTER MOD 3 M-LOK前握把（黑色）	GF MLOK	BCM GUNFIGHTER MOD 3 M-LOK foregrip (Black)	GF MLOK	1	1	mods
665edce564fb556f940ab32a	BCM GUNFIGHTER MOD 3 M-LOK前握把（FDE）	GF MLOK	BCM GUNFIGHTER MOD 3 M-LOK foregrip (FDE)	GF MLOK	1	1	mods
665ee77ccf2d642e98220bca	Gamma 安全箱	Gamma	Secure container Gamma	Gamma	3	3	noFlea
6662e9aca7e0b43baa3d5f74	BEAR 狗牌	BEAR	Dogtag BEAR	BEAR	1	1	barter;noFlea
6662e9cda7e0b43baa3d5f76	BEAR 狗牌	BEAR	Dogtag BEAR	BEAR	1	1	barter;noFlea
6662e9f37fa79a6d83730fa0	USEC 狗牌	USEC	Dogtag USEC	USEC	1	1	barter;noFlea
6662ea05f6259762c56f3189	USEC 狗牌	USEC	Dogtag USEC	USEC	1	1	barter;noFlea
666b11055a706400b717cfa5	绊线布设装置	绊线	Tripwire installation kit	Tripwire	1	1	noFlea;specialSlot
6680304edadb7aa61d00cef0	IWI UZI PRO Pistol 9x19冲锋枪	UZI PRO 冲锋手枪	IWI UZI PRO Pistol 9x19 submachine gun	UZI PRO Pistol	2	1	gun	Caliber9x19PARA
668031705014e211b4078046	UZI PRO 9x19 Pike Arms 114毫米螺纹枪管	PA 114mm	UZI PRO 9x19 Pike Arms 114mm threaded barrel	PA 114mm	1	1	mods
668031bde3e7eb26e8004cd7	UZI PRO A3 Tactical M-LOK护木	A3 MLOK	UZI PRO A3 Tactical M-LOK handguard	A3 MLOK	1	1	mods
668031ffe3e7eb26e8004cdd	UZI PRO 9x19 20发弹匣	UZI PRO	UZI PRO 9x19 20-round magazine	UZI PRO	1	1	mods
6680326874b8f2050c0b9178	UZI PRO防尘盖	PRO防尘盖	UZI PRO dust cover	PRO DC	2	1	mods
668032ba74b8f2050c0b917d	UZI PRO稳定带	PRO稳定带	UZI PRO Stabilizing Brace	PRO SB	2	1	mods
66866f4ec3d473265104f381	UZI PRO 9x19 25发弹匣	UZI PRO	UZI PRO 9x19 25-round magazine	UZI PRO	1	2	mods
66866f622a2296a8d9099639	UZI PRO 9x19 32发弹匣	UZI PRO	UZI PRO 9x19 32-round magazine	UZI PRO	1	2	mods
66866fe776d1a87cd80fd388	UZI PRO 9x19 114毫米枪管	PRO 114mm	UZI PRO 9x19 114mm barrel	PRO 114mm	1	1	mods
6686700a2b934a68630a7fe6	UZI PRO 9x19 170毫米枪管	PRO 170mm	UZI PRO 9x19 170mm barrel	PRO 170mm	2	1	mods
66867023c3d473265104f384	UZI PRO 9x19 210毫米枪管	PRO 210mm	UZI PRO 9x19 210mm barrel	PRO 210mm	2	1	mods
668670432b934a68630a7fe8	UZI PRO 9x19 240毫米枪管	PRO 240mm	UZI PRO 9x19 240mm barrel	PRO 240mm	2	1	mods
668670e3fb75ee4a5e02eb16	UZI PRO 9x19枪管螺纹帽	PRO螺纹帽	UZI PRO 9x19 barrel retaining nut	PRO BRN	1	1	mods
668670f52a2296a8d909963c	UZI PRO 9x19 Masada螺纹保护器	PRO护帽	UZI PRO 9x19 Masada thread protector	PRO thr.	1	1	mods
6686717ffb75ee4a5e02eb19	UZI PRO A3战术模块化折叠稳定带	A3稳定带	UZI PRO A3 Tactical Modular Folding Brace	A3 MFB	2	1	mods
668672b8c99550c6fd0f0b29	UZI PRO A3战术枪托转换器	A3枪托转换器	UZI PRO A3 Tactical Rear Stock Adapter	A3 RSA	1	1	mods
66867310f3734a938b077f79	UZI PRO SBR底托	PRO底托	UZI PRO SBR buttstock	PRO SBR	2	1	mods
66881008f23233ee9a0742e7	UZI PRO背部盖板	PRO盖板	UZI PRO backplate	PRO plate	1	1	mods
668e71a8dadf42204c032ce1	IWI UZI PRO SMG 9x19冲锋枪	UZI PRO 冲锋枪	IWI UZI PRO SMG 9x19 submachine gun	UZI PRO SMG	2	1	gun	Caliber9x19PARA
668ea3f68117e4968b0cff4a	UZI PRO SMG导轨转换器	SMG导轨转换器	UZI PRO SMG rail adapter	SMG RA	1	1	mods
668fe5a998b5ad715703ddd6	Magnum Research “沙漠之鹰”Mk XIX .50 AE手枪	沙漠之鹰Mk XIX	Magnum Research Desert Eagle Mk XIX .50 AE pistol	Desert Eagle Mk XIX	2	1	gun	Caliber127x33
668fe5c5f35310705d02b696	沙漠之鹰.50 AE 7发弹匣	沙鹰	Desert Eagle .50 AE 7-round magazine	DE	1	1	mods
668fe5d42a0f85eea407cc16	Hogue沙漠之鹰橡胶握把	沙鹰握把	Desert Eagle Hogue Rubber Grip	DE RG	1	1	mods;pistolGrip
668fe5e1800f0244f9036e46	沙漠之鹰照门	沙鹰照门	Desert Eagle rear sight	DE RS	1	1	mods
668fe5ec4315934ba10c6f96	沙漠之鹰准星	沙鹰准星	Desert Eagle front sight	DE FS	1	1	mods
668fe5f62a0f85eea407cc18	沙漠之鹰Mk XIX .50 AE 152毫米枪管	XIX 152mm	Desert Eagle Mk XIX .50 AE 152mm barrel	XIX 152mm	1	1	mods
668fe60b56984d93550462c6	沙漠之鹰Mk XIX手枪套筒	沙鹰套筒	Desert Eagle Mk XIX pistol slide	XIX slide	2	1	mods
668fe62ac62660a5d8071446	.50 AE FMJ	FMJ	.50 AE FMJ	FMJ	1	1	ammo;noFlea	Caliber127x33
6694f4101ae1778e310f4f8e	Twitch 2024夏季掉宝（普通）	Twitch	Twitch Drops Summer 2024 case (Common)	Twitch	2	2	noFlea
6694f418c74d8a180f0f78c0	Twitch 2024夏季掉宝（稀有）	Twitch	Twitch Drops Summer 2024 case (Rare)	Twitch	2	2	noFlea
6694f423909d2322a8073151	Twitch 2024夏季掉宝（特等）	Twitch	Twitch Drops Summer 2024 case (Epic)	Twitch	2	2	noFlea
6698c89bfbc8142e60024b0e	UZI 238毫米3-lug螺纹枪管	UZI 238mm	UZI 238mm threaded 3-lug barrel	UZI 238mm	2	1	mods
6698c8ab29e062525d0ad8ab	UZI 9x19 259毫米枪管	UZI 259mm	UZI 9x19 259mm barrel	UZI 259mm	2	1	mods
6698c8b7710a4525fe0e9e55	UZI 9x19 409毫米枪管	UZI 409mm	UZI 9x19 409mm barrel	UZI 409mm	3	1	mods
6698c8c736ba38d29101770b	UZI聚合物护木	UZI护木	UZI polymer handguard	UZI HG	1	1	mods
6698c8f4710a4525fe0e9e57	UZI护木导轨	UZI导轨	UZI handguard rail	UZI rail	1	1	mods
6698c90829e062525d0ad8ad	UZI StormWerkz瞄具基座	UZI瞄具基座	UZI StormWerkz Scope Mount	UZI SW	1	1	mods
6698c9aa36ba38d29101770f	UZI 9x19枪管螺纹帽	UZI BRN	UZI 9x19 barrel retaining nut	UZI BRN	1	1	mods
6698c9ba29e062525d0ad8b1	UZI 9x19枪管3-lug螺纹帽	UZI 3lug	UZI 9x19 3-lug barrel retaining nut	UZI 3lug	1	1	mods
6698c9c636ba38d291017711	UZI 9x19 三叉螺纹枪管保护帽	UZI护帽	UZI 9x19 3-lug barrel thread protector	UZI thr.	1	1	mods
6698c9e07356874dfe0a0b88	UZI Type 7底托	Type 7	UZI Type 7 buttstock	Type 7	2	1	mods
6698c9ed36ba38d291017713	UZI Type 3底托	Type 3	UZI Type 3 buttstock	Type 3	2	1	mods
6699249f3c4fda6471005cba	UZI Type 5底托	Type 5	UZI Type 5 buttstock	Type 5	2	1	mods
669924a69950f5f4cd060295	UZI Type 6底托	Type 6	UZI Type 6 buttstock	Type 6	2	1	mods
66992713ae08c5c29e0c4f97	UZI 9x19标准20发弹匣	UZI	UZI 9x19 20-round magazine	UZI	1	1	mods
6699271b9950f5f4cd060299	UZI 9x19标准25发弹匣	UZI	UZI 9x19 25-round magazine	UZI	1	2	mods
669927203c4fda6471005cbe	UZI 9x19标准32发弹匣	UZI	UZI 9x19 32-round magazine	UZI	1	2	mods
66992725ae08c5c29e0c4f9a	UZI 9x19标准40发弹匣	UZI	UZI 9x19 40-round magazine	UZI	1	2	mods
6699272a3c4fda6471005cc1	UZI 9x19标准50发弹匣	UZI	UZI 9x19 50-round magazine	UZI	1	3	mods
66992b349950f5f4cd06029f	IWI UZI 9x19冲锋枪	UZI	IWI UZI 9x19 submachine gun	UZI	2	1	gun	Caliber9x19PARA
66992f4db9f31ddda10dd1c8	UZI StormWerkz枪托转接器	UZI枪托转换器	UZI StormWerkz stock adapter	UZI SW	1	1	mods
66992f7d9950f5f4cd0602a8	UZI StormWerkz 护木底轨	UZI底轨	UZI StormWerkz lower handguard rail	UZI SW	1	1	mods
6699313af74fef4dfd0b04f6	UZI K-Grip 护木	K型握把	UZI K-Grip handguard	K-Grip	1	1	mods
66993149558c59581e03c028	UZI 握把护木	UZI握把护木	UZI handguard with foregrip	UZI FG	1	1	mods
6699370c57df3e2b4e0a0dab	UZI枪管排气罩	UZI排气罩	UZI vented barrel shroud	UZI shroud	1	1	mods
66993733f74fef4dfd0b04ff	UZI 9x19毫米消音器	UZI消音器	UZI 9x19 sound suppressor	UZI supp.	2	1	mods;suppressor
669946c157df3e2b4e0a0dc5	UZI手枪式握把盖板	UZI握把盖板	UZI pistol grip cover	UZI PG	1	1	mods;pistolGrip
669a6a4a525be1d2d004b8eb	Magpul M-LOK 0.93英寸导轨	M-LOK 0.93"	Magpul M-LOK 0.93 inch rail	M-LOK 0.93"	1	1	mods
669cf78806768ff39504fc1c	UZI PRO CSM枪托转换器	PRO CSM	UZI PRO CSM stock adapter	PRO CSM	1	1	mods
669fa39b48fc9f8db6035a0c	Magnum Research “沙漠之鹰”L6 .50 AE手枪	沙漠之鹰L6	Magnum Research Desert Eagle L6 .50 AE pistol	Desert Eagle L6	2	1	gun	Caliber127x33
669fa3d876116c89840b1217	Magnum Research “沙漠之鹰”L6 .50 AE手枪（白色虎纹）	沙漠之鹰L6	Magnum Research Desert Eagle L6 .50 AE pistol (WTS)	Desert Eagle L6	2	1	gun	Caliber127x33
669fa3f88abd2662d80eee77	Magnum Research “沙漠之鹰”L5 .50 AE手枪	沙漠之鹰L5	Magnum Research Desert Eagle L5 .50 AE pistol	Desert Eagle L5	2	1	gun	Caliber127x33
669fa409933e898cce0c2166	Magnum Research “沙漠之鹰”L5 .357 手枪	沙漠之鹰L5	Magnum Research Desert Eagle L5 .357 pistol	Desert Eagle L5	2	1	gun	Caliber9x33R
669fa435803b94fb5d0e3a76	沙漠之鹰.357 9发弹匣	沙鹰	Desert Eagle .357 9-round magazine	DE	1	1	mods
669fa47da0bab4e8510d9526	沙漠之鹰L6 .50 AE 152毫米枪管	L6 152mm	Desert Eagle L6 .50 AE 152mm barrel	L6 152mm	1	1	mods
669fa48fa0bab4e8510d952a	沙漠之鹰L6 .50 AE 152毫米枪管（白色虎纹）	L6 152mm	Desert Eagle L6 .50 AE 152mm barrel (WTS)	L6 152mm	1	1	mods
669fa4ba1bd4416eaa09b3c6	沙漠之鹰L5 .50 AE 127毫米枪管	L5 127mm	Desert Eagle L5 .50 AE 127mm barrel	L5 127mm	1	1	mods
669fa4c61bd4416eaa09b3ca	沙漠之鹰L5 .357 127毫米枪管	L5 127mm	Desert Eagle L5 .357 127mm barrel	L5 127mm	1	1	mods
669fa4d97a09bc295603b496	沙漠之鹰L6手枪套筒	L6套筒	Desert Eagle L6 pistol slide	L6 slide	2	1	mods
669fa5019aa2a422600442f6	沙漠之鹰L5 AE手枪套筒	L5 .50套筒	Desert Eagle L5 .50 AE pistol slide	L5 .50	2	1	mods
669fa5127a09bc295603b499	沙漠之鹰L5 .357手枪套筒	L5 .357	Desert Eagle L5 .357 pistol slide	L5 .357	2	1	mods
669fa5271bd4416eaa09b3ce	沙漠之鹰L6手枪套筒（白色虎纹）	L6套筒	Desert Eagle L6 pistol slide (WTS)	L6 slide	2	1	mods
66a0d1c87d0d369e270bb9de	.50 AE JHP	JHP	.50 AE JHP	JHP	1	1	ammo;noFlea	Caliber127x33
66a0d1e0ed648d72fe064d06	.50 AE实心铜弹	铜弹	.50 AE Copper Solid	Copper	1	1	ammo;noFlea	Caliber127x33
66a0d1f88486c69fce00fdf6	.50 AE Hawk JSP	Hawk JSP	.50 AE Hawk JSP	Hawk JSP	1	1	ammo;noFlea	Caliber127x33
66a0da76b6f47fcfeb025e96	沙漠之鹰Houge凹槽橡胶握把	沙鹰凹槽握把	Desert Eagle Hogue Rubber Grip with finger grooves	DE RGFG	1	1	mods;pistolGrip
66a3896972c8e72507028806	Twitch 2024夏季掉宝（普通）	Twitch	Twitch Drops Summer 2024 case (Common)	Twitch	2	2	noFlea
66a3896de45f71bf1009e45a	Twitch 2024夏季掉宝（普通）	Twitch	Twitch Drops Summer 2024 case (Common)	Twitch	2	2	noFlea
66a3898c1df2a447cc0d3c35	Twitch 2024夏季掉宝（稀有）	Twitch	Twitch Drops Summer 2024 case (Rare)	Twitch	2	2	noFlea
66a3898f0982fc7e4c091c4d	Twitch 2024夏季掉宝（稀有）	Twitch	Twitch Drops Summer 2024 case (Rare)	Twitch	2	2	noFlea
66a389c0705adefa710cdeaa	Twitch 2024夏季掉宝（特等）	Twitch	Twitch Drops Summer 2024 case (Epic)	Twitch	2	2	noFlea
66a389c60982fc7e4c091c51	Twitch 2024夏季掉宝（特等）	Twitch	Twitch Drops Summer 2024 case (Epic)	Twitch	2	2	noFlea
66a9f98f3bd5a41b162030f4	Partizan的包	Partizan	Partisan's bag	Partisan	4	3	backpack;wearable
66aa3a180d6ecb50a21a4e1a	Twitch 2024夏季掉宝（普通）	Twitch	Twitch Drops Summer 2024 case (Common)	Twitch	2	2	noFlea
66aa3a31efb1b8119f0196c7	Twitch 2024夏季掉宝（稀有）	Twitch	Twitch Drops Summer 2024 case (Rare)	Twitch	2	2	noFlea
66aa3a3800b2c42adb07d13e	Twitch 2024夏季掉宝（特等）	Twitch	Twitch Drops Summer 2024 case (Epic)	Twitch	2	2	noFlea
66ac9d9740e27931602042d4	AK 金属框架枪托（定制版）	绷带枪托	AK skeletonized stock (Customized)	Med stock	2	1	mods
66acd6702b17692df20144c0	TerraGroup 仓库钥匙卡	化工厂	TerraGroup storage room keycard	Polikhim	1	1	keys
66b090946f11600e4e48bad5	IWI UZI 9x19冲锋枪 默认	UZI 默认	IWI UZI 9x19 submachine gun Default	UZI Default	3	2	preset
66b091116f11600e4e48badd	IWI UZI PRO Pistol 9x19冲锋枪 默认	UZI PRO 冲锋手枪 默认	IWI UZI PRO Pistol 9x19 submachine gun Default	UZI PRO Pistol Default	2	1	preset
66b0916b1516622c22700a30	IWI UZI PRO SMG 9x19冲锋枪 默认	UZI PRO 冲锋枪 默认	IWI UZI PRO SMG 9x19 submachine gun Default	UZI PRO SMG Default	2	1	preset
66b091a1d7a3ce164221e2cf	U.S Ordnance M60E4 7.62x51 轻机枪 默认	Mk 43 Mod 1 默认	U.S. Ordnance M60E4 7.62x51 light machine gun Default	Mk 43 Mod 1 Default	5	2	preset
66b09209c84cc7141324eeeb	U.S Ordnance M60E6 7.62x51 轻机枪（FDE） 默认	M60E6 默认	U.S. Ordnance M60E6 7.62x51 light machine gun (FDE) Default	M60E6 Default	5	2	preset
66b09220ae030a24a5663808	U.S Ordnance M60E6 7.62x51 轻机枪 默认	M60E6 默认	U.S. Ordnance M60E6 7.62x51 light machine gun Default	M60E6 Default	5	2	preset
66b09282ae030a24a5663815	SR-3M 9x39紧凑型突击步枪 默认	SR-3M 默认	SR-3M 9x39 compact assault rifle Default	SR-3M Default	3	2	noFlea;preset
66b092dcd7a3ce164221e2dc	Magnum Research “沙漠之鹰”L5 .357 手枪 默认	沙漠之鹰L5 默认	Magnum Research Desert Eagle L5 .357 pistol Default	Desert Eagle L5 Default	2	1	preset
66b09315c5987b623d6e0ea1	Magnum Research “沙漠之鹰”L5 .50 AE手枪 默认	沙漠之鹰L5 默认	Magnum Research Desert Eagle L5 .50 AE pistol Default	Desert Eagle L5 Default	2	1	preset
66b0935ad11b1e4a1e1c9c04	Magnum Research “沙漠之鹰”L6 .50 AE手枪 默认	沙漠之鹰L6 默认	Magnum Research Desert Eagle L6 .50 AE pistol Default	Desert Eagle L6 Default	2	1	preset
66b09380ed57696ce626c08b	Magnum Research “沙漠之鹰”L6 .50 AE手枪（白色虎纹） 默认	沙漠之鹰L6 默认	Magnum Research Desert Eagle L6 .50 AE pistol (WTS) Default	Desert Eagle L6 Default	2	1	preset
66b093bfae030a24a566381f	Magnum Research “沙漠之鹰”Mk XIX .50 AE手枪 默认	沙漠之鹰Mk XIX 默认	Magnum Research Desert Eagle Mk XIX .50 AE pistol Default	Desert Eagle Mk XIX Default	2	1	preset
66b0e484c84cc7141324fd6c	柯尔特 M4A1 5.56x45 卡宾枪 T.O 2K24	M4A1 T.O 2K24	Colt M4A1 5.56x45 assault rifle T.O 2K24	M4A1 T.O 2K24	6	2	preset
66b0e6002fafeb5db478f1f3	沙漠科技 MDR 7.62x51 突击步枪 T.O 2K24	MDR T.O 2K24	Desert Tech MDR 7.62x51 assault rifle T.O 2K24	MDR T.O 2K24	5	2	noFlea;preset
66b0e7f8c5987b623d6e2e81	SIG MCX .300 Blackout 突击步枪 T.O 2K24	MCX .300 BLK T.O 2K24	SIG MCX .300 Blackout assault rifle T.O 2K24	MCX T.O 2K24	5	2	preset
66b37ea4c5d72b0277488439	Tamatthi 苦无飞刀（仿制品）	Tamatthi	Tamatthi kunai knife replica	Tamatthi	1	2	barter
66b37eb4acff495a29492407	Viibiin运动鞋	Viibiin	Viibiin sneaker	Viibiin	2	1	barter
66b37f114410565a8f6789e2	Inseq燃气管扳手	Inseq	Inseq gas pipe wrench	Inseq	1	2	barter
66b5f22b78bbc0200425f904	Camelbak Tri-Zip 突击背包（复合迷彩）	Tri-Zip	Camelbak Tri-Zip assault backpack (MultiCam)	Tri-Zip	5	6	backpack;wearable
66b5f247af44ca0014063c02	Vertx Ready Pack背包（红色）	ReadyPack	Vertx Ready Pack backpack (Red)	ReadyPack	4	4	backpack;wearable
66b5f65ca7f72d197e70bcd6	Ballistic Armor Co. Bastion头盔（黑色）	BAC Bastion	Ballistic Armor Co. Bastion helmet (Armor Black)	BAC Bastion	2	2	wearable
66b5f661af44ca0014063c05	Ballistic Armor Co. Bastion头盔（橄榄绿）	BAC Bastion	Ballistic Armor Co. Bastion helmet (OD Green)	BAC Bastion	2	2	wearable
66b5f666cad6f002ab7214c2	Ballistic Armor Co. Bastion头盔（复合迷彩）	BAC Bastion	Ballistic Armor Co. Bastion helmet (MultiCam)	BAC Bastion	2	2	wearable
66b5f68de98be930d701c00e	Safariland Liberator HP 2.0听力保护耳机（泥土色）	Liberator	Safariland Liberator HP 2.0 Hearing Protection Headset (FDE)	Liberator	2	2	headphones;wearable
66b5f693acff495a294927e3	Peltor ComTac V 耳机（橄榄绿）	ComTac V	Peltor ComTac V headset (OD Green)	ComTac V	2	2	headphones;wearable
66b5f6985891c84aab75ca76	Peltor ComTac VI 耳机（狼棕色）	ComTac VI	Peltor ComTac VI headset (Coyote Brown)	ComTac VI	2	2	headphones;wearable
66b5f69ea7f72d197e70bcdb	TW EXFIL Peltor ComTac V 耳机（橄榄绿）	ComTac V	TW EXFIL Peltor ComTac V headset (OD Green)	ComTac V	2	1	headphones;wearable
66b5f6a28ca68c6461709ed8	TW EXFIL Peltor ComTac VI 耳机（狼棕色）	ComTac VI	TW EXFIL Peltor ComTac VI headset (Coyote Brown)	ComTac VI	2	1	headphones;wearable
66b6295178bbc0200425f995	Stich Profi Stich Defense mod.2防弹插板胸挂（多用途迷彩）	SD mod.2	Stich Profi Stich Defense mod.2 plate carrier (MultiCam)	SD mod.2	4	3	rig;wearable
66b6295a8ca68c6461709efa	Tasmanian Tiger MKIII 插板胸挂（狼棕色）	TT MKIII	Tasmanian Tiger Plate Carrier MKIII (Coyote Brown)	TT MKIII	3	3	rig;wearable
66b6296d7994640992013b17	Stich Profi V2 插板胸挂（黑色）	SP PC V2	Stich Profi Plate Carrier V2 (Black)	SP PC V2	3	4	rig;wearable
66b9c5db19a3ab39b7175e2b	Stich Profi V2 插板胸挂（黑色） 默认	SP PC V2 默认	Stich Profi Plate Carrier V2 (Black) Default	SP PC V2 Default	3	4	preset
66b9c65b96edb969cd4f5d7f	Stich Profi Stich Defense mod.2防弹插板胸挂（多用途迷彩） 默认	SD mod.2 默认	Stich Profi Stich Defense mod.2 plate carrier (MultiCam) Default	SD mod.2 Default	4	3	noFlea;preset
66bc98a01a47be227a5e956e	主播物品箱	主播物品	Streamer item case	Streamer items	3	3	container;noFlea
66bdc28a0b603c26902b2011	DevTac Ronin helmet	Ronin	DevTac Ronin helmet	Ronin	2	2	wearable
66c49c0f2e6e23eb7b03f22d	DevTac Ronin helmet 默认	Ronin 默认	DevTac Ronin helmet Default	Ronin Default	2	2	preset
66d97834d2985e11480d5c1e	信号弹（蓝）	信号弹（蓝）	Signal flare (Blue)	Signal flare (Blue)	1	1	ammo;noFlea	Caliber26x75
66d98233302686954b0c6f81	RSP-30 反应式信号弹（蓝色）	蓝	RSP-30 reactive signal cartridge (Blue)	Blue	1	2	gun;noFlea;specialSlot	Caliber26x75
66d9f1abb16d9aacf5068468	RSP-30 反应式信号弹（特种黄）	特种黄	RSP-30 reactive signal cartridge (Special Yellow)	S-Yellow	1	2	gun;noFlea;specialSlot	Caliber26x75
66d9f7256916142b3b02276e	雷达站备用零件	雷达站	Radar station spare parts	Radar	3	3	barter;noFlea
66d9f7e7099cf6adcc07a369	KOSA无人机电子反制装置	KOSA	KOSA UAV electronic jamming device	KOSA	3	2	barter;noFlea
66d9f8744827a77e870ecaf1	GARY ZONT “保护伞”便携式电子战装置	电子战装置	GARY ZONT portable electronic warfare device	EW unit	1	2	barter;noFlea
66dae7cbeb28f0f96809f325	V40 微型手榴弹	V40	V40 Mini-Grenade	V40	1	1	grenade
66ffa9b66e19cc902401c5e8	MPS Auto Assault-12 Gen 1 12铅径自动霰弹枪	AA-12 Gen 1	MPS Auto Assault-12 Gen 1 12ga automatic shotgun	AA-12 Gen 1	4	2	gun	Caliber12g
66ffaab91f7492c901027bb8	AA-12 12铅径 8发弹匣	AA-12	AA-12 12ga 8-round magazine	AA-12	1	2	mods
66ffac601f7492c901027bbb	AA-12 12 铅径 330 毫米枪管	AA-12 330mm	AA-12 12ga 330mm barrel	AA-12 330mm	2	1	mods
66ffac9e316b08f6840a73e6	AA-12 枪托套组	AA-12	AA-12 stock assembly	AA-12	4	2	mods
66ffbfb1a73a7bce3d0b45a8	FN SCAR Vltor RE-SCAR 枪托转接器	RE-SCAR	FN SCAR Vltor RE-SCAR Stock Adapter	RE-SCAR	2	1	mods
66ffc20ba73a7bce3d0b45ab	FN SCAR Vltor RE-SCAR 枪托转接器（爱国棕）	RE-SCAR	FN SCAR Vltor RE-SCAR Stock Adapter (Patriot Brown)	RE-SCAR	2	1	mods
66ffc246a81a4f85e70d4d06	FN SCAR JMac Customs RSA-SCAR 1913 转接器	RSA-SCAR	FN SCAR JMac Customs RSA-SCAR 1913 Adapter	RSA-SCAR	1	1	mods
66ffc2bd132225f0fe0611d8	FN SCAR Vltor VSS-11 聚合物枪托	VSS-11	FN SCAR Vltor VSS-11 polymer stock	VSS-11	2	1	mods
66ffc2ecfe9b3825960652f7	FN SCAR Vltor VSS-11 聚合物枪托（爱国棕）	VSS-11	FN SCAR Vltor VSS-11 polymer stock (Patriot Brown)	VSS-11	2	1	mods
66ffc6ceb7ff397142017c3a	FN SCAR Kinetic MREX 6.5 M-LOK 导轨 (FDE)	MREX 6.5 M-LOK	FN SCAR Kinetic MREX 6.5 M-LOK rail (FDE)	MREX 6.5 M-LOK	2	1	mods
66ffc72082d36dec82030c1f	FN SCAR PMM M-LOK 下导轨	PMM 下导轨	FN SCAR PMM M-LOK lower rail	PMM low	1	1	mods
66ffc903fe9b382596065304	FN SCAR PMM M-LOK 下导轨 (FDE)	PMM 下导轨	FN SCAR PMM M-LOK lower rail (FDE)	PMM low	1	1	mods
66ffe2fbab3336cc0106382b	FN SCAR PMM MRE XL 延长导轨	MRE XL	FN SCAR PMM MRE XL rail extension	MRE XL	1	1	mods
66ffe5edfe9b38259606530d	FN SCAR PMM MRE XL 延长导轨 (FDE)	MRE XL	FN SCAR PMM MRE XL rail extension (FDE)	MRE XL	1	1	mods
66ffe66a20771d839f0fb4a9	FN SCAR PMM 侧导轨盖板	PMM REP	FN SCAR PMM Rail Elimination Panels	PMM REP	1	1	mods
66ffe6916f11538c7d0581e1	FN SCAR PMM 侧导轨盖板 (FDE)	PMM REP	FN SCAR PMM Rail Elimination Panels (FDE)	PMM REP	1	1	mods
66ffe6c36f11538c7d0581e3	FN SCAR PMM M-LOK 侧导轨	PMM 侧轨	FN SCAR PMM M-LOK side rails	PMM side	1	1	mods
66ffe7bab8da88805e07a03e	FN SCAR PMM M-LOK 侧导轨 (FDE)	PMM 侧轨	FN SCAR PMM M-LOK side rails (FDE)	PMM side	1	1	mods
66ffe811f5d758d71101e89a	FN SCAR Vltor CASV-SCAR 护木	CASV-SCAR	FN SCAR Vltor CASV-SCAR handguard	CASV-SCAR	2	1	mods
66ffea06132225f0fe061394	FN SCAR Vltor CASV-SCAR 护木（爱国棕）	CASV-SCAR	FN SCAR Vltor CASV-SCAR handguard (Patriot Brown)	CASV-SCAR	2	1	mods
66ffea456be19fd81e0ef742	FN SCAR Vltor CASV-SCAR 加长护木	CASV-SCAR	FN SCAR Vltor CASV-SCAR Handguard Extender	CASV-SCAR	1	1	mods
66ffeab4ab3336cc01063833	FN SCAR Vltor CASV-SCAR 加长护木（爱国棕）	CASV-SCAR	FN SCAR Vltor CASV-SCAR Handguard Extender (Patriot Brown)	CASV-SCAR	1	1	mods
67069c8cee8138ed2f05ad34	SR-3MP 燕尾槽侧导轨（黑色）	SR-3MP DT	SR-3MP dovetail side rail (Black)	SR-3MP DT	1	1	mods
67069cbbb29a2cd33803338c	SR-3MP 燕尾槽侧导轨（黑红色）	SR-3MP DT	SR-3MP dovetail side rail (Plum)	SR-3MP DT	1	1	mods
67069cf1af4890b09f0006e8	SR-3MP 侧导轨（黑色）	SR-3MP 侧轨	SR-3MP side rails (Black)	SR-3MP s.	1	1	mods
67069d02ad91f3a63c0bc2b0	SR-3MP 侧导轨（黑红色）	SR-3MP 侧轨	SR-3MP side rails (Plum)	SR-3MP s.	1	1	mods
67069d3bb29a2cd338033390	HK HKey 3 英寸导轨	HKey 3"	HK HKey 3 inch rail	HKey 3"	1	1	mods
67069d66af4890b09f0006ec	HK G36 KAC 四面导轨护木	G36K KAC	HK G36 KAC Quad Rail handguard	G36K KAC	2	1	mods
67069d8dad91f3a63c0bc2b4	HK G36 Slim Line HKey 护木	G36 Slim Line	HK G36 Slim Line HKey Handguard	G36 Slim Line	2	1	mods
6706a159c67236b2f703bb95	HK G36 Tommy Built AR 枪托转接器	G36 TB	HK G36 Tommy Built AR Stock Adapter	G36 TB	2	1	mods
6707d0804e617ec94f0e562f	TG-Vi-24致命疫苗	疫苗	TG-Vi-24 lethal vaccine	Vaccine	1	1	noFlea
6707d0bdaab679420007e01a	TG-Vi-24正版疫苗	真 · 疫苗	TG-Vi-24 true vaccine	True vaccine	1	1	noFlea
6707d13e4e617ec94f0e5631	装有特殊程序的U盘	访问密钥	Flash drive with special software	Access	1	1	noFlea
6709133fa532466d5403fb7c	AA-12 12 铅径 20发弹鼓	AA-12	AA-12 12ga 20-round drum magazine	AA-12	2	2	mods
670fced86a7e274b1a0964e8	AA-12 12 铅径 457 毫米枪管	AA-12 457mm	AA-12 12ga 457mm barrel	AA-12 457mm	3	1	mods
670fd03dc424cf758f006946	AA-12 12 铅径 342 毫米螺纹枪管	AA-12 342mm	AA-12 12ga 342mm threaded barrel	AA-12 342mm	2	1	mods
670fd0a8d8d4eae4790c8187	AA-12 12 铅径 417 毫米螺纹枪管	AA-12 417mm	AA-12 12ga 417mm threaded barrel	AA-12 417mm	3	1	mods
670fd0eed8d4eae4790c818a	AA-12 螺纹保护帽	保护帽	AA-12 thread protector	AA-12 cap	1	1	mods
670fd1cc95c92bfc8e0bea39	AA-12 12 铅径收束器	收束器	AA-12 12ga choke	AA-12 c.	1	1	mods
670fd23798663bc4b10e911a	AA-12 枪托套组 (FDE)	AA-12	AA-12 stock assembly (FDE)	AA-12	4	2	mods
6710cea62bb09af72f0e6bf8	Leapers UTG 通用霰弹枪枪管夹具	UTG USBM	Leapers UTG Universal Shotgun Barrel Mount	UTG USBM	1	1	mods
6711039f9e648049e50b3307	TerraGroup 实验室生活区钥匙卡	生活区	TerraGroup Labs residential unit keycard	Res. unit	1	1	keys
67110d06723c2733410161e8	HK G36 IDZ 伸缩式枪托	G36 IDZ	HK G36 IDZ adjustable stock	G36 IDZ	2	1	mods
67110d5ed1758189fc0bd221	HK G36 IDZ 凸缘枪托垫	IDZ 凸	HK G36 IDZ Convex Buttpad	IDZ Conv.	1	1	mods
67110d6fa71d1f123d021cd3	HK G36 IDZ 凹缘枪托垫	IDZ 凹	HK G36 IDZ Concave Buttpad	IDZ Conc.	1	1	mods
67110d8d388bded67304ceb4	Steyr AUG A3 Vltor 5.56x45 机匣	A3 Vltor	Steyr AUG A3 Vltor 5.56x45 receiver	A3 Vltor	2	1	mods
67110dd41ad01bb88705347b	Steyr AUG A3 Corvus Defensio 机匣导轨（MOI 30 齿）	A3 CD	Steyr AUG A3 Corvus Defensio Receiver Rail MOI 30 Slots	A3 CD	2	1	mods
6711107e1ad01bb88705347e	Steyr AUG Corvus Defensio KeyMod 前端附件导轨	CD KM	Steyr AUG Corvus Defensio KeyMod Forward Accessory Rail	CD KM	1	1	mods
67111094d1758189fc0bd223	Corvus Defensio KeyMod 1.8 英寸导轨	CD 1.8"	Corvus Defensio KeyMod 1.8 inch rail section	CD 1.8"	1	1	mods
6711109e723c2733410161eb	Corvus Defensio KeyMod 6.8 英寸导轨	CD 6.8"	Corvus Defensio KeyMod 6.8 inch rail section	CD 6.8"	1	1	mods
67112695fe5c8bf33f02476d	Odin Works K-Pod KeyMod 脚架转接器	K-Pod	Odin Works K-Pod KeyMod bipod adapter	K-Pod	1	1	mods
671126a210d67adb5b08e925	AI AXMC KeySlot Harris 脚架基座	AI Harris	AI AXMC KeySlot Harris bipod mount	AI Harris	1	1	mods
671126b049e181972e0681fa	Magpul M-LOK 脚架基座	M-LOK BP	Magpul M-LOK Bipod Mount	M-LOK BP	1	1	mods
67124dcfa3541f2a1f0e788b	MPS Auto Assault-12 Gen 2 12铅径自动霰弹枪	AA-12 Gen 2	MPS Auto Assault-12 Gen 2 12ga automatic shotgun	AA-12 Gen 2	4	2	gun	Caliber12g
6718817435e3cfd9550d2c27	Steyr AUG A3 5.56x45 突击步枪（黑色）	AUG A3	Steyr AUG A3 5.56x45 assault rifle (Black)	AUG A3	3	2	gun	Caliber556x45NATO
671883292e2eeb98d406f3b8	Steyr AUG 垂直前握把（黑色）	AUG	Steyr AUG vertical foregrip (Black)	AUG	1	1	mods
6719023b612cc94b9008e78c	AA-12 枪托套组 (TerraGroup)	AA-12 LABS	AA-12 stock assembly (TerraGroup)	AA-12 LABS	4	2	mods
671a3d97939f4b37710e00f7	MPS Auto Assault-12 Gen 1 12铅径自动霰弹枪 默认	AA-12 Gen 1 默认	MPS Auto Assault-12 Gen 1 12ga automatic shotgun Default	AA-12 Gen 1 Default	5	2	preset
671a3daf0d3ec0f0fe04fad5	MPS Auto Assault-12 Gen 2 12铅径自动霰弹枪 默认	AA-12 Gen 2 默认	MPS Auto Assault-12 Gen 2 12ga automatic shotgun Default	AA-12 Gen 2 Default	5	2	preset
671a425a7d49aea42c029b56	MPS Auto Assault-12 Gen 2 12铅径自动霰弹枪 TerraGroup Labs	AA-12 Gen 2 TerraGroup Labs	MPS Auto Assault-12 Gen 2 12ga automatic shotgun TerraGroup Labs	AA-12 Gen 2 TerraGroup Labs	6	2	preset
671a4d3d6d315b526708f110	MPS Auto Assault-12 Gen 2 12铅径自动霰弹枪	AA-12 Gen 2	MPS Auto Assault-12 Gen 2 12ga automatic shotgun	AA-12 Gen 2	6	2	preset
671b88b14e3838e4370ff5b8	FN SCAR-H 7.62x51 突击步枪 (FDE) Face	Mk 17 Face	FN SCAR-H 7.62x51 assault rifle (FDE) Face	Mk 17 Face	5	2	noFlea;preset
671b88c4d14a58a85b09d845	FN SCAR-H 7.62x51 突击步枪 (FDE) Face	Mk 17 Face	FN SCAR-H 7.62x51 assault rifle (FDE) Face	Mk 17 Face	5	2	noFlea;preset
671b89f03d4217059b0c6a26	Steyr AUG A3 5.56x45 突击步枪（黑色） 默认	AUG A3 默认	Steyr AUG A3 5.56x45 assault rifle (Black) Default	AUG A3 Default	4	2	preset
673cab3e03c6a20581028bc1	Sako TRG M10 .338 LM 栓动狙击步枪	TRG M10	Sako TRG M10 .338 LM bolt-action sniper rifle	TRG M10	1	1	gun;noFlea	Caliber86x70
673cb212e695740be0047a46	Sako TRG M10 枪身	TRG M10	Sako TRG M10 chassis	TRG M10	3	2	mods
673cb4054ff4aa8f86076f4a	Sako TRG M10 .338 LM 枪栓套组	M10 .338LM	Sako TRG M10 .338 LM bolt assembly	M10 .338LM	1	1	mods
673cb491280680de5e02ff36	Sako TRG M10 .338 LM 机匣	M10 .338LM	Sako TRG M10 .338 LM receiver	M10 .338LM	2	1	mods
673cb51e093e0ea7fd0b8746	Sako TRG M10 瞄准镜基座	M10 SM	Sako TRG M10 scope mount	M10 SM	1	1	mods
673cb551093e0ea7fd0b874a	Sako TRG M10 .338 LM 23.5 英寸枪管	M10 23.5" .338LM	Sako TRG M10 .338 LM 23.5 inch barrel	M10 23.5" .338LM	4	1	mods
673cb5d1280680de5e02ff3b	Sako TRG M10 15 英寸护木套组	M10 15"	Sako TRG M10 15 inch handguard assembly	M10 15"	3	1	mods
673cb81f5b1511adb10cd326	Sako TRG M10 前握把衬垫	M10 衬垫	Sako TRG M10 grip pad	M10 pad	1	1	mods
673cbdfad0453ba50c0f76d6	Sako TRG M10 .338 LM 8发弹匣	M10 .338	Sako TRG M10 .338 LM 8-round magazine	M10 .338	1	1	mods
673dd5f73f92dc7e120d20a9	Sako TRG 短款导轨	TRG short	Sako TRG short length rail	TRG short	1	1	mods
673dd617912f68467c0615b6	Sako TRG 中等长度导轨	TRG med	Sako TRG medium length rail	TRG med	1	1	mods
673ddbb567c759b3c90e5f76	Sako TRG M10 枪托抵肩尾钩	M10 hook	Sako TRG M10 rear hook	M10 hook	1	1	mods
673f0a38259f5945d70e43a6	Ase Utra SL7i-BL BoreLock .338 LM 消音器	SL7i-BL .338	Ase Utra SL7i-BL BoreLock .338 LM sound suppressor	SL7i-BL .338	2	1	mods;suppressor
673f0a9370a3ddcf0d0ee0b8	Sako TRG PGM Precision .338 LM 消音器	PGM .338	Sako TRG PGM Precision .338 LM sound suppressor	PGM .338	2	1	mods;suppressor
673f0b36536d64240f01acd6	CGS Hekate DT .338 LM 消音器	Hekate DT .338	CGS Hekate DT .338 LM sound suppressor	Hekate DT .338	2	1	mods;suppressor
673f3ef1259f5945d70e43a8	Ase Utra BoreLock .338 LM 膛口制退器	BoreLock .338	Ase Utra BoreLock .338 LM muzzle brake	BoreLock .338	1	1	mods
673f3f2f40aeca974e0b5c66	Ase Utra BoreLock 螺纹保护帽	BoreLock护帽	Ase Utra BoreLock thread protector	BoreLock thr.	1	1	mods
673f3f5eef7545280c00f026	Sako TRG .338 LM 螺纹保护帽	TRG护帽	Sako TRG .338 LM thread protector	TRG thr.	1	1	mods
673f3f9840aeca974e0b5c68	Sako TRG Coretac CoreBrake .338 LM 枪口制退器	CoreBrake .338	Sako TRG Coretac CoreBrake .338 LM muzzle brake	CoreBrake .338	1	1	mods
673f4046259f5945d70e43ab	Sako TRG 22/42/M10 .338 LM 狙击步枪枪口制退器	TRG .338	Sako TRG 22/42/M10 .338 LM muzzle brake	TRG .338	1	1	mods
67405d760098dcb5940ea1a6	Sako TRG M10 .338 LM 20英寸枪管	M10 20" .338LM	Sako TRG M10 .338 LM 20 inch barrel	M10 20" .338LM	3	1	mods
67405e3b83ac5c69ae025406	Sako TRG M10 .338 LM 27英寸枪管	M10 27" .338LM	Sako TRG M10 .338 LM 27 inch barrel	M10 27" .338LM	4	1	mods
67405ef125beb509e8070276	Sako TRG M10 11英寸护木组件	M10 11"	Sako TRG M10 11 inch handguard assembly	M10 11"	2	1	mods
67405fd0812f476fb2020066	Sako TRG M10 M-LOK 15英寸护木组件	M10 15" M-LOK	Sako TRG M10 M-LOK 15 inch handguard assembly	M10 15" M-LOK	3	1	mods
674078c4a9c9adf0450d59f9	开启的箱子	箱子	Opened case	Case	2	2	noFlea
67408903268737ef6908d432	违禁品盒子	违禁品	Contraband box	Contraband	1	2	barter;noFlea
67409848d0b2f8eb9b034db9	密封的盒子	密封的盒子	Sealed box	Sealed box	1	2	barter;noFlea
674098588466ebb03408b210	开启的盒子	盒子	Opened box	Box	1	2	noFlea
6740987b89d5e1ddc603f4f0	锁住的箱子	锁住的箱子	Locked case	Locked case	2	2	barter;noFlea
67446fdd752be02c220f27b3	ShG-2 反人员火箭弹	ShG-2	ShG-2 assault rocket	ShG-2	2	1	ammo;noFlea
67449b6c89d5e1ddc603f504	箱子钥匙	箱子钥匙	Case key	Case key	1	1	barter
67458730df3c1da90b0b052b	5.11 Tactical RUSH 100 背包（黑色）	RUSH 100	5.11 Tactical RUSH 100 backpack (Black)	RUSH 100	6	7	backpack;noFlea;wearable
67458794e21e5d724e066976	LBT-1476A 3 日行军背包 (高原复合迷彩)	LBT-1476A	LBT-1476A 3Day Pack (MultiCam Alpine)	LBT-1476A	4	5	backpack;wearable
6745895717824b1ec20570a6	6B47 Ratnik-BSh 头盔（极地数码迷彩盔罩）	6B47 EMRA	6B47 Ratnik-BSh helmet (EMR Arctic cover)	6B47 EMRA	2	2	wearable
674589d98dd67746010329e6	Spiritus Systems Bank Robber 胸挂 (高原复合迷彩)	Bank Robber	Spiritus Systems Bank Robber chest rig (MultiCam Alpine)	Bank Robber	3	2	rig;wearable
6749c40822a2740bb408d066	PP-19-01 9x19 F5 MFG 50发弹鼓	PP19 F5	PP-19-01 9x19 F5 MFG 50-round drum magazine	PP19 F5	1	2	mods
674d5e287075e056160e0176	“迅猛龙”聚合物护木	Vel HG	Velociraptor polymer handguard	Vel HG	1	1	mods
674d6121c09f69dfb201a888	Aklys Defense 迅猛龙 .300 Blackout 突击步枪	迅猛龙	Aklys Defense Velociraptor .300 Blackout assault rifle	Velociraptor	3	1	gun	Caliber762x35
674d90b55704568fe60bc8f5	“鲨鱼”推刃匕首	鲨	Akula push dagger	Akula	1	1	wearable
674d91ce6e862d5a95059ed6	6B13 M 突击甲（圣诞特装版）	6B13 圣诞	6B13 M assault armor (Christmas Edition)	6B13 CE	3	4	armor;wearable
674da107c512807d1a0e7436	Mystery Ranch Terraframe 背包（橄榄绿）	Terraframe	Mystery Ranch Terraframe backpack (Olive Drab)	Terraframe	5	6	backpack
674da9cf0cb4bcde7103c07b	Mystery Ranch Terraframe 背包（圣诞特装版）	Terraframe 圣诞版	Mystery Ranch Terraframe backpack (Christmas Edition)	Terraframe CE	5	6	backpack;wearable
674fe57721a9aa6be6045b96	SOK-12 Chaos Titan 四面导轨护木	Titan 四轨	SOK-12 Chaos Titan Quad Rail handguard	Titan Quad Rail	2	1	mods
674fe89a4472d471fb0f07d8	SOK-12 Chaos Titan 四面导轨护木顶盖	Titan QRTC	SOK-12 Chaos Titan Quad Rail handguard top cover	Titan QRTC	2	1	mods
674fe8b9362ea1f88b0e278d	SOK-12 Chaos Titan 机匣上导轨	Titan TR	SOK-12 Chaos Titan receiver top rail	Titan TR	2	1	mods
674fe8cf4472d471fb0f07df	Chaos 仿 HK 式照门	Chaos RS	Chaos HK Style rear sight	Chaos RS	1	1	mods
674fe8dd362ea1f88b0e2792	Chaos 仿 HK 式准星	Chaos FS	Chaos HK Style front sight	Chaos FS	1	1	mods
674fe8f6f34d761ab8020cc8	SOK-12 12 铅径 MD Arms 20发弹鼓	MD Arms	SOK-12 12ga MD Arms 20-round drum magazine	MD Arms	2	2	mods
674fe9a75e51f1c47c04ec23	Saiga-12K 12 铅径自动霰弹枪	Saiga-12K FA	Saiga-12K 12ga automatic shotgun	Saiga-12K FA	4	1	gun	Caliber12g
67506ca81f18589016006aa6	PNV-57E 夜视仪	PNV-57E	PNV-57E night vision goggles	PNV-57E	2	1	mods;noFlea
675307301f7c19a9780f2668	AR-15 Magpul B.A.D. 辅助释放杆	B.A.D.	AR-15 Magpul B.A.D. Lever bolt release	B.A.D.	1	1	mods
67586af7036d7f3da60c3612	一罐酸黄瓜	酸黄瓜	Jar of pickles	Pickles	1	2	barter
67586b7e49c2fa592e0d8ed9	盒装奥利维耶沙拉	沙拉	Olivier salad box	Salad	1	1	barter;provisions
67586bee39b1b82b0d0f9d06	40 度特殊燃料	燃料	Special 40-degree fuel	Fuel	2	2	barter
67586c61a0c49554ed0bb4a8	SHYSHKA 圣诞树续命药水	SHYSHKA	SHYSHKA Christmas tree life extender	SHYSHKA	1	2	barter
675956062f6ddfe8ff0e2806	MTEK FLUX 防弹头盔（高原复合迷彩）	FLUX	MTEK FLUX Ballistic helmet (MultiCam Alpine)	FLUX	2	2	wearable
6759655674aa5e0825040d62	MTEK FLUX 防弹头盔（橄榄绿）	FLUX	MTEK FLUX Ballistic helmet (Olive Drab)	FLUX	2	2	wearable
67597ceea35600b4c10cea86	MTEK STRIKE 防弹头盔（灰褐色）	STRIKE	MTEK STRIKE Ballistic helmet (Coyote)	STRIKE	2	2	wearable
67597d241d5a44f2f605df06	MTEK STRIKE 防弹头盔（灰褐/荒漠复合迷彩）	STRIKE	MTEK STRIKE Ballistic helmet (Coyote/MultiCam Arid)	STRIKE	2	2	wearable
6759af0f9c8a538dd70bfae6	Maska-1SCh 防弹头盔（圣诞特装版）	Maska-1SCh 圣诞	Maska-1SCh bulletproof helmet (Christmas Edition)	Maska-1SCh CE	2	2	wearable
6759bb94b8913ff13e049669	What You Seek 海报	海报	What You Seek poster	Poster	2	2	noFlea;poster
6759e07e4ff23436160d7fed	I Bear Loot 海报	海报	I Bear Loot poster	Poster	2	2	noFlea;poster
6759e19a8367ee2b0c0f4b92	女郎海报	海报	Girl poster	Poster	2	2	poster
6759e61067c8eb5cd10352f1	女郎海报	海报	Girl poster	Poster	2	2	poster
6759e6c39422e1708e0e9b81	女郎海报	海报	Girl poster	Poster	2	2	poster
6759e7a44ff23436160d7ff5	女郎海报	海报	Girl poster	Poster	2	2	poster
6759e8b1c3102563bd01c985	女郎海报	海报	Girl poster	Poster	2	2	poster
6759e91d8367ee2b0c0f4b94	特殊女郎海报	海报	Special girl poster	Poster	2	2	poster
675a0288c3102563bd01c9c3	竞技场广告海报	海报	Arena advertisement poster	Poster	2	2	poster
675a046b8f547d6cae01922e	竞技场海报	海报	Arena poster	Poster	2	2	poster
675a04c01474133a0d0bb212	野牛 vs 复仇者海报	海报	Bison vs Undertaker poster	Poster	2	2	poster
675a04fdb8913ff13e0496bb	Killa 与 Tagilla 海报	海报	Killa and Tagilla poster	Poster	2	2	poster
675a06b84ff23436160d802f	Alex Green 海报	海报	Alex Green poster	Poster	2	2	poster
675a081c1474133a0d0bb214	奇怪物语海报	海报	Things Sure Are Strange poster	Poster	2	2	poster
675a0a91af26c56ee1090728	TerraGroup 实验室招募广告	海报	TerraGroup Labs advertisement	Poster	2	2	poster
675a0b8d4ff23436160d8031	Geneburn 音乐会广告	海报	Geneburn concert advertisement	Poster	2	2	poster
675a0d2d57dd12f0260c4a31	《流亡之路》海报	海报	Exodus poster	Poster	2	2	poster
675a0eacf905bde03d0f8253	《狼窝》海报	海报	Den of Wolves poster	Poster	2	2	poster
675a0fbbb98bf391510bafcd	末日高速海报	海报	Highway poster	Poster	2	2	poster
675a125caf26c56ee109072a	《赴汤蹈火》海报	海报	Hell or Highwater poster	Poster	2	2	poster
675a191f67c8eb5cd1035305	《惊天枪战》海报	海报	Gunfight poster	Poster	2	2	poster
675a1a244ff23436160d8033	《末路航班》海报	海报	Last Flight poster	Poster	2	2	poster
675a1af21474133a0d0bb216	《骇人影片》海报	海报	Spooky Movie poster	Poster	2	2	poster
675a1c129422e1708e0e9baa	《瓦西里》海报	海报	Vasily poster	Poster	2	2	poster
675a1e502eac6c76e104ea1e	“RUN”海报	海报	RUN poster	Poster	2	2	poster
675a1f5c1474133a0d0bb218	《神射手》海报	海报	Sharpshooter poster	Poster	2	2	poster
675a202b6aaafea7210915fd	《伏击现场》海报	海报	The Ambush poster	Poster	2	2	poster
675a20c83fb2de89670113b4	《猎物》海报	海报	The Hunted poster	Poster	2	2	poster
675a213ff905bde03d0f8255	USEC 海报	海报	USEC poster	Poster	2	2	poster
675aaa003107dac10006332f	雷区地图（储备站）	雷区	Minefield map (Reserve)	Mines	1	1	noFlea
675aaa8f7f3c962069072b27	雷区地图（灯塔）	雷区	Minefield map (Lighthouse)	Mines	1	1	noFlea
675aaa9a3107dac100063331	雷区地图（森林）	雷区	Minefield map (Woods)	Mines	1	1	noFlea
675aaab74bca0b001d02f356	写有暗号“Voron”的纸条	暗号	Note with code word Voron	Code	1	1	noFlea
675aaae1dcf102478202c537	写有暗号“Onyx”的纸条	暗号	Note with code word Onyx	Code	1	1	noFlea
675aaae75a3ab8372d0b02a7	写有暗号“Adaptation”的纸条	暗号	Note with code word Adaptation	Code	1	1	noFlea
675aaaf674a7619a5304c233	写有暗号“Ark”的纸条	暗号	Note with code word Ark	Code	1	1	noFlea
675aab0d6b6addc02a08f097	写有暗号“Heartbeat”的纸条	暗号	Note with code word Heartbeat	Code	1	1	noFlea
675aadf3003bb2e826030996	精灵帽	精灵	Elf hat	Elf	1	1	wearable
675aae1c26dc64e17800fee6	鹿角帽	鹿角	Hat with antlers	Antlers	1	1	wearable
675ac888803644528007b3f6	白色巴拉克拉瓦头套	巴拉克拉瓦	Balaclava (White)	Balaclava	1	1	wearable
675dc9d37ae1a8792107ca96	BEAR 狗牌	BEAR	Dogtag BEAR	BEAR	1	1	barter;noFlea
675dcb0545b1a2d108011b2b	BEAR 狗牌	BEAR	Dogtag BEAR	BEAR	1	1	barter;noFlea
675ea3d6312c0a5c4e04e317	RSP-30 反应式信号弹（烟花）	烟花	RSP-30 reactive signal cartridge (Firework)	Firework	1	2	gun;noFlea;specialSlot	Caliber26x75
675ea4891b2579e8fe0250aa	信号弹（新年）	信号弹（新年）	Signal flare (New Year)	Signal flare (New Year)	1	1	ammo;noFlea	Caliber26x75
675ff11da6335de2280d492a	Aklys Defense 迅猛龙 .300 Blackout 突击步枪 默认	迅猛龙 默认	Aklys Defense Velociraptor .300 Blackout assault rifle Default	Velociraptor Default	4	2	preset
676008db84e242067d0dc4c9	Kappa 安全箱（亵渎版）	Kappa	Secure container Kappa (Desecrated)	Kappa	3	3	noFlea
67600929bd0a0549d70993f6	防弹插板箱	插板	Ballistic plate case	Plates	4	2	container
676009ddb623f3b8ba079419	.50 AE 铜质实心弹 弹药包（20发装）	铜弹	.50 AE Copper Solid ammo pack (20 pcs)	Copper	1	1	ammoBox
676009ed8f1fee08740f9479	.50 AE FMJ 弹药包（20发装）	FMJ	.50 AE FMJ ammo pack (20 pcs)	FMJ	1	1	ammoBox
676009fe8f1fee08740f947c	.50 AE JHP 弹药包（20发装）	JHP	.50 AE JHP ammo pack (20 pcs)	JHP	1	1	ammoBox
67600a0e84e242067d0dc4cd	.50 AE Hawk JSP弹药包（20发装）	JSP	.50 AE Hawk JSP ammo pack (20 pcs)	JSP	1	1	ammoBox
67600a42b32eb5d23e0eb459	6.8x51mm SIG FMJ 弹药包（20发装）	FMJ	6.8x51mm SIG FMJ ammo pack (20 pcs)	FMJ	1	1	ammoBox
67600a516f01341c9106ab4c	6.8x51mm SIG Hybrid 弹药包（20发装）	Hybrid	6.8x51mm SIG Hybrid ammo pack (20 pcs)	Hybrid	1	1	ammoBox;noFlea
676017fe8cfeeba9f707c8d6	SOK-12 Kiba Arms定制生化风格导轨防尘盖	SOK-12 ZC	SOK-12 Kiba Arms Zombie Custom dust cover	SOK-12 ZC	2	1	mods
676029a6bdead929d40bc368	鸡哥面具	鸡哥	Rooster mask	Rooster	2	2	wearable
676029ca2749de558a0b7e67	洋葱头面具	洋葱头	Cipollino mask	Cipollino	2	2	wearable
676029e22749de558a0b7e69	Aybolit 医生面具	Aybolit	Aybolit mask	Aybolit	2	2	wearable
676029f997f19b78f00a0197	狐狸面具	狐狸	Fox mask	Fox	2	2	wearable
67602a0f97f19b78f00a0199	绿毛怪 Grinch 面具	Grinch	Grinch mask	Grinch	2	2	wearable
67602a23c8e72a73250de737	野兔面具	野兔	Hare mask	Hare	2	2	wearable
67602a39c8e72a73250de739	天文学家面具	天文学家	Astronomer mask	Astronomer	2	2	wearable
6761492dc53ebe8c0f0a5efe	MPX GEN 2双侧拉机柄	MPX GEN2	MPX GEN 2 ambidextrous charging handle	MPX GEN2	1	1	mods
6761496fe2cf1419500357e9	SB Tactical MPX“手枪”稳定臂箍	MPX PSB	SB Tactical MPX Pistol Stabilizing Brace	MPX PSB	2	1	mods
67614994e889e1972605d6bb	4.75 英寸 Ronin Arms MPX 开口式消音枪管 9x19	MPX-SD 4.75"	MPX 9x19 Ronin Arms 4.75 inch Ported SD Barrel	MPX-SD 4.75"	1	1	mods
676149a3e2cf1419500357eb	6.75 英寸 Ronin Arms MPX 开口式消音枪管 9x19	MPX-SD 6.75"	MPX 9x19 Ronin Arms 6.75 inch Ported SD Barrel	MPX-SD 6.75"	2	1	mods
676149c5062e6212f5058c36	MPX 9x19 Ronin Arms 8 英寸 SD 型消音器	Ronin 8"	MPX 9x19 Ronin Arms 8 inch SD Suppressor	Ronin 8"	2	1	mods;suppressor
676149d8e889e1972605d6be	MPX 9x19 Ronin Arms 12 英寸 SD 型消音器	Ronin 12"	MPX 9x19 Ronin Arms 12 inch SD Suppressor	Ronin 12"	2	1	mods;suppressor
676149fbe2cf1419500357ee	MPX GEN1 4 英寸护木	MPX GEN1 4"	MPX GEN1 4 inch handguard	MPX GEN1 4"	1	1	mods
67614a0be889e1972605d6c0	MPX GEN1 8 英寸护木	MPX GEN1 8"	MPX GEN1 8 inch handguard	MPX GEN1 8"	2	1	mods
67614a225152c0eaed08ec86	MPX GEN2 4 英寸 M-LOK 护木	MPX GEN2 4"	MPX GEN2 4 inch M-LOK handguard	MPX GEN2 4"	1	1	mods
67614a31062e6212f5058c38	MPX GEN2 8 英寸 M-LOK 护木	MPX GEN2 8"	MPX GEN2 8 inch M-LOK handguard	MPX GEN2 8"	2	1	mods
67614a3ce2cf1419500357f4	MPX GEN2 6 英寸 M-LOK 护木	MPX GEN2 6"	MPX GEN2 6 inch M-LOK handguard	MPX GEN2 6"	2	1	mods
67614b3ab8c060ebb204b106	圆环舞臂带	圆环舞	Khorovod armband	Khorovod	1	1	noFlea;wearable
67614b542eb91250020f2b86	臂带（转生等级1）	转生	Armband (Prestige 1)	Prestige	1	1	noFlea;wearable
67614b6b47c71ea3d40256d7	臂带（转生等级2）	转生	Armband (Prestige 2)	Prestige	1	1	noFlea;wearable
676175789dcee773150c6925	Leupold Mark 5HD 5-25x56mm 35毫米步枪瞄准镜 (FDE)	Mark 5HD 5-25x56	Leupold Mark 5HD 5-25x56mm 35mm riflescope (FDE)	Mark 5HD 5-25	2	1	mods
6761759e7ee06333f108bf86	Leupold Mark IMS 35毫米瞄准镜固定基座	IMS 35mm	Leupold Mark IMS 35mm ring scope mount	IMS 35mm	2	1	mods
676175bb48fa5c377e06fc36	KAC MWS脚架转接器	MWS BA	KAC MWS Bipod Adapter	MWS BA	1	1	mods
6761763448fa5c377e06fc39	AKMS FAB Defense M4-AKMS P 枪托转接器	AKMS P	AKMS FAB Defense M4-AKMS P stock adapter	AKMS P	2	1	mods
6761765f1f08ed5e8800b7a6	Beta C-Mag 5.56x45 AR-15 100发弹鼓	AR C-Mag	AR-15 5.56x45 Beta C-Mag 100-round drum magazine	AR C-Mag	2	2	mods;noFlea
676176a162e0497044079f46	UZI 9x19 Beta C-Mag 100发弹鼓	UZI C-Mag	UZI 9x19 Beta C-Mag 100-round drum magazine	UZI C-Mag	2	2	mods
676176b762e0497044079f49	M9A3 9x19 CX4 30发弹匣	CX4	M9A3 9x19 CX4 30-round magazine	CX4	1	2	mods
676176d362e0497044079f4c	FN SCAR-H X-17 7.62x51突击步枪	X-17	FN SCAR-H X-17 7.62x51 assault rifle	X-17	1	1	gun	Caliber762x51
6761770e48fa5c377e06fc3c	X Products 7.62x51 AR-10 X-25 50发弹鼓	X-25	AR-10 7.62x51 X Products X-25 50-round drum magazine	X-25	1	2	mods;noFlea
676177591f08ed5e8800b7a9	RFB 3 英寸 四面导轨	RFB 3"	RFB Quad Rail 3 inch mount	RFB 3"	1	1	mods
6761777a1f08ed5e8800b7ac	DoubleStar ACE ARFX AR-15 镂空枪托	ARFX	AR-15 DoubleStar ACE ARFX Skeleton Stock	ARFX	2	1	mods
6761779c48fa5c377e06fc3f	AK AK-EVO枪托	AK-EVO	AK AK-EVO stock	AK-EVO	2	1	mods
676177b09cfcc4c25b027446	Toni System 战术附件枪管夹具	TS 夹具	Toni System Tactical Barrel Clamp	TS TBC	1	1	mods
676177df1f08ed5e8800b7ae	PP-19-01 Vityaz SAG MK1 M-LOK 护木与导气管	SAG MK1	PP-19-01 Vityaz SAG MK1 M-LOK handguard with gas tube	SAG MK1	1	1	mods
67618651ac5e57c15709a417	Sako TRG M10 .338 LM 栓动狙击步枪 默认	TRG M10 默认	Sako TRG M10 .338 LM bolt-action sniper rifle Default	TRG M10 Default	6	2	noFlea;preset
6761a6ccd9bbb27ad703c48a	旧屋钥匙	技术站	Old house room key	Depot	1	1	keys
6761a6f90575f25e020816a4	公司主管办公室钥匙	主管办	Company director's room key	Company	1	1	keys
6762bf5bf34fb59c3d0b8247	PP-19-01 勇士 9x19 冲锋枪 Kiba	PP-19-01 Kiba	PP-19-01 Vityaz 9x19 submachine gun Kiba	PP-19-01 Kiba	4	2	preset
676385710ec76052ee01610b	SIG MPX 9x19 冲锋枪 Gen.2 PDW	MPX Gen.2 PDW	SIG MPX 9x19 submachine gun Gen.2 PDW	MPX Gen.2 PDW	3	2	preset
6764089eba9ecbb20a0052f4	Saiga-12K 12 铅径自动霰弹枪 默认	Saiga-12K FA 默认	Saiga-12K 12ga automatic shotgun Default	Saiga-12K FA Default	6	2	preset
6764139c44b3c96e7b0e2f7b	AK 5.56x45 Molot Arms 45发弹匣	Molot .223	AK 5.56x45 Molot Arms 45-round magazine	Molot 223	1	3	mods
67641a851b2899700609901a	Cyclone Shakhin 基座	Shakhin	Cyclone Shakhin mount	Shakhin	1	1	mods
67641b461c2eb66ade05dba6	Cyclone Shakhin 3.7x 热成像瞄准镜	Shakhin	Cyclone Shakhin 3.7x thermal scope	Shakhin	2	1	mods;noFlea
67641bec4ad898aa100c1079	Cyclone Shakhin 瞄准镜眼罩	Shakhin	Cyclone Shakhin scope eyecup	Shakhin	1	1	mods
6764202ae307804338014c1a	USEC 狗牌	USEC	Dogtag USEC	USEC	1	1	barter;noFlea
6764207f2fa5e32733055c4a	USEC 狗牌	USEC	Dogtag USEC	USEC	1	1	barter;noFlea
676577166d874f6502106a21	20/70 箭形弹 弹药包（25发装）	箭形弹 20c	20/70 Flechette ammo pack (25 pcs)	Flechette	1	1	ammoBox
67657764c832f8c59c016d45	20/70 TSS 穿甲独头弹 弹药包（25发装）	TSS AP	20/70 TSS Armor Piercing Slug ammo pack (25 pcs)	TSS AP	1	1	ammoBox
67657773b83469e4f102dc27	20/70 DGS 独头弹 弹药包（25发装）	DGS	20/70 Dangerous Game Slug ammo pack (25 pcs)	DGS	1	1	ammoBox
6768c25aa7b238f14a08d3f6	7.62x51毫米 M80A1	M80A1	7.62x51mm M80A1	M80A1	1	1	ammo;noFlea	Caliber762x51
6769b8e3c1a1466c850658a8	7.62x51mm M80A1 弹药包（20发装）	M80A1	7.62x51mm M80A1 ammo pack (20 pcs)	M80A1	1	1	ammoBox;noFlea
676a93c51888885b4e008b18	Twitch 2025 冬季物资箱（普通）	Twitch 2025	Twitch Winter 2025 case (Common)	Twitch 2025	2	2	noFlea
676a95041888885b4e008b36	Twitch 2025 冬季物资箱（普通）	Twitch 2025	Twitch Winter 2025 case (Common)	Twitch 2025	2	2	noFlea
676a98d7b4ba2f4afa04c704	Twitch 2025 冬季物资箱（普通）	Twitch 2025	Twitch Winter 2025 case (Common)	Twitch 2025	2	2	noFlea
676a9a5c744595610f0ed501	Twitch 2025 冬季物资箱（普通）	Twitch 2025	Twitch Winter 2025 case (Common)	Twitch 2025	2	2	noFlea
676a9b15b4ba2f4afa04c7ad	Twitch 2025 冬季物资箱（普通）	Twitch 2025	Twitch Winter 2025 case (Common)	Twitch 2025	2	2	noFlea
676a9b1afe1fc45172014d32	Twitch 2025 冬季物资箱（普通）	Twitch 2025	Twitch Winter 2025 case (Common)	Twitch 2025	2	2	noFlea
676a9bc6744595610f0ed52e	Twitch 2025 冬季物资箱（普通）	Twitch 2025	Twitch Winter 2025 case (Common)	Twitch 2025	2	2	noFlea
676a9da81888885b4e008c51	Twitch 2025 冬季物资箱（稀有）	Twitch 2025	Twitch Winter 2025 case (Rare)	Twitch 2025	2	2	noFlea
676a9e46744595610f0ed53f	Twitch 2025 冬季物资箱（稀有）	Twitch 2025	Twitch Winter 2025 case (Rare)	Twitch 2025	2	2	noFlea
676a9f03744595610f0ed55f	Twitch 2025 冬季物资箱（稀有）	Twitch 2025	Twitch Winter 2025 case (Rare)	Twitch 2025	2	2	noFlea
676a9fc7a65670a58c084c9e	Twitch 2025 冬季物资箱（稀有）	Twitch 2025	Twitch Winter 2025 case (Rare)	Twitch 2025	2	2	noFlea
676aa016744595610f0ed563	Twitch 2025 冬季物资箱（稀有）	Twitch 2025	Twitch Winter 2025 case (Rare)	Twitch 2025	2	2	noFlea
676aa025fe1fc45172014d9f	Twitch 2025 冬季物资箱（稀有）	Twitch 2025	Twitch Winter 2025 case (Rare)	Twitch 2025	2	2	noFlea
676aa0f11888885b4e008c8b	Twitch 2025 冬季物资箱（稀有）	Twitch 2025	Twitch Winter 2025 case (Rare)	Twitch 2025	2	2	noFlea
676aa104fe1fc45172014da3	Twitch 2025 冬季物资箱（史诗）	Twitch 2025	Twitch Winter 2025 case (Epic)	Twitch 2025	2	2	noFlea
676aa29243000db5340061b5	Twitch 2025 冬季物资箱（史诗）	Twitch 2025	Twitch Winter 2025 case (Epic)	Twitch 2025	2	2	noFlea
676aa30ffe1fc45172014dce	Twitch 2025 冬季物资箱（史诗）	Twitch 2025	Twitch Winter 2025 case (Epic)	Twitch 2025	2	2	noFlea
676aa37ff90b6f429601afb5	Twitch 2025 冬季物资箱（史诗）	Twitch 2025	Twitch Winter 2025 case (Epic)	Twitch 2025	2	2	noFlea
676aa3cf7a232aa5c70bda8d	Twitch 2025 冬季物资箱（史诗）	Twitch 2025	Twitch Winter 2025 case (Epic)	Twitch 2025	2	2	noFlea
676aa3fc20a7cc6f4309e078	Twitch 2025 冬季物资箱（史诗）	Twitch 2025	Twitch Winter 2025 case (Epic)	Twitch 2025	2	2	noFlea
676aa450fe1fc45172014df2	Twitch 2025 冬季物资箱（史诗）	Twitch 2025	Twitch Winter 2025 case (Epic)	Twitch 2025	2	2	noFlea
676bf44c5539167c3603e869	RShG-2 72.5 毫米火箭发射器	RShG-2	RShG-2 72.5mm rocket launcher	RShG-2	4	1	gun	Caliber725
678f84bb9e85556ca60f0362	Tagilla 的“ZABEY”电焊面罩	"ZABEY"	Tagilla's welding mask "ZABEY"	"ZABEY"	2	2	noFlea;wearable
678fa929819ddc4c350c0317	阀门手轮	手轮	Valve handwheel	Wheel	1	1	keys;noFlea;specialSlot
679b944d597ba2ed120c3d3c	“最后一息”海报	最后一息	Last Breath poster	Last Breath	2	2	noFlea;poster
679b946f90622daf9708da6d	“最后时刻”海报	最后时刻	Final Moment poster	Final Moment	2	2	noFlea;poster
679b94734e9ca6b3d80586a7	“陶鲁斯”海报	陶鲁斯	Taurus poster	Taurus	2	2	noFlea;poster
679b9477708cfcb2060b9ade	塔科夫之魂海报	塔魂	Tark Souls poster	Tark Souls	2	2	noFlea;poster
679b9716597ba2ed120c3d3f	Knossos LLC 设施钥匙	Knossos	Knossos LLC facility key	Knossos	1	1	keys;noFlea
679b9819a2f2dd4da9023512	Labrys 访问钥匙卡	Labrys	Labrys access keycard	Labrys	1	1	keys;noFlea
679b992329acd1f2f60985a5	Labrys 研发记录	Labrys	Labrys research notes	Labrys	1	2
679b9cce4e4ed4b3b40ae5c5	钉子头玩偶	钉子头	Nailhead figurine	Nailhead	1	2	barter;noFlea
679b9d43597ba2ed120c3d44	Petya Crooker 玩偶	Crooker	Petya Crooker figurine	Crooker	1	2	barter;noFlea
679b9d4b3374fb14f40efe6d	吸血鬼公爵玩偶	吸血鬼	Count Bloodsucker figurine	Bloodsucker	1	2	barter;noFlea
679b9d55708cfcb2060b9ae3	异形玩偶	异形	Xenoalien figurine	Xenoalien	1	2	barter;noFlea
679b9d6390622daf9708da76	三角头玩偶	三角头	Pointy guy figurine	Pointy guy	1	2	barter;noFlea
679ba90d269ddfea47012159	系链双刃斧	双刃斧	Chained Labrys	Labrys	5	5	noFlea;wearable
679baa2c61f588ae2b062a24	一号房钥匙	钥匙 01	Key 01	Key 01	1	1	keys;noFlea
679baa4f59b8961f370dd683	二号房钥匙	钥匙 02	Key 02	Key 02	1	1	keys;noFlea
679baa5a59b8961f370dd685	三号房钥匙	钥匙 03	Key 03	Key 03	1	1	keys;noFlea
679baa9091966fe40408f149	四号房钥匙	钥匙 04	Key 04	Key 04	1	1	keys;noFlea
679baace4e9ca6b3d80586b2	观察室钥匙	观察室	Observation room key	Observe	1	1	keys;noFlea
679baae891966fe40408f14c	行刑室钥匙	行刑室	Torture room key	Torture	1	1	keys;noFlea
679bab714e9ca6b3d80586b4	停尸房钥匙	停尸房	Corpse room key	Corpses	1	1	keys;noFlea
679bac1d61f588ae2b062a26	迷宫钥匙	迷宫	Labyrinth key	Labyrinth	1	1	keys;noFlea
67a328326e3613a197068d05	RShG-2 72.5 毫米火箭发射器 默认	RShG-2 默认	RShG-2 72.5mm rocket launcher Default	RShG-2 Default	4	1	noFlea;preset
67a4b71ad3228756b6088ee2	Atomic Defense CQCM 防弹面具（微笑）	微笑	Atomic Defense CQCM ballistic mask (Smile)	Smile	2	2	noFlea;wearable
67a5c5b6dfdf568c9009af66	Atomic Defense CQCM 防弹面具 (Stop Me)	Stop Me	Atomic Defense CQCM ballistic mask (Stop Me)	Stop Me	2	2	noFlea;wearable
67a5c5df782ce4655104db14	Atomic Defense CQCM 防弹面具（战疤）	战疤	Atomic Defense CQCM ballistic mask (Scars)	Scars	2	2	noFlea;wearable
67a5c5f37f52620c5b05b4d6	Atomic Defense CQCM 防弹面具（标靶）	标靶	Atomic Defense CQCM ballistic mask (Target)	Target	2	2	noFlea;wearable
67a5c6068fcd9fb73f0752cf	Atomic Defense CQCM 防弹面具（骷髅）	骷髅	Atomic Defense CQCM ballistic mask (Skull)	Skull	2	2	noFlea;wearable
67a5c61c7f52620c5b05b4d8	Atomic Defense CQCM 防弹面具（恶魔）	恶魔	Atomic Defense CQCM ballistic mask (Demon)	Demon	2	2	noFlea;wearable
67a5c657782ce4655104db16	Atomic Defense CQCM 防弹面具（亡灵节）	亡灵	Atomic Defense CQCM ballistic mask (El Día de Muertos)	Muertos	2	2	noFlea;wearable
67a5f917dfdf568c9009af6b	半面巾（复合迷彩）	半面巾	Lower half-mask (MultiCam)	Half-mask	1	1	noFlea;wearable
67a5f94e802d287c670bb966	半面巾（僵尸）	僵尸	Lower half-mask (Zombie)	Zombie	1	1	noFlea;wearable
67a5f968fafb8efd440694b6	半面巾（苔藓迷彩）	苔藓	Lower half-mask (Moss)	Moss	1	1	noFlea;wearable
67a5f989f7041a25760dda36	半面巾（亡灵节）	亡灵	Lower half-mask (El Día de Muertos)	Muertos	1	1	noFlea;wearable
67a5f9a193f7b62b6b0f6576	半面巾（鬼魂）	鬼	Lower half-mask (Wraith)	Wraith	1	1	noFlea;wearable
67a5f9c8fafb8efd440694b8	半面巾（绿色头套图样）	半面巾	Lower half-mask (Balaclavas Green)	Half-mask	1	1	noFlea;wearable
67a5f9e7f7041a25760dda38	半面巾（红色头套图样）	半面巾	Lower half-mask (Balaclavas Red)	Half-mask	1	1	noFlea;wearable
67a5fa01fafb8efd440694ba	半面巾（白色头套图样）	面巾	Lower half-mask (Balaclavas White)	Half-mask	1	1	noFlea;wearable
67a9cc9cf05be177170bcd76	绿色巴拉克拉瓦头套	绿	Balaclava (Green)	Green	1	1	noFlea;wearable
67a9ccfff05be177170bcd78	疤脸巴拉克拉瓦头套	疤脸	Balaclava (Scars)	Scars	1	1	noFlea;wearable
67a9cd18f05be177170bcd7a	抓痕巴拉克拉瓦头套	抓痕	Balaclava (Scratches)	Scratches	1	1	noFlea;wearable
67a9cd28cade15e0f00123b6	“为死而生”巴拉克拉瓦头套	BTD	Balaclava (Born to Die)	BTD	1	1	noFlea;wearable
67a9cd381fb22063280728a6	“惹不起”巴拉克拉瓦头套	惹不起	Balaclava (Not Nice)	Not Nice	1	1	noFlea;wearable
67a9cd55c2a2d940930aec86	黄色巴拉克拉瓦头套	黄	Balaclava (Yellow)	Yellow	1	1	noFlea;wearable
67a9cd6ecade15e0f00123b8	奢华巴拉克拉瓦头套	奢华	Balaclava (Luxury)	Luxury	1	1	noFlea;wearable
67a9dc769de6826a650ee066	Cold Fear 隔热巴拉克拉瓦头套（绿色）	CF	Cold Fear infrared balaclava (Green)	CF	1	1	noFlea;wearable
67a9dc997faa4210bb0807c6	Cold Fear 隔热巴拉克拉瓦头套（SBEU）	SBEU	Cold Fear infrared balaclava (SBEU)	SBEU	1	1	noFlea;wearable
67a9dca99de6826a650ee068	Cold Fear 隔热巴拉克拉瓦头套（橡木纹）	橡木	Cold Fear infrared balaclava (Oak)	Oak	1	1	noFlea;wearable
67a9dcbac185de5a4d0c2a06	Cold Fear 隔热巴拉克拉瓦头套（生存迷彩）	Surpat	Cold Fear infrared balaclava (Surpat)	Surpat	1	1	noFlea;wearable
67a9dccf9de6826a650ee06a	Cold Fear 隔热巴拉克拉瓦头套（DPM 沙漠迷彩）	DPM 沙	Cold Fear infrared balaclava (DPM Desert)	DPM D	1	1	noFlea;wearable
67a9dce47faa4210bb0807c8	Cold Fear 隔热巴拉克拉瓦头套（热带复合迷彩）	MCTP	Cold Fear infrared balaclava (MultiCam Tropic)	MCTP	1	1	noFlea;wearable
67a9dd619de6826a650ee06c	Cold Fear 隔热巴拉克拉瓦头套（虎纹迷彩）	虎纹	Cold Fear infrared balaclava (Tiger Stripe)	Tiger	1	1	noFlea;wearable
67a9e9d04fb4a4a8a00d2826	红鼻子巴拉克拉瓦头套	红鼻子	Balaclava (Red Nose)	Red Nose	1	1	noFlea;wearable
67a9e9e0c185de5a4d0c2a13	天狗恶魔巴拉克拉瓦头套	天狗	Balaclava (Demon)	Demon	1	1	noFlea;wearable
67a9e9f09de6826a650ee074	骷髅巴拉克拉瓦头套	骷髅	Balaclava (Skull)	Skull	1	1	noFlea;wearable
67a9ea004fb4a4a8a00d2828	“恐惧”巴拉克拉瓦头套	恐惧	Balaclava (Fear)	Fear	1	1	noFlea;wearable
67a9ea10c185de5a4d0c2a15	黄色恶鬼巴拉克拉瓦头套	黄面	Balaclava (Yellow Oni)	Yellow Oni	1	1	noFlea;wearable
67a9ea39de7fb0f19e077da6	赤鬼巴拉克拉瓦头套	赤鬼	Balaclava (Red Oni)	Red Oni	1	1	noFlea;wearable
67a9ea7e4fb4a4a8a00d282a	白色恶鬼巴拉克拉瓦头套	白鬼	Balaclava (White Oni)	White Oni	1	1	noFlea;wearable
67a9ea98de7fb0f19e077da8	诡笑巴拉克拉瓦头套	诡笑	Balaclava (Smile)	Smile	1	1	noFlea;wearable
67aaf808bf7609058606a926	氯丁橡胶面具（M90 沙漠迷彩）	M90 D	Neoprene mask (M90 Desert)	M90 D	1	1	noFlea;wearable
67aaf82d508ee9b6440e9c46	氯丁橡胶面具（路易伪登）	LP	Neoprene mask (Loui Peeton)	Pitton	1	1	noFlea;wearable
67aaf84104dca1c82c071cf6	氯丁橡胶面具（自由摔跤）	摔跤	Neoprene mask (Lucha Libre)	Lucha	1	1	noFlea;wearable
67aaf851bf7609058606a928	氯丁橡胶面具（僵尸）	僵尸	Neoprene mask (Zombie)	Zombie	1	1	noFlea;wearable
67aaf863de7fb0f19e077db9	氯丁橡胶面具（非礼勿言）	缄默	Neoprene mask (Say Nothing)	Nothing	1	1	noFlea;wearable
67aaf879508ee9b6440e9c48	氯丁橡胶面具（鬼）	鬼	Neoprene mask (ONI)	ONI	1	1	noFlea;wearable
67ab2eecfe82855dcc0f2af6	Hexatac HPC 插板背心（复合迷彩）	HPC	Hexatac HPC Plate Carrier (MultiCam)	HPC	3	3	armor;noFlea;wearable
67ab2f28dafe3b22670c9116	BNTI Kirasa-N（胸甲-N）防弹衣（绿色）	Kirasa-N	BNTI Kirasa-N body armor (Green)	Kirasa-N	3	3	armor;noFlea;wearable
67ab2f5adafe3b22670c911f	FORT Redut-M（堡垒-M）防弹衣（韩国林地迷彩）	Redut-M	FORT Redut-M body armor (SK Woodland)	Redut-M	3	4	armor;noFlea;wearable
67ab2f94dafe3b22670c912c	HighCom Trooper TFO 防弹背心（郊狼棕）	Trooper	HighCom Trooper TFO body armor (Coyote)	Trooper	3	3	armor;noFlea;wearable
67ab3d4b83869afd170fdd3f	BBQ-S43 喷枪	BBQ-S43	BBQ-S43 gas torch	BBQ-S43	1	2	keys;noFlea;specialSlot
67ab3ea96d7ece17bf0096f6	ANA Tactical Alpha 胸挂（复合迷彩）	Alpha	ANA Tactical Alpha chest rig (MultiCam)	Alpha	4	4	noFlea;rig;wearable
67ab3f146d7ece17bf0096ff	BlackRock 胸挂（卡其色）	BlackRock	BlackRock chest rig (Khaki)	BlackRock	3	4	noFlea;rig;wearable
67ab49aab9c7a1e18c095686	Crye Precision AVS 插板胸挂（复合迷彩）	AVS	Crye Precision AVS plate carrier (MultiCam)	AVS	3	4	noFlea;rig;wearable
67ab4b2d6f7ae4aa550bbcf6	5.11 Tactical TacTec 插板胸挂（风暴灰）	TacTec	5.11 Tactical TacTec plate carrier (Storm)	TacTec	4	4	noFlea;rig;wearable
67af41dd1eb308667602db4a	Dundukk 运动太阳镜（橙色镜片）	Dundukk	Dundukk sport sunglasses (Orange lenses)	Dundukk	2	1	glasses;noFlea;wearable
67af425c2676ade5750b50e6	雷硼飞行员墨镜（绿色镜片）	飞行墨镜	RayBench Aviator glasses (Green lenses)	Aviator	2	1	glasses;noFlea;wearable
67af42942676ade5750b50e8	Oakley SI M Frame 护目镜（橙色镜片）	M Frame	Oakley SI M Frame safety glasses (Orange lenses)	M Frame	2	1	glasses;noFlea;wearable
67af42b38d9ef5c57e0d5126	圆框太阳镜（绿色镜片）	圆框	Round frame sunglasses (Green lenses)	RGlasses	2	1	glasses;noFlea;wearable
67b49e7335dec48e3e05e057	F-1手榴弹（短引信）	F-1 短	F-1 hand grenade (Reduced delay)	F-1 RD	1	1	grenade
67b70e43f753cf9f7a0a07a6	LATAM 2025 掉宝活动箱（普通）	Twitch	LATAM Drops Event 2025 case (Common)	Twitch	2	2	noFlea
67b72271e5673725070b0456	LATAM 2025 掉宝活动箱（稀有）	Twitch	LATAM Drops Event 2025 case (Rare)	Twitch	2	2	noFlea
67b72c64f753cf9f7a0a07aa	LATAM 2025 掉宝活动箱（史诗）	Twitch	LATAM Drops Event 2025 case (Epic)	Twitch	2	2	noFlea
67bdea8667098e658f064695	克鲁格洛夫的钥匙卡	克鲁格洛夫	Kruglov's RFID keycard	Kruglov	1	1	keys;noFlea;specialSlot
67bdf04d66ca1d79a2024637	已激活的克鲁格洛夫钥匙卡	已激活	Activated Kruglov's RFID keycard	RFID act.	1	1	keys;noFlea;specialSlot
67bdf0e67c1ef7a648043531	克鲁格洛夫保险箱里找到的钥匙卡	克鲁格洛夫	Keycard from Kruglov's safe	Kruglov	1	1	keys;noFlea
67c031b79320f644db06f456	空白 RFID 钥匙卡	空白	Blank RFID keycard	Blank RFID	1	1	keys
67c033fd0610e91bea056998	以 Kerman 提供的哈希代码重新编码的钥匙卡	K重编	Reprogrammed RFID keycard with Mr. Kerman's hash codes	RFID Mr.K	1	1	keys;noFlea;specialSlot
67c0345b354fca26a0008036	装有 Kerman 哈希代码的 U 盘	Mr.Kerman	Flash drive with Mr. Kerman's hash codes	Mr.Kerman	1	1	noFlea
67c04a6f9152fbdfa306cc66	以 Prapor 提供的哈希代码重新编码的钥匙卡	P重编	Reprogrammed RFID keycard with Prapor's hash codes	RFID Prap.	1	1	keys;noFlea;specialSlot
67c04a9bd98287be7b0923d8	装有 Prapor 哈希代码的 U 盘	Prapor	Flash drive with Prapor's hash codes	Prapor	1	1	noFlea
67c04dac9320f644db06f45c	未知名称钥匙卡	RFID L.	RFID keycard with unknown name	RFID L.	1	1	keys;noFlea;specialSlot
67c540c3d0538d12ec036c08	.308 ME	ME	.308 ME	ME	1	1	ammo;noFlea	Caliber784x49
67c540cfb032bbdb530201b8	.308 ME LOKT	LOKT	.308 ME LOKT	LOKT	1	1	ammo;noFlea	Caliber784x49
67c54114d0538d12ec036c0a	MXLR 扳机	MXLR扳机	MXLR trigger	MXLR trig.	1	1	mods
67c5411f26265106dd06979a	M1895/MXLR Ranger Point Precision 扳机	RPP扳机	M1895/MXLR Ranger Point Precision trigger	RPP trig.	1	1	mods
67c5412bb032bbdb530201ba	MXLR 击锤	MXLR击锤	MXLR hammer	MXLR ham.	1	1	mods
67c5414226265106dd06979c	M1895/MXLR Ranger Point Precision 击锤帽	RPP帽	M1895/MXLR Ranger Point Precision hammer spur extension	RPP spur	1	1	mods
67c5414ed0538d12ec036c0c	MXLR 击锤帽	MXLR帽	MXLR hammer spur extension	MXLR spur	1	1	mods
67c54183b032bbdb530201bc	MXLR 环状杠杆	MXLR环	MXLR loop lever	MXLR loop	1	1	mods
67c5418f26265106dd06979e	M1895/MXLR Ranger Point Precision 中型环状杠杆	RPP杠杆	M1895/MXLR Ranger Point Precision medium loop lever	RPP lever	1	1	mods
67c541ba5b84f7f36c03e555	MXLR 标准枪托	MXLR	MXLR standard stock	MXLR	2	1	mods
67c541ca26265106dd0697a0	M1895/MXLR Ranger Point Precision 铝制枪托	RPP铝	M1895/MXLR Ranger Point Precision aluminum stock	RPP alu	2	1	mods
67c541d45b84f7f36c03e557	M1895/MXLR Magpul ELG 枪托	ELG	M1895/MXLR Magpul ELG stock	ELG	2	1	mods
67c541fcb032bbdb530201be	M1895/MXLR Ranger Point Precision RHINO 5 英寸瞄准镜导轨	RHINO	M1895/MXLR Ranger Point Precision RHINO 5 inch scope rail	RHINO	2	1	mods
67c54210d0538d12ec036c0e	M1895/MXLR XS 马林步枪瞄具基座	XS基座	M1895/MXLR XS Marlin Optic Mount	XS MO	2	1	mods
67c5422726265106dd0697a2	M1895/MXLR XS 马林步枪鬼环式照门	XS鬼环	M1895/MXLR XS Marlin Ghost Ring rear sight	XS MGR	1	1	mods
67c5424826265106dd0697a4	MXLR .308 ME 5发弹仓	MXLR	MXLR .308 ME 5-round magazine	MXLR	2	1	mods
67c5425e26265106dd0697a7	MXLR .308 ME 24 英寸枪管	MXLR 24"	MXLR .308 ME 24 inch barrel	MXLR 24"	4	1	mods
67c54270b032bbdb530201c2	MXLR 标准准星	MXLR准星	MXLR standard front sight	MXLR FS	1	1	mods
67c5427eac40c364490664f6	M1895/MXLR XS 马林步枪鬼环式准星	XS鬼环	M1895/MXLR XS Marlin Ghost front sight	XS MGS	1	1	mods
67c5428ab032bbdb530201c4	MXLR 标准照门	MXLR照门	MXLR standard rear sight	MXLR RS	1	1	mods
67c5429fac40c364490664f8	M1895/MXLR Ranger Point Precision M-LOK 护木	RPP M-LOK	M1895/MXLR Ranger Point Precision M-LOK handguard	RPP M-LOK	3	1	mods
67c542aeb032bbdb530201c6	M1895/MXLR Magpul ELG M-LOK 护木	ELG M-LOK	M1895/MXLR Magpul ELG M-LOK handguard	ELG M-LOK	3	1	mods
67c542baac40c36449066500	M1895/MXLR Ranger Point Precision COSTA M-LOK 护木	RPP COSTA	M1895/MXLR Ranger Point Precision COSTA M-LOK handguard	RPP COSTA	3	1	mods
67c542c126265106dd0697ab	MXLR 标准护木	MXLR护木	MXLR standard handguard	MXLR HG	3	1	mods
67c542ecac40c36449066508	M1895/MXLR Ranger Point Precision COSTA 上导轨	RPP COSTA	M1895/MXLR Ranger Point Precision COSTA top rail	RPP COSTA	1	1	mods
67c6de3ce39861860909e8e5	马林 MXLR .308 ME 杠杆步枪	MXLR	Marlin MXLR .308 ME lever-action rifle	MXLR	1	1	gun	Caliber784x49
67cad1ec19b006e9e50f44d6	上锁的装备箱（通行证 0 赛季）	装备箱（通行证 0 赛季）	Locked equipment crate (BattlePass 0)	Equipment (BP 0)	4	4	barter;noFlea
67cad3226bf74131800752b7	已解锁的装备箱（通行证 0 赛季）	装备箱（0 赛季）	Unlocked equipment crate (BattlePass 0)	Equipment (BP 0)	4	4	noFlea
67d0576f29f580ebc10efd08	TheAKGuy AK-50 .50 BMG 反器材步枪	AK-50	TheAKGuy AK-50 .50 BMG anti-materiel rifle	AK-50	5	1	gun;noFlea	Caliber127x99
67d2c2aec4d4d19af00f9ba8	神圣护身符	护身符	Sacred Amulet	Amulet	1	1	noFlea;specialSlot
67d3ed3271c17ff82e0a5b0b	钥匙箱	钥匙箱	Key case	Keys	3	2	container
67d416e19bd76ef20f0e743b	AK-50 防尘盖	AK-50防尘盖	AK-50 dust cover	AK-50 DC	3	1	mods;noFlea
67d4178bffb910d21f04720a	24 英寸 AK-50 .50 BMG 枪管	AK-50 24"	AK-50 .50 BMG 24 inch barrel	AK-50 24"	4	1	mods;noFlea
67d417c023ec241bb70d4896	AK-50 M-LOK 护木与导气管组合	AK-50	AK-50 M-LOK handguard with gas tube	AK-50	1	1	mods;noFlea
67d41883f378a36c4706eeb7	AK-50 .50 BMG 膛口制退器	AK-50制退	AK-50 .50 BMG muzzle brake	AK-50 MB	1	1	mods;noFlea
67d418d0ffb910d21f04720e	M82A1 .50 BMG 10发弹匣	M82	M82A1 .50 BMG 10-round magazine	M82	1	2	mods
67d41936f378a36c4706eeb9	.50 BMG HP	HP	.50 BMG HP	HP	1	1	ammo;noFlea	Caliber127x99
67dc212493ce32834b0fa446	.50 BMG M21	M21	.50 BMG M21	M21	1	1	ammo;noFlea	Caliber127x99
67dc255ee3028a8b120efc48	.50 BMG M33	M33	.50 BMG M33	M33	1	1	ammo;noFlea	Caliber127x99
67dc2648ba5b79876906a166	.50 BMG M903 SLAP	M903	.50 BMG M903 SLAP	M903	1	1	ammo;noFlea	Caliber127x99
67e183377c6c2011970f3149	阿里阿德涅之线钥匙	阿里阿德涅	Ariadne symbol key	Ariadne	1	1	keys;noFlea
67ea616a74f765cefd009fb7	Tagilla 的“ZABEY”电焊面罩（仿制品）	"ZABEY"	Tagilla's welding mask "ZABEY" (Replica)	"ZABEY"	2	2	barter;noFlea
67ee7680562d5057e60ccc3a	TerraGroup 集团公寓钥匙	TG公寓	TerraGroup corporate apartment key	TG apt.	1	1	keys
67f90180f07898267b0a4ed7	竞技场杯系列巴拉克拉瓦	ACS	Arena Cup Series balaclava	ACS	1	1	noFlea;wearable
67f924a9154a04c33b0a3c57	Killa小迷妹海报	Rinaki	Killa fangirl poster	Rinaki	2	2	poster
67f924adb45d94a2600a8cc8	手榴弹女孩海报	Shoroh	Grenade girl poster	Shoroh	2	2	poster
67f924b1b07831a6ef0ce317	不同寻常的皮具吊带海报	Voroshka	Unusual leather rig poster	Voroshka	2	2	poster
67ff1e209d1f778973073376	M1895/MXLR Ranger Point Precision 扳机 (黑色)	RPP扳机	M1895/MXLR Ranger Point Precision trigger (Black)	RPP trig.	1	1	mods
67ff1e2b3e43c3abb701c7c6	M1895/MXLR Ranger Point Precision 扳机 (金色)	RPP扳机	M1895/MXLR Ranger Point Precision trigger (Gold)	RPP trig.	1	1	mods
67ff1eaf8e8db1dcb80ccad8	M1895/MXLR Ranger Point Precision 击锤帽 (黑色)	RPP帽	M1895/MXLR Ranger Point Precision hammer spur extension (Black)	RPP spur	1	1	mods
67ff1f9f32abb9a4280b5178	M1895/MXLR Ranger Point Precision 铝制枪托 (FDE)	RPP铝	M1895/MXLR Ranger Point Precision aluminum stock (FDE)	RPP alu	2	1	mods
67ff1fa88e8db1dcb80ccada	M1895/MXLR Ranger Point Precision 铝制枪托 (绿色)	RPP铝	M1895/MXLR Ranger Point Precision aluminum stock (Green)	RPP alu	2	1	mods
67ff24b9079850d544096ea6	M1895/MXLR Ranger Point Precision M-LOK 护木 (FDE)	RPP M-LOK	M1895/MXLR Ranger Point Precision M-LOK handguard (FDE)	RPP M-LOK	3	1	mods
67ff24c0abb53266190dfc66	M1895/MXLR Ranger Point Precision M-LOK 护木 (绿色)	RPP M-LOK	M1895/MXLR Ranger Point Precision M-LOK handguard (Green)	RPP M-LOK	3	1	mods
67ff26a2abb53266190dfc6c	M1895/MXLR Magpul ELG M-LOK 护木 (FDE)	ELG M-LOK	M1895/MXLR Magpul ELG M-LOK handguard (FDE)	ELG M-LOK	3	1	mods
67ff2792ea587611b0080956	M1895/MXLR Ranger Point Precision COSTA M-LOK 护木 (FDE)	RPP COSTA	M1895/MXLR Ranger Point Precision COSTA M-LOK handguard (FDE)	RPP COSTA	3	1	mods
67ff279dea587611b008095d	M1895/MXLR Ranger Point Precision COSTA M-LOK 护木 (绿色)	RPP COSTA	M1895/MXLR Ranger Point Precision COSTA M-LOK handguard (Green)	RPP COSTA	3	1	mods
67ff2c16c593c7b94a095e56	M1895/MXLR Magpul ELG 枪托 (FDE)	ELG	M1895/MXLR Magpul ELG stock (FDE)	ELG	2	1	mods
680b87fc9402a78e7504a057	KAC HK G36 折叠式准星	KAC G36	HK G36 KAC Front Flip Up Sight	KAC G36	1	1	mods
680b884f1a335f66240ecde7	KAC HK G36 600m 照门导轨	KAC照门	HK G36 KAC 600m Rear Sight Rail	KAC RS	1	1	mods
680f47b20407db2e550c4311	MDR BLK LBL ALX 20 脚架护木 (FDE)	ALX B 20	MDR BLK LBL ALX Bipod 20 handguard (FDE)	ALX B 20	3	1	mods
680f55788692125dc00a3354	MDR BLK LBL ALX 20 脚架护木 (黑色)	ALX B 20	MDR BLK LBL ALX Bipod 20 handguard (Black)	ALX B 20	3	1	mods
680f55b71e275ac1230f2dc6	MDR BLK LBL ALX 16 脚架护木 (FDE)	ALX B 16	MDR BLK LBL ALX Bipod 16 handguard (FDE)	ALX B 16	2	1	mods
680f5953b93ecb502102816a	MDR BLK LBL ALX 16 脚架护木 (黑色)	ALX B 16	MDR BLK LBL ALX Bipod 16 handguard (Black)	ALX B 16	2	1	mods
680f6d9a4d7624d36e06527b	MDR BLK LBL ALX 16 脚架	ALX 16	MDR BLK LBL ALX Bipod 16	ALX 16	2	1	mods
680f7e4aeee716732708e84e	MDR BLK LBL ALX 20 脚架	ALX 20	MDR BLK LBL ALX Bipod 20	ALX 20	2	1	mods
680f87118c5d2ff9020005cd	20 英寸 MDR 枪管 5.56x45	MDR 556 20"	MDR 5.56x45 20 inch barrel	MDR 556 20"	4	1	mods
680f87196d09c2f0740dd527	20 英寸 MDR 枪管 7.62x51	MDR 762 20"	MDR 7.62x51 20 inch barrel	MDR 762 20"	4	1	mods
681096b551511048940afed9	MDR BLK LBL ALX 20 寸护木 (FDE)	ALX 20	MDR BLK LBL ALX 20 handguard (FDE)	ALX 20	3	1	mods
68109a1f327033533604170a	MDR BLK LBL ALX 20 寸护木 (黑色)	ALX 20	MDR BLK LBL ALX 20 handguard (Black)	ALX 20	3	1	mods
68109c867807b4d2dd0b5df5	A.P. 会议录音带 - 1	会议1	A.P. meeting audio tape Part 1	Meet 1	1	1	noFlea
6810a469f6c2827d680d1f4c	MDR BLK LBL ALX 16 寸护木 (FDE)	ALX 16	MDR BLK LBL ALX 16 handguard (FDE)	ALX 16	2	1	mods
6810aa1474bf67765c02e91a	MDR BLK LBL ALX 16 寸护木 (黑色)	ALX 16	MDR BLK LBL ALX 16 handguard (Black)	ALX 16	2	1	mods
6810ca87002deee76b04970b	MDR 微型 M-LOK 护木 (FDE)	微型	MDR Micron M-LOK handguard (FDE)	Micron	1	1	mods
6810d2c6485a5ea11b01e3ad	11.5 英寸 MDR 枪管 5.56x45	MDR 556 11.5"	MDR 5.56x45 11.5 inch barrel	MDR 556 11.5"	2	1	mods
6810d3d8dc7bbeec2f0081c9	MDR 微型 M-LOK 护木 (黑色)	微型	MDR Micron M-LOK handguard (Black)	Micron	1	1	mods
6811e9119b009e592c07a59e	邪教受害者录音带 #1	受害者1	Cult victim audio tape #1	Victim 1	1	1	noFlea
6811f4854922782caa087440	MCX GEN1 10.5 英寸护木	MCX 10.5"	MCX GEN1 10.5 inch handguard	MCX 10.5"	3	1	mods
68120dcbb90552f01004e5ca	Lancer MCX 碳纤维 M-LOK 10.5 英寸护木	CF 10.5"	MCX Lancer Carbon Fiber M-LOK 10.5 inch handguard	CF 10.5"	3	1	mods
6812180dc20f5c52bc04d6cc	Lancer MCX 碳纤维 M-LOK 12 英寸护木	CF 12"	MCX Lancer Carbon Fiber M-LOK 12 inch handguard	CF 12"	3	1	mods
681236df5cbf0518e00557a0	Lancer MCX 碳纤维 M-LOK 18 英寸护木	CF 18"	MCX Lancer Carbon Fiber M-LOK 18 inch handguard	CF 18"	4	1	mods
681245a31eb182c02f0d7f09	16 英寸 MCX 枪管 .300 BLK	MCX 16"	MCX .300 BLK 16 inch barrel	MCX 16"	3	1	mods
68124640c5fd00ec0a01a237	Cal-X MCX 中等长度导气箍	MCX中	MCX Cal-X Mid-Piston gas block	MCX mid	1	1	mods
6819f8df28294ec0730db6b4	SZ-1 炸药	炸药	SZ-1 explosive charge	SZ-1	2	2	specialSlot
682315b0f8d8f8681e0744b0	L.A.C. AK-12 Akvilon-15 (北风-15) 护木	Akvilon-15	AK-12 L.A.C. Akvilon-15 handguard	Akvilon-15	2	1	mods
682315bdf8d8f8681e0744b5	Tactical Ideas AK-12 N-4 护木	N-4	AK-12 Tactical Ideas N-4 handguard	N-4	2	1	mods
682315c58639961c6001dbe7	Zenit AK-12 Sport-12 护木	Sport-12	AK-12 Zenit Sport-12 handguard	Sport-12	2	1	mods
682315d08639961c6001dbec	Zenit AK-12 Sport-12 护木防尘盖	Sport-12盖	AK-12 Zenit Sport-12 handguard cover	Sport-12 cover	2	1	mods
682317390ee6ef08a60e4547	Zenit B-2 导轨	B-2	Zenit B-2 rail	B-2	1	1	mods
682317428639961c6001dbf1	Zenit B-2U 导轨	B-2U	Zenit B-2U rail	B-2U	1	1	mods
68235b0b7d3ccc3ca20f4d01	BRT AK-12 M24 螺纹膛口转接器	BRT M24	AK-12 BRT M24 thread muzzle adapter	BRT M24	1	1	mods
68305fdc84a12bb973021fc0	DS Arms RPD 导轨护木	DSA RPD	RPD DS Arms Railed Handguard	DSA RPD	1	1	mods
6830601984a12bb973021fc2	DS Arms 7.62x39 RPD 370毫米枪管	RPD 370mm	RPD 7.62x39 DS Arms 370mm barrel	RPD 370mm	3	1	mods
683060403b1bb49282023611	DS Arms RPD 枪托	DSA RPD	RPD DS Arms buttstock	DSA RPD	2	1	mods
6830606e84a12bb973021fd0	DS Arms RPD“比利时型”7.62x51 膛口制退器	RPD BEL	RPD 7.62x51 DS Arms Belgian Style Muzzle Brake	RPD BEL	1	1	mods
68406efe068a2d99940c1ce3	硬盘 1	硬盘1	Disk drive 1	Disk 1	1	1	noFlea
68418091b5b0c9e4c60f0e7a	USEC 狗牌	USEC	Dogtag USEC	USEC	1	1	barter;noFlea
684180bc51bf8645f7067bc8	BEAR 狗牌	BEAR	Dogtag BEAR	BEAR	1	1	barter;noFlea
684180ee9b6d80d840042e8a	USEC 狗牌	USEC	Dogtag USEC	USEC	1	1	barter;noFlea
684181208d035f60230f63f9	BEAR 狗牌	BEAR	Dogtag BEAR	BEAR	1	1	barter;noFlea
6841b179322db20d190b4b99	“干点正经事”海报	海报	Get a Life poster	Poster	2	2	noFlea;poster
6841b1ff51bf8645f7067bca	汪汪拳海报	海报	Get a Paw poster	Poster	2	2	noFlea;poster
6841b2506c1fcc41ed0db319	臂带（转生等级3）	转生	Armband (Prestige 3)	Prestige	1	1	noFlea;wearable
6841b3463fcc417de40a6768	臂带（转生等级4）	转生	Armband (Prestige 4)	Prestige	1	1	noFlea;wearable
6841b3ab322db20d190b4b9b	臂带（转生等级5）	转生	Armband (Prestige 5)	Prestige	1	1	noFlea;wearable
6841b6b674a3c16f5e03d653	PMC 起源玩偶	起源	PMC Origins figurine	Origins	1	2	barter;noFlea
68540a07961c6f351f04d917	MP-155 12 铅径 660 毫米枪管	MP155 660mm	MP-155 12ga 660mm barrel	MP155 660mm	4	1	mods
68540a100103119fd00e115a	MP-155 12 铅径 750 毫米枪管	MP155 750mm	MP-155 12ga 750mm barrel	MP155 750mm	5	1	mods
68540aae1e5c6ff6f1051477	Arsenal AK 7.62x39 四棘消焰器	ARS 4P	AK 7.62x39 Arsenal 4 Piece Flash Hider	ARS 4P	1	1	mods
686665484c6f39163e076c3d	地图碎片	地图	Map piece	Map	1	1	noFlea
6866665cdf54e1190902df55	程序员日志 (副本)	副本	Programmer's diary (Copy)	Copy	1	2	noFlea
686666db646d47fec3018925	包含未知数据的光盘	光盘	Disk with unknown data	Disk	1	1	barter;noFlea
68666887df54e1190902df57	破译的情报文件夹	破译	Decrypted intelligence folder	Decryption	2	1	noFlea
6866ad3853330f9b83064cf9	黑色军团钥匙卡	黑色军团	Black Division keycard	BD	1	1	keys;noFlea
6866adbe09b973bf45094339	码头大门钥匙	码头	Pier door key	Pier	1	1	keys;noFlea
6871284e9a353bb50606f3ed	AS“巨浪”MOD.4 9x39 特种突击步枪	AS VAL MOD.4	AS VAL MOD.4 9x39 special assault rifle	AS VAL MOD.4	2	1	gun;noFlea	Caliber9x39
687128c4505fed5f370b1625	NB AS VAL MOD.4 套件护木	MOD.4套件	AS VAL NB MOD.4 Kit handguard	MOD.4 Kit	2	1	mods
68712a7d505fed5f370b1633	AS VAL MOD.4 弹匣井	MOD.4	AS VAL MOD.4 magwell	MOD.4	1	1	mods
68712b57a1be89347f0d8179	NB MOD.4 套件 3.5 英寸导轨	MOD.4	NB MOD.4 Kit 3.5 inch rail	MOD.4	1	1	mods
68712bd4251b8d4c6c04ec19	NB AS VAL MOD.4 套件防尘盖	MOD.4	AS VAL NB MOD.4 Kit top cover	MOD.4	2	1	mods
68712cafa1be89347f0d817c	AS VAL MOD.4 9x39 消音筒盖	MOD.4	AS VAL MOD.4 9x39 suppressor cap	MOD.4	1	1	mods
68712ce2251b8d4c6c04ec1f	AS VAL MOD.4 9x39 枪管一体式消音器	MOD.4	AS VAL MOD.4 9x39 integral barrel-suppressor	MOD.4	2	1	mods;suppressor
68750378555049ec270cdab7	正式版游戏光盘	正式版	Disk with release version	Release	1	1	noFlea
6877c2dcda2a05d0cb04f983	提到 #1156 项目的笔记	1156笔记	Note mentioning Item #1156	1156 note	1	1	noFlea
6877c834b52f568d4b0ea5a5	降临仪式的准备笔记	降临	Note on preparations for the Arrival	Arrival n.	1	1	noFlea
6877c866ae5d3a06a30d7f3f	TerraGroup 全球总部的直接命令	总部命令	Order from TerraGroup Worldwide headquarters	HQ order	1	1	noFlea
6877c87dd66d08f590036126	关于“大净化”的零散笔记	净化	Note with ramblings about the Purification	Purification	1	1	noFlea
6878c143254146e6fd043756	NB AS VAL MOD.4 9x39 膛口装置	MOD.4	AS VAL 9x39 NB MOD.4 muzzle brake	MOD.4	1	1	mods
6878c1c723c3173d7f06d926	NB AS VAL MOD.4 9x39 JailBrake 膛口装置	MOD.4 JB	AS VAL 9x39 NB MOD.4 JailBrake muzzle device	MOD.4 JB	1	1	mods
6878cc5bd0c26d57bf0aa37a	Zenit RK-3 AS VAL 手枪式握把	RK-3k	AS VAL Zenit RK-3 pistol grip	RK-3k	1	1	mods;pistolGrip
6878ccf4181ac8a5b5077236	NB AS VAL 枪托转接器	VAL缓冲	AS VAL NB stock adapter tube	VAL tube	2	1	mods
68889263ea36baf84d085540	A.P. 会议录音带 - 2	会议2	A.P. meeting audio tape Part 2	Meet 2	1	1	noFlea
688893c5a030f9346505e6d5	邪教受害者录音带 #2	受害者2	Cult victim audio tape #2	Victim 2	1	1	noFlea
68889451ad1e91bfa40db8fd	俄罗斯邮政录音带 5.11/ 001	邮政1	Rus Post audio tape 11.05 / 001	Post 1	1	1	noFlea
688894da0bc983c31509f32a	俄罗斯邮政录音带 5.11/ 002	邮政2	Rus Post audio tape 11.05 / 002	Post 2	1	1	noFlea
68889504f6192726ac07c66c	俄罗斯邮政录音带 5.11/ 003	邮政3	Rus Post audio tape 11.05 / 003	Post 3	1	1	noFlea
688895322f6b5b76380e6af5	神秘录音带	神秘录音	Mysterious audio tape	Mys. tape	1	1	noFlea
6888954ba66a069e0405a9aa	Addley Precision SVT-40 Smith-less 瞄准镜基座	SVT SL	SVT-40 Addley Precision Smith-less Scope Mount	SVT SL	1	1	mods
6888958794cca0a80b070ae9	情况报告录音带	报告	Audio tape with report	Report	1	1	noFlea
6888965ac122cae7a20765fa	Voevoda 的思考录音带	Voevoda	Voevoda's thoughts audio tape	Voevoda	1	1	noFlea
688897992f6b5b76380e6af9	死去科学家的录音带	迷宫	Deceased scientist's audio tape	Labyrinth	1	1	noFlea
688897e094cca0a80b070aed	犯罪证据录音带	证据	Audio tape with incriminating evidence	Evidence	1	1	noFlea
68889a2f94cca0a80b070af1	BEAR 指挥官留下的录音带，上面标着“给 BEAR 战友”	BEAR	BEAR commander's audio tape labeled "For the BEARs"	BEARs	1	1	noFlea
68889aab3fcaf13e48003ba7	USEC 指挥官留下的录音带，上面标着“给 USEC 战友”	USEC	USEC commander's audio tape labeled "For the USEC"	USECs	1	1	noFlea
68889aca77aeb067290816f1	USEC 行动人员留下的录音带，标着“第 35 天”	第35天	USEC operative's audio tape labeled "Day 35"	Day 35	1	1	noFlea
68889c930b29b8032504f369	Addley Precision SVT-40 钢制瞄准镜基座	SVT钢	SVT-40 Addley Precision Steel Scope Mount	SVT S	1	1	mods
6888ac0f5978b35e90010b49	SVT-40 仿 SVD 样式枪托	仿SVD	SVT-40 SVD style stock	SVT-40 SVD	4	1	mods
6889e4cd3ff7e9cfbc0c507c	军用数据随身碟	数据	Military thumb drive	Data	1	1
6889f1c4f7a5d7de7b089550	Five-seveN 5.7x28 Pro-Mag 30发弹匣	5-7 Pro	FN Five-seveN 5.7x28 Pro-Mag 30-round magazine	5-7 PM	1	1	mods
688a0b38467521f9080693a3	MeproLight Mepro M21 反射式瞄具	Mepro M21	MeproLight Mepro M21 reflex sight	Mepro M21	1	1	mods
688a0bf28cdd409ce60911ce	MeproLight Mepro 瞄具基座	Mepro	MeproLight Mepro red dot mount	Mepro	1	1	mods
688b2dba67bf6fa26c07e918	工具箱 (Discord 限定版)	工具箱	Toolbox (Discord Version)	Toolbox	2	2	container;noFlea
688b2e574172ca83e70cf868	臂带（紫）	臂带	Armband (Purple)	Armband	1	1	noFlea;wearable
688b3bfa1ed594eccd0c45ee	Atomic Defense CQCM 防弹面具（未读消息）	未读	Atomic Defense CQCM ballistic mask (Ping)	Ping	2	2	noFlea;wearable
688b44cb28bf8d85cd0ff108	Trijicon SRO 反射式瞄具	SRO	Trijicon SRO reflex sight	SRO	1	1	mods
688b4bd81cef2a61d0052738	Trijicon SRO 反射式瞄具 (FDE)	SRO	Trijicon SRO reflex sight (FDE)	SRO	1	1	mods
688b54a11cef2a61d005273b	Elcan SpecterDR Trijicon 基座适配顶板	Specter	Elcan SpecterDR Mounting Plate for Trijicon	Specter	1	1	mods
688b79b5eb234c75d900e050	TTS System 9A-91 护木	TTS 9A	9A-91 TTS System handguard	TTS 9A	1	1	mods
688b7b0d934c59b7bf0af0b7	TTS System 护木上导轨	TTS顶轨	TTS System handguard top rail	TTS top	1	1	mods
688b7c1b0e99e554a90c0fb7	TTS System 2.5 英寸导轨	TTS 2.5"	TTS System 2.5 inch rail	TTS 2.5"	1	1	mods
688c86420e99e554a90c0fd6	SR-3M Karden 导轨护木	SR-3MK	SR-3M Karden rail handguard	SR-3MK	1	1	mods
688c9df121038434840a1e06	JMac 定制 RSA-5.5 AK 枪托转接器	RSA-5.5	AK JMac Customs RSA-5.5 stock adapter	RSA-5.5	1	1	mods
688cbdc341e2a57a8f0c1c6c	Samson AK 折叠枪托后耳轴转接器	RTFSA	AK Samson Rear Trunnion Folding Stock Adapter	RTFSA	1	1	mods
689166b6c2d6fa42e7044756	AK-308 7.62x51 突击步枪	AK-308	Kalashnikov AK-308 7.62x51 assault rifle	AK-308	4	1	gun	Caliber762x51
689166debd91cc17c109c753	AK-308 护木	AK-308护木	AK-308 handguard	AK-308 HG	1	1	mods
68916701bd91cc17c109c758	AK-308 7.62x51 20发弹匣	AK-308	AK-308 7.62x51 20-round magazine	AK-308	1	2	mods
689167248f19dbc8190728ed	AK-308 导轨防尘盖	AK-308防尘盖	AK-308 railed dust cover	AK-308 DC	2	1	mods
68916765fa628c6b9f0ed6f6	AK-308 照门基座	AK-308基座	AK-308 rear sight base	AK-308 RSB	1	1	mods
689167d79f03ec70cb0ea066	AK-308 7.62x51 消焰器	AK-308消焰	AK-308 7.62x51 flash hider	AK-308 FH	1	1	mods
6891bb203bbad2a6230f9be8	USEC 尸体上发现的笔记	死亡笔记	Note from USEC's corpse	USEC body	1	1	noFlea
6891bb67f674f551000a38d3	TerraGroup 办公区域撤离路线图	撤离点	Escape route map from the TerraGroup office area	Exfils	1	1	noFlea
6891bb83d7502d512502d160	塔科夫新闻第 142 期	新闻#142	Tarkov News Issue #142	TN #142	1	1	noFlea
6891bb9f81d0bf37b10249f4	神秘蓝焰的目击报告	蓝焰	Blue Fire witness note	Blue Fire	1	1	noFlea
68935269af943a06e8038c58	AK-308/Saiga-308 7.62x51 ProMag 24发弹匣	ProMag	Saiga-308/AK-308 7.62x51 ProMag 24-round magazine	ProMag	1	2	mods
689479a4a733b1602007e2eb	Spiritus Systems LV-119 插板胸挂 (黑色军团 V1)	LV-119	Spiritus Systems LV-119 Plate Carrier (Black Division V1)	LV-119	4	3	noFlea;rig;wearable
689479cb47e5acd1e10be986	Ferro Concepts FCPC V5 插板胸挂 (黑色军团)	FCPC V5	Ferro Concepts FCPC V5 Plate Carrier (Black Division)	FCPC V5	3	3	noFlea;rig;wearable
689479eb30cc5ba7be00f5ff	Spiritus Systems LV-119 插板胸挂 (黑色军团 V2)	LV-119	Spiritus Systems LV-119 Plate Carrier (Black Division V2)	LV-119	4	4	noFlea;rig;wearable
68947a4be4bf255d1b0ca746	First Spear Siege-R Optimized M.A.S.S. 插板胸挂 (黑色军团)	Siege-R	First Spear Siege-R Optimized M.A.S.S. Plate Carrier (Black Division)	Siege-R	4	4	noFlea;rig;wearable
68947a8ce4bf255d1b0ca759	Tasmanian Tiger Modular Pack 45 Plus 模块化背包 (黑系复合迷彩)	45+ 模块化背包	Tasmanian Tiger Modular Pack 45 Plus (MultiCam Black)	Modular Pack 45	5	8	backpack;noFlea
68947ab5a733b1602007e2fe	Mystery Ranch 2 日突击包 (黑色)	2 日突击	Mystery Ranch 2 Day Assault Pack (Black)	2 Day Assault	5	6	backpack;noFlea
68947ad3e4bf255d1b0ca75c	Mystery Ranch NICE 框架式承重系统	NICE 承重背带	Mystery Ranch NICE Frame Load Sling	NICE Load Sling	5	6	backpack;noFlea
68948a95d8f2b85fb705e2a6	6B45 防弹衣	6B45	6B45 body armor (EMR)	6B45	3	4	armor;wearable
68948ad72c87773b9f06d73f	6B45 防弹胸挂 (通用型)	6B45	6B45 armored rig (General Purpose, EMR)	6B45	3	4	rig;wearable
68948aebd8f2b85fb705e2b0	6B45 防弹胸挂 (医疗型)	6B45	6B45 armored rig (Medic, EMR)	6B45	3	4	rig;wearable
68948b118c57a8a52301d7ae	6B45 防弹胸挂 (突击型)	6B45	6B45 armored rig (Assault, EMR)	6B45	3	4	rig;wearable
6895bb82c4519957df062f82	雷电 Model 1 FA 5.56x45 突击步枪	Model 1	Radian Weapons Model 1 FA 5.56x45 assault rifle	Model 1	1	1	gun	Caliber556x45NATO
6895bd19d55f0ebf6a0c0306	雷电 Model 1 14 英寸 AR-15 护木	雷电14"	AR-15 Radian Weapons Model 1 14 inch handguard	Radian 14"	3	1	mods
6895becad55f0ebf6a0c0311	雷电 Model 1 5.56x45 AR-15 上机匣	Model 1	AR-15 Radian Weapons Model 1 5.56x45 upper receiver	Model 1	2	1	mods
6895bf08e2d16810ba0bf43e	雷电 Raptor-SD AR-15 拉机柄	Raptor-SD	AR-15 Radian Weapons Raptor-SD charging handle	Raptor-SD	1	1	mods
689b3fffa1295e322207a677	Gatorz Specter 军规防弹眼镜	Specter	Gatorz Specter MILSPEC ballistic glasses	Specter	2	1	glasses;noFlea;wearable
689b404db49f27df1c0873f6	Gentex Ops-Core SOTR 面罩	SOTR	Gentex Ops-Core SOTR respirator	SOTR	2	2	noFlea;wearable
689b4ed2987b304021088e8f	来自 Kerman 先生的笔记	Mr.Kerman	Note from Mr. Kerman	Mr.Kerman	1	1	noFlea
689b4f338dbf3fd40f0bc778	感应钥匙卡说明书	钥匙卡说明	RFID card manual	RFID guide	1	1	noFlea
689b4f5f6035689a0c0724ce	与 A 女士的谈话记录	A女士	Transcript of conversation with Ms. A.	Ms. A.	1	1	noFlea
689b5072665c386d9c007a41	诺文斯克地区政府设施情报文件夹	诺文斯克情报	Folder with intelligence on Norvinsk region facilities	Norvinsk int.	1	1	noFlea
689b5093987b304021088e91	来自 Prapor 手下的便条	Prapor指示	Note from Prapor's men	Prap's men	1	1	noFlea
689b50ec127673bbd40706d1	更新企业协作流程的文件指示	TG文件	Document on changes in enterprise interactions	TG contr.	1	1	noFlea
689b5108304455f61a0bc298	货运传真	货运传真	Cargo transport fax	Cargo fax	1	1	noFlea
689b512b075404ce7e09ec12	硬盘恢复内容	A.P.打印稿	Hard drive printout	A.P. print	1	1	noFlea
689b514c886e9848a4085915	写有笔记的货运清单	清单	Transport log with notes	Log	1	1	noFlea
689b5187665c386d9c007a43	燃料催化剂测试报告	催化剂	Fuel catalyst test report	Catalyst	1	1	noFlea
689b51b2987b304021088e93	岗亭留下的便条	岗亭	Guard post note	Guard n.	1	1	noFlea
689b51de2c175da5bf083b9f	烧焦的文件	烧焦文件	Burnt document	Burnt doc	1	1	noFlea
689b5218533aa51a060f810a	提到“守望者”的文件	守望者	Document mentioning the Warden	Warden	1	1	noFlea
689b5256147eeab4410ecd14	提到某种协议的文件	协议	Document mentioning a protocol	O Protocol	1	1	noFlea
689b52892c175da5bf083ba1	向 TerraGroup 全球总部提交报告的副本	蓝冰	Copy of report for TG Worldwide	Blue Ice	1	1	noFlea
689b52d6886e9848a4085917	#1156 项目规格文件	#1156规格	Item #1156 specification	1156 spec.	1	1	noFlea
689b52ff147eeab4410ecd16	关于“世界之眼”的记录	世界之眼	Note about the Eye of the World	EotW	1	1	noFlea
689b53222c175da5bf083ba3	降临之书	降临之书	Book of the Arrival	Book of the Arrival	2	2	noFlea
689b536a4b553916720119aa	程序员的笔记	降临	Programmer's note	Arrival w.	1	1	noFlea
689b53952b1ac3b0810b7fe0	受害者的笔记	受害者	Victim's note	Victim	1	1	noFlea
689b53b7127673bbd40706d3	从邪教徒屋子里发现的剪报	Cobalt剪报	Newspaper clipping from the cultists' house	Cobalt clip.	1	1	noFlea
689b53ef987b304021088e95	ARRS 系统规格说明	ARRS规格	ARRS system specifications	ARRS spec.	1	1	noFlea
689b5f0f986634d56b0e099f	塔格勒传说海报	塔格勒传说	Targrad Tales poster	Targrad Tales	2	2	noFlea;poster
689b880fff8b4adc420f5b56	Avon M53A1 防毒面具	M53A1	Avon M53A1 gas mask	M53A1	2	2	noFlea;wearable
689b8883b49f27df1c0873f8	Wilcox L4G24 夜视仪支架 (狼棕色)	L4G24	Wilcox L4G24 NVG Mount (Coyote)	L4G24	1	1	mods
689b889473ebd6871805edd6	L3Harris PVS-31A 夜视仪	PVS-31A	L3Harris PVS-31A night vision goggles	PVS-31A	2	1	mods;noFlea
689c887cd18a3665b8045743	SureFire M600 Ultra Scout 手电	M600U	SureFire M600 Ultra Scout Light	M600U	1	1	mods
689c8981bce76ccfbf01862f	SureFire M600 Scout 手电夹具基座	M600	SureFire M600 Scout Light Thumbscrew Mount	M600	1	1	mods
689c8a2b4b91399db3085f27	Arisaka Inline Scout 手电 KeyMod 基座	Inline KM	Arisaka Inline Scout Mount KeyMod	Inline KM	1	1	mods
689c8b454b91399db3085f2a	Arisaka Inline Scout 手电 M-LOK 基座	Inline M-LOK	Arisaka Inline Scout Mount M-LOK	Inline M-LOK	1	1	mods
689dbded6c7e684817080c29	Wilcox L4G24 夜视仪支架 (黑色)	L4G24	Wilcox L4G24 NVG Mount (Black)	L4G24	1	1	mods
68a4858f9dc8c374800a3b4a	6B45 防弹衣 默认	6B45 默认	6B45 body armor (EMR) Default	6B45 Default	3	4	noFlea;preset
68a48621a12f8ef80602e731	6B45 防弹胸挂 (通用型) 默认	6B45 默认	6B45 armored rig (General Purpose, EMR) Default	6B45 Default	3	4	noFlea;preset
68a486957028853ac608114a	6B45 防弹胸挂 (医疗型) 默认	6B45 默认	6B45 armored rig (Medic, EMR) Default	6B45 Default	3	4	noFlea;preset
68a48ab31f22b581a2030050	6B45 防弹胸挂 (突击型) 默认	6B45 默认	6B45 armored rig (Assault, EMR) Default	6B45 Default	3	4	noFlea;preset
68a5ab09c44fa287ba0a97b5	FALKE LE 反射式瞄具	FALKE LE	FALKE LE reflex sight	FALKE LE	1	1	mods
68a5ac69b55a6b93c20a2bc7	SwampFox Justice 反射式瞄具	Justice	SwampFox Justice reflex sight	Justice	1	1	mods
68a5dc0c2cd64a8b58023b87	Strike Industries GRIDLOK AR-15 护木框架式基座 (黑色)	GRIDLOK基座	AR-15 Strike Industries GRIDLOK base (Black)	GRIDLOK base	1	1	mods;noFlea
68a5dc4eed35a7eac1048ff6	Strike Industries GRIDLOK 8.5 英寸 AR-15 护木	GRIDLOK 8.5"	AR-15 Strike Industries GRIDLOK 8.5 inch handguard	GRIDLOK 8.5"	2	1	mods;noFlea
68a602cbfb13db424b090c13	First Spear Siege-R Optimized M.A.S.S. 插板胸挂 (黑色军团) 默认	Siege-R 默认	First Spear Siege-R Optimized M.A.S.S. Plate Carrier (Black Division) Default	Siege-R Default	4	4	noFlea;preset
68a603694f9d887551041241	Ferro Concepts FCPC V5 插板胸挂 (黑色军团) 默认	FCPC V5 默认	Ferro Concepts FCPC V5 Plate Carrier (Black Division) Default	FCPC V5 Default	3	3	noFlea;preset
68a603dbe1fa4b49a70d3b49	Spiritus Systems LV-119 插板胸挂 (黑色军团 V2) 默认	LV-119 默认	Spiritus Systems LV-119 Plate Carrier (Black Division V2) Default	LV-119 Default	4	4	noFlea;preset
68a60485d6099c8c630d7c85	Spiritus Systems LV-119 插板胸挂 (黑色军团 V1) 默认	LV-119 默认	Spiritus Systems LV-119 Plate Carrier (Black Division V1) Default	LV-119 Default	4	3	noFlea;preset
68a639748e1fe612970728e9	柯尔特 M16A1 5.56x45 突击步枪	M16A1	Colt M16A1 5.56x45 assault rifle	M16A1	1	1	gun	Caliber556x45NATO
68a6399922b1e0bd360afe56	柯尔特 M16A2 5.56x45 突击步枪	M16A2	Colt M16A2 5.56x45 assault rifle	M16A2	1	1	gun	Caliber556x45NATO
68a63a9522b1e0bd360afe5f	柯尔特 AR-15 早期拉机柄	AR-15早期	AR-15 Colt early type charging handle	AR-15 ET	1	1	mods
68a63ac58e1fe612970728f2	20 英寸 M16A2 枪管 5.56x45	AR-15 A2 20"	AR-15 5.56x45 A2 type 20 inch barrel	AR-15 A2 20"	4	1	mods
68a63b03e1fb670852024656	柯尔特 USGI A1 5.56x45 三叉消焰器	USGI A1	AR-15 Colt USGI A1 3-prong 5.56x45 flash hider	USGI A1 3-pr	1	1	mods
68a63b73c92ee33ffa01bf57	柯尔特 AR-15 5.56x45 STANAG 20发弹匣	STANAG	AR-15 5.56x45 Colt STANAG 20-round magazine	STANAG	1	1	mods
68a63b90e1fb670852024659	柯尔特 M16A1E1 5.56x45 突击步枪上机匣	M16A1E1	M16A1E1 5.56x45 upper receiver	M16A1E1	2	1	mods
68a63b9b8e1fe612970728f7	柯尔特 M16A2 5.56x45 突击步枪上机匣	M16A2	M16A2 5.56x45 upper receiver	M16A2	2	1	mods
68a63bc422b1e0bd360afe61	柯尔特 M16A1 7 型枪托	Type 7	AR-15 Colt M16A1 Type 7 stock	Type 7	2	1	mods
68a63c1fc92ee33ffa01bf5a	柯尔特 A2 AR-15 枪托	A2	AR-15 Colt A2 stock	A2	2	1	mods
68a63c5ce1fb670852024661	柯尔特 A2 AR-15 缓冲管	Colt A2	AR-15 Colt A2 buffer tube	Colt A2	2	1	mods
68a63c7322b1e0bd360afe65	柯尔特 N1 AR-15 枪托	N1	AR-15 Colt N1 Stock	N1	2	1	mods
68a63c998e1fe612970728fe	John Masen AR-15 缓冲垫	N1 RP	AR-15 John Masen Recoil Pad	N1 RP	1	1	mods
68a63cb3e1fb670852024664	柯尔特 M16A1 AR-15 护木	M16A1	AR-15 Colt M16A1 handguard	M16A1	3	1	mods
68a63cc0c92ee33ffa01bf5c	柯尔特 M16A2 AR-15 护木	M16A2	AR-15 Colt M16A2 handguard	M16A2	3	1	mods
68a63ccc8a85019a82087956	柯尔特 CAR-15 细款护木	CAR-15	AR-15 CAR-15 Skinny handguard	CAR-15	2	1	mods
68a63cdac92ee33ffa01bf5f	KAC M5 RAS AR-15 护木	M5 RAS	AR-15 KAC M5 RAS handguard	M5 RAS	3	1	mods
68a63ce2e1fb670852024667	KAC M5 RAS 下护木	M5 RAS下	AR-15 KAC M5 RAS lower handguard	M5 RAS lower	3	1	mods
68a63d1522b1e0bd360afe67	ProMag 三角洲风格 AR-15 提把瞄具基座	三角洲	AR-15 ProMag Delta Style scope mount	Delta Style	1	1	mods
68a63d3c8e977b40b2032286	MaTech BUIS 照门	MaTech	MaTech BUIS rear sight	MaTech	1	1	mods
68a63d4f22b1e0bd360afe6a	柯尔特 A1 AR-15 手枪式握把	A1	AR-15 Colt A1 pistol grip	A1	1	1	mods;pistolGrip
68a6413b54ef229c4d089238	柯尔特 A2 型下护木	M16A2下	AR-15 Colt A2 lower handguard	M16A2 lower	3	1	mods
68a641452258a88280055616	柯尔特 CAR-15 细款下护木	CAR-15下	AR-15 Colt CAR-15 Skinny lower handguard	CAR-15 lower	2	1	mods
68a6d95addf0111c2f04c9c3	SHIELD 神中神 硬质安全帽 (橘色)	安全帽	SHIELD Absolute Cinema hard hat (Orange)	Hard hat	2	2	wearable
68a6d96fddf0111c2f04c9c9	SHIELD 神中神 硬质安全帽 (白色)	安全帽	SHIELD Absolute Cinema hard hat (White)	Hard hat	2	2	wearable
68a6e8fd4ac5b037cb0e9b86	Strike Industries GRIDLOK AR-15 护木延长段 (黑色)	GRIDLOK延长	AR-15 Strike Industries GRIDLOK Extension (Black)	GRIDLOK Ext.	1	1	mods;noFlea
68a6f3b27279296357007cd7	Strike Industries GRIDLOK 11 英寸 AR-15 护木	GRIDLOK 11"	AR-15 Strike Industries GRIDLOK 11 inch handguard	GRIDLOK 11"	2	1	mods;noFlea
68a6fbb07279296357007ce2	Strike Industries GRIDLOK 15 英寸 AR-15 护木	GRIDLOK 15"	AR-15 Strike Industries GRIDLOK 15 inch handguard	GRIDLOK 15"	3	1	mods;noFlea
68a6fbfdd31595bb360c73bd	Strike Industries GRIDLOK 17 英寸 AR-15 护木	GRIDLOK 17"	AR-15 Strike Industries GRIDLOK 17 inch handguard	GRIDLOK 17"	3	1	mods;noFlea
68a6ff732885e0bbd30bb6f9	Strike Industries GRIDLOK AR-15 护木延长段 (黄色)	GRIDLOK延长	AR-15 Strike Industries GRIDLOK Extension (Yellow)	GRIDLOK Ext.	1	1	mods;noFlea
68a6ff952885e0bbd30bb6fd	Strike Industries GRIDLOK AR-15 护木延长段 (红色)	GRIDLOK延长	AR-15 Strike Industries GRIDLOK Extension (Red)	GRIDLOK Ext.	1	1	mods;noFlea
68a6fff085a17dc1cb008066	Strike Industries GRIDLOK AR-15 护木框架式基座 (黄色)	GRIDLOK基座	AR-15 Strike Industries GRIDLOK base (Yellow)	GRIDLOK base	1	1	mods;noFlea
68a7000d7708ac5120060527	Strike Industries GRIDLOK AR-15 护木框架式基座 (红色)	GRIDLOK基座	AR-15 Strike Industries GRIDLOK base (Red)	GRIDLOK base	1	1	mods;noFlea
68a85ab8ef22d08bf401fa68	FirstSpear Strandhogg 插板胸挂（ABU 迷彩）	Strandhogg	First Spear Strandhogg plate carrier (ABUPAT)	Strandhogg	3	4	noFlea;rig;wearable
68a85ac615a5769d50029cd9	ANA Tactical Alpha 胸挂（A-TACS AU）	Alpha	ANA Tactical Alpha chest rig (A-TACS AU)	Alpha	4	4	noFlea;rig;wearable
68a86bd51d1284a8e20e39d5	11.5 英寸 AR-15 枪管 5.56x45	AR-15 11.5"	AR-15 5.56x45 11.5 inch barrel	AR-15 11.5"	2	1	mods
68a89146212dbbeead0d5636	NFM THOR 隐蔽型强化防弹背心（头眼）	THOR 隐蔽型	NFM THOR Concealable Reinforced Vest body armor (Head Eyes)	THOR CRV	3	3	armor;noFlea;wearable
68a89942431252e29a02dbf6	Interceptor OTV 防弹衣（林地迷彩）	OTV	Interceptor OTV body armor (Woodland)	OTV	3	3	armor;noFlea;wearable
68a97093431252e29a02dc06	NPP KlASS Korund-VM（刚玉-VM）防弹衣（虎纹迷彩）	Korund-VM	NPP KlASS Korund-VM body armor (Kamysh)	Korund-VM	3	4	armor;noFlea;wearable
68a986615db8a4a66404ff9a	WARTECH MK3 TV-104 胸挂 (苔藓迷彩)	MK3 TV-104	WARTECH MK3 TV-104 chest rig (Moss)	MK3 TV-104	3	4	noFlea;rig;wearable
68a986ca5c0073fa2d0d8cb8	Vulkan-5 (火神) LShZ-5 重型防弹头盔 (8 号球)	Vulkan-5	Vulkan-5 LShZ-5 bulletproof helmet (Eight-ball)	LShZ-5	2	2	noFlea;wearable
68a98762609a5cb2120ebd26	Vulkan-5 (火神) LShZ-5 重型防弹头盔 (烈焰)	Vulkan-5	Vulkan-5 LShZ-5 bulletproof helmet (Flame)	Vulkan-5	2	2	noFlea;wearable
68a987a1609a5cb2120ebd2f	Vulkan-5 (火神) LShZ-5 重型防弹头盔 (丛林迷彩)	Vulkan-5	Vulkan-5 LShZ-5 bulletproof helmet (Camouflage)	Vulkan-5	2	2	noFlea;wearable
68a99207aa809946e507c2f6	Stich Profi V2 插板胸挂（MARPAT 林地迷彩）	SP PC V2	Stich Profi Plate Carrier V2 (MARPAT Woodland)	SP PC V2	3	4	noFlea;rig;wearable
68a9a04373d52d47830759c7	Atomic Defense CQCM 防弹面具（路易伪登）	路易伪登	Atomic Defense CQCM ballistic mask (Loui Peeton)	Loui Peeton	2	2	noFlea;wearable
68a9a0b01696fb8c1e0ee9cc	Atomic Defense CQCM 防弹面具（生化警告）	生化	Atomic Defense CQCM ballistic mask (Toxic)	Toxic	2	2	noFlea;wearable
68a9a1223e1ee5a70504c126	Atomic Defense CQCM 防弹面具（碰撞测试）	碰撞测试	Atomic Defense CQCM ballistic mask (Crash Tested)	Crash Tested	2	2	noFlea;wearable
68a9a15d73d52d47830759c9	Atomic Defense CQCM 防弹面具（恶魔獠牙）	恶魔獠牙	Atomic Defense CQCM ballistic mask (Demonic Face)	Demonic	2	2	noFlea;wearable
68a9a85c3e1ee5a70504c12e	DevTac 浪人面罩（野兽）	浪人面罩	DevTac Ronin Respirator (Beast)	Ronin Respirator	2	2	noFlea;wearable
68a9a92b838d65bcb3050176	DevTac 浪人面罩（永恒之绿）	浪人面罩	DevTac Ronin Respirator (Eternal Green)	Ronin Respirator	2	2	noFlea;wearable
68a9acd9389d6cb1f90af562	独角兽巴拉克拉瓦头套	独角兽	Balaclava (Unicorn)	Unicorn	1	1	noFlea;wearable
68a9adc2bc09b91c4f07dbe6	“Zaebtsa”巴拉克拉瓦头套	Zaebtsa	Balaclava (Zaebtsa)	Zaebtsa	1	1	noFlea;wearable
68a9b3ca0a9c4f9398032c46	Galvion 凯门鳄 复合防弹头盔（复合迷彩）	凯门鳄	Galvion Caiman Hybrid helmet (MultiCam)	Caiman	2	2	noFlea;wearable
68a9b5a5863d2a71fa0494a6	Galvion 凯门鳄 复合防弹头盔（共生者）	凯门鳄	Galvion Caiman Hybrid helmet (Mutualist)	Caiman	2	2	noFlea;wearable
68a9b601863d2a71fa0494ae	Galvion 凯门鳄 复合防弹贴片（复合迷彩）	凯门鳄贴片	Galvion Caiman Hybrid Ballistic Applique (MultiCam)	Caiman BA	2	1	noFlea;wearable
68a9b669fa39b6976e07de96	Galvion 凯门鳄 复合防弹贴片（共生者）	凯门鳄贴片	Galvion Caiman Hybrid Ballistic Applique (Mutualist)	Caiman BA	2	1	noFlea;wearable
68a9b6c8d3a061d8b6058346	Galvion 凯门鳄 复合防弹护颚（复合迷彩）	凯门鳄护颚	Galvion Caiman Hybrid Ballistic Mandible Guard (MultiCam)	Caiman BMG	2	2	noFlea;wearable
68a9b73bd3a061d8b6058348	Galvion 凯门鳄 复合防弹护颚（共生者）	凯门鳄护颚	Galvion Caiman Hybrid Ballistic Mandible Guard (Mutualist)	Caiman BMG	2	2	noFlea;wearable
68a9b821cdf661cc5a0626c6	Death Shadow (死亡阴影) 轻量化防弹面具 (金色)	Death Shadow	Death Shadow lightweight armored mask (Gold)	Death Shadow	2	2	noFlea;wearable
68a9b852cdf661cc5a0626c9	Death Shadow（死亡阴影）面具（灰色）	Death Shadow	Death Shadow mask (Gray)	Death Shadow	2	2	noFlea;wearable
68a9b873a4b28d56c80a1818	Death Shadow (死亡阴影) 轻量化防弹面具 (白色)	Death Shadow	Death Shadow lightweight armored mask (White)	Death Shadow	2	2	noFlea;wearable
68a9be93f260f4e1c2038686	Diamond Age NeoSteel 高切头盔 (橙斑)	NeoSteel	Diamond Age NeoSteel High Cut helmet (Orange Stains)	NeoSteel	2	2	noFlea;wearable
68a9beecbba00932ed0bc256	Diamond Age NeoSteel 高切头盔 (王牌)	NeoSteel	Diamond Age NeoSteel High Cut helmet (Aces)	NeoSteel	2	2	noFlea;wearable
68a9bf7d9f4c45817b0d83b6	Diamond Age NeoSteel 头盔护颚 (黑色)	NeoSteel	Diamond Age NeoSteel helmet ballistic mandible (Black)	NeoSteel	2	2	noFlea;wearable
68a9c0ed6d47c49b700faaf9	Diamond Age NeoSteel 头盔护颚 (王牌)	NeoSteel	Diamond Age NeoSteel helmet ballistic mandible (Aces)	NeoSteel	2	2	noFlea;wearable
68aee763130c00663d08aea8	TKPD 9.3x64 突击卡宾枪	TKPD	TKPD 9.3x64 carbine	TKPD	2	1	gun;noFlea	Caliber93x64
68aee8f8130c00663d08aeb3	TKPD 导轨防尘盖	TKPD	TKPD railed dust cover	TKPD DC	2	1	mods
68aee9731ef0d507780a61c9	TKPD 护木枢轴	TKPD FT	TKPD front trunnion	TKPD FT	1	1	mods
68aee9b89df2c1144f0aaa46	TKPD 9.3x64 457 毫米枪管	TKPD 457mm	TKPD 9.3x64 457mm barrel	TKPD 457mm	3	1	mods
68aee9e31ef0d507780a61cd	TKPD 导气管	TKPD导气	TKPD gas tube	TKPD gas	1	1	mods
68aee9fe130c00663d08aeb6	TKPD 护木 (黑色)	TKPD	TKPD handguard (Black)	TKPD	2	1	mods
68aeeb3e9df2c1144f0aaa4b	TKPD 9.3x64 膛口制退器	TKPD	TKPD 9.3x64 muzzle brake	TKPD	1	1	mods
68aeed8a8906b00bc800fdd6	9.3x64毫米 SP	SP	9.3x64mm SP	SP	1	1	ammo;noFlea	Caliber93x64
68aef9bf4efeccb5220d25c6	TKPD 9.3x64 10发弹匣	TKPD	TKPD 9.3x64 10-round magazine	TKPD	1	1	mods
68b966e44b7f808d5609ac04	VPO-215 战术枪身	VPO-215战术	VPO-215 tactical chassis	VPO-215 tac.	3	1	mods
68b97e7fd9dbc47f4808b09d	VPO-215 战术枪身前导轨	VPO-215战术	VPO-215 tactical chassis front rail	VPO-215 tac.	2	1	mods
68b98415032fa71d2a000dab	VPO-215 .366TKM 360 毫米枪管	215 360mm	VPO-215 .366TKM 360mm barrel	215 360mm	2	1	mods
68b985da5133d696f7032d37	VPO-215 战术螺纹保护帽	215战术	VPO-215 tactical thread protector	215 tac thr.	1	1	mods
68bac6ca653ee6b1e406d978	9.3x64毫米 FMJ	FMJ	9.3x64mm FMJ	FMJ	1	1	ammo;noFlea	Caliber93x64
68bad8376cb22acf1107a586	9.3x64毫米 7N33	7N33	9.3x64mm 7N33	7N33	1	1	ammo;noFlea	Caliber93x64
68badb6458dbe419740b1520	Magpul UCS 枪托 (黑色)	UCS	Magpul UCS buttstock (Black)	UCS	2	1	mods
68badc0366a72211fe004bc7	Magpul UCS 托腮板	UCS托腮	Magpul UCS Stock Cheek Riser	UCS CR	1	1	mods
68badf5030572e90770cd688	Precision Reflex M590 瞄具基座	PRI M590	M590 Precision Reflex Scope Mount	PRI M590	2	1	mods
68bb25270e48a3afd7071216	Magpul ACS AR-15 卡宾枪托 (黑色)	ACS	AR-15 Magpul ACS Carbine stock (Black)	ACS	2	1	mods
68bb2a3831ee03fbc00931e6	Magpul ACS AR-15 卡宾枪托 (FDE)	ACS	AR-15 Magpul ACS Carbine stock (FDE)	ACS	2	1	mods
68be93d19bae3db9c5005b19	TKPD 9.3x64 570 毫米枪管	TKPD 570mm	TKPD 9.3x64 570mm barrel	TKPD 570mm	4	1	mods
68bedc0365e7dcf94f0cb0fc	L3Harris AN/PEQ-15 战术设备 (黑色)	AN/PEQ-15	L3Harris AN/PEQ-15 tactical device (Black)	AN/PEQ-15	1	1	mods
68bedd43af253218c00ebbb2	反光太阳镜 (白色)	反光镜	Mirror glasses (White)	Mirror	2	1	glasses;noFlea;wearable
68bedd86191bb52a5605af8e	反光太阳镜 (绿色)	反光镜	Mirror glasses (Green)	Mirror	2	1	glasses;noFlea;wearable
68bedd9879c8186398098e69	反光太阳镜 (蓝色)	反光镜	Mirror glasses (Blue)	Mirror	2	1	glasses;noFlea;wearable
68bede1d233f2c935b0eda02	百叶窗太阳镜 (蓝色)	百叶窗镜	Shutter glasses (Blue)	Shutter	2	1	glasses;noFlea;wearable
68bede2876e02b9e340ef10f	百叶窗太阳镜 (绿色)	百叶窗镜	Shutter glasses (Green)	Shutter	2	1	glasses;noFlea;wearable
68bede2fd6da72c13f03db91	百叶窗太阳镜 (红色)	百叶窗镜	Shutter glasses (Red)	Shutter	2	1	glasses;noFlea;wearable
68bede355f1439bc3c0bf814	百叶窗太阳镜 (白色)	百叶窗镜	Shutter glasses (White)	Shutter	2	1	glasses;noFlea;wearable
68bede896b0736bebc012ad7	大佬墨镜	大佬墨镜	Sunglasses (Deal With It)	Deal With It	2	1	glasses;noFlea;wearable
68beded9233f2c935b0eda04	斐格力太阳镜	斐格力	Figley sunglasses	Figley	2	1	glasses;noFlea;wearable
68bedee076e02b9e340ef111	斐格力太阳镜 (绿色)	斐格力	Figley sunglasses (Green)	Figley	2	1	glasses;noFlea;wearable
68bedeedd6da72c13f03db93	斐格力太阳镜 (红色)	斐格力	Figley sunglasses (Red)	Figley	2	1	glasses;noFlea;wearable
68bedfa56b0736bebc012ad9	摔跤传奇假胡子	传奇	Wrestling Legend mustache	Legend	1	1	noFlea;wearable
68bedfdd233f2c935b0eda06	骠骑兵式小胡子	骠骑兵	Hussar mustache	Hussar	1	1	noFlea;wearable
68bee0ee79c8186398098e6b	Work Peak 运动面罩	Peak	Work Peak training mask	Peak	1	1	noFlea;wearable
68bee0fac89ccaee060c81d4	Work Peak 运动面罩 (健身房打卡)	Peak	Work Peak training mask (Gym Duty)	Peak	1	1	noFlea;wearable
68bee1066b0736bebc012adb	Work Peak 运动面罩 (灰色)	Peak	Work Peak training mask (Gray)	Peak	1	1	noFlea;wearable
68bee20bede5c8489f08e1b1	Work Peak 运动面罩 (鲨鱼嘴)	鲨鱼嘴	Work Peak training mask (Sharky)	Sharky	1	1	noFlea;wearable
68bee21213febe37b20e7e11	Work Peak 运动面罩 (黄色)	Peak	Work Peak training mask (Yellow)	Peak	1	1	noFlea;wearable
68bee22e79c8186398098e6d	DevTaс 武士下颊 防弹面具	下颊	DevTaс Samurai Menpo Mask	Menpo	1	1	noFlea;wearable
68bee238a48c3c320808abc4	DevTaс 武士下颊 防弹面具 (金色)	下颊	DevTaс Samurai Menpo Mask (Gold)	Menpo	1	1	noFlea;wearable
68bee23f6b0736bebc012add	DevTaс 武士下颊 防弹面具 (紫色)	下颊	DevTaс Samurai Menpo Mask (Purple)	Menpo	1	1	noFlea;wearable
68bee246ede5c8489f08e1b3	DevTaс 武士下颊 防弹面具 (白色)	下颊	DevTaс Samurai Menpo Mask (White)	Menpo	1	1	noFlea;wearable
68bee28f79c8186398098e6f	冠军头盔	冠军	Champion's helmet	Champion	2	2	noFlea;wearable
68bee2b431902bb4d90c3a2a	LBT-1961A 承重胸挂（AOR1）	LBCR	LBT-1961A Load Bearing Chest Rig (AOR1)	LBCR	3	3	noFlea;rig;wearable
68bee2ccd6da72c13f03db95	HighCom Striker ULACH IIIA 头盔（沙色）	ULACH	HighCom Striker ULACH IIIA helmet (Sand)	ULACH	2	2	noFlea;wearable
68bee2d9af253218c00ebbb4	HighCom Striker ULACH IIIA 头盔（绿色条纹）	ULACH	HighCom Striker ULACH IIIA helmet (Green Stripes)	ULACH	2	2	noFlea;wearable
68bee2e0ede5c8489f08e1b5	HighCom Striker ULACH IIIA 头盔（网格喷漆）	ULACH	HighCom Striker ULACH IIIA helmet (Mesh Spray)	ULACH	2	2	noFlea;wearable
68bee2e876e02b9e340ef113	HighCom Striker ULACH IIIA 头盔（狼棕条纹）	ULACH	HighCom Striker ULACH IIIA helmet (Coyote Stripes)	ULACH	2	2	noFlea;wearable
68beef31a3433485d30d5ae1	Cold Fear 隔热巴拉克拉瓦头套（外星人）	外星人	Cold Fear infrared balaclava (Alien)	Alien	1	1	noFlea;wearable
68beef6ca3433485d30d5ae3	Cold Fear 隔热巴拉克拉瓦头套（台风）	台风	Cold Fear infrared balaclava (Typhon)	Typhon	1	1	noFlea;wearable
68bf405779c8186398099017	Peltor TEP-300 战术耳塞（狼棕色）	TEP-300	Peltor TEP-300 tactical earplug (Coyote Brown)	TEP-300	1	1	headphones;wearable
68c14b734a7e0bada00f8fd4	重新编码后的 A.P. 公寓门锁钥匙卡 (绿)	A.P.绿	Reprogrammed keycard for A.P.'s apartment lock (Green)	A.P. Green	1	1	keys;noFlea
68c15a033173b556890b5959	7.62x25毫米 TT M855A1	TT 855A1	7.62x25mm TT M855A1	TT 855A1	1	1	ammo;noFlea	Caliber762x25TT
68c15b4bb30038a118088bd6	7.62x25毫米 TT M856A1	TT 856A1	7.62x25mm TT M856A1	TT 856A1	1	1	ammo;noFlea	Caliber762x25TT
68c15f77ed3d7df9220debd6	7.62x25毫米 TT M995	TT 995	7.62x25mm TT M995	TT 995	1	1	ammo;noFlea	Caliber762x25TT
68c165f1903341d88b092b2a	Cardinal 公寓钥匙	Cardinal	Cardinal apartment key	Cardinal	1	1	keys
68c16b9ab6b75a8a480520a6	NL545 (DI) 5.45x39 突击步枪	NL545 DI	Custom Guns NL545 (DI) 5.45x39 assault rifle	NL545 DI	1	1	gun	Caliber545x39
68c16e84fc90c174e50de1a8	NL545 (DI) 5.45x39 上机匣	NL545 DI	NL545 (DI) 5.45x39 upper receiver	NL545 DI	2	1	mods
68c16edf83e2d814b0093f76	16.3 英寸 NL545 (DI) 枪管 5.45x39	NL545 DI 16.3"	NL545 (DI) 5.45x39 16.3 inch barrel	NL545 DI 16.3"	3	1	mods
68c16f15efac701f800dfd36	NL545 拉机柄	NL545 CH	NL545 charging handle	NL545 CH	1	1	mods
68c16f6883e2d814b0093f7a	SLR Rifleworks Sentry 7 AR-15 导气箍	Sentry 7	AR-15 SLR Rifleworks Sentry 7 gas block	Sentry 7	1	1	mods
68c16fcffc90c174e50de1ae	DLG 战术 DLG-138 AR-15 手枪式握把 (黑色)	DLG138	AR-15 DLG Tactical DLG-138 pistol grip (Black)	DLG138	1	1	mods;pistolGrip
68c16fe183e2d814b0093f7c	DLG 战术 DLG-138 AR-15 手枪式握把 (FDE)	DLG138	AR-15 DLG Tactical DLG-138 pistol grip (FDE)	DLG138	1	1	mods;pistolGrip
68c17005ba442c8112076088	Custom Guns AR-15 缓冲管	CGNL	AR-15 Custom Guns buffer tube	CGNL	2	1	mods
68c1701cba442c811207608b	Custom Guns AR-15 缓冲管 (FDE)	CGNL	AR-15 Custom Guns buffer tube (FDE)	CGNL	2	1	mods
68c1707983e2d814b0093f7e	Custom Guns 10.5 英寸 AR-15 M-LOK 护木	CGNL 10.5"	AR-15 Custom Guns 10.5 inch M-LOK handguard	CGNL 10.5"	2	1	mods
68c170e383e2d814b0093f87	Custom Guns 14 英寸 AR-15 M-LOK 护木	CGNL 14"	AR-15 Custom Guns 14 inch M-LOK handguard	CGNL 14"	3	1	mods
68c2940aecc41cc5490bd40e	NL545 (GP) 5.45x39 突击步枪	NL545 GP	Custom Guns NL545 (GP) 5.45x39 assault rifle	NL545 GP	1	1	gun	Caliber545x39
68c294360f5ebd68290d6c16	NL545 (GP) 5.45x39 上机匣 (FDE)	NL545 GP	NL545 (GP) 5.45x39 upper receiver (FDE)	NL545 GP	2	1	mods
68c294750f5ebd68290d6c1c	16.5 英寸 NL545 (GP) 枪管 5.45x39	NL545 GP 16.5"	NL545 (GP) 5.45x39 16.5 inch barrel	NL545 GP 16.5"	3	1	mods
68c294800f5ebd68290d6c20	11.5 英寸 NL545 (GP) 枪管 5.45x39	NL545 GP 11.5"	NL545 (GP) 5.45x39 11.5 inch barrel	NL545 GP 11.5"	2	1	mods
68c294b9eb59c46bf6070536	Lantac Dragon 5.56x45 AR-15 膛口制退器	DGN556B	AR-15 Lantac Dragon 5.56x45 muzzle brake	DGN556B	1	1	mods
68c2989dc9061bb2f50478f6	NL545 10.5 英寸 M-LOK 护木 (FDE)	NL545 10.5"	NL545 10.5 inch M-LOK handguard (FDE)	NL545 10.5"	2	1	mods
68c2a99647eb77c6310b170f	NL545 导气箍	NL545导气	NL545 gas block	NL545 gas	1	1	mods
68caaa93269e10396503acf6	18 英寸 Centurion Arms Mk12 AR-15 枪管 5.56x45	Mk12 18"	AR-15 5.56x45 Centurion Arms Mk12 18 inch barrel	Mk12 18"	3	1	mods
68caabc3f42a4476cf0be2a6	16 英寸 Centurion Arms Mk12 AR-15 枪管 5.56x45	Mk12 16"	AR-15 5.56x45 Centurion Arms Mk12 16 inch barrel	Mk12 16"	3	1	mods
68caabebc71156cf470bc186	Precision Reflex M84 Gas Buster AR-15 拉机柄	M84 GB	AR-15 Precision Reflex M84 Gas Buster Charging Handle	M84 GB	1	1	mods
68caac02269e10396503acfa	Precision Reflex Mk12 Gen.1 AR-15 折叠式前准星导气箍	Mk12 Gen.1	AR-15 Precision Reflex Mk12 Gen.1 Flip-Up Front Sight Gas Block	Mk12 Gen.1	1	1	mods
68caac14f42a4476cf0be2aa	Sierra Precision SPR AR-15 手枪式握把	SP SPR	AR-15 Sierra Precision SPR pistol grip	SP SPR	1	1	mods;pistolGrip
68caac28f42a4476cf0be2ac	Precision Reflex GEN III Round Carbon 12 英寸 AR-15 护木	Round Carbon	AR-15 Precision Reflex GEN III Round Carbon 12 inch handguard	Round Carbon	3	1	mods
68caac360bfe742288085e16	KAC RAS 12 英寸 AR-15 浮置步枪护木	FF RAS 12"	AR-15 KAC Free Float Rifle RAS 12 inch handguard	FF RAS 12"	3	1	mods
68caac500bfe742288085e1e	Allen Engineering SPR 5.56x45 AR-15 膛口制退器	SPR制退	AR-15 Allen Engineering SPR Brake 5.56x45	SPR Brake	1	1	mods
68caac63269e10396503acfc	Allen Engineering SPR 制退器螺纹保护帽	SPR护帽	Allen Engineering SPR Brake thread protector	SPR thr.	1	1	mods
68caac96933990601c07f476	Allen Engineering SPR Collar 消音器基座	SPR Collar	AR-15 Allen Engineering SPR Collar suppressor mount	SPR Collar	1	1	mods
68caacb4c8ac87b10507c5a6	Precision Reflex GEN III SPR 机匣顶部导轨	SPR顶轨	AR-15 Precision Reflex GEN III SPR Top Rail	SPR Top Rail	3	1	mods
68caacc7933990601c07f479	A.R.M.S. #22 30 毫米环形瞄准镜基座	ARMS#22	A.R.M.S. #22 30mm ring scope mount	ARMS#22	2	1	mods
68caace5f42a4476cf0be2b4	A.R.M.S. #22 瞄准镜环顶盖	ARMS#22	A.R.M.S. #22 ring cap	ARMS#22	1	1	mods
68caacf7c8ac87b10507c5a9	A.R.M.S. #22 战术环形基座顶轨	#22 TRR	A.R.M.S. #22 Tactical Ring Rail mount	#22 TRR	1	1	mods
68caad12269e10396503acfe	Allen Engineering AEM-5 5.56x45 消音器	AEM-5	Allen Engineering AEM-5 5.56x45 sound suppressor	AEM-5	2	1	mods;suppressor
68caad70269e10396503ad00	A.R.M.S. #40 折叠式照门	ARMS#40	A.R.M.S. #40 Flip-Up Rear Sight	ARMS#40	1	1	mods
68caad7f933990601c07f47c	Leupold Mark 4 MR/T TS-30A2 2.5-8x36 30 毫米步枪瞄准镜	TS-30A2	Leupold Mark 4 MR/T TS-30A2 2.5-8x36 30mm riflescope	TS-30A2	2	1	mods
68cc09872bdcc15c010c2668	14-4 KORD 站点 K.Arshavin 钥匙卡 (修复)	14-4修复	Station 14-4 KORD Arshavin K. pass (Restored)	14-4 rst.	1	1	keys;noFlea;specialSlot
68cc2ae66e59cb54f4054f47	Precision Reflex GEN III Round Carbon 12 英寸 AR-15 护木 (FDE)	Round Carbon	AR-15 Precision Reflex GEN III Round Carbon 12 inch handguard (FDE)	Round Carbon	3	1	mods
68d152b9915f131d4e05ee6c	Voevoda 的录音机	Voevoda	Voevoda's audio recorder	Voevoda	2	1	noFlea;specialSlot
68d159d46c606e46b605094d	Armasight N-15 #194 转接支架	N-15 #194	Armasight N-15 Swing Arm #194	N-15 #194	1	1	mods
68d16e9f2711340d6b0d4786	Miller Bros. Blades M-2 战术剑 (棕色)	M-2	Miller Bros. Blades M-2 Tactical Sword (Brown)	M-2	1	3	noFlea;wearable
68d2f09fb350a6169f04bea9	给科兹洛夫的警告信	讨债	Note for Kozlov	Debt	1	1	noFlea
68d2f1318c12620073059930	来自修车店的便条	修车店	Note from the repair shop	RepShop	1	1	noFlea
68d2f302be7c1493b90cd3f5	警告消息	警告	Note with a warning	Warning	1	1	noFlea
68d2f3375f98276b7503c32e	带有地址的消息	地址	Note with an address	Address	1	1	noFlea
68d2f400be7c1493b90cd3f7	《第九圈》第 14 期	9C #14	The Ninth Circle Issue #14	9C #14	1	1	noFlea
68d2f44df63f06b7590ce30e	《第九圈》第 19 期	9C #19	The Ninth Circle Issue #19	9C #19	1	1	noFlea
68d2f4aff8817df4690db3d1	拆开的信封	信封	Unsealed envelope	Envelope	1	1	noFlea
68d2f4fc17b59ead010894b6	Reshala 窝棚里的字条	Reshala	Letter from Reshala's bunkhouse	Resh Bunk	1	1	noFlea
68d2f56eb350a6169f04beab	带有阿纳斯塔西娅照片的剪报	A照片	Newspaper clipping with a photo of Anastasia	A. photo	1	1	noFlea
68d2f6352ca1a737d107b84b	刊有 A.米哈伊洛娃文章的《塔科夫先驱报》	先驱报	Tarkov Herald newspaper with article by A. Mikhailova	TH inv.	1	1	noFlea
68d2f69e91c2fa84e2044a08	密码笔记的第一部分	密码1	First piece of code note	Code 1	1	1	noFlea
68d2f6dbf8817df4690db3d3	密码笔记的第二部分	密码2	Second piece of code note	Code 2	1	1	noFlea
68d2f7334aae290cf704e36d	Ultra 商场后方哨站的 BEAR 字条	前哨站	BEAR note from the outpost behind Ultra	Outpost	1	1	noFlea
68d2f77e5f98276b7503c330	信号三角定位地图	信号图	Map with triangulated signal	Signal m.	1	1	noFlea
68d2f85af63f06b7590ce310	Strelets 的笔记	Strelets	Strelets' note	Strelets	1	1	noFlea
68d2f9164aae290cf704e36f	带有邪教标记的 Voevoda 照片	V照片	Voevoda's photo with a cultist mark	V. photo	1	1	noFlea
68d2f96e0c834c20c00a81d8	提到 Prapor 的笔记	Prapor	Note mentioning Prapor	Prapor	1	1	noFlea
68d2f9bd2ca1a737d107b84d	提到将军的笔记	将军	Note mentioning General	General	1	1	noFlea
68d2fa018c12620073059932	Leshy 的命令	Leshy	Leshy's orders	Leshy	1	1	noFlea
68d2fa3abe7c1493b90cd3f9	研究助理关于 #12 组测试对象的笔记	迷宫#12	Assistant's notes on Group #12	Laby #12	1	1	noFlea
68d2fa6d4aae290cf704e371	研究助理关于 #3 组测试对象的笔记	迷宫#3	Assistant's notes on Group #3	Laby #3	1	1	noFlea
68d2fa9b691b7c7b34046367	研究助理关于 #8 组测试对象的笔记	迷宫#8	Assistant's notes on Group #8	Laby #8	1	1	noFlea
68d2fac7c8305ec7c900296c	研究助理关于 #3 与 #10 组测试对象的笔记	迷宫#10/3	Assistant's notes on Group #3 and Group #10	Laby#10/3	1	1	noFlea
68d2faf191c2fa84e2044a0b	研究助理关于 TG-Vi-24 测试对象的笔记	迷宫Vi-24	Assistant's notes on TG-Vi-24 test subjects	Laby Vi-24	1	1	noFlea
68d2fc914aae290cf704e373	邮箱里的信	邮箱	Letter from the mailbox	Mailbox	1	1	noFlea
68d2fd018c12620073059934	科兹洛夫房间里的信	科兹洛夫	Letter from Kozlov's room	Kozlov L.	1	1	noFlea
68d2fd582ca1a737d107b84f	Leshy 的日志	Leshy笔记	Leshy's diary	D. Leshy	1	1	noFlea
68d2fdbbf8817df4690db3d5	“迷宫”设施研发报告	迷宫实验	Labyrinth facility research report	Laby res.	1	1	noFlea
68d301e75f98276b7503c332	FSB 报告	FSB 报告	FSB report	FSB report	1	1	noFlea
68d302814aae290cf704e375	Bogatyr (战士) 小队行动报告	Bogatyr	Bogatyr squad operations report	Bogatyr	1	1	noFlea
68d3037c91c2fa84e2044a0d	来自 Voevoda 的人质疏散报告	V报告	Hostage evacuation report from Voevoda	V. report	1	1	noFlea
68d3041818d70f97e704ad7b	间谍网络部署情况报告	间谍网络	Agent network deployment report	A. network	1	1	noFlea
68d3054f0c834c20c00a81da	Moreman 的个人档案	Moreman档案	Moreman's personnel file	Moreman file	1	1	noFlea
68d3059318d70f97e704ad7f	Voevoda 的个人档案	Voevoda档案	Voevoda's personnel file	Voevoda file	1	1	noFlea
68d305c35f98276b7503c336	Taran 的个人档案	Taran档案	Taran's personnel file	Taran file	1	1	noFlea
68d305fc8c12620073059936	Strelets 的个人档案	Strelets档案	Strelets' personnel file	Strelets file	1	1	noFlea
68d3db3e0c47fe28c2067ab9	雷电 Model 1 FA 5.56x45 突击步枪 默认	Model 1 默认	Radian Weapons Model 1 FA 5.56x45 assault rifle Default	Model 1 Default	5	2	preset
68d41e65a706eba9a204ed27	臂带（幸存者）	臂带	Armband (Survivor)	Armband	1	1	noFlea;wearable
68d41f017cb8c03da8079004	臂带（堕入黑暗）	臂带	Armband (To Fall in the Darkness)	Armband	1	1	noFlea;wearable
68d41fb0a1c275dbaa0798bf	臂带（灯塔）	臂带	Armband (Lighthouse)	Armband	1	1	noFlea;wearable
68d41fde2937f3f17c04864d	臂带（为了全人类）	臂带	Armband (For Humanity)	Armband	1	1	noFlea;wearable
68d502e016a16a91e200bbbc	AS“巨浪”MOD.4 9x39 特种突击步枪 默认	AS VAL MOD.4 默认	AS VAL MOD.4 9x39 special assault rifle Default	AS VAL MOD.4 Default	4	2	noFlea;preset
68d54d0525ac8590a8075ac3	Atomic Defense CQCM 防弹面具（路易伪登）	LP	Atomic Defense CQCM ballistic mask (Loui Peeton)	LP	2	2	noFlea;wearable
68d55968ca9935b3f10607a9	腰包（路易伪登）	腰包	Fanny pack (Loui Peeton)	Fanny	2	2	noFlea
68d56685f3d7cd248f0a06d9	AK-308 7.62x51 快拆式消音器	AK-308 QD	AK-308 7.62x51 QD sound suppressor	AK-308 QD	2	1	mods;suppressor
68d566b2aa07af2e14059e01	Magpul PMAG 30 GEN M3 5.45x39 30发 AK 弹匣 (FDE)	GEN M3	AK-74 5.45x39 Magpul PMAG 30 GEN M3 30-round magazine (FDE)	GEN M3	1	2	mods
68d566f3f3d7cd248f0a06db	Magpul UCS 枪托 (FDE)	UCS	Magpul UCS buttstock (FDE)	UCS	2	1	mods
68d5674bb2573b07dc0d225f	Zenit RK-3 AK 手枪式握把 (FDE)	RK-3	AK Zenit RK-3 pistol grip (FDE)	RK-3	1	1	mods;pistolGrip
68d5676f43adc7372a0c8ae0	TKPD 护木 (FDE)	TKPD	TKPD handguard (FDE)	TKPD	2	1	mods
68d65766916a108d7a023c98	臂带（转生等级6）	转生	Armband (Prestige 6)	Prestige	1	1	noFlea;wearable
68d6662644990caf770b8a2e	NL545 (GP) 5.45x39 突击步枪 默认	NL545 GP 默认	Custom Guns NL545 (GP) 5.45x39 assault rifle Default	NL545 GP Default	5	2	preset
68d66850cc802b243f0627a9	NL545 (DI) 5.45x39 突击步枪 默认	NL545 DI 默认	Custom Guns NL545 (DI) 5.45x39 assault rifle Default	NL545 DI Default	5	2	preset
68d6697620029562570c586c	柯尔特 M16A1 5.56x45 突击步枪 M16A1E1	M16A1 M16A1E1	Colt M16A1 5.56x45 assault rifle M16A1E1	M16A1 M16A1E1	6	2	preset
68d669b220029562570c587a	柯尔特 M16A2 5.56x45 突击步枪 默认	M16A2 默认	Colt M16A2 5.56x45 assault rifle Default	M16A2 Default	6	2	preset
68d66a305275b8087c0ac98a	柯尔特 M16A1 5.56x45 突击步枪 M727	M16A1 M727	Colt M16A1 5.56x45 assault rifle M727	M16A1 M727	5	2	preset
68d66b7d388f5569b203ad1c	柯尔特 M16A1 5.56x45 突击步枪 M723	M16A1 M723	Colt M16A1 5.56x45 assault rifle M723	M16A1 M723	4	2	preset
68d66bb05275b8087c0ac99c	柯尔特 M16A1 5.56x45 突击步枪 Mk.12 mod.0	M16A1 Mk.12 mod.0	Colt M16A1 5.56x45 assault rifle Mk.12 mod.0	M16A1 Mk.12 mod.0	5	2	preset
68d66bde41d2c7cb5c0de8e9	柯尔特 M16A1 5.56x45 突击步枪 Mk.12 mod.1	M16A1 Mk.12 mod.1	Colt M16A1 5.56x45 assault rifle Mk.12 mod.1	M16A1 Mk.12 mod.1	5	2	preset
68d6788b2704678f29096b85	AK-308 7.62x51 突击步枪 默认	AK-308 默认	Kalashnikov AK-308 7.62x51 assault rifle Default	AK-308 Default	5	2	preset
68d67d0affacb2bc8b07e468	马林 MXLR .308 ME 杠杆步枪 默认	MXLR 默认	Marlin MXLR .308 ME lever-action rifle Default	MXLR Default	5	1	preset
68d69b3463cb18251102640c	AS“巨浪”MOD.4 9x39 特种突击步枪 Mod.4 Future Soldier	AS VAL MOD.4 Mod.4 Future Soldier	AS VAL MOD.4 9x39 special assault rifle Mod.4 Future Soldier	AS VAL MOD.4 Mod.4 Future Soldier	4	2	noFlea;preset
68d6b3568f9527c33609ce83	百叶窗太阳镜 (黑色)	百叶窗镜	Shutter glasses (Black)	Shutter	2	1	glasses;noFlea;wearable
68d6bd436be0692f9d08b6eb	TKPD 9.3x64 突击卡宾枪 默认	TKPD 默认	TKPD 9.3x64 carbine Default	TKPD Default	6	2	noFlea;preset
68daab6d1e0a6a3f2f0db279	竞技场棒球帽	竞技场	EFT: ARENA baseball cap	ARENA	1	1	noFlea;wearable
68deaddfd149b3493e049c13	竞技场棒球帽	竞技场	EFT: ARENA baseball cap	ARENA	1	1	noFlea;wearable
68df97725d4e135b130392c8	幸存者海报	幸存者	Survivor poster	Survivor	2	2	noFlea;poster
68df97792e6cd294e908d1e9	堕入黑暗海报	堕入黑暗	To Fall in the Darkness poster	To Fall in the Darkness	2	2	noFlea;poster
68df977e972cf1e1ec072568	灯塔海报	灯塔	Lighthouse poster	Lighthouse	2	2	noFlea;poster
68df9785beba86572e097ce8	为了全人类海报	为了全人类	For Humanity poster	For Humanity	2	2	noFlea;poster
68df9908972cf1e1ec07256a	BEAR 狗牌	BEAR	Dogtag BEAR	BEAR	1	1	barter;noFlea
68df991142e96f583d042b8a	BEAR狗牌	BEAR	Dogtag BEAR	BEAR	1	1	barter;noFlea
68df991dbeba86572e097ceb	BEAR 狗牌	BEAR	Dogtag BEAR	BEAR	1	1	barter;noFlea
68df9927a38a5e37d80df6c9	BEAR 狗牌	BEAR	Dogtag BEAR	BEAR	1	1	barter;noFlea
68df99975d4e135b130392ca	USEC 狗牌	USEC	Dogtag USEC	USEC	1	1	barter;noFlea
68df99a614ca2428b2017cd8	USEC 狗牌	USEC	Dogtag USEC	USEC	1	1	barter;noFlea
68df99b2f716906506098308	USEC 狗牌	USEC	Dogtag USEC	USEC	1	1	barter;noFlea
68df99c05d4e135b130392cc	USEC 狗牌	USEC	Dogtag USEC	USEC	1	1	barter;noFlea
68dfc07da7cfeed3e60204e7	加固手提箱	加固手提箱	Armored case	Armored case	4	4	noFlea
68e6394e658d876c930977b1	未知设备碎片	未知设备	Unknown device fragment	Unk. device	3	2	barter;noFlea
68e63a53371639e1e4004b6e	本地网络黑客入侵装置	LAN黑客	Local network hacking device	LAN hack	1	1	noFlea;specialSlot
68e63b56ad8cba49190ea529	俄罗斯邮政快递车钥匙	俄邮	Rus Post car key	Rus Post	1	1	keys
68e63d4794fb983cb7098d2d	EMERCOM 传单	EMERCOM	EMERCOM leaflet	EMERCOM	1	1	noFlea
68e63e8d94fb983cb7098d32	留在 #1156 项目原型旁的便条	#1156	Note by Item #1156	1156 eng.	1	1	noFlea
68e7d904aded99fd1a0624f2	重新编码后的 A.P. 公寓门锁钥匙卡 (红)	A.P.红	Reprogrammed keycard for A.P.'s apartment lock (Red)	A.P. Red	1	1	keys;noFlea
68e7d984308332889e0b5e71	重新编码后的 A.P. 公寓门锁钥匙卡 (蓝)	A.P.蓝	Reprogrammed keycard for A.P.'s apartment lock (Blue)	A.P. Blue	1	1	keys;noFlea
68e91494ad87d322fb0497f9	.308 ME 弹药包 (20发装)	ME	.308 ME ammo pack (20 pcs)	ME	1	1	ammoBox
68e914c3a7bbc64c0702853f	.308 ME LOKT 弹药包 (20发装)	LOKT	.308 ME LOKT ammo pack (20 pcs)	LOKT	1	1	ammoBox
68e9156326fbff63b30106a0	.50 BMG HP 弹药包（10发装）	HP	.50 BMG HP ammo pack (10 pcs)	HP	1	1	ammoBox
68e915b76ccca06412020902	.50 BMG M21 弹药包（10发装）	M21	.50 BMG M21 ammo pack (10 pcs)	M21	1	1	ammoBox
68e915cf55ba5bd1c6083a32	.50 BMG M33 弹药包（10发装）	M33	.50 BMG M33 ammo pack (10 pcs)	M33	1	1	ammoBox;noFlea
68e915dfd996b7754e0f25c9	.50 BMG M903 SLAP 弹药包（10发装）	M903	.50 BMG M903 SLAP ammo pack (10 pcs)	M903	1	1	ammoBox;noFlea
68e9176da7bbc64c07028543	7.62x25mm ТТ M855A1 弹药包（25发装）	ТТ 855A1	7.62x25mm ТТ M855A1 ammo pack (25 pcs)	ТТ 855A1	1	1	ammoBox
68e9179c553e40054d06dd15	7.62x25mm ТТ M856A1 弹药包（25发装）	ТТ 856A1	7.62x25mm ТТ M856A1 ammo pack (25 pcs)	ТТ 856A1	1	1	ammoBox
68e917b207e1c8aa3304b8c9	7.62x25mm ТТ M995 弹药包（25发装）	ТТ 995	7.62x25mm ТТ M995 ammo pack (25 pcs)	ТТ 995	1	1	ammoBox
68e95d71a3d110355b03e529	Elektronik 的钥匙	Elektronik	Elektronik's key	Elektronik	1	1	keys
68e95f4fa4a577e907015787	Reshala 窝棚钥匙	Reshala	Reshala's bunkhouse key	Reshala	1	1	keys
68e960db934bf7b02d005dab	Zmeisky 巷 3 号公寓钥匙	Zm. 3	Zmeisky 3 apartment key	Zm. 3	1	1	keys
68e96180901b9b10270f1eed	邪教受害者公寓钥匙	受害者	Cult victim's apartment key	Cult victim	1	1	keys
68e9654d72488961110dbf69	RB-PKPTS 钥匙	RB-PKPTS	RB-PKPTS key	RB-PKPTS	1	1	keys
68ea979d5e6784cb2f0b4e74	未知文件的碎片	未知文件	Fragment of an unknown document	Unkn. doc	1	1	noFlea
68ea987a90ddcd52210da6bd	码头大门处的便条	大门	Note at the seaport door	Door	1	1	noFlea
68ea9b43b8469178710c158e	邪教徒祭司的笔记	祭司	Cultist priest's note	Priest	1	1	noFlea
68eaddac9b384b24740f91de	《塔科夫先驱报》摘要	先驱简报	Tarkov Herald summary	TH briefing	1	1	noFlea
68ec0c1e4a10ddacb2069398	TKPD 9.3x64 突击卡宾枪 Assault	TKPD Assault	TKPD 9.3x64 carbine Assault	TKPD Assault	4	2	noFlea;preset
68eca99a7329df50fc0b7542	TKPD 9.3x64 突击卡宾枪 Sniper	TKPD Sniper	TKPD 9.3x64 carbine Sniper	TKPD Sniper	5	2	noFlea;preset
68ee0103b5db65191e0ec07c	9.3x64mm 7N33 弹药包（20发装）	7N33	9.3x64mm 7N33 ammo pack (20 pcs)	7N33	1	1	ammoBox;noFlea
68ee0114024fb2df16004f1c	9.3x64mm FMJ 弹药包（20发装）	9.3 FMJ	9.3x64mm FMJ ammo pack (20 pcs)	FMJ	1	1	ammoBox
68ee0125fdf770156c0da329	9.3x64mm SP 弹药包（20发装）	9.3 SP	9.3x64mm SP ammo pack (20 pcs)	SP	1	1	ammoBox
68efc3759b09b1a30d09ac77	Twitch 2025 冬季物资箱（普通）	Twitch 2025	Twitch Winter 2025 case (Common)	Twitch 2025	2	2	noFlea
68f09b5454b792e187098e47	Twitch 2025 冬季物资箱（普通）	Twitch 2025	Twitch Winter 2025 case (Common)	Twitch 2025	2	2	noFlea
68f09c518cabc96e110e5b47	Twitch 2025 冬季物资箱（普通）	Twitch 2025	Twitch Winter 2025 case (Common)	Twitch 2025	2	2	noFlea
68f09d54efaedc4aac096cc7	Twitch 2025 冬季物资箱（普通）	Twitch 2025	Twitch Winter 2025 case (Common)	Twitch 2025	2	2	noFlea
68f0a11c97f1fa169102c757	Twitch 2025 冬季物资箱（普通）	Twitch 2025	Twitch Winter 2025 case (Common)	Twitch 2025	2	2	noFlea
68f0a4229693f7073d0139b7	Twitch 2025 冬季物资箱（普通）	Twitch 2025	Twitch Winter 2025 case (Common)	Twitch 2025	2	2	noFlea
68f0a849efe4c68b1e0bedb7	Twitch 2025 冬季物资箱（普通）	Twitch 2025	Twitch Winter 2025 case (Common)	Twitch 2025	2	2	noFlea
68f0ad6583befe161f0697f7	Twitch 2025 冬季物资箱（普通）	Twitch 2025	Twitch Winter 2025 case (Common)	Twitch 2025	2	2	noFlea
68f0af1befe4c68b1e0bedbb	Twitch 2025 冬季物资箱（普通）	Twitch 2025	Twitch Winter 2025 case (Common)	Twitch 2025	2	2	noFlea
68f0b29954b792e187098e4b	Twitch 2025 冬季物资箱（普通）	Twitch 2025	Twitch Winter 2025 case (Common)	Twitch 2025	2	2	noFlea
68f0bc5defaedc4aac096ccb	Twitch 2025 冬季物资箱（普通）	Twitch 2025	Twitch Winter 2025 case (Common)	Twitch 2025	2	2	noFlea
68f0bf22efe4c68b1e0bedbf	Twitch 2025 冬季物资箱（普通）	Twitch 2025	Twitch Winter 2025 case (Common)	Twitch 2025	2	2	noFlea
68f0c17defe4c68b1e0bedc3	Twitch 2025 冬季物资箱（普通）	Twitch 2025	Twitch Winter 2025 case (Common)	Twitch 2025	2	2	noFlea
68f0c53ca0c249f08603df67	Twitch 2025 冬季物资箱（普通）	Twitch 2025	Twitch Winter 2025 case (Common)	Twitch 2025	2	2	noFlea
68f0c92d83befe161f0697fb	Twitch 2025 冬季物资箱（普通）	Twitch 2025	Twitch Winter 2025 case (Common)	Twitch 2025	2	2	noFlea
68f0ca481c3ee32f9d020dd9	Twitch 2025 冬季物资箱（普通）	Twitch 2025	Twitch Winter 2025 case (Common)	Twitch 2025	2	2	noFlea
68f0cb99047e8aabc90ba367	Twitch 2025 冬季物资箱（普通）	Twitch 2025	Twitch Winter 2025 case (Common)	Twitch 2025	2	2	noFlea
68f0ccd9bc20052e13087ab7	Twitch 2025 冬季物资箱（普通）	Twitch 2025	Twitch Winter 2025 case (Common)	Twitch 2025	2	2	noFlea
68f0d23fbc20052e13087abb	Twitch 2025 冬季物资箱（普通）	Twitch 2025	Twitch Winter 2025 case (Common)	Twitch 2025	2	2	noFlea
68f0d39bbd564ea6f00c9937	Twitch 2025 冬季物资箱（普通）	Twitch 2025	Twitch Winter 2025 case (Common)	Twitch 2025	2	2	noFlea
68f0d496efe4c68b1e0bedc7	Twitch 2025 冬季物资箱（普通）	Twitch 2025	Twitch Winter 2025 case (Common)	Twitch 2025	2	2	noFlea
68f0d60abd564ea6f00c993b	Twitch 2025 冬季物资箱（普通）	Twitch 2025	Twitch Winter 2025 case (Common)	Twitch 2025	2	2	noFlea
68f0f60a121d878a2303eedb	BEAR 狗牌	BEAR	Dogtag BEAR	BEAR	1	1	barter;noFlea
68f0f63c645c14a02104142a	BEAR 狗牌	BEAR	Dogtag BEAR	BEAR	1	1	barter;noFlea
68f0f64f183146ea530330aa	USEC 狗牌	USEC	Dogtag USEC	USEC	1	1	barter;noFlea
68f0f662859ebec8d501b76a	USEC 狗牌	USEC	Dogtag USEC	USEC	1	1	barter;noFlea
68f0f6ecefe4c68b1e0bedfb	Twitch 2025 冬季物资箱（普通）	Twitch 2025	Twitch Winter 2025 case (Common)	Twitch 2025	2	2	noFlea
68f0f8a1375a44d1ed01ea4b	Killa妹海报	Killa妹	Killagirl poster	Killagirl	2	2	noFlea;poster
68f0f8f1a1e799f1c3027c71	Ryzhy 编年史海报	Ryzhy编年史	Chronicles of Ryzhy poster	Chronicles of Ryzhy	2	2	noFlea;poster
68f0f906efe4c68b1e0bedff	Twitch 2025 冬季物资箱（普通）	Twitch 2025	Twitch Winter 2025 case (Common)	Twitch 2025	2	2	noFlea
68f0fd0d1c3ee32f9d0213f8	Twitch 2025 冬季物资箱（普通）	Twitch 2025	Twitch Winter 2025 case (Common)	Twitch 2025	2	2	noFlea
68f0fe20bc20052e1308812d	Twitch 2025 冬季物资箱（普通）	Twitch 2025	Twitch Winter 2025 case (Common)	Twitch 2025	2	2	noFlea
68f1020354b792e187098ee9	Twitch 2025 冬季物资箱（稀有）	Twitch 2025	Twitch Winter 2025 case (Rare)	Twitch 2025	2	2	noFlea
68f108529693f7073d0139ec	Twitch 2025 冬季物资箱（稀有）	Twitch 2025	Twitch Winter 2025 case (Rare)	Twitch 2025	2	2	noFlea
68f10afaa4ef095e7a0570b7	Twitch 2025 冬季物资箱（稀有）	Twitch 2025	Twitch Winter 2025 case (Rare)	Twitch 2025	2	2	noFlea
68f11224197b61ffe703b16f	硬汉 PMC 玩偶	硬汉	Hardened PMC figurine	Hardened	1	2	barter;noFlea
68f1122aefaedc4aac096df0	Twitch 2025 冬季物资箱（稀有）	Twitch 2025	Twitch Winter 2025 case (Rare)	Twitch 2025	2	2	noFlea
68f1141cc279ff1cf902e2a7	Twitch 2025 冬季物资箱（稀有）	Twitch 2025	Twitch Winter 2025 case (Rare)	Twitch 2025	2	2	noFlea
68f117b8121d878a2303eee0	Gamma 安全箱（路易伪登）	Gamma	Secure container Gamma (Loui Peeton)	Gamma	3	3	noFlea
68f119c6121d878a2303eee3	实体比特币的右半边	BTC	Right half of a Physical Bitcoin	BTC	1	1	barter;noFlea
68f11a7197f1fa169102d442	Twitch 2025 冬季物资箱（稀有）	Twitch 2025	Twitch Winter 2025 case (Rare)	Twitch 2025	2	2	noFlea
68f11adfcd0babab2c0fb003	实体比特币的左半边	BTC	Left half of a Physical Bitcoin	BTC	1	1	barter;noFlea
68f11b691c3ee32f9d0213fc	Twitch 2025 冬季物资箱（稀有）	Twitch 2025	Twitch Winter 2025 case (Rare)	Twitch 2025	2	2	noFlea
68f11cf2efaedc4aac096df4	Twitch 2025 冬季物资箱（稀有）	Twitch 2025	Twitch Winter 2025 case (Rare)	Twitch 2025	2	2	noFlea
68f11e7ec279ff1cf902e2ab	Twitch 2025 冬季物资箱（稀有）	Twitch 2025	Twitch Winter 2025 case (Rare)	Twitch 2025	2	2	noFlea
68f12200a4ef095e7a0570bb	Twitch 2025 冬季物资箱（稀有）	Twitch 2025	Twitch Winter 2025 case (Rare)	Twitch 2025	2	2	noFlea
68f124c197f1fa169102d446	Twitch 2025 冬季物资箱（稀有）	Twitch 2025	Twitch Winter 2025 case (Rare)	Twitch 2025	2	2	noFlea
68f153aa7da590b6df0515da	BEAR 狗牌	BEAR	Dogtag BEAR	BEAR	1	1	barter;noFlea
68f15cf222c8979ee308f495	BEAR 狗牌	BEAR	Dogtag BEAR	BEAR	1	1	barter;noFlea
68f15dbab2b53abd200b9378	USEC 狗牌	USEC	Dogtag USEC	USEC	1	1	barter;noFlea
68f15e26f1aa7e100a0ca208	BEAR 狗牌	BEAR	Dogtag BEAR	BEAR	1	1	barter;noFlea
68f15e53103c5d9d4f022c78	USEC 狗牌	USEC	Dogtag USEC	USEC	1	1	barter;noFlea
68f2070695acf523d90da0d7	Twitch 2025 冬季物资箱（稀有）	Twitch 2025	Twitch Winter 2025 case (Rare)	Twitch 2025	2	2	noFlea
68f20c593a4fe30a0903ef67	Twitch 2025 冬季物资箱（稀有）	Twitch 2025	Twitch Winter 2025 case (Rare)	Twitch 2025	2	2	noFlea
68f20e9a4b7c654a15097d07	Twitch 2025 冬季物资箱（稀有）	Twitch 2025	Twitch Winter 2025 case (Rare)	Twitch 2025	2	2	noFlea
68f20fe895acf523d90da0db	Twitch 2025 冬季物资箱（稀有）	Twitch 2025	Twitch Winter 2025 case (Rare)	Twitch 2025	2	2	noFlea
68f21126372b712799064e07	Twitch 2025 冬季物资箱（稀有）	Twitch 2025	Twitch Winter 2025 case (Rare)	Twitch 2025	2	2	noFlea
68f213f8ea61d1803707cf7a	Prapor 给港口检查点的信	信	Prapor's letter for the port checkpoint	Letter	1	1	noFlea;specialSlot
68f219cef50ce5aadf0124b7	Twitch 2025 冬季物资箱（稀有）	Twitch 2025	Twitch Winter 2025 case (Rare)	Twitch 2025	2	2	noFlea
68f219e6cf79cee2d20ad7f7	Twitch 2025 冬季物资箱（稀有）	Twitch 2025	Twitch Winter 2025 case (Rare)	Twitch 2025	2	2	noFlea
68f21b0df50ce5aadf0124bb	Twitch 2025 冬季物资箱（稀有）	Twitch 2025	Twitch Winter 2025 case (Rare)	Twitch 2025	2	2	noFlea
68f21d3bcf79cee2d20ad7fb	Twitch 2025 冬季物资箱（稀有）	Twitch 2025	Twitch Winter 2025 case (Rare)	Twitch 2025	2	2	noFlea
68f21e769110c29db5025aa9	Twitch 2025 冬季物资箱（稀有）	Twitch 2025	Twitch Winter 2025 case (Rare)	Twitch 2025	2	2	noFlea
68f22062867349fb1e0fa7b7	Twitch 2025 冬季物资箱（稀有）	Twitch 2025	Twitch Winter 2025 case (Rare)	Twitch 2025	2	2	noFlea
68f22172f50ce5aadf0124bf	Twitch 2025 冬季物资箱（史诗）	Twitch 2025	Twitch Winter 2025 case (Epic)	Twitch 2025	2	2	noFlea
68f244ae22c8979ee308f4d8	NKVD 芬卡工具刀	芬卡	NKVD Finka knife	Finka	2	1	noFlea;wearable
68f25a45b2b53abd200b954d	三人成虎海报	三人组	Trio poster	Trio	2	2	poster
68f25a8acacd763bbc0e2bf9	神秘仪式海报	仪式	Ritual poster	Ritual	2	2	poster
68f25ac501fb9de974058be2	邪教海报	邪教	Cult poster	Cult	2	2	poster
68f25ad7103c5d9d4f02392e	控制海报	控制	Control poster	Control	2	2	poster
68f25b27abc35769c505f959	突袭海报	突袭	Raid poster	Raid	2	2	poster
68f25b4219a2b503d70dc28d	塔科夫火车站海报	天桥	Tarkov train station poster	SkyBridge	2	2	poster
68f25b772605ccea240dd684	正式版发售纪念臂带	正式版	Armband (Release)	Release	1	1	noFlea;wearable
68f25be683ec644ebf046787	臂带（Beta）	Beta	Armband (Beta)	Beta	1	1	noFlea;wearable
68f25c64b2b53abd200b954f	Prapor 玩偶	Prapor	Prapor figurine	Prapor	1	2	barter
68f25ce9b2b53abd200b9551	Therapist 玩偶	Therapist	Therapist figurine	Therapist	1	2	barter
68f25da3b84c6e1f8a09cffb	Fence 玩偶	Fence	Fence figurine	Fence	1	2	barter
68f25eba19a2b503d70dc28f	Skier 玩偶	Skier	Skier figurine	Skier	1	2	barter
68f25eef19a2b503d70dc291	Peacekeeper 玩偶	Peacekeeper	Peacekeeper figurine	Peacekeeper	1	2	barter
68f25f1201fb9de974058be4	Mechanic 玩偶	Mechanic	Mechanic figurine	Mechanic	1	2	barter
68f25f3a5d977110860c3350	Ragman 玩偶	Ragman	Ragman figurine	Ragman	1	2	barter
68f25faa22c8979ee308f4da	Jaeger 玩偶	Jaeger	Jaeger figurine	Jaeger	1	2	barter
68f25fdf928cd23ddf0471fb	Lightkeeper 玩偶	Lightkeeper	Lightkeeper figurine	Lightkeeper	1	2	barter
68f26063b2b53abd200b9553	竞技场裁判玩偶	裁判	Ref figurine	Ref	1	2	barter
68f2608301fb9de974058be6	BTR 模型	BTR	BTR figurine	BTR	1	2	barter
68f260d7b84c6e1f8a09cffd	藏身处之猫玩偶	猫	Hideout Cat figurine	Cat	1	2	barter
68f26124b84c6e1f8a09cfff	无赖战士玩偶	无赖战士	Walking Tank figurine	Tank	1	2	barter
68f26161b84c6e1f8a09d001	“逃离”玩偶	逃离	Escape figurine	Escape	1	2	barter
68f261f6928cd23ddf0471fd	Mastichin 玩偶	Mastichin	Mastichin figurine	Mastichin	1	2	barter
68f263f099d2172e150d7ff8	逃离塔科夫徽章棒球帽	棒球帽	Baseball cap (EFT Patch)	Cap	1	1	noFlea;wearable
68f5f8858d2e1e102a09fc69	Twitch 2025 冬季物资箱（史诗）	Twitch 2025	Twitch Winter 2025 case (Epic)	Twitch 2025	2	2	noFlea
68f5fb5c5f03bed5bb0db047	Twitch 2025 冬季物资箱（史诗）	Twitch 2025	Twitch Winter 2025 case (Epic)	Twitch 2025	2	2	noFlea
68f5fd9c5a50dc814d0b1d07	Twitch 2025 冬季物资箱（史诗）	Twitch 2025	Twitch Winter 2025 case (Epic)	Twitch 2025	2	2	noFlea
68f6003d5e028e58db0c3ee6	Twitch 2025 冬季物资箱（史诗）	Twitch 2025	Twitch Winter 2025 case (Epic)	Twitch 2025	2	2	noFlea
68f6010e5f1f85e524035716	Twitch 2025 冬季物资箱（史诗）	Twitch 2025	Twitch Winter 2025 case (Epic)	Twitch 2025	2	2	noFlea
68f604a9d5aa24c82c058ea7	Twitch 2025 冬季物资箱（史诗）	Twitch 2025	Twitch Winter 2025 case (Epic)	Twitch 2025	2	2	noFlea
68f609e53990971e3b095896	Twitch 2025 冬季物资箱（史诗）	Twitch 2025	Twitch Winter 2025 case (Epic)	Twitch 2025	2	2	noFlea
68f60cf382a236ceb80e6536	Twitch 2025 冬季物资箱（史诗）	Twitch 2025	Twitch Winter 2025 case (Epic)	Twitch 2025	2	2	noFlea
68f60ec95f03bed5bb0db04b	Twitch 2025 冬季物资箱（史诗）	Twitch 2025	Twitch Winter 2025 case (Epic)	Twitch 2025	2	2	noFlea
68f61102d5aa24c82c058eab	Twitch 2025 冬季物资箱（史诗）	Twitch 2025	Twitch Winter 2025 case (Epic)	Twitch 2025	2	2	noFlea
68f611815a50dc814d0b1d0b	Twitch 2025 冬季物资箱（史诗）	Twitch 2025	Twitch Winter 2025 case (Epic)	Twitch 2025	2	2	noFlea
68f611f3dc6100210f074d88	Twitch 2025 冬季物资箱（史诗）	Twitch 2025	Twitch Winter 2025 case (Epic)	Twitch 2025	2	2	noFlea
68f8ccb11cc53ada67036e27	“头眼退散”臂带	祷文	Armband (HEAD, EYES Protection)	Prayer	1	1	noFlea;wearable
68f8ccbc4c78615ba6079b20	“搜刮祷文”臂带	祷文	Armband (LOOT Prayer)	Prayer	1	1	noFlea;wearable
68f8ccf06a6869fe97026c3b	臂带（SBEU KOMAR 防护）	祷文	Armband (SBEU KOMAR Protection)	Prayer	1	1	noFlea;wearable
68f8e04eae031982b00e7aaf	Gamma 安全箱	Gamma	Secure container Gamma	Gamma	3	3	noFlea
68fa8e253666e2fd5b00a626	加固手提箱	加固手提箱	Armored case	Armored case	4	4	noFlea;specialSlot
68fb41120760c7891606613c	BEAR 狗牌	BEAR	Dogtag BEAR	BEAR	1	1	barter;noFlea
68fb412b0760c7891606613e	BEAR 狗牌	BEAR	Dogtag BEAR	BEAR	1	1	barter;noFlea
68fb4143a854bc7ae80fad3e	USEC 狗牌	USEC	Dogtag USEC	USEC	1	1	barter;noFlea
68fb4157b280c103230e3b3c	USEC 狗牌	USEC	Dogtag USEC	USEC	1	1	barter;noFlea
68fb9480e6ad35a767066feb	“封测锤炼”臂带	臂带	Forged In Beta Armband	Armband	1	1	noFlea;wearable
6900a54ae85e475e590c96be	立交桥地下设施平面图	立交桥地下	Interchange underground utility plan	Plan	1	2	noFlea
690c70a2a1461a01d605a1bd	Elvisvista 玩偶	Elvisvista	Elvisvista figurine	Elvisvista	1	2	barter
6932abeb5403890d0c09c926	奈特军械公司 (KAC) SR-25 7.62x51 精确射手步枪（褐灰色）	SR-25	Knight's Armament Company SR-25 7.62x51 marksman rifle (Taupe)	SR-25	1	1	gun	Caliber762x51
6932ac58be542622170428aa	SR-25 7.62x51 上机匣（褐灰色）	SR-25	SR-25 7.62x51 upper receiver (Taupe)	SR-25	2	1	mods
6932ac762e27c68c800bd836	KAC SR-25 拉机柄（褐灰色）	KAC	AR-10 KAC charging handle (Taupe)	KAC	1	1	mods
6932ac8fbccfa5c5a00b5a76	KAC SASS AR-15 枪托（褐灰色）	SASS	AR-15 KAC SASS stock (Taupe)	SASS	2	1	mods
6932aec6cccd2b808a043856	KAC URX 2 12.5 英寸 AR-10 护木	URX2 12.5"	AR-10 KAC URX 2 12.5 inch handguard	URX2 12.5"	2	1	mods
6932aed9be542622170428b0	KAC URX 3.1 13.5 英寸 AR-10 护木	URX3.1 13.5"	AR-10 KAC URX 3.1 13.5 inch handguard	URX3.1 13.5"	2	1	mods
6932aeebbe542622170428ba	KAC M110 双面皮卡汀尼导轨高轮廓导气箍	DHP	AR-10 KAC M110 Double High Picatinny Gas Block	DHP	1	1	mods
6932af0bbe542622170428bd	Potomac Armory M110 7.62x51 消焰器	M110消焰	AR-10 Potomac Armory M110 7.62x51 flash hider	M110 FH	1	1	mods
6932af22cccd2b808a04385e	KAC SR-25/Mk.11 7.62x51 消音器	Mk.11	AR-10 KAC SR-25/Mk.11 7.62x51 sound suppressor	Mk.11	2	1	mods;suppressor
6936bd64b2b5b688e50cde36	KAC URX 2 12.5 英寸 AR-10 护木（灰褐色）	URX2 12.5"	AR-10 KAC URX 2 12.5 inch handguard (Taupe)	URX2 12.5"	2	1	mods
6936bd6f4737190b66053ba6	KAC URX 3.1 13.5 英寸 AR-10 护木（灰褐色）	URX3.1 13.5"	AR-10 KAC URX 3.1 13.5 inch handguard (Taupe)	URX3.1 13.5"	2	1	mods
6936bde84737190b66053bb1	KAC M110 双面皮卡汀尼导轨高轮廓导气箍（灰褐色）	DHP	AR-10 KAC M110 Double High Picatinny Gas Block (Taupe)	DHP	1	1	mods
6936be064737190b66053bb4	KAC SR-25/Mk.11 7.62x51 消音器（灰褐色）	Mk.11	AR-10 KAC SR-25/Mk.11 7.62x51 sound suppressor (Taupe)	Mk.11	2	1	mods;suppressor
6936fe4a3f4d6dfa3900c33c	半面巾（圣诞骷髅）	圣诞骷髅	Lower half-mask (Skull Santa)	Skull Santa	1	1	noFlea;wearable
6936ff4ec5b365205f082e38	Cold Fear 隔热巴拉克拉瓦头套（高原复合迷彩）	CF高原	Cold Fear infrared balaclava (MultiCam Alpine)	CF Alpine	1	1	noFlea;wearable
6936ff8734029a096c06f95a	Atomic Defense CQCM防弹面罩（冰爆）	冰爆	Atomic Defense CQCM ballistic mask (Blasted Ice)	Blasted Ice	2	2	noFlea;wearable
6937ecc3dbdccab44605fcf0	Twitch 稀有狗牌包	Twitch	Twitch rare dogtag case	Twitch	1	1	container;noFlea
6937eccbfd921faceb0dfecd	路易伪登豪华钱包	LP	Loui Peeton deluxe wallet	LP	1	1	container;noFlea
6937ecd37713b904480013ac	热棒饮品保温袋	热棒	Hot Rod beverage cooler bag	Hot Rod	3	3	container;noFlea
6937ecf8628ee476240c07cb	Tigzresq 夹板	Tigzresq	Tigzresq splint	Tigzresq	1	1	meds;provisions
6937ed118715e9fd1b0f286d	橘子	橘子	Tangerine	Tangerine	1	1	barter
6937edb912d456a817083e82	Mazoni 金色哑铃	Mazoni	Mazoni golden dumbbell	Mazoni	2	2	barter
6937efd50543dcc2560a2c81	新年苏联毛帽	新年毛帽	New Year ushanka hat	Ushanka	2	2	noFlea;wearable
6937f02dfd6488bb27024839	Domontovich 毛帽	Domont	Domontovich ushanka hat	Domontovich	2	2	wearable
69398e94ca94fd2877039504	Nut Sack 巴拉克拉瓦头套	Nut Sack	Nut Sack balaclava	Nut Sack	1	1	wearable
6939948dc2ceb9acd7082eb2	旧屋厕所钥匙	技术站厕所	Old house toilet key	Depot T.	1	1	keys;noFlea
693ae5b60a32abe2210c69d6	奈特军械公司 (KAC) SR-25 7.62x51 精确射手步枪（褐灰色） 默认	SR-25 默认	Knight's Armament Company SR-25 7.62x51 marksman rifle (Taupe) Default	SR-25 Default	6	2	preset
693bb59250fafa102607aeb7	Opsmen Earmor M32 耳机（白色）	M32	OPSMEN Earmor M32 headset (White)	M32	2	2	headphones;noFlea;wearable
693be003582cc8870b090b41	Galvion 凯门鳄 复合防弹头盔（高原复合迷彩）	凯门鳄	Galvion Caiman Hybrid helmet (MultiCam Alpine)	Caiman	2	2	noFlea;wearable
693be056fd3a5c751e00de04	Galvion 凯门鳄 复合防弹护颚（高原复合迷彩）	凯门鳄护颚	Galvion Caiman Hybrid Ballistic Mandible Guard (MultiCam Alpine)	Caiman BMG	2	2	noFlea;wearable
693be0ee50fafa102607aebd	Galvion 凯门鳄 复合防弹贴片（高原复合迷彩）	凯门鳄贴片	Galvion Caiman Hybrid Ballistic Applique (MultiCam Alpine)	Caiman BA	2	1	noFlea;wearable
693be8f650fafa102607aed4	HighCom Striker ULACH IIIA 头盔（冬季网格喷漆）	ULACH	HighCom Striker ULACH IIIA helmet (Winter Mesh Spray)	ULACH	2	2	noFlea;wearable
693bfb50d5c25889e701d444	螺母罐	零件罐	Nut can	Nuts&Bolts	1	1	container;noFlea
693fd0e9deee848f70054999	Crye Precision JPC 插板胸挂（复合迷彩）	JPC	Crye Precision JPC Plate Carrier (MultiCam)	JPC	3	4	rig;wearable
693fd1200ec97e98040bd3f9	Tac-Kek JayPC 插板胸挂（黑色）	JayPC	Tac-Kek JayPC plate carrier (Black)	JayPC	3	3	rig;wearable
693fd13aa490096a05028cc8	Tac-Kek JayPC 插板胸挂（橄榄绿）	JayPC	Tac-Kek JayPC plate carrier (OD Green)	JayPC	3	4	rig;wearable
69412e1d0045b2176002e4eb	极寒天气面具	极寒	Extreme cold weather face mask	Extreme	2	2	noFlea;wearable
69412e5573dcf473e50be464	ANA Tactical M2 插板胸挂（高原复合迷彩）	ANA M2	ANA Tactical M2 plate carrier (MultiCam Alpine)	ANA M2	4	4	noFlea;rig;wearable
69413241b1ce1e5fbb09ed0a	CENS ProFlex DX5 战术耳塞	ProFlex	CENS ProFlex DX5 tactical earplug	ProFlex	1	1	headphones;wearable
6943c85be2f21398e70378cc	Tac-Kek SAPI Level III+ 防弹插板（仿制品）	TK SAPI III+	Tac-Kek SAPI Level III+ ballistic plate (Replica)	TK SAPI III+	2	2	armorPlate;wearable
6943e2bc23fd3c3adb076611	Crye Precision JPC 插板胸挂（复合迷彩） 默认	JPC 默认	Crye Precision JPC Plate Carrier (MultiCam) Default	JPC Default	3	4	noFlea;preset
6943e2f97649f4942e059af6	Tac-Kek JayPC 插板胸挂（黑色） 默认	JayPC 默认	Tac-Kek JayPC plate carrier (Black) Default	JayPC Default	3	3	preset
6943e31c0c2475ee910105f6	Tac-Kek JayPC 插板胸挂（橄榄绿） 默认	JayPC 默认	Tac-Kek JayPC plate carrier (OD Green) Default	JayPC Default	3	4	preset
69774bb0a247161ff1068335	鸭肝酱罐头	肝酱	Can of duck pate	Pâté	1	1	provisions
697883474afb9f7de10380ba	海报筒	海报	Poster tube	Posters	1	3	container
697c79b1daf4828686033fcb	Maska-1SCh 防弹头盔（Vida 版）	Maska-1SCh VE	Maska-1SCh bulletproof helmet (Vida Edition)	Maska-1SCh VE	2	2	wearable
697c7a457c3b0223c30d16e6	Maska-1SCh 防弹面罩（Vida 版）	1SCh面罩	Maska-1SCh face shield (Vida Edition)	1SCh FS	2	1	wearable
697cdbfd14e9320980057487	《逃离鸭科夫》海报	逃离鸭科夫	Escape from Duckov poster	Escape from Duckov	2	2	noFlea;poster
697cddb414e932098005748d	鸭子玩偶	鸭子	Duck figurine	Duck	1	2	barter;noFlea
6981d72ed009ad83920da43a	Saiga-12K 12 铅径自动霰弹枪（红线）	Saiga-12K FA红	Saiga-12K 12ga automatic shotgun (Redline)	Saiga-12K FA RL	4	1	gun;noFlea	Caliber12g
6981ee9cf819a414310292fb	Armacon Monolit 3 Gen.2 AK-74M 缓冲管转接器（红线）	Mono3红	AK-74M Armacon Monolit 3 Gen.2 buffer tube adapter (Redline)	Mono3 RL	1	1	mods;noFlea
6981f3e2f819a41431029302	FAB Defense GL-CORE S AR-15 枪托（红线）	GL-CORE S	AR-15 FAB Defense GL-CORE S buttstock (Redline)	GL-CORE S	2	1	mods;noFlea
6981f8ca1d2e2070560b7275	Custom Arms AGS-74 PRO + 狙击套件 AK 手枪式握把（红线）	AGS-74红	AK Custom Arms AGS-74 PRO + Sniper Kit pistol grip (Redline)	AGS-74 RL	1	1	mods;noFlea;pistolGrip
6981f97f1d2e2070560b7277	Custom Guns Hedon S Saiga-12 护木（红线）	Hedon S	Saiga-12 Custom Guns Hedon S handguard (Redline)	Hedon S	2	1	mods;noFlea
6981f9c5f819a41431029304	SOK-12 防尘盖（红线）	SOK-12红	SOK-12 dust cover (Redline)	SOK-12 RL	2	1	mods;noFlea
6984b690b457c5047e0c01fa	IRBIS-GUN 30AL 前握把	30AL	IRBIS-GUN 30AL Foregrip	30AL	1	1	mods;noFlea
6984b74a5aab442620032fe6	IRBIS-GUN 45AL 前握把	45AL	IRBIS-GUN 45AL Foregrip	45AL	1	1	mods;noFlea
6984b7bf0baed1fc0a0594f6	Gladman AK 镂空手枪式握把	镂空	AK Gladman Skeleton pistol grip	Skeleton	1	1	mods;noFlea;pistolGrip
6984b7d56be2752c150e6895	Tyrant Designs MOD Chevron AR-15 镂空手枪式握把（黑色）	Chevron	AR-15 Tyrant Designs MOD Chevron pistol grip (Black)	Chevron	1	1	mods;noFlea;pistolGrip
6984b82c5aab442620032fe8	Lead Star Arms Ravage AR-15 枪托	Ravage	AR-15 Lead Star Arms Ravage stock	Ravage	1	1	mods;noFlea
6985beb1812f88c79b0eed39	Steiner R1X 反射式瞄具	R1X	Steiner R1X reflex sight	R1X	1	1	mods;noFlea
6985bebd812f88c79b0eed3b	DI Optical FC1 反射式瞄具	FC1	DI Optical FC1 reflex sight	FC1	1	1	mods;noFlea
6985bed26be2752c150e6898	DI Optical FC1 瞄具基座	FC1基座	DI Optical FC1 sight mount	FC1 SM	1	1	mods;noFlea
6985bee16be2752c150e689b	DI Optical FC1 增高座	FC1增高	DI Optical FC1 Spacer	FC1 spc.	1	1	mods;noFlea
6985eb089edef67ade080b72	Tyrant Designs MOD Chevron AR-15 镂空手枪式握把（红色）	Chevron	AR-15 Tyrant Designs MOD Chevron pistol grip (Red)	Chevron	1	1	mods;noFlea;pistolGrip
6985ec9fc848f05f4600f6b9	Lead Star Arms Ravage AR-15 枪托（红色）	Ravage	AR-15 Lead Star Arms Ravage stock (Red)	Ravage	1	1	mods;noFlea
6985eca7de77dd8dd50025ba	Lead Star Arms Ravage AR-15 枪托（黄色）	Ravage	AR-15 Lead Star Arms Ravage stock (Yellow)	Ravage	1	1	mods;noFlea
698b337c49b46ae2d0092e7f	Phase5 Hexone AR-15 缓冲管	Hexone	AR-15 Phase5 Hexone buffer tube	Hexone	2	1	mods;noFlea
698b338649b46ae2d0092e82	Phase5 AR-15 通用迷你枪托	UMS	AR-15 Phase5 Universal Mini Stock	UMS	1	1	mods;noFlea
698b358b49b46ae2d0092e86	Phase5 AR-15 通用迷你枪托（红色）	UMS	AR-15 Phase5 Universal Mini Stock (Red)	UMS	1	1	mods;noFlea
698b3592e700c6d632003753	Phase5 AR-15 通用迷你枪托（黄色）	UMS	AR-15 Phase5 Universal Mini Stock (Yellow)	UMS	1	1	mods;noFlea
698dac21772d6f3dc00e4284	Tyrant Designs MOD Chevron AR-15 镂空手枪式握把（黄色）	Chevron	AR-15 Tyrant Designs MOD Chevron pistol grip (Yellow)	Chevron	1	1	mods;noFlea;pistolGrip
69985e7819f8713b630de3d6	Fab Defense FX-KPOS ARS 枪托	ARS	FAB Defense FX-KPOS ARS stock	ARS	2	1	mods
69985e9146e48aa39d06a685	Fab Defense MP7 ARS 枪托转接器	ARS MP7	HK MP7 FAB Defense ARS stock adapter	ARS MP7	1	1	mods
69985fa69f79621e1d0f58f5	SureFire SF3P 4.6x30 MP7 消焰器	SF3P-MP7	HK MP7 SureFire SF3P 4.6x30 flash hider	SF3P-MP7	1	1	mods
699f09de81a6c812900a77b7	AMG-10 液压油	AMG-10	AMG-10 hydraulic fluid	AMG-10	1	2	barter
699f0b877c23862b4b0ee19c	Paradigm 航运海报	Paradigm	Paradigm Shipping poster	Paradigm	2	2	poster
69a0174087a75d2cbd0842e8	SZ-1 炸药	炸药	SZ-1 explosive charge	SZ-1	2	2	specialSlot
69a6bdfa896d77866e096752	Saiga-12K 12 铅径自动霰弹枪（红线） 默认	Saiga-12K FA红 默认	Saiga-12K 12ga automatic shotgun (Redline) Default	Saiga-12K FA RL Default	5	3	noFlea;preset
69b10ebfde4dda4a140bddb8	WARTECH TV-115 插板胸挂（黑色）	TV-115	WARTECH TV-115 plate carrier (Black)	TV-115	3	3	noFlea;rig;wearable
69b11935f3783ec37c03a105	FORT Defender-2 防弹衣（德国斑点迷彩）	Defender-2	FORT Defender-2 body armor (Flecktarn)	Defender-2	3	4	armor;noFlea;wearable
69b11f46f3783ec37c03a116	Direct Action Thunderbolt 紧凑型胸挂（丛林绿）	Thunderbolt	Direct Action Thunderbolt compact chest rig (Ranger Green)	Thunderbolt	3	3	noFlea;rig;wearable
69b124822c6ed131290d921f	LBT-1961A 承重胸挂（沙漠防夜视迷彩）	LBCR	LBT-1961A Load Bearing Chest Rig (DNC)	LBCR	3	3	noFlea;rig;wearable
69bb3e54d6c67f6265004ab9	Boreas 破冰船轮机舱钥匙卡	轮机	Boreas engine room keycard	ER	1	1	keys
69bb3ec9f609db77390b0e1a	Boreas 破冰船载员舱钥匙卡	载员	Boreas crew quarters keycard	CQ	1	1	keys
69bb3f278af9f360ee010a7a	C-1 舱室钥匙卡	С-1	Compartment C-1 keycard	С-1	1	1	keys
69bb3f7df94327bc0f0230c9	C-3 舱室钥匙卡	C-3	Compartment C-3 keycard	C-3	1	1	keys
69bb41c03b5fb75517065960	Ultralink 卫星通讯模块	Ultralink	Ultralink satellite communication module	Ultralink	3	2	barter
69bb4203f94327bc0f0230cd	IBX Gigachad 加密处理器	Gigachad	IBX Gigachad cryptographic processor	Gigachad	2	1	barter
69bb424e99f3fda8f107247d	Memento 服务器内存模块	Memento	Memento Server RAM Module	Memento	1	1	barter
69bb435ff609db77390b0e25	Aceso Xpress 半自动生化分析仪	Aceso Xpress	Aceso Xpress semi-automatic biochemical analyzer	Aceso Xpress	2	2	barter
69bb43df99f3fda8f1072483	Nooby Shield 碘化钾片	NoobyShield	Nooby Shield potassium iodide tablets	Nooby	1	1	barter
69bb4499957ebbdeb600393f	Paradigm 航运指示	指示	Paradigm Shipping directive	Directive	1	2	noFlea
69bb44cbd6c67f6265004ac1	C-1 舱室访问记录	C-1	Compartment C-1 access log	C-1	1	2	noFlea
69bb4558b44453acde02ebe7	Boreas 水手日志	水手	Sailor's diary	Sailor	1	2	noFlea
69bb45b89c92ecd910059159	破冰船数据库文件	数据库	Icebreaker archive data	Archive	1	2	noFlea
69bb4673d6c67f6265004aca	Boreas 科学家录音带	Boreas	Boreas scientist audio tape	Boreas	1	1	noFlea
69c129fe5929f7d94804fe30	Cold Fear 隔热巴拉克拉瓦头套（蓝色苔纹）	CF	Cold Fear infrared balaclava (Blue Moss)	CF	1	1	noFlea;wearable
69c12d74e0921a7ebc0f0a58	Cold Fear 隔热巴拉克拉瓦头套（沙漠防夜视迷彩）	CF	Cold Fear infrared balaclava (DNC)	CF	1	1	noFlea;wearable
69c133c82c6b85dee30fab20	Cold Fear 隔热巴拉克拉瓦头套（Kukla 迷彩）	CF	Cold Fear infrared balaclava (Kukla)	CF	1	1	noFlea;wearable
69c139c022093da1c50a8808	Safariland Liberator HP 2.0听力保护耳机（复合迷彩）	Liberator	Safariland Liberator HP 2.0 Hearing Protection Headset (MultiCam)	Liberator	2	2	headphones;noFlea;wearable
69c14efe66c213ea750e1960	Safariland Liberator HP 2.0听力保护耳机（黑色）	Liberator	Safariland Liberator HP 2.0 Hearing Protection Headset (Black)	Liberator	2	2	headphones;noFlea;wearable
69c14fa8b33aad3beb036878	Safariland Liberator HP 2.0听力保护耳机（黑系复合迷彩）	Liberator	Safariland Liberator HP 2.0 Hearing Protection Headset (MultiCam Black)	Liberator	2	2	headphones;noFlea;wearable
69c1632ca078dbb51e0e31b5	Peltor ComTac VI 耳机（黑色）	ComTac VI	Peltor ComTac VI headset (Black)	ComTac VI	2	2	headphones;noFlea;wearable
69c163b17c7040819b086502	Peltor ComTac VI 耳机（丛林绿）	ComTac VI	Peltor ComTac VI headset (Ranger Green)	ComTac VI	2	2	headphones;noFlea;wearable
69c264c00f660b3f0d058fcf	TW EXFIL Peltor ComTac VI 耳机（黑色）	ComTac VI	TW EXFIL Peltor ComTac VI headset (Black)	ComTac VI	2	1	headphones;noFlea;wearable
69c26593ea474c30ad069f8f	TW EXFIL Peltor ComTac VI 耳机（丛林绿）	ComTac VI	TW EXFIL Peltor ComTac VI headset (Ranger Green)	ComTac VI	2	1	headphones;noFlea;wearable
69c26722bf4ff19f50057643	Team Wendy EXFIL 防弹头盔（复合迷彩）	EXFIL	Team Wendy EXFIL Ballistic Helmet (MultiCam)	EXFIL	2	2	noFlea;wearable
69c26fa8add25b3623091e89	Highcom Striker ACHHC IIIA 头盔（狼棕色）	ACHHC	HighCom Striker ACHHC IIIA helmet (Coyote Brown)	ACHHC	2	2	noFlea;wearable
69caa20ff3190e7dfe0c197f	Crye Precision AirFrame 护颚（黑色）	AF护颚	Crye Precision AirFrame Chops (Black)	AF Chops	2	2	noFlea;wearable
69caa229512d14715e0fccdf	Crye Precision AirFrame 护耳（黑色）	AF护耳	Crye Precision AirFrame Ears (Black)	AF Ears	2	2	noFlea;wearable
69cbd3188eeaa243ed09710e	Crye Precision AirFrame 护颚（复合迷彩）	AF护颚	Crye Precision AirFrame Chops (MultiCam)	AF Chops	2	2	noFlea;wearable
69cbd32a05c5beb41b0781b3	Crye Precision AirFrame 护耳（复合迷彩）	AF护耳	Crye Precision AirFrame Ears (MultiCam)	AF Ears	2	2	noFlea;wearable
69cbd33bc293038df7002951	Crye Precision AirFrame 护颚（橄榄绿）	AF护颚	Crye Precision AirFrame Chops (OD Green)	AF Chops	2	2	wearable
69cbd346d0e5ec2c8a0429c2	Crye Precision AirFrame 护耳（橄榄绿）	AF护耳	Crye Precision AirFrame Ears (OD Green)	AF Ears	2	2	wearable
69cbd35600ebef208805cc04	Crye Precision AirFrame 护颚（鲨鱼嘴）	AF护颚	Crye Precision AirFrame Chops (Shark)	AF Chops	2	2	noFlea;wearable
69cbd36d8eeaa243ed097112	Crye Precision AirFrame 护耳（灰褐色）	AF护耳	Crye Precision AirFrame Ears (Coyote)	AF Ears	2	2	noFlea;wearable
69cbd37c33d1df198600bfec	Crye Precision AirFrame Chops (Morbus Incorsio)	AF Chops	Crye Precision AirFrame Chops (Morbus Incorsio)	AF Chops	2	2	noFlea;wearable
69cbd389c0c2364a330c6474	Crye Precision AirFrame Ears (Morbus Incorsio)	AF Ears	Crye Precision AirFrame Ears (Morbus Incorsio)	AF Ears	2	2	noFlea;wearable
69cbfe1f6dbaa9badb0c6b13	Crye Precision AirFrame 头盔（网格绿色）	AirFrame	Crye Precision AirFrame helmet (Mesh Green)	AirFrame	2	2	noFlea;wearable
69cbfe34c293038df7002963	Crye Precision AirFrame 头盔（橄榄绿）	AirFrame	Crye Precision AirFrame helmet (OD Green)	AirFrame	2	2	noFlea;wearable
69cbfe3a2f657c59da06e262	Crye Precision AirFrame 头盔（鲨鱼嘴）	AirFrame	Crye Precision AirFrame helmet (Shark)	AirFrame	2	2	noFlea;wearable
69cbfe44897389c1870b2337	Crye Precision AirFrame helmet (Morbus Incorsio)	AirFrame	Crye Precision AirFrame helmet (Morbus Incorsio)	AirFrame	2	2	noFlea;wearable
69cd423343c6b278a2076cca	Crye Precision AirFrame M-LOK 头盔（黑色）	AirFrame M-LOK	Crye Precision AirFrame M-LOK helmet (Black)	AirFrame M-LOK	2	2	noFlea;wearable
69ce47ca49b447e32200cbe9	Crye Precision AirFrame M-LOK 头盔（公牛）	AirFrame M-LOK	Crye Precision AirFrame M-LOK helmet (Bull)	AirFrame M-LOK	2	2	noFlea;wearable
69ce47f01bb66daf5b0d62fd	Crye Precision AirFrame 头盔（老派风格）	AirFrame	Crye Precision AirFrame helmet (Old School)	AirFrame	2	2	noFlea;wearable
69ce4e3430056e9ce1007c78	AN/AVS-6&9 夜视仪基座	AVS6&9	AN/AVS-6&9 NVG mount	AVS6&9	1	1	mods;noFlea
69ce70a321c1fc42cd01affa	Atlant Armour Titan（泰坦）芳纶头盔（橄榄绿）	Titan	Atlant Armour Titan Aramid helmet (OD Green)	Titan Aramid	2	2	noFlea;wearable
69ce70df606696c00301a760	Atlant Armour Titan（泰坦）芳纶头盔（复合迷彩）	Titan	Atlant Armour Titan Aramid helmet (MultiCam)	Titan Aramid	2	2	noFlea;wearable
69ce70ff49b447e32200cc1c	Atlant Armour Titan（泰坦）芳纶头盔 (Rudiarius)	Titan	Atlant Armour Titan Aramid helmet (Rudiarius)	Titan Aramid	2	2	noFlea;wearable
69ce8ea6c5fbc777150faf69	白桦迷彩棒球帽 (Zaebtsa)	Zaebtsa	Baseball cap (Zaebtsa Berezka)	Zaebtsa	1	1	noFlea;wearable
69ce8fa8579d5d18300a1fd3	德国斑点迷彩棒球帽 (Zaebtsa)	Zaebtsa	Baseball cap (Zaebtsa Flecktarn)	Zaebtsa	1	1	noFlea;wearable
69ceab1a8562e71bbe063511	棒球帽（波士顿）	波士顿	Baseball cap (Boston)	Boston	1	1	noFlea;wearable
69ceab3a8562e71bbe063514	棒球帽（黑系复合迷彩）	帽	Baseball cap (MultiCam Black)	Cap	1	1	noFlea;wearable
69ceaef3b32e945ef408a609	Crye Precision AirFrame 头盔（老派风格） 默认	AirFrame 默认	Crye Precision AirFrame helmet (Old School) Default	AirFrame Default	2	2	noFlea;preset
69cf9696b96c8e8d3e002925	FORT Redut-M（堡垒-M）防弹衣（竞技场之囚）	Redut-M	FORT Redut-M body armor (Prisoner of the Arena)	Redut-M	3	4	armor;noFlea;wearable
69cfbf627eaa38bd240704ad	Stich Profi MK2胸挂（侦察型，数码丛林迷彩）	CR MK2侦察型	Stich Profi Chest Rig MK2 (Recon, EMR)	CR MK2 (R)	3	4	noFlea;rig;wearable
69cfc2d7a9102bdca0080070	LBT-1961A 承重胸挂（复合迷彩）	LBCR	LBT-1961A Load Bearing Chest Rig (MultiCam)	LBCR	3	3	noFlea;rig;wearable
69cfc7699aed3ea997094cce	Revision ShadowStrike 战术眼镜（黄褐色）	ShadowStrike	Revision ShadowStrike tactical glasses (Tan)	ShadowStrike	2	1	glasses;noFlea;wearable
69cfc77a596291dd380576e6	Revision ShadowStrike 战术眼镜（灰色）	ShadowStrike	Revision ShadowStrike tactical glasses (Gray)	ShadowStrike	2	1	glasses;noFlea;wearable
69cfe083ce0df53f230f29b0	Wiley X SPEAR 防护眼镜（黑色）	SPEAR	Wiley X SPEAR ballistic goggles (Black)	SPEAR	2	1	glasses;noFlea;wearable
69cfe095b96c8e8d3e002aa3	Wiley X SPEAR 防护眼镜（黄褐色）	SPEAR	Wiley X SPEAR ballistic goggles (Tan)	SPEAR	2	1	glasses;noFlea;wearable
69cfef0d6242b966d40803e7	FORT Redut-M（堡垒-M）防弹衣（黑色）	Redut-M	FORT Redut-M body armor (Black)	Redut-M	3	4	armor;noFlea;wearable
69cfff5920eac4535609a008	Stich Profi V2 插板胸挂（A-TACS FG）	SP PC V2	Stich Profi Plate Carrier V2 (A-TACS FG)	SP PC V2	3	4	noFlea;rig;wearable
69cfff99cb69530af90a8279	Stich Profi V2 插板胸挂（灰褐色）	SP PC V2	Stich Profi Plate Carrier V2 (Coyote)	SP PC V2	3	4	noFlea;rig;wearable
69d26ff4b855150a70092b8c	FORT Gladiator-S（格斗-S）插板胸挂（无惧死亡）	Gladiator-S	FORT Gladiator-S plate carrier (Death is Inevitable)	Gladiator-S	3	4	noFlea;rig;wearable
69d27591df93e6952a031c84	FORT Gladiator-S（格斗-S）轻型插板胸挂（维京）	Gladiator-S	FORT Gladiator-S plate carrier (Viking)	Gladiator-S	3	4	noFlea;rig;wearable
69d27ebeb855150a70092ba3	FORT Gladiator-S（格斗-S）轻型插板胸挂（复合迷彩）	Gladiator-S	FORT Gladiator-S plate carrier (Lightweight, MultiCam)	Gladiator-S	3	4	noFlea;rig;wearable
69d28cdc274c032dd804afe0	FORT Gladiator-S（格斗-S）轻型插板胸挂（复合迷彩）	Gladiator-S	FORT Gladiator-S plate carrier (MultiCam)	Gladiator-S	3	4	noFlea;rig;wearable
69d36347705756116e0a901c	FirstSpear Strandhogg 插板胸挂（黑系复合迷彩）	Strandhogg	First Spear Strandhogg plate carrier (MultiCam Black)	Strandhogg	3	4	noFlea;rig;wearable
69d37050705756116e0a9037	Haley Strategic D3CRX 胸挂（黑色）	D3CRX	Haley Strategic D3CRX Chest Harness (Black)	D3CRX	3	3	noFlea;rig;wearable
69d3708c8d8009073d0a9df4	FORT Gladiator-S（格斗-S）插板胸挂（灰色）	Gladiator-S	FORT Gladiator-S plate carrier (Gray)	Gladiator-S	3	3	armor;noFlea;wearable
69d39aacf1954acdb3083285	战争回声物资箱	战争回声	Echo Belli crate	Echo Belli	3	2	barter;noFlea
69d3c156cdeff2f448010e2e	Walker's Razor 数字耳机（ΜΟΛΩΝ ΛΑΒΕ）	Razor	Walker's Razor Digital headset (Molon Labe)	Razor	2	2	headphones;noFlea;wearable
69d46480fe02b60eed07a402	Cold Fear 隔热巴拉克拉瓦头套 (M90)	CF	Cold Fear infrared balaclava (M90)	CF	1	1	noFlea;wearable
69d8deea9b361d9df800124e	FORT Gladiator-S（格斗-S）轻型插板胸挂（复合迷彩） 默认	Gladiator-S 默认	FORT Gladiator-S plate carrier (MultiCam) Default	Gladiator-S Default	3	4	noFlea;preset
69dd0de23dfe95d9e70b5ebb	TarCoin	TarCoin	TarCoin	TarCoin	1	1	noFlea
69e2441a18cb3157560855ec	Spiritus Systems LV-119 插板胸挂 (黑系复合迷彩)	LV-119	Spiritus Systems LV-119 Plate Carrier (MultiCam Black)	LV-119	4	4	noFlea;rig;wearable
69e24f4f9e6ca1b32508bfbc	Team Wendy EXFIL 盔罩（黑系复合迷彩）	EXFIL	Team Wendy EXFIL helmet cover (MultiCam Black)	EXFIL	1	1	wearable
69eb793db978f26a9304e78c	HK MP7A1 4.6x30 冲锋枪 Wedge	MP7A1 Wedge	HK MP7A1 4.6x30 submachine gun Wedge	MP7A1 Wedge	3	2	noFlea;preset
69f07893e761ac1c200ae15b	Model 8230 CS 催泪弹	催泪弹	Model 8230 CS gas grenade	CS gas	1	1	grenade;noFlea
69f9d319c906cd16da03b374	SheefGG 存钱罐	SheefGG	SheefGG piggy bank	SheefGG	2	2	container
69f9d547b98cc4120608692a	Desmondpilak CD 专辑	Desmond	DesmondPilak CD	Desmond	1	1	barter
69f9d60b5de6674f08060f2a	Dunduk 软盘	Dunduk	Dunduk floppy disk	Dunduk	1	1
69f9ebbcaae020b0db02f65d	北方工业 QBZ-191 5.8x42 突击步枪	QBZ-191	Norinco QBZ-191 5.8x42 assault rifle	QBZ-191	1	1	gun;noFlea	Caliber58x42
69f9ebf07596e93e340c0a16	QBZ-191 5.8x42 266毫米枪管	QBZ-191 266mm	QBZ-191 5.8x42 266mm barrel	QBZ-191 266mm	2	1	mods
69f9ec0cddaf0c377d0eb748	QBZ-191 导气箍	QBZ-191导气	QBZ-191 gas block	QBZ-191 gas	1	1	mods
69f9ec5a7596e93e340c0a1e	5.8x42 QBZ-191 30发弹匣	QBZ	QBZ-191 5.8x42 30-round magazine	QBZ-191	1	2	mods
69f9ec80aae020b0db02f670	北方工业 QMK-171A 瞄具基座	QMK基座	Norinco QMK-171A sight mount	QMK-171A	1	1	mods
69f9eca1ddaf0c377d0eb74e	QBZ-191 5.8x42 鸟笼式消焰器	QBZ	QBZ-191 Bird Cage 5.8x42 flash hider	QBZ BC	1	1	mods
69f9ecb8df2c2358a9041858	北方工业 QBZ-191 手枪式握把	QBZ	QBZ-191 pistol grip	QBZ-191	1	1	mods;pistolGrip
69f9ecc5df2c2358a904185c	QBZ-191 5.8x42 上机匣	QBZ-191	QBZ-191 5.8x42 upper receiver	QBZ upper	2	1	mods
69f9f0a86b45e1d5210c6955	北方工业 QBZ-191 折叠式照门	QBZ照门	QBZ-191 flip-up rear sight	QBZ RS	1	1	mods
69f9f0b58676a3db2a096808	北方工业 QBZ-191 枪托	QBZ枪托	QBZ-191 buttstock	QBZ-191	2	1	mods
69f9f0c325db06fcf60a88e6	北方工业 QBZ-191 缓冲管	QBZ	QBZ-191 buffer tube	QBZ BT	2	1	mods
69f9f0d3df2c2358a9041867	北方工业 VQX-191 5.8x42 消音器	VQX-191	Norinco VQX-191 5.8x42 sound suppressor	VQX-191	2	1	mods;suppressor
69f9f0e4df2c2358a904186b	北方工业 QMK 171A 3x 棱镜式瞄准镜	QMK171A 3x	Norinco QMK-171A 3x scope	QMK171A	2	1	mods
69f9f111df2c2358a904186f	北方工业 QBZ-191 聚合物护木	QBZ聚合	QBZ-191 polymer handguard	QBZ HG	2	1	mods
69f9f12c25db06fcf60a88f1	Jia Zhou QBZ-191 TRS M-LOK 10英寸护木	TRS 10"	QBZ-191 Jia Zhou TRS M-LOK 10 inch handguard	TRS 10"	2	1	mods
69f9f1356b45e1d5210c6961	Jia Zhou QBZ-191 TRS M-LOK 13.5英寸护木	TRS 13.5"	QBZ-191 Jia Zhou TRS M-LOK 13.5 inch handguard	TRS 13.5"	3	1	mods
69fa0168e72acd254602c64a	北方工业短导轨	短轨	Norinco short rail	Norinco	1	1	mods
69fa0173c5a215197a0e0c85	北方工业长导轨	长轨	Norinco long rail	Norinco	1	1	mods
69fb18608a19a890b70a6ba4	QBZ-191 5.8x42 368毫米枪管	QBZ-191 368mm	QBZ-191 5.8x42 368mm barrel	QBZ-191 368mm	3	1	mods
6a048dad47a5a215610422d9	Twitch 2026 破冰船物资箱（普通）	Twitch 破冰船	Twitch Icebreaker 2026 case (Common)	Twitch Icebreaker 2026	2	2	noFlea
6a048e8247a5a215610422e0	Twitch 2026 破冰船物资箱（普通）	Twitch 破冰船	Twitch Icebreaker 2026 case (Common)	Twitch Icebreaker 2026	2	2	noFlea
6a048ea747a5a215610422e8	Twitch 2026 破冰船物资箱（普通）	Twitch 破冰船	Twitch Icebreaker 2026 case (Common)	Twitch Icebreaker 2026	2	2	noFlea
6a048eb547a5a215610422ef	Twitch 2026 破冰船物资箱（普通）	Twitch 破冰船	Twitch Icebreaker 2026 case (Common)	Twitch Icebreaker 2026	2	2	noFlea
6a048ec4a16e58e80e08f15c	Twitch 2026 破冰船物资箱（普通）	Twitch 破冰船	Twitch Icebreaker 2026 case (Common)	Twitch Icebreaker 2026	2	2	noFlea
6a048ee281f341c29403a498	Twitch 2026 破冰船物资箱（普通）	Twitch 破冰船	Twitch Icebreaker 2026 case (Common)	Twitch Icebreaker 2026	2	2	noFlea
6a048eeea16e58e80e08f164	Twitch 2026 破冰船物资箱（普通）	Twitch 破冰船	Twitch Icebreaker 2026 case (Common)	Twitch Icebreaker 2026	2	2	noFlea
6a048efea16e58e80e08f16b	Twitch 2026 破冰船物资箱（普通）	Twitch 破冰船	Twitch Icebreaker 2026 case (Common)	Twitch Icebreaker 2026	2	2	noFlea
6a048f13a16e58e80e08f172	Twitch 2026 破冰船物资箱（普通）	Twitch 破冰船	Twitch Icebreaker 2026 case (Common)	Twitch Icebreaker 2026	2	2	noFlea
6a048f21a16e58e80e08f179	Twitch 2026 破冰船物资箱（普通）	Twitch 破冰船	Twitch Icebreaker 2026 case (Common)	Twitch Icebreaker 2026	2	2	noFlea
6a048f4aa16e58e80e08f181	Twitch 2026 破冰船物资箱（普通）	Twitch 破冰船	Twitch Icebreaker 2026 case (Common)	Twitch Icebreaker 2026	2	2	noFlea
6a048f582e0a9f056807cbf4	Twitch 2026 破冰船物资箱（普通）	Twitch 破冰船	Twitch Icebreaker 2026 case (Common)	Twitch Icebreaker 2026	2	2	noFlea
6a048f679c9c0cdeb201c0ac	Twitch 2026 破冰船物资箱（普通）	Twitch 破冰船	Twitch Icebreaker 2026 case (Common)	Twitch Icebreaker 2026	2	2	noFlea
6a048f73a16e58e80e08f18c	Twitch 2026 破冰船物资箱（普通）	Twitch 破冰船	Twitch Icebreaker 2026 case (Common)	Twitch Icebreaker 2026	2	2	noFlea
6a048f7fa16e58e80e08f193	Twitch 2026 破冰船物资箱（普通）	Twitch 破冰船	Twitch Icebreaker 2026 case (Common)	Twitch Icebreaker 2026	2	2	noFlea
6a048f8ca16e58e80e08f19b	Twitch 2026 破冰船物资箱（普通）	Twitch 破冰船	Twitch Icebreaker 2026 case (Common)	Twitch Icebreaker 2026	2	2	noFlea
6a048fa8063edec9790b1609	Twitch 2026 破冰船物资箱（普通）	Twitch 破冰船	Twitch Icebreaker 2026 case (Common)	Twitch Icebreaker 2026	2	2	noFlea
6a048fb681f341c29403a4af	Twitch 2026 破冰船物资箱（普通）	Twitch 破冰船	Twitch Icebreaker 2026 case (Common)	Twitch Icebreaker 2026	2	2	noFlea
6a048fc7063edec9790b1613	Twitch 2026 破冰船物资箱（普通）	Twitch 破冰船	Twitch Icebreaker 2026 case (Common)	Twitch Icebreaker 2026	2	2	noFlea
6a048fd95d7b7baeae0ab045	Twitch 2026 破冰船物资箱（普通）	Twitch 破冰船	Twitch Icebreaker 2026 case (Common)	Twitch Icebreaker 2026	2	2	noFlea
6a048ff3063edec9790b161f	Twitch 2026 破冰船物资箱（普通）	Twitch 破冰船	Twitch Icebreaker 2026 case (Common)	Twitch Icebreaker 2026	2	2	noFlea
6a049007063edec9790b1627	Twitch 2026 破冰船物资箱（普通）	Twitch 破冰船	Twitch Icebreaker 2026 case (Common)	Twitch Icebreaker 2026	2	2	noFlea
6a0490149c9c0cdeb201c0c1	Twitch 2026 破冰船物资箱（普通）	Twitch 破冰船	Twitch Icebreaker 2026 case (Common)	Twitch Icebreaker 2026	2	2	noFlea
6a049024e014561af205b128	Twitch 2026 破冰船物资箱（普通）	Twitch 破冰船	Twitch Icebreaker 2026 case (Common)	Twitch Icebreaker 2026	2	2	noFlea
6a0490385d7b7baeae0ab056	Twitch 2026 破冰船物资箱（普通）	Twitch 破冰船	Twitch Icebreaker 2026 case (Common)	Twitch Icebreaker 2026	2	2	noFlea
6a049044e014561af205b130	Twitch 2026 破冰船物资箱（普通）	Twitch 破冰船	Twitch Icebreaker 2026 case (Common)	Twitch Icebreaker 2026	2	2	noFlea
6a04905a56ad0c8cea019e47	Twitch 2026 破冰船物资箱（普通）	Twitch 破冰船	Twitch Icebreaker 2026 case (Common)	Twitch Icebreaker 2026	2	2	noFlea
6a04906556ad0c8cea019e4e	Twitch 2026 破冰船物资箱（普通）	Twitch 破冰船	Twitch Icebreaker 2026 case (Common)	Twitch Icebreaker 2026	2	2	noFlea
6a04907156ad0c8cea019e55	Twitch 2026 破冰船物资箱（普通）	Twitch 破冰船	Twitch Icebreaker 2026 case (Common)	Twitch Icebreaker 2026	2	2	noFlea
6a0490a1e014561af205b13e	Twitch 2026 破冰船物资箱（普通）	Twitch 破冰船	Twitch Icebreaker 2026 case (Common)	Twitch Icebreaker 2026	2	2	noFlea
6a0490bf063edec9790b163c	Twitch 2026 破冰船物资箱（普通）	Twitch 破冰船	Twitch Icebreaker 2026 case (Common)	Twitch Icebreaker 2026	2	2	noFlea
6a0490cf063edec9790b1643	Twitch 2026 破冰船物资箱（普通）	Twitch 破冰船	Twitch Icebreaker 2026 case (Common)	Twitch Icebreaker 2026	2	2	noFlea
6a0490fa5d7b7baeae0ab064	Twitch 2026 破冰船物资箱（稀有）	Twitch 破冰船	Twitch Icebreaker 2026 case (Rare)	Twitch Icebreaker 2026	2	2	noFlea
6a04918c5d7b7baeae0ab06f	Twitch 2026 破冰船物资箱（稀有）	Twitch 破冰船	Twitch Icebreaker 2026 case (Rare)	Twitch Icebreaker 2026	2	2	noFlea
6a04919956ad0c8cea019e6d	Twitch 2026 破冰船物资箱（稀有）	Twitch 破冰船	Twitch Icebreaker 2026 case (Rare)	Twitch Icebreaker 2026	2	2	noFlea
6a0491a85d7b7baeae0ab078	Twitch 2026 破冰船物资箱（稀有）	Twitch 破冰船	Twitch Icebreaker 2026 case (Rare)	Twitch Icebreaker 2026	2	2	noFlea
6a0493bde32850c6380b02ca	Twitch 2026 破冰船物资箱（稀有）	Twitch 破冰船	Twitch Icebreaker 2026 case (Rare)	Twitch Icebreaker 2026	2	2	noFlea
6a0493cf5d7b7baeae0ab081	Twitch 2026 破冰船物资箱（稀有）	Twitch 破冰船	Twitch Icebreaker 2026 case (Rare)	Twitch Icebreaker 2026	2	2	noFlea
6a0493da56ad0c8cea019e76	Twitch 2026 破冰船物资箱（稀有）	Twitch 破冰船	Twitch Icebreaker 2026 case (Rare)	Twitch Icebreaker 2026	2	2	noFlea
6a0493ee5d7b7baeae0ab08a	Twitch 2026 破冰船物资箱（稀有）	Twitch 破冰船	Twitch Icebreaker 2026 case (Rare)	Twitch Icebreaker 2026	2	2	noFlea
6a04943356ad0c8cea019e7e	Twitch 2026 破冰船物资箱（稀有）	Twitch 破冰船	Twitch Icebreaker 2026 case (Rare)	Twitch Icebreaker 2026	2	2	noFlea
6a049442d545d8a01402feb6	Twitch 2026 破冰船物资箱（稀有）	Twitch 破冰船	Twitch Icebreaker 2026 case (Rare)	Twitch Icebreaker 2026	2	2	noFlea
6a049450e32850c6380b02dd	Twitch 2026 破冰船物资箱（稀有）	Twitch 破冰船	Twitch Icebreaker 2026 case (Rare)	Twitch Icebreaker 2026	2	2	noFlea
6a04945ee32850c6380b02e4	Twitch 2026 破冰船物资箱（稀有）	Twitch 破冰船	Twitch Icebreaker 2026 case (Rare)	Twitch Icebreaker 2026	2	2	noFlea
6a04946be32850c6380b02eb	Twitch 2026 破冰船物资箱（稀有）	Twitch 破冰船	Twitch Icebreaker 2026 case (Rare)	Twitch Icebreaker 2026	2	2	noFlea
6a049478e32850c6380b02f2	Twitch 2026 破冰船物资箱（稀有）	Twitch 破冰船	Twitch Icebreaker 2026 case (Rare)	Twitch Icebreaker 2026	2	2	noFlea
6a049494e014561af205b160	Twitch 2026 破冰船物资箱（稀有）	Twitch 破冰船	Twitch Icebreaker 2026 case (Rare)	Twitch Icebreaker 2026	2	2	noFlea
6a04949f56ad0c8cea019e8d	Twitch 2026 破冰船物资箱（稀有）	Twitch 破冰船	Twitch Icebreaker 2026 case (Rare)	Twitch Icebreaker 2026	2	2	noFlea
6a0494bb56ad0c8cea019e95	Twitch 2026 破冰船物资箱（稀有）	Twitch 破冰船	Twitch Icebreaker 2026 case (Rare)	Twitch Icebreaker 2026	2	2	noFlea
6a0494c6e32850c6380b02fe	Twitch 2026 破冰船物资箱（稀有）	Twitch 破冰船	Twitch Icebreaker 2026 case (Rare)	Twitch Icebreaker 2026	2	2	noFlea
6a0494d4d545d8a01402fecc	Twitch 2026 破冰船物资箱（稀有）	Twitch 破冰船	Twitch Icebreaker 2026 case (Rare)	Twitch Icebreaker 2026	2	2	noFlea
6a04950dd545d8a01402fed3	Twitch 2026 破冰船物资箱（稀有）	Twitch 破冰船	Twitch Icebreaker 2026 case (Rare)	Twitch Icebreaker 2026	2	2	noFlea
6a04952956ad0c8cea019e9f	Twitch 2026 破冰船物资箱（史诗）	Twitch 破冰船	Twitch Icebreaker 2026 case (Epic)	Twitch Icebreaker 2026	2	2	noFlea
6a04975de014561af205b170	Twitch 2026 破冰船物资箱（史诗）	Twitch 破冰船	Twitch Icebreaker 2026 case (Epic)	Twitch Icebreaker 2026	2	2	noFlea
6a049768e014561af205b177	Twitch 2026 破冰船物资箱（史诗）	Twitch 破冰船	Twitch Icebreaker 2026 case (Epic)	Twitch Icebreaker 2026	2	2	noFlea
6a049774d545d8a01402fedf	Twitch 2026 破冰船物资箱（史诗）	Twitch 破冰船	Twitch Icebreaker 2026 case (Epic)	Twitch Icebreaker 2026	2	2	noFlea
6a04977ee32850c6380b0312	Twitch 2026 破冰船物资箱（史诗）	Twitch 破冰船	Twitch Icebreaker 2026 case (Epic)	Twitch Icebreaker 2026	2	2	noFlea
6a04978956ad0c8cea019eab	Twitch 2026 破冰船物资箱（史诗）	Twitch 破冰船	Twitch Icebreaker 2026 case (Epic)	Twitch Icebreaker 2026	2	2	noFlea
6a049799e014561af205b183	Twitch 2026 破冰船物资箱（史诗）	Twitch 破冰船	Twitch Icebreaker 2026 case (Epic)	Twitch Icebreaker 2026	2	2	noFlea
6a0497a2e014561af205b18a	Twitch 2026 破冰船物资箱（史诗）	Twitch 破冰船	Twitch Icebreaker 2026 case (Epic)	Twitch Icebreaker 2026	2	2	noFlea
6a0497ae56ad0c8cea019eb4	Twitch 2026 破冰船物资箱（史诗）	Twitch 破冰船	Twitch Icebreaker 2026 case (Epic)	Twitch Icebreaker 2026	2	2	noFlea
6a0497b7e32850c6380b031f	Twitch 2026 破冰船物资箱（史诗）	Twitch 破冰船	Twitch Icebreaker 2026 case (Epic)	Twitch Icebreaker 2026	2	2	noFlea
6a0497c9e014561af205b193	Twitch 2026 破冰船物资箱（史诗）	Twitch 破冰船	Twitch Icebreaker 2026 case (Epic)	Twitch Icebreaker 2026	2	2	noFlea
6a049985e32850c6380b0326	Twitch 2026 破冰船物资箱（史诗）	Twitch 破冰船	Twitch Icebreaker 2026 case (Epic)	Twitch Icebreaker 2026	2	2	noFlea
6a049993d545d8a01402fef0	Twitch 2026 破冰船物资箱（史诗）	Twitch 破冰船	Twitch Icebreaker 2026 case (Epic)	Twitch Icebreaker 2026	2	2	noFlea
6a0499fc56ad0c8cea019ec2	Twitch 2026 破冰船物资箱（史诗）	Twitch 破冰船	Twitch Icebreaker 2026 case (Epic)	Twitch Icebreaker 2026	2	2	noFlea
6a049a082232cf0a5108aed6	Twitch 2026 破冰船物资箱（史诗）	Twitch 破冰船	Twitch Icebreaker 2026 case (Epic)	Twitch Icebreaker 2026	2	2	noFlea
6a049a1a2232cf0a5108aedd	Twitch 2026 破冰船物资箱（史诗）	Twitch 破冰船	Twitch Icebreaker 2026 case (Epic)	Twitch Icebreaker 2026	2	2	noFlea
6a04fab776cb0efb8f05969f	游荡者情报地图	游荡者地图	Rogue intel maps	Intel rog.	2	1	noFlea
6a07208057b2695f9d001e63	5.8x42毫米 DBP191	DBP191	5.8x42mm DBP191	DBP191	1	1	ammo;noFlea	Caliber58x42
6a073d5fe3d3ac861e09c429	Twitch 2026 破冰船物资箱（稀有）	Twitch 破冰船	Twitch Icebreaker 2026 case (Rare)	Twitch Icebreaker 2026	2	2	noFlea
6a144084b2b53cd4130fd5ee	木质装备箱	装备	Wooden gear crate	Gear	5	3	noFlea
6a146aad698504bec30e56b5	Hogue UMP 缓冲管转接器	UMP AR	HK UMP Hogue buffer tube adapter	UMP AR	1	1	mods
6a146c81f77fa1814701c172	HK UMP 加长 M-LOK 护木	UMP MLOK	HK UMP Extended M-LOK handguard	UMP MLOK	2	1	mods
6a146caa5d89d60a3b0b0ccb	16.5 英寸HK UMP 螺纹枪管 .45 ACP	UMP-45 16.5"	HK UMP .45 ACP 16.5 inch threaded barrel	UMP-45 16.5"	3	1	mods
6a146cd20d72113135000a1f	11.5 英寸HK UMP 螺纹枪管 .45 ACP	UMP-45 11.5"	HK UMP .45 ACP 11.5 inch threaded barrel	UMP-45 11.5"	2	1	mods
6a147ad5eff5b3bf690c2c0d	Daniel Defence RIS III 9.5 英寸 AR-15 护木（黑色）	RIS III 9.5	AR-15 Daniel Defense RIS III 9.5 handguard (Black)	RIS III 9.5	2	1	mods
6a147ae25071bc42610640b5	Daniel Defence RIS III 9.5 英寸 AR-15 下护木（黑色）	RIS III 9.5下	AR-15 Daniel Defense RIS III 9.5 lower handguard (Black)	RIS III 9.5 lower	2	1	mods
6a1567ce0cce01965f0bee01	Daniel Defence RIS III 9.5 英寸 AR-15 护木（军规+）	RIS III 9.5	AR-15 Daniel Defense RIS III 9.5 handguard (Mil Spec+)	RIS III 9.5	2	1	mods
6a1567e0af9c1c57b700776f	Daniel Defence RIS III 9.5 英寸 AR-15 下护木（军规+）	RIS III 9.5下护木	AR-15 Daniel Defense RIS III 9.5 lower handguard (Mil Spec+)	RIS III 9.5 lower	2	1	mods
6a156a75cbb8d0c82606c525	Daniel Defence RIS III 12.5 英寸 AR-15 护木（黑色）	RIS III 12.5	AR-15 Daniel Defense RIS III 12.5 handguard (Black)	RIS III 12.5	2	1	mods
6a156a9407619a15b1023be7	Daniel Defence RIS III 12.5 英寸 AR-15 护木（军规+）	RIS III 12.5	AR-15 Daniel Defense RIS III 12.5 handguard (Mil Spec+)	RIS III 12.5	2	1	mods
6a156ac407619a15b1023bf0	Daniel Defence RIS III 12.5 英寸 AR-15 下护木（黑色）	RIS III 12.5下	AR-15 Daniel Defense RIS III 12.5 lower handguard (Black)	RIS III 12.5 lower	2	1	mods
6a1571b8060f61ca2c03e06f	Daniel Defence RIS III 12.5 英寸 AR-15 下护木（军规+）	RIS III 12.5下	AR-15 Daniel Defense RIS III 12.5 lower handguard (Mil Spec+)	RIS III 12.5 lower	2	1	mods
6a1577a0bf497aade1002754	Daniel Defense Enhanced AR-15 手枪式握把（黑色）	DD AR15	AR-15 Daniel Defense Enhanced Pistol Grip (Black)	DD AR15	1	1	mods;pistolGrip
6a1577b09bbb889992032c14	Daniel Defense Enhanced AR-15 手枪式握把（军规+）	DD AR15	AR-15 Daniel Defense Enhanced Pistol Grip (Mil Spec+)	DD AR15	1	1	mods;pistolGrip
6a15785370efdef7be017253	Daniel Defense AR-15 固定准星	DD FFS	AR-15 Daniel Defense Fixed Front Sight	DD FFS	1	1	mods
6a1578658d059ca69c0a7853	Daniel Defense AR-15 固定照门	DD FRS	AR-15 Daniel Defense Fixed Rear Sight	DD FRS	1	1	mods
6a1579afcbb8d0c82606c541	Lancer L5 AWM 5.56x45 AR-15 30发弹匣	L5 AWM	AR-15 5.56x45 Lancer L5 AWM 30-round magazine	L5 AWM	1	2	mods
6a1579bfb507e45a68038d7f	Lancer L5 AWM 5.56x45 AR-15 30发弹匣（黄褐色）	L5 AWM	AR-15 5.56x45 Lancer L5 AWM 30-round magazine (Tan)	L5 AWM	1	2	mods
6a157b9e5ef5195441036c12	Geissele SMR HK 10.5 英寸 HK 416 护木（黑色）	SMR HK 10.5"	HK 416 Geissele SMR HK 10.5 inch handguard (Black)	SMR HK 10.5"	2	1	mods
6a157e289bbb889992032c22	Geissele SMR HK 短导轨	SMR HK短	Geissele SMR HK short rail	SMR HK short	1	1	mods
6a157e31b507e45a68038d88	Geissele SMR HK 长导轨	SMR HK长	Geissele SMR HK long rail	SMR HK long	1	1	mods
6a157f34cbb8d0c82606c54c	Geissele SMR HK 10.5 英寸 HK 416 护木 (DDC)	SMR HK 10.5"	HK 416 Geissele SMR HK 10.5 inch handguard (DDC)	SMR HK 10.5"	2	1	mods
6a157f5d8d059ca69c0a7864	Geissele SMR HK 14.5 英寸 HK 416 护木（黑色）	SMR HK 14.5"	HK 416 Geissele SMR HK 14.5 inch handguard (Black)	SMR HK 14.5"	3	1	mods
6a157fa8af9c1c57b700778f	Geissele SMR HK 14.5 英寸 HK 416 护木 (DDC)	SMR HK 14.5"	HK 416 Geissele SMR HK 14.5 inch handguard (DDC)	SMR HK 14.5"	3	1	mods
6a158dd9060f61ca2c03e08e	Samson K-Rail 3 AKS-74U 护木	K-Rail 3	AKS-74U Samson K-Rail 3 handguard	K-Rail 3	1	1	mods
6a158e29e5267ba21c07f927	Armacon Monolit 5 AKS-74 缓冲管转接器	Mono5	AKS-74 Armacon Monolit 5 buffer tube adapter	Mono5	1	1	mods
6a158e4abf497aade10030e0	HUXWRX HX-QD 7.62x51 消音器	HX-QD	HUXWRX HX-QD 7.62x51 sound suppressor	HX-QD	2	1	mods;suppressor
6a158e63060f61ca2c03e096	HUXWRX 7.62x51 AR-10 消焰器	HUXWRX 762	AR-10 HUXWRX 7.62x51 flash hider	HUXWRX 762	1	1	mods
6a158e90bf497aade10030e4	Geissele M110A1 14.5 英寸 HK417/G28 护木	M110A1 14.5"	HK417/G28 Geissele M110A1 14.5 inch handguard	M110A1 14.5"	3	1	mods
6a15aa0d816d808b87018fba	木质装备箱	装备	Wooden gear crate	Gear	5	3	noFlea
6a15aa58f5fb928cb60b41d9	木质装备箱	装备	Wooden gear crate	Gear	5	3	noFlea
6a15ad908daf6b1a850fa222	木质装备箱	装备	Wooden gear crate	Gear	5	3	noFlea
6a15add404515c87fd0656cd	木质装备箱	装备	Wooden gear crate	Gear	5	3	noFlea
6a15ae0f0362c85e4a058dff	木质装备箱	装备	Wooden gear crate	Gear	5	3	noFlea
6a15ae2ae5267ba21c07f98f	HK 416A5 5.56x45 突击步枪 (RAL 8000)	HK 416A5	HK 416A5 5.56x45 assault rifle (RAL 8000)	HK 416A5	1	1	gun	Caliber556x45NATO
6a15ae38656ef6e01c0171ca	木质装备箱	装备	Wooden gear crate	Gear	5	3	noFlea
6a15ae3e81a4baf60b09bc33	HK 416A5 5.56x45 上机匣 (RAL 8000)	416A5	HK 416A5 5.56x45 upper receiver (RAL 8000)	416A5	2	1	mods
6a15ae56c32e3ce659049ab2	木质装备箱	装备	Wooden gear crate	Gear	5	3	noFlea
6a15aeacf5fb928cb60b41e1	木质装备箱	装备	Wooden gear crate	Gear	5	3	noFlea
6a15aee19da028489f0f46a8	木质装备箱	装备	Wooden gear crate	Gear	5	3	noFlea
6a15aef607619a15b1023c51	HK Slim Line AR-15 枪托 (RAL 8000)	Slim Line	AR-15 HK Slim Line buttstock (RAL 8000)	Slim Line	2	1	mods
6a15af4c0362c85e4a058e06	木质装备箱	装备	Wooden gear crate	Gear	5	3	noFlea
6a15af7604515c87fd0656d5	木质装备箱	装备	Wooden gear crate	Gear	5	3	noFlea
6a15afa4f5fb928cb60b41e6	木质装备箱	装备	Wooden gear crate	Gear	5	3	noFlea
6a15aff417b1c2a2ef025d6e	木质装备箱	装备	Wooden gear crate	Gear	5	3	noFlea
6a15b04b816d808b87018fca	木质装备箱	装备	Wooden gear crate	Gear	5	3	noFlea
6a15b07017b1c2a2ef025d73	木质装备箱	装备	Wooden gear crate	Gear	5	3	noFlea
6a15b09123501e13eb018e71	木质装备箱	装备	Wooden gear crate	Gear	5	3	noFlea
6a15b0be081d9789d702287c	木质装备箱	装备	Wooden gear crate	Gear	5	3	noFlea
6a15b13db507e45a68038de8	HK 416 四面导轨护木 (RAL 8000)	四轨	HK 416 Quad Rail handguard (RAL 8000)	416 4Rail	2	1	mods
6a15b1fdbf497aade1003af2	14.5 英寸 HK416 枪管 5.56x45	416 14.5"	HK 416 5.56x45 14.5 inch barrel	416 14.5"	3	1	mods
6a15bf94e5267ba21c07f9b1	CAA SBS AR-15 枪托	SBS	AR-15 CAA SBS stock	SBS	2	1	mods
6a15bfa58d059ca69c0a78c0	CAA SBS AR-15 枪托（热带卡其色）	SBS	AR-15 CAA SBS stock (Khaki Tropen)	SBS	2	1	mods
6a16dc0b82cfbdc3ab09f58a	Trijicon MRO 高基线基座	AC32083	Trijicon MRO high profile mount	AC32083	1	1	mods
6a16dc17b7b9778bee072c65	Trijicon MRO 低基线基座	AC32067	Trijicon MRO low profile mount	AC32067	1	1	mods
6a16dc8b12144b7727017dad	JMAC LAF-24 AK-74 多口径膛口制退器	LAF-24	AK-74 thread type JMac Customs LAF-24 multi-caliber muzzle brake	LAF-24	1	1	mods
6a16dec146b811b32d0583ef	Trijicon MRO 反射式瞄具	MRO	Trijicon MRO reflex sight	MRO	1	1	mods
6a16f3711c209e26040a5410	Daniel Defense 垂直前握把（黑色）	DD VFG	Daniel Defense Vertical Foregrip (Black)	DD VFG	1	1	mods
6a16f3811c209e26040a5413	Daniel Defense 垂直前握把（军规+）	DD VFG	Daniel Defense Vertical Foregrip (Mil Spec+)	DD VFG	1	1	mods
6a16f3a28873771c3704a132	Daniel Defense 5.56x45 AR-15 32发弹匣	DD	AR-15 5.56x45 Daniel Defense 32-round magazine	DD	1	2	mods
6a1708253dfad1cb790c91ed	AK-308 M-LOK 护木	AK-308 M-LOK	AK-308 M-LOK handguard	AK-308 M-LOK HG	1	1	mods
6a182c0fae175e037a0be40c	Hexagon PK 步兵机枪护木	Hexagon PK	PK Hexagon handguard	Hexagon PK	2	1	mods
6a182c39b913af92800d8b5d	Front Zveno PK 步兵机枪缓冲管转接器	Zveno	PK Front Zveno buffer tube adapter	Zveno	1	1	mods
6a182c6008074115230957e9	Hexagon DTKP 7.62x54 PKP 消音器	DTKP PKP	PKP Hexagon DTKP 7.62x54 sound suppressor	DTKP PKP	2	1	mods;suppressor
6a182c6fec91b71b110147db	Hexagon DTKP 7.62x54 PK 消音器	DTKP PK	PK Hexagon DTKP 7.62x54 sound suppressor	DTKP PK	2	1	mods;suppressor
6a18508bae175e037a0be420	Monstrum Tactical Marksman 棱镜式瞄准镜 3x30	Marksman 3x30	Monstrum Tactical Marksman 3x30 Prism Scope	Marksman 3x30	2	1	mods
6a186ccfbe0d66d438005e4e	L3Harris NGAL 战术设备	NGAL	L3Harris NGAL tactical device	NGAL	1	1	mods
6a19487a4afae114f106ba39	Trijicon ACOG TA02 4x32 瞄准镜	TA02	Trijicon ACOG TA02 4x32 scope	TA02	2	1	mods
6a1d4c9246a6dc414a014973	LMT SOPMOD AR-15 枪托 (FDE)	SOPMOD	AR-15 LMT SOPMOD stock (FDE)	SOPMOD	2	1	mods
6a1d4dae46b486ac34084778	HK 加长卡笋 AR-15 拉机柄 (RAL 8000)	加长掣子销	AR-15 HK Extended Latch charging handle (RAL 8000)	Ext. Latch	1	1	mods
6a1eb32c6cd328ea90037455	HUXWRX HX-QD 7.62x51 消音器（黄褐色）	HX-QD	HUXWRX HX-QD 7.62x51 sound suppressor (Tan)	HX-QD	2	1	mods;suppressor
6a28137cc55ac6942e06ba16	13 英寸 HK417 枪管 7.62x51	417 13"	HK417 7.62x51 13 inch barrel	417 13"	3	1	mods
6a2a77cae232fdab260b484a	HK 416A5 5.56x45 突击步枪 (RAL 8000) 默认	HK 416A5 默认	HK 416A5 5.56x45 assault rifle (RAL 8000) Default	HK 416A5 Default	5	2	preset
6a317b9692cfdcddcb02a58e	PMC 个人档案	PMC	PMC personnel files	PMC	1	2	noFlea
6a31807f17005505b70d5827	财务文件	财务	Financial documents	Finances	1	2	noFlea
6a3181f178450ec91c0ea1aa	项目文件	项目	Project documentation	Project	1	2	noFlea
6a31824878450ec91c0ea1ae	蓝图与技术文档	蓝图	Blueprints and technical documentation	Blueprints	2	2	noFlea
6a31828557705071410ca00e	测试文档	测试	Test documentation	Test	1	2	noFlea
6a3182b72fd891345e047eef	员工文档	员工	User documentation	User	1	2	noFlea
6a3182dc6cd8de21cf0a3a7d	医疗文件	医疗	Medical documents	Medical	1	2	noFlea
6a31830dde69ceafd805afa0	技术文档	技术	Technical documentation	Technical	1	2	noFlea
6a3183258f113efdb7093622	秘密文件	秘密	Classified documents	Classified	1	2	noFlea
6a33c17933cff6b88c08902e	管理员钥匙	管理员	Admin's key	Admin	1	1	keys;noFlea
6a35322b81d315afe1018ef3	法国面包房特产法棍	Coсaoo_	French bakery baguette	Coсaoo_	3	1	provisions
6a3532423ec9d7082a05d430	GigaBeef 咸牛肉罐头	GigaBeef	Can of GigaBeef meat	GigaBeef	2	2	provisions
6a3548e72a963bcdd8098649	USEC 两片式狗牌	USEC	Double dogtag USEC	USEC	1	1	barter;noFlea
6a3549435288a3fe6e085224	BEAR 两片式狗牌	BEAR	Double dogtag BEAR	BEAR	1	1	barter;noFlea
6a354a077e4ccdbe95005266	带有标记的 USEC 狗牌	USEC	Marked dogtag USEC	USEC	1	1	barter;noFlea
6a354a30652075cf460944c6	带有标记的 BEAR 狗牌	BEAR	Marked dogtag BEAR	BEAR	1	1	barter;noFlea
6a354a6240e6797a930312e5	带有标记的 USEC 狗牌	USEC	Marked dogtag USEC	USEC	1	1	barter;noFlea
6a354a6f8d465a55c70065c8	带有标记的 USEC 狗牌	USEC	Marked dogtag USEC	USEC	1	1	barter;noFlea
6a354a7e6632508bd10476d8	带有标记的 USEC 狗牌	USEC	Marked dogtag USEC	USEC	1	1	barter;noFlea
6a354a9a9cd7a91b45027a89	带有标记的 BEAR 狗牌	BEAR	Marked dogtag BEAR	BEAR	1	1	barter;noFlea
6a354aa56632508bd10476dc	带有标记的 BEAR 狗牌	BEAR	Marked dogtag BEAR	BEAR	1	1	barter;noFlea
6a354abe73339990030ca469	带有标记的 BEAR 狗牌	BEAR	Marked dogtag BEAR	BEAR	1	1	barter;noFlea
6a3557f841667bc4bb00fea4	油墨香车瓶装水	油墨香车	Bottle of YMXC water	YMXC	1	2	provisions
6a3563dacdaebb512e0a009c	装有文件的公文包	公文包	Briefcase with documents	Briefcase	2	2	noFlea
6a3567f687d90a0deb066c1b	黑色军团装备箱	黑色军团	Black Division gear crate	BD	4	2	noFlea
6a39244f3f411d06e104675a	塑料装备箱	装备	Plastic gear crate	Gear	5	4	noFlea
6a392584823c43df2b0a7a2a	塑料装备箱	装备	Plastic gear crate	Gear	5	4	noFlea
6a392a4005ea1606a30c4eac	塑料装备箱	装备	Plastic gear crate	Gear	5	4	noFlea
6a392ba9c338768a040044a9	塑料装备箱	装备	Plastic gear crate	Gear	5	4	noFlea
6a392c429bd2051ce5035e4d	塑料装备箱	装备	Plastic gear crate	Gear	5	4	noFlea
6a392cd0a762b13f4504d861	塑料装备箱	装备	Plastic gear crate	Gear	5	4	noFlea
6a392dd1a762b13f4504d867	塑料装备箱	装备	Plastic gear crate	Gear	5	4	noFlea
6a392eaf8ef83e72b9093970	塑料装备箱	装备	Plastic gear crate	Gear	5	4	noFlea
6a392fe6c338768a040044b1	塑料装备箱	装备	Plastic gear crate	Gear	5	4	noFlea
6a3935772db31ca1c800fe26	KA-BAR 美国海军陆战队战斗刀	USMC	KA-BAR USMC Fighter knife	USMC	2	1	noFlea;wearable
6a39358c658f5889ba050ef3	Microtech Jagdkommando 战术直刀	Jagdkommando	Microtech Jagdkommando knife	Jagdkommando	3	1	noFlea;wearable
6a393eb48454de17830a2e06	塑料装备箱	装备	Plastic gear crate	Gear	5	4	noFlea
6a393f7705ea1606a30c4eb8	塑料装备箱	装备	Plastic gear crate	Gear	5	4	noFlea
6a3940136b6da6d9e409f397	塑料装备箱	装备	Plastic gear crate	Gear	5	4	noFlea
6a3a73f7e7aba1d34a094a57	北方工业 QBZ-191 5.8x42 突击步枪 QBZ-192	QBZ-191 QBZ-192	Norinco QBZ-191 5.8x42 assault rifle QBZ-192	QBZ-191 QBZ-192	4	2	noFlea;preset
6a3bffbebc377285900b85cf	丰和 20 式 5.56x45 突击步枪	20 式	Howa Type 20 5.56x45 assault rifle	Type 20	1	1	gun;noFlea	Caliber556x45NATO
6a3ce9c28ce058e3a2059b15	丰和 20 式 5.56x45 突击步枪上机匣	20 式	Type 20 5.56x45 upper receiver	Type 20	2	1	mods
6a3ce9e9123fa14cd00631e8	丰和 20 式枪托	20 式	Type 20 buttstock	Type 20	2	1	mods
6a3cea0d277d1c54b5008e27	丰和 20 式手枪式握把	20握把	Type 20 pistol grip	T20 PG	1	1	mods;pistolGrip
6a3cea2b9768ff15af06d5e9	丰和 20 式 M-LOK 护木	20MLOK	Type 20 M-LOK handguard	T20 MLOK	2	1	mods
6a3cea4494a96a17e00c4b69	13 英寸 20 式枪管 5.56x45	20式13"	Type 20 5.56x45 13 inch barrel	T20 13"	2	1	mods
6a3cea5e94a96a17e00c4b6f	丰和 20 式导气箍	20导气	Type 20 gas block	Type 20 gas	1	1	mods
6a3cea96194a2625b40c863d	丰和 20 式 5.56x45 补偿器	20补偿	Type 20 5.56x45 compensator	T20 comp	1	1	mods
6a3ceab8194a2625b40c8641	B&T 丰和 Print-X 5.56x45 消音器	Print-X	B&T Howa Print-X 5.56x45 sound suppressor	Howa Print-X	2	1	mods;suppressor
6a3ceacd8ce058e3a2059b28	丰和 20 式折叠式照门	20照门	Type 20 flip-up rear sight	T20 RS	1	1	mods
6a3ceadb6280cb85bc03f99a	丰和 20 式折叠式准星	20准星	Type 20 flip-up front sight	T20 FS	1	1	mods
6a3ceaf01ac10a22850e295a	丰和 30 毫米环形瞄准镜基座	丰和 30毫米	Howa 30mm ring scope mount	Howa 30mm	1	1	mods
6a3ceaff7047a606b90f5321	DEON March-F 1-8x24 紧凑型 30 毫米步枪瞄准镜	March-F短	DEON March-F 1-8x24 Shorty 30mm riflescope	March-F Shorty	2	1	mods
6a3cf2f17047a606b90f532e	丰和 20 式拉机柄	20拉柄	Type 20 charging handle	T20 CH	1	1	mods
6a3d38063357ef2b260d1891	破冰船模型套件	Boreas	Icebreaker model kit	Boreas	3	2	barter;noFlea
6a3e92eb64b1d1fcc50ebbfb	KDG RCH FN SCAR 拉机柄	RCH	FN SCAR KDG RCH charging handle	RCH	1	1	mods
6a3e92fdb0de53ae72082abb	Sure Cycle Frag FN SCAR 斜角拉机柄	Frag	FN SCAR Sure Cycle Frag Angled charging handle	Frag	1	1	mods
6a3e936964b1d1fcc50ebbff	PMM BCD FN SCAR 辅助释放杆	BCD	FN SCAR PMM BCD Lever bolt release	BCD	1	1	mods
6a4263c3bf5f5f7f9a0ee828	小心熊出没海报	小心熊出没	Beware the Bear poster	Beware the Bear	2	2	noFlea;poster
6a4264160a2dca942e08292d	BURN 海报	BURN	BURN poster	BURN	2	2	noFlea;poster
6a42642fef6f4bbe8c0ccd4f	隐入黑暗海报	隐入黑暗	Going Dark poster	Going Dark	2	2	noFlea;poster
6a42661705016139300b2085	5.8x42毫米 DBX95	DBX95	5.8x42mm DBX95	DBX95	1	1	ammo;noFlea	Caliber58x42
6a42662fcb506840dd053827	5.8x42毫米 DVC12	DVC12	5.8x42mm DVC12	DVC12	1	1	ammo;noFlea	Caliber58x42
6a426637ddc63098d100ae67	5.8x42毫米 DVX12	DVX12	5.8x42mm DVX12	DVX12	1	1	ammo;noFlea	Caliber58x42
6a426fbe99757acd420f64b0	塔科夫街区海报	塔科夫街区	Streets of Tarkov poster	Streets of Tarkov	2	2	noFlea;poster
6a461aed7391ab085a093760	BD 狗牌 •| 铁灰	黑色军团	BD dogtag •| Ferrum	BD	1	1	barter;noFlea
6a461bf82b2264dbe10d0ee6	BD 狗牌 •| 绿色	黑色军团	BD dogtag •|| Green	BD	1	1	barter;noFlea
6a461c41ec88c6b9a509fb17	BD 狗牌 •| 红色	黑色军团	BD dogtag •||| Red	BD	1	1	barter;noFlea
6a4ce086b5644e9f0a08d08a	LM KC-130 飞机模型	KC-130	LM KC-130 model aircraft	KC-130	2	2	barter
6a4fa628b4831242f306e8cd	黑色军团装备箱	黑色军团	Black Division gear crate	BD	4	2	noFlea
6a4ff1e23e95f68a650fcb13	破冰船模型套件	Boreas	Icebreaker model	Boreas	3	2	barter;noFlea
6a55f339fe4be93a04090acc	从 Fence 笔记本提取的数据	NODE-3	Data from Fence's laptop	NODE-3	1	1	noFlea
6a5615d8a166c11ce900e1a6	Safariland Liberator HP 2.0 Hearing Protection Headset (Desert Tiger Stripe)	Liberator	Safariland Liberator HP 2.0 Hearing Protection Headset (Desert Tiger Stripe)	Liberator	2	2	headphones;noFlea;wearable
6a5629dfbd83cb160606681c	ANA Tactical M2 plate carrier (A-TACS iX)	ANA M2	ANA Tactical M2 plate carrier (A-TACS iX)	ANA M2	4	4	noFlea;rig;wearable
6a562a1f4281184d32097600	ANA Tactical M2 plate carrier (A-TACS AU-X)	ANA M2	ANA Tactical M2 plate carrier (A-TACS AU-X)	ANA M2	4	4	noFlea;rig;wearable
6a565aede592c037e10a3c16	Direct Action Thunderbolt compact chest rig (Marauder)	Thunderbolt	Direct Action Thunderbolt compact chest rig (Marauder)	Thunderbolt	3	3	noFlea;rig;wearable
6a565b5f9ec10bc6e30cdf46	Direct Action Thunderbolt compact chest rig (PenCott WildWood)	Thunderbolt	Direct Action Thunderbolt compact chest rig (PenCott WildWood)	Thunderbolt	3	3	noFlea;rig;wearable
6a566628d1d0c640e6034ebb	Walker's Razor Slim headset (Carbon Fiber)	Razor	Walker's Razor Slim headset (Carbon Fiber)	Razor	2	2	headphones;noFlea;wearable
6a56665a3b664c6b2c0d784a	Walker's Razor Slim headset (Woodland)	Razor	Walker's Razor Slim headset (Woodland)	Razor	2	2	headphones;noFlea;wearable
6a567ae55cbe811cbe0136a8	Crye Precision AirFrame helmet (Botched)	AirFrame	Crye Precision AirFrame helmet (Botched)	AirFrame	2	2	noFlea;wearable
6a568340263768e2ae0c9696	Atlant Armour Titan Aramid helmet (EMR)	Titan Aramid	Atlant Armour Titan Aramid helmet (EMR)	Titan Aramid	2	2	noFlea;wearable
6a568dda1d89fcfb35010389	MTEK STRIKE Ballistic helmet (Carbon Fiber)	STRIKE	MTEK STRIKE Ballistic helmet (Carbon Fiber)	STRIKE	2	2	noFlea;wearable
6a576f2105af50743903b74c	ANA Tactical M1 plate carrier (EMR)	ANA M1	ANA Tactical M1 plate carrier (EMR)	ANA M1	4	4	noFlea;rig;wearable
6a5f8182948bfbabc30b0659	丰和 20 式 5.56x45 突击步枪 默认	20 式 默认	Howa Type 20 5.56x45 assault rifle Default	Type 20 Default	4	2	noFlea;preset
6a5f9c25e8c84d8b0602f22a	黑色军团加固手提电脑	黑色军团电脑	Black Division rugged laptop	BD laptop	3	2	noFlea
6a5f9c49b8281c31a1062aea	14-4 KORD 固态硬盘	黑色军团硬盘	14-4 KORD SSD	BD SSD	1	1	noFlea
6a5f9cfcc409750b6e065592	黑色军团加密密钥	黑色军团密钥	Black Division encryption keys	BD keys	2	1	noFlea
6a60bd87e6623686fa0b8a71	Twitch 2026 赛季物资箱（普通）	Twitch 赛季	Twitch Seasons 2026 case (Common)	Twitch Seasons 2026	2	2	noFlea
6a60d3743da2eca5f8058887	Twitch 2026 赛季物资箱（普通）	Twitch 赛季	Twitch Seasons 2026 case (Common)	Twitch Seasons 2026	2	2	noFlea
6a60d37dfe0787ec0e0bb05d	Twitch 2026 赛季物资箱（普通）	Twitch 赛季	Twitch Seasons 2026 case (Common)	Twitch Seasons 2026	2	2	noFlea
6a60d388fe0787ec0e0bb062	Twitch 2026 赛季物资箱（普通）	Twitch 赛季	Twitch Seasons 2026 case (Common)	Twitch Seasons 2026	2	2	noFlea
6a60d3901687b74e1603f327	Twitch 2026 赛季物资箱（普通）	Twitch 赛季	Twitch Seasons 2026 case (Common)	Twitch Seasons 2026	2	2	noFlea
6a60d397d957ecb75c07bd41	Twitch 2026 赛季物资箱（普通）	Twitch 赛季	Twitch Seasons 2026 case (Common)	Twitch Seasons 2026	2	2	noFlea
6a60d3a1cb57bbff5701e00c	Twitch 2026 赛季物资箱（普通）	Twitch 赛季	Twitch Seasons 2026 case (Common)	Twitch Seasons 2026	2	2	noFlea
6a60d3a9e6623686fa0b9ade	Twitch 2026 赛季物资箱（普通）	Twitch 赛季	Twitch Seasons 2026 case (Common)	Twitch Seasons 2026	2	2	noFlea
6a60d3b45cb322c88f02d197	Twitch 2026 赛季物资箱（普通）	Twitch 赛季	Twitch Seasons 2026 case (Common)	Twitch Seasons 2026	2	2	noFlea
6a60d3bb5cb322c88f02d19c	Twitch 2026 赛季物资箱（普通）	Twitch 赛季	Twitch Seasons 2026 case (Common)	Twitch Seasons 2026	2	2	noFlea
6a60d3c65cb322c88f02d1a1	Twitch 2026 赛季物资箱（普通）	Twitch 赛季	Twitch Seasons 2026 case (Common)	Twitch Seasons 2026	2	2	noFlea
6a60d3cfcb57bbff5701e014	Twitch 2026 赛季物资箱（普通）	Twitch 赛季	Twitch Seasons 2026 case (Common)	Twitch Seasons 2026	2	2	noFlea
6a60d3d6cb57bbff5701e019	Twitch 2026 赛季物资箱（普通）	Twitch 赛季	Twitch Seasons 2026 case (Common)	Twitch Seasons 2026	2	2	noFlea
6a60d3dea29d51964e11beb4	Twitch 2026 赛季物资箱（普通）	Twitch 赛季	Twitch Seasons 2026 case (Common)	Twitch Seasons 2026	2	2	noFlea
6a60d3e7fe0787ec0e0bb06b	Twitch 2026 赛季物资箱（普通）	Twitch 赛季	Twitch Seasons 2026 case (Common)	Twitch Seasons 2026	2	2	noFlea
6a60d3ee1687b74e1603f330	Twitch 2026 赛季物资箱（普通）	Twitch 赛季	Twitch Seasons 2026 case (Common)	Twitch Seasons 2026	2	2	noFlea
6a60d3ff8e0f938c0f0fe59f	Twitch 2026 赛季物资箱（普通）	Twitch 赛季	Twitch Seasons 2026 case (Common)	Twitch Seasons 2026	2	2	noFlea
6a60d407e6623686fa0b9aea	Twitch 2026 赛季物资箱（普通）	Twitch 赛季	Twitch Seasons 2026 case (Common)	Twitch Seasons 2026	2	2	noFlea
6a60d4105cb322c88f02d1ab	Twitch 2026 赛季物资箱（普通）	Twitch 赛季	Twitch Seasons 2026 case (Common)	Twitch Seasons 2026	2	2	noFlea
6a60d41a1687b74e1603f60f	Twitch 2026 赛季物资箱（普通）	Twitch 赛季	Twitch Seasons 2026 case (Common)	Twitch Seasons 2026	2	2	noFlea
6a60d422e54522d30208cf01	Twitch 2026 赛季物资箱（普通）	Twitch 赛季	Twitch Seasons 2026 case (Common)	Twitch Seasons 2026	2	2	noFlea
6a60d42ccb57bbff5701e025	Twitch 2026 赛季物资箱（普通）	Twitch 赛季	Twitch Seasons 2026 case (Common)	Twitch Seasons 2026	2	2	noFlea
6a60d433cb57bbff5701e02a	Twitch 2026 赛季物资箱（普通）	Twitch 赛季	Twitch Seasons 2026 case (Common)	Twitch Seasons 2026	2	2	noFlea
6a60d43ce54522d30208cf07	Twitch 2026 赛季物资箱（普通）	Twitch 赛季	Twitch Seasons 2026 case (Common)	Twitch Seasons 2026	2	2	noFlea
6a60d447f151a6af8208f4e5	Twitch 2026 赛季物资箱（普通）	Twitch 赛季	Twitch Seasons 2026 case (Common)	Twitch Seasons 2026	2	2	noFlea
6a60d44ff151a6af8208f4ea	Twitch 2026 赛季物资箱（普通）	Twitch 赛季	Twitch Seasons 2026 case (Common)	Twitch Seasons 2026	2	2	noFlea
6a60d458f151a6af8208f4ef	Twitch 2026 赛季物资箱（普通）	Twitch 赛季	Twitch Seasons 2026 case (Common)	Twitch Seasons 2026	2	2	noFlea
6a60d464037ced847c0b69e0	Twitch 2026 赛季物资箱（普通）	Twitch 赛季	Twitch Seasons 2026 case (Common)	Twitch Seasons 2026	2	2	noFlea
6a60d471fe0787ec0e0bb079	Twitch 2026 赛季物资箱（普通）	Twitch 赛季	Twitch Seasons 2026 case (Common)	Twitch Seasons 2026	2	2	noFlea
6a60d47ad957ecb75c07bd55	Twitch 2026 赛季物资箱（普通）	Twitch 赛季	Twitch Seasons 2026 case (Common)	Twitch Seasons 2026	2	2	noFlea
6a60d481e6623686fa0b9af6	Twitch 2026 赛季物资箱（普通）	Twitch 赛季	Twitch Seasons 2026 case (Common)	Twitch Seasons 2026	2	2	noFlea
6a60d48ae54522d30208cf10	Twitch 2026 赛季物资箱（普通）	Twitch 赛季	Twitch Seasons 2026 case (Common)	Twitch Seasons 2026	2	2	noFlea
6a60d4d71687b74e1603f61d	Twitch 2026 赛季物资箱（稀有）	Twitch 赛季	Twitch Seasons 2026 case (Rare)	Twitch Seasons 2026	2	2	noFlea
6a60d56d6ec8a1bbf50ffff1	Twitch 2026 赛季物资箱（稀有）	Twitch 赛季	Twitch Seasons 2026 case (Rare)	Twitch Seasons 2026	2	2	noFlea
6a60d575a29d51964e11cdfa	Twitch 2026 赛季物资箱（稀有）	Twitch 赛季	Twitch Seasons 2026 case (Rare)	Twitch Seasons 2026	2	2	noFlea
6a60d57be7033e3df2111acd	Twitch 2026 赛季物资箱（稀有）	Twitch 赛季	Twitch Seasons 2026 case (Rare)	Twitch Seasons 2026	2	2	noFlea
6a60d584f151a6af8208fbf6	Twitch 2026 赛季物资箱（稀有）	Twitch 赛季	Twitch Seasons 2026 case (Rare)	Twitch Seasons 2026	2	2	noFlea
6a60d58b037ced847c0b69ef	Twitch 2026 赛季物资箱（稀有）	Twitch 赛季	Twitch Seasons 2026 case (Rare)	Twitch Seasons 2026	2	2	noFlea
6a60d5acfe0787ec0e0bb098	Twitch 2026 赛季物资箱（稀有）	Twitch 赛季	Twitch Seasons 2026 case (Rare)	Twitch Seasons 2026	2	2	noFlea
6a60d5b6037ced847c0b69f5	Twitch 2026 赛季物资箱（稀有）	Twitch 赛季	Twitch Seasons 2026 case (Rare)	Twitch Seasons 2026	2	2	noFlea
6a60d5bea29d51964e11ce03	Twitch 2026 赛季物资箱（稀有）	Twitch 赛季	Twitch Seasons 2026 case (Rare)	Twitch Seasons 2026	2	2	noFlea
6a60d5c53da2eca5f80588c3	Twitch 2026 赛季物资箱（稀有）	Twitch 赛季	Twitch Seasons 2026 case (Rare)	Twitch Seasons 2026	2	2	noFlea
6a60d5cc6ec8a1bbf50ffffc	Twitch 2026 赛季物资箱（稀有）	Twitch 赛季	Twitch Seasons 2026 case (Rare)	Twitch Seasons 2026	2	2	noFlea
6a60d5d7fe0787ec0e0bb09f	Twitch 2026 赛季物资箱（稀有）	Twitch 赛季	Twitch Seasons 2026 case (Rare)	Twitch Seasons 2026	2	2	noFlea
6a60d5dfe6623686fa0b9b11	Twitch 2026 赛季物资箱（稀有）	Twitch 赛季	Twitch Seasons 2026 case (Rare)	Twitch Seasons 2026	2	2	noFlea
6a60d5e6e6623686fa0b9b16	Twitch 2026 赛季物资箱（稀有）	Twitch 赛季	Twitch Seasons 2026 case (Rare)	Twitch Seasons 2026	2	2	noFlea
6a60d5f55cb322c88f02d1ca	Twitch 2026 赛季物资箱（稀有）	Twitch 赛季	Twitch Seasons 2026 case (Rare)	Twitch Seasons 2026	2	2	noFlea
6a60d6086ec8a1bbf5100005	Twitch 2026 赛季物资箱（稀有）	Twitch 赛季	Twitch Seasons 2026 case (Rare)	Twitch Seasons 2026	2	2	noFlea
6a60d610f151a6af8208fbff	Twitch 2026 赛季物资箱（稀有）	Twitch 赛季	Twitch Seasons 2026 case (Rare)	Twitch Seasons 2026	2	2	noFlea
6a60d617fe0787ec0e0bb0a6	Twitch 2026 赛季物资箱（稀有）	Twitch 赛季	Twitch Seasons 2026 case (Rare)	Twitch Seasons 2026	2	2	noFlea
6a60d620e24c6a0a6301aa27	Twitch 2026 赛季物资箱（稀有）	Twitch 赛季	Twitch Seasons 2026 case (Rare)	Twitch Seasons 2026	2	2	noFlea
6a60d6295cb322c88f02d1d0	Twitch 2026 赛季物资箱（稀有）	Twitch 赛季	Twitch Seasons 2026 case (Rare)	Twitch Seasons 2026	2	2	noFlea
6a60d6311687b74e1603fd2a	Twitch 2026 赛季物资箱（稀有）	Twitch 赛季	Twitch Seasons 2026 case (Rare)	Twitch Seasons 2026	2	2	noFlea
6a60d657cb57bbff5701e062	Twitch 2026 赛季物资箱（史诗）	Twitch 赛季	Twitch Seasons 2026 case (Epic)	Twitch Seasons 2026	2	2	noFlea
6a60d6d8e54522d30208cf30	Twitch 2026 赛季物资箱（史诗）	Twitch 赛季	Twitch Seasons 2026 case (Epic)	Twitch Seasons 2026	2	2	noFlea
6a60d6e1fe0787ec0e0bb0b3	Twitch 2026 赛季物资箱（史诗）	Twitch 赛季	Twitch Seasons 2026 case (Epic)	Twitch Seasons 2026	2	2	noFlea
6a60d70c3da2eca5f80588d7	Twitch 2026 赛季物资箱（史诗）	Twitch 赛季	Twitch Seasons 2026 case (Epic)	Twitch Seasons 2026	2	2	noFlea
6a60d713cb57bbff5701e06c	Twitch 2026 赛季物资箱（史诗）	Twitch 赛季	Twitch Seasons 2026 case (Epic)	Twitch Seasons 2026	2	2	noFlea
6a60d71b1687b74e1603fd35	Twitch 2026 赛季物资箱（史诗）	Twitch 赛季	Twitch Seasons 2026 case (Epic)	Twitch Seasons 2026	2	2	noFlea
6a60d7296ec8a1bbf5100017	Twitch 2026 赛季物资箱（史诗）	Twitch 赛季	Twitch Seasons 2026 case (Epic)	Twitch Seasons 2026	2	2	noFlea
6a60d730e6623686fa0b9e41	Twitch 2026 赛季物资箱（史诗）	Twitch 赛季	Twitch Seasons 2026 case (Epic)	Twitch Seasons 2026	2	2	noFlea
6a60d73b037ced847c0b6a0a	Twitch 2026 赛季物资箱（史诗）	Twitch 赛季	Twitch Seasons 2026 case (Epic)	Twitch Seasons 2026	2	2	noFlea
6a60d742fe0787ec0e0bb0bb	Twitch 2026 赛季物资箱（史诗）	Twitch 赛季	Twitch Seasons 2026 case (Epic)	Twitch Seasons 2026	2	2	noFlea
6a60d749cb57bbff5701e075	Twitch 2026 赛季物资箱（史诗）	Twitch 赛季	Twitch Seasons 2026 case (Epic)	Twitch Seasons 2026	2	2	noFlea
6a60d751fe0787ec0e0bb0c1	Twitch 2026 赛季物资箱（史诗）	Twitch 赛季	Twitch Seasons 2026 case (Epic)	Twitch Seasons 2026	2	2	noFlea
6a60d7591687b74e1603fd3e	Twitch 2026 赛季物资箱（史诗）	Twitch 赛季	Twitch Seasons 2026 case (Epic)	Twitch Seasons 2026	2	2	noFlea
6a60d760a29d51964e11ce18	Twitch 2026 赛季物资箱（史诗）	Twitch 赛季	Twitch Seasons 2026 case (Epic)	Twitch Seasons 2026	2	2	noFlea
6a60d7693da2eca5f80588e4	Twitch 2026 赛季物资箱（史诗）	Twitch 赛季	Twitch Seasons 2026 case (Epic)	Twitch Seasons 2026	2	2	noFlea
6a60d771e6623686fa0b9e5f	Twitch 2026 赛季物资箱（史诗）	Twitch 赛季	Twitch Seasons 2026 case (Epic)	Twitch Seasons 2026	2	2	noFlea
6a60f36fb3d057447a095aee	.50 AE FMJ Bull	FMJ B	.50 AE FMJ Bull	FMJ B	1	1	ammo;noFlea	Caliber127x33
6a622ebeace4474db90fc85c	Baseball cap (Zaebtsa Woodland)	Zaebtsa	Baseball cap (Zaebtsa Woodland)	Zaebtsa	1	1	noFlea;wearable
6a622f797a1ca14e57077819	Baseball cap (Zaebtsa Red Tiger Stripe)	Zaebtsa	Baseball cap (Zaebtsa Red Tiger Stripe)	Zaebtsa	1	1	noFlea;wearable
6a670ae11ab6ac490a0b9a99	DevTac Ronin Respirator (LABS Security)	Ronin Respirator	DevTac Ronin Respirator (LABS Security)	Ronin Respirator	2	2	noFlea;wearable
6a671d320578b5a41000c298	AK Hexagon Cheese Grater mod.1 handguard (Anodized Red)	CG mod.1	AK Hexagon Cheese Grater mod.1 handguard (Anodized Red)	CG mod.1	2	1	mods;noFlea
6a6720479d7f57e84800faed	AK Hexagon Cheese Grater mod.1 handguard (Anodized Grey)	CG mod.1	AK Hexagon Cheese Grater mod.1 handguard (Anodized Grey)	CG mod.1	2	1	mods;noFlea
6a6720592ff856278106eb3e	AK Hexagon Cheese Grater mod.1 handguard (Anodized Yellow)	CG mod.1	AK Hexagon Cheese Grater mod.1 handguard (Anodized Yellow)	CG mod.1	2	1	mods;noFlea
6a6721edecf09d43410cba5a	AK Hexagon Cheese Grater mod.2 handguard (Anodized Red)	CG mod.2	AK Hexagon Cheese Grater mod.2 handguard (Anodized Red)	CG mod.2	2	1	mods;noFlea
6a6724bddfb2de5e320d451d	AK Hexagon Cheese Grater mod.2 handguard (Anodized Grey)	CG mod.2	AK Hexagon Cheese Grater mod.2 handguard (Anodized Grey)	CG mod.2	2	1	mods;noFlea
6a67250406a5419b2508f23e	AK Hexagon Cheese Grater mod.2 handguard (Anodized Yellow)	CG mod.2	AK Hexagon Cheese Grater mod.2 handguard (Anodized Yellow)	CG mod.2	2	1	mods;noFlea
6a6759a5ca1e7d40a007a56f	AR-15 Unique-ARs HEX 12 inch handguard	HEX 12"	AR-15 Unique-ARs HEX 12 inch handguard	HEX 12"	2	1	mods;noFlea
6a675d00358304130d098d4f	AR-15 Unique-ARs Heat Shield (Anodized Red)	UARs HS	AR-15 Unique-ARs Heat Shield (Anodized Red)	UARs HS	2	1	mods;noFlea
6a675d75fd8364ead7039dd8	AR-15 Unique-ARs Heat Shield (Anodized Yellow)	UARs HS	AR-15 Unique-ARs Heat Shield (Anodized Yellow)	UARs HS	2	1	mods;noFlea
6a675d8f2ff856278106eb69	AR-15 Unique-ARs Heat Shield (Anodized Grey)	UARs HS	AR-15 Unique-ARs Heat Shield (Anodized Grey)	UARs HS	2	1	mods;noFlea
6a675e0706a5419b2508f26c	Wilcox Stubby Para Grip	Para Grip	Wilcox Stubby Para Grip	Para Grip	1	1	mods
6a675e25dfb2de5e320d454e	Strike Industries Hexion Tech Seeker reflex sight	Seeker	Strike Industries Hexion Tech Seeker reflex sight	Seeker	1	1	mods;noFlea
6a6877f566f77e6757083db5	FN P90 Strike Industries SMC-90 buttstock	SMC-90	FN P90 Strike Industries SMC-90 buttstock	SMC-90	3	1	mods;noFlea
6a687e38e1ad1bac01015418	FN P90 Strike Industries SMC-90 Long M-LOK handguard	SMC90 long	FN P90 Strike Industries SMC-90 Long M-LOK handguard	SMC90 long	2	1	mods;noFlea
6a688026daa5d47171082d6b	FN P90 Strike Industries SMC-90 Short M-LOK handguard	SMC90 short	FN P90 Strike Industries SMC-90 Short M-LOK handguard	SMC90 short	1	1	mods;noFlea
6a6880680934ae00be0d5f9a	AR-15 Strike Industries Checkmate 5.56x45 compensator	Checkmate	AR-15 Strike Industries Checkmate 5.56x45 compensator	Checkmate	1	1	mods;noFlea
6a6895ac4672de9ba1014bcc	Strike Industries Oppressor Lite V2 5.56x45 muzzle device	Oppressor	Strike Industries Oppressor Lite V2 5.56x45 muzzle device	Oppressor	1	1	mods;noFlea
6a68a56b0c3b4e47d502bede	FN P90 CMMG 5.56x45 muzzle device adapter	P90 5.56	FN P90 CMMG 5.56x45 muzzle device adapter	P90 5.56	1	1	mods
6a69d239d038171e800696b0	FN P90 Strike Industries SMC-90 cheek rest	SMC90	FN P90 Strike Industries SMC-90 cheek rest	SMC90	1	1	mods;noFlea
6a78b7f8c2016eb33e0027cd	FN P90 5.7x28 submachine gun (Scourge)	P90 Scourge	FN P90 5.7x28 submachine gun (Scourge)	P90 Scourge	2	1	gun;noFlea	Caliber57x28
6a799f200b38edb61b0aca7b	FN P90 5.7x28 submachine gun (Scourge) 默认	P90 Scourge 默认	FN P90 5.7x28 submachine gun (Scourge) Default	P90 Scourge Default	3	2	noFlea;preset
6a7b44d6609e0bad000de84d	Blue Force Gear Ten-Speed SF Chest Rig (Ranger Green)	Ten-Speed SF	Blue Force Gear Ten-Speed SF Chest Rig (Ranger Green)	Ten-Speed SF	3	3	noFlea;rig;wearable
6a7b45c3400bf8420f0e06fe	Blue Force Gear PLATEminus V2 Plate Carrier (Wolf Gray)	PLATEminus V2	Blue Force Gear PLATEminus V2 Plate Carrier (Wolf Gray)	PLATEminus V2	3	4	noFlea;rig;wearable
6a7c8432f5f1ecf7b1033aee	Blue Force Gear PLATEminus V2 Plate Carrier (Scourge)	PLATEminus V2	Blue Force Gear PLATEminus V2 Plate Carrier (Scourge)	PLATEminus V2	3	4	noFlea;rig;wearable
6a7c845c1fa6226c17096359	Blue Force Gear PLATEminus V2 Plate Carrier (Coyote Brown)	PLATEminus V2	Blue Force Gear PLATEminus V2 Plate Carrier (Coyote Brown)	PLATEminus V2	3	4	noFlea;rig;wearable
6a7c84862369e59dd30712f6	Blue Force Gear PLATEminus V2 Plate Carrier (MultiCam)	PLATEminus V2	Blue Force Gear PLATEminus V2 Plate Carrier (MultiCam)	PLATEminus V2	3	4	noFlea;rig;wearable
6a7c84c2bcddc78fbd0f04b6	Haley Strategic D3CRX Chest Harness (Coyote Brown)	D3CRX	Haley Strategic D3CRX Chest Harness (Coyote Brown)	D3CRX	3	3	rig;wearable
6a7c85022369e59dd307130c	Haley Strategic D3CRX Chest Harness (MultiCam)	D3CRX	Haley Strategic D3CRX Chest Harness (MultiCam)	D3CRX	3	3	noFlea;rig;wearable
6a7c8531bcddc78fbd0f04c1	Stich Profi Stich Defense mod.2 plate carrier (Cleanup Crew)	SD mod.2	Stich Profi Stich Defense mod.2 plate carrier (Cleanup Crew)	SD mod.2	4	3	noFlea;rig;wearable
6a7c855ba20fcf832f01ff78	Stich Profi Stich Defense mod.2 plate carrier (A-TACS FG)	SD mod.2	Stich Profi Stich Defense mod.2 plate carrier (A-TACS FG)	SD mod.2	4	3	noFlea;rig;wearable
6a7d896ea38adecfcb0c6cbd	Blue Force Gear PLATEminus V2 body armor (Coyote Brown)	PLATEminus V2	Blue Force Gear PLATEminus V2 body armor (Coyote Brown)	PLATEminus V2	3	3	armor;noFlea;wearable
6a7d8987b8903961a50d4f70	Blue Force Gear PLATEminus V2 body armor (Wolf Gray)	PLATEminus V2	Blue Force Gear PLATEminus V2 body armor (Wolf Gray)	PLATEminus V2	3	3	armor;noFlea;wearable
6a82d9800e3db08b8b0af0eb	Altyn assault helmet (Impact Tested)	Altyn	Altyn assault helmet (Impact Tested)	Altyn	2	2	noFlea;wearable
6a82dbbf0ccd0eb28d02f240	Altyn helmet face shield (Impact Tested)	Altyn FS	Altyn helmet face shield (Impact Tested)	Altyn FS	2	1	noFlea;wearable
6a82dc5e6bc759779e064205	Altyn helmet cover (Leto)	Altyn	Altyn helmet cover (Leto)	Altyn	1	1	noFlea;wearable
6a82dce1a750a094fd02923e	Altyn helmet cover (Berezka)	Altyn	Altyn helmet cover (Berezka)	Altyn	1	1	noFlea;wearable
6a82dce8385a6cfafe0d4fa9	Altyn helmet cover (Black)	Altyn	Altyn helmet cover (Black)	Altyn	1	1	wearable
6a82dcf00e3db08b8b0af104	Altyn helmet cover (Olive Drab)	Altyn	Altyn helmet cover (Olive Drab)	Altyn	1	1	wearable
6a83168651cfbe231b091a0f	MSA Millennium Riot Control gas mask	MRC	MSA Millennium Riot Control gas mask	MRC	2	2	noFlea;wearable
6a8316cb0ccd0eb28d02f264	Baseball cap (MultiCam)	Cap	Baseball cap (MultiCam)	Cap	1	1	noFlea;wearable
6a8316e7608278aaac018b5b	Baseball cap (Trauma)	Trauma	Baseball cap (Trauma)	Trauma	1	1	noFlea;wearable
6a8317166a6ba231700536ce	Fit Viper glasses (Actualbush)	Fit Viper	Fit Viper glasses (Actualbush)	Fit Viper	2	1	glasses;noFlea;wearable
6a83172b6a6ba231700536d1	Fit Viper glasses (Exec)	Fit Viper	Fit Viper glasses (Exec)	Fit Viper	2	1	glasses;noFlea;wearable
6a83173e350dd848e70feeec	Fit Viper glasses (Straya)	Fit Viper	Fit Viper glasses (Straya)	Fit Viper	2	1	glasses;noFlea;wearable
6a8338846a6ba231700536db	Diamond Age NovaSteel Flip Ballistic Mandible (Olive Drab)	NovaSteel Mandible	Diamond Age NovaSteel Flip Ballistic Mandible (Olive Drab)	NovaSteel Mandible	2	2	wearable
6a8338b4350dd848e70feefd	Diamond Age NovaSteel Flip Ballistic Mandible (Custos Mortis)	NovaSteel Mandible	Diamond Age NovaSteel Flip Ballistic Mandible (Custos Mortis)	NovaSteel Mandible	2	2	noFlea;wearable
6a8338bc992762b7bf08ffb3	Diamond Age NovaSteel Flip Ballistic Mandible (Toxin)	NovaSteel Mandible	Diamond Age NovaSteel Flip Ballistic Mandible (Toxin)	NovaSteel Mandible	2	2	noFlea;wearable
6a8338c851cfbe231b091a1b	Diamond Age NovaSteel Aventail	NovaSteel	Diamond Age NovaSteel Aventail	NovaSteel	2	2	wearable
6a83392e992762b7bf08ffb8	Diamond Age NovaSteel helmet (Olive Drab)	NovaSteel	Diamond Age NovaSteel helmet (Olive Drab)	NovaSteel	2	2	noFlea;wearable
6a8339b9512ae66ef40af89b	Diamond Age NovaSteel helmet (Custos Mortis)	NovaSteel	Diamond Age NovaSteel helmet (Custos Mortis)	NovaSteel	2	2	noFlea;wearable
6a8339d551cfbe231b091a24	Diamond Age NovaSteel helmet (Toxin)	NovaSteel	Diamond Age NovaSteel helmet (Toxin)	NovaSteel	2	2	noFlea;wearable
6a834d1f992762b7bf08ffd2	Team Wendy EXFIL Ballistic Mandible (Black)	EXFIL Mandible	Team Wendy EXFIL Ballistic Mandible (Black)	EXFIL Mandible	2	2	wearable
6a834d286cfa76129a0923b8	Team Wendy EXFIL Ballistic Mandible (Coyote Brown)	EXFIL Mandible	Team Wendy EXFIL Ballistic Mandible (Coyote Brown)	EXFIL Mandible	2	2	noFlea;wearable
6a834d307bea762f500e1b59	Team Wendy EXFIL Ballistic Mandible (MultiCam)	EXFIL Mandible	Team Wendy EXFIL Ballistic Mandible (MultiCam)	EXFIL Mandible	2	2	noFlea;wearable
6a8355e36a6ba231700536f6	Team Wendy EXFIL helmet cover (Pencott WildWood)	EXFIL	Team Wendy EXFIL helmet cover (Pencott WildWood)	EXFIL	1	1	noFlea;wearable
6a8355f08ce81861440b6ec1	Team Wendy EXFIL helmet cover (MultiCam)	EXFIL	Team Wendy EXFIL helmet cover (MultiCam)	EXFIL	1	1	noFlea;wearable
6a8355f881430c75c10db040	Team Wendy EXFIL helmet cover (Arctic Chocolate Chip)	EXFIL	Team Wendy EXFIL helmet cover (Arctic Chocolate Chip)	EXFIL	1	1	noFlea;wearable
6a835600c0378ed820059151	Team Wendy EXFIL helmet cover (Wolf Gray)	EXFIL	Team Wendy EXFIL helmet cover (Wolf Gray)	EXFIL	1	1	noFlea;wearable
6a8433de350b8a45fd0ec800	DevTac Ronin Face Armor	Ronin M1	DevTac Ronin Face Armor	Ronin M1	1	1	wearable
6a8433e8cd06047e8e0ad363	DevTac Ronin Crown Plate	Ronin F1	DevTac Ronin Crown Plate	Ronin F1	1	1	wearable
6a8433f15917e01c560716fc	DevTac Ronin Reinforced Crown Plate	Ronin F2	DevTac Ronin Reinforced Crown Plate	Ronin F2	1	1	wearable
6a8433fa2309518e9e03a2ae	DevTac Ronin Mandible	Ronin M2	DevTac Ronin Mandible	Ronin M2	1	1	wearable
6a843f6224d911fccb0d45ca	Panacea crate	Panacea	Panacea crate	Panacea	3	2	barter;noFlea
6a843f89e0ad22393c004188	Morbus crate	Morbus	Morbus crate	Morbus	3	2	barter;noFlea
6a845c4adc351247420fd2f5	DevTac Ronin Face Armor (Raptor)	Ronin M1	DevTac Ronin Face Armor (Raptor)	Ronin M1	1	1	noFlea;wearable
6a845cbf13c5fb027c0768a9	DevTac Ronin Face Armor (Prototype)	Ronin M1	DevTac Ronin Face Armor (Prototype)	Ronin M1	1	1	noFlea;wearable
6a845cd5a5d91e080c06b6e1	DevTac Ronin Face Armor (Olive)	Ronin M1	DevTac Ronin Face Armor (Olive)	Ronin M1	1	1	noFlea;wearable
6a845ce613c5fb027c0768ad	DevTac Ronin Face Armor (Olive Drab)	Ronin M1	DevTac Ronin Face Armor (Olive Drab)	Ronin M1	1	1	wearable
6a845cfd8d1432eeb8016ab9	DevTac Ronin Face Armor (Plague)	Ronin M1	DevTac Ronin Face Armor (Plague)	Ronin M1	1	1	noFlea;wearable
6a845d18cd06047e8e0ad377	DevTac Ronin Crown Plate (Raptor)	Ronin F1	DevTac Ronin Crown Plate (Raptor)	Ronin F1	1	1	noFlea;wearable
6a845d2adc351247420fd2fe	DevTac Ronin Crown Plate (Prototype)	Ronin F1	DevTac Ronin Crown Plate (Prototype)	Ronin F1	1	1	noFlea;wearable
6a845d4013c5fb027c0768b2	DevTac Ronin Crown Plate (Olive)	Ronin F1	DevTac Ronin Crown Plate (Olive)	Ronin F1	1	1	noFlea;wearable
6a845d94dc8388b0e609e16e	DevTac Ronin Crown Plate (Olive Drab)	Ronin F1	DevTac Ronin Crown Plate (Olive Drab)	Ronin F1	1	1	wearable
6a845db3cd06047e8e0ad37c	DevTac Ronin Crown Plate (Plague)	Ronin F1	DevTac Ronin Crown Plate (Plague)	Ronin F1	1	1	noFlea;wearable
6a845dce7d4cbd3ee50a191b	DevTac Ronin Reinforced Crown Plate (Raptor)	Ronin F2	DevTac Ronin Reinforced Crown Plate (Raptor)	Ronin F2	1	1	noFlea;wearable
6a845ddeeaa1d4d30d038f6d	DevTac Ronin Reinforced Crown Plate (Prototype)	Ronin F2	DevTac Ronin Reinforced Crown Plate (Prototype)	Ronin F2	1	1	noFlea;wearable
6a845ded7d4cbd3ee50a191f	DevTac Ronin Reinforced Crown Plate (Olive)	Ronin F2	DevTac Ronin Reinforced Crown Plate (Olive)	Ronin F2	1	1	noFlea;wearable
6a845e00eaa1d4d30d038f71	DevTac Ronin Reinforced Crown Plate (Olive Drab)	Ronin F2	DevTac Ronin Reinforced Crown Plate (Olive Drab)	Ronin F2	1	1	wearable
6a845e117d4cbd3ee50a1923	DevTac Ronin Reinforced Crown Plate (Plague)	Ronin F2	DevTac Ronin Reinforced Crown Plate (Plague)	Ronin F2	1	1	noFlea;wearable
6a845e2dd68fc921f902397e	DevTac Ronin Mandible (Raptor)	Ronin M2	DevTac Ronin Mandible (Raptor)	Ronin M2	1	1	noFlea;wearable
6a845e3e8d1432eeb8016ac2	DevTac Ronin Mandible (Prototype)	Ronin M2	DevTac Ronin Mandible (Prototype)	Ronin M2	1	1	noFlea;wearable
6a845e4ea5d91e080c06b6ed	DevTac Ronin Mandible (Olive)	Ronin M2	DevTac Ronin Mandible (Olive)	Ronin M2	1	1	noFlea;wearable
6a845e60d68fc921f9023983	DevTac Ronin Mandible (Olive Drab)	Ronin M2	DevTac Ronin Mandible (Olive Drab)	Ronin M2	1	1	wearable
6a845e7fc37980eea20190b2	DevTac Ronin Mandible (Plague)	Ronin M2	DevTac Ronin Mandible (Plague)	Ronin M2	1	1	noFlea;wearable
6a84620eb9a884488e00094c	DevTac Ronin ballistic helmet (Raptor)	Ronin	DevTac Ronin ballistic helmet (Raptor)	Ronin	2	2	noFlea;wearable
6a846223460e01329005b720	DevTac Ronin ballistic helmet (Prototype)	Ronin	DevTac Ronin ballistic helmet (Prototype)	Ronin	2	2	noFlea;wearable
6a8462325494d3719f000824	DevTac Ronin ballistic helmet (Olive)	Ronin	DevTac Ronin ballistic helmet (Olive)	Ronin	2	2	noFlea;wearable
6a84624507f6c3032e00c65d	DevTac Ronin ballistic helmet (Olive Drab)	Ronin	DevTac Ronin ballistic helmet (Olive Drab)	Ronin	2	2	wearable
6a858c8ef3f0b0c5e6002733	DevTac Ronin ballistic helmet (Olive) 默认	Ronin 默认	DevTac Ronin ballistic helmet (Olive) Default	Ronin Default	2	2	noFlea;preset
6a858dae6f5ef2355b06164d	DevTac Ronin ballistic helmet (Raptor) 默认	Ronin 默认	DevTac Ronin ballistic helmet (Raptor) Default	Ronin Default	2	2	noFlea;preset
6a858e65db918cf51607e37f	DevTac Ronin ballistic helmet (Prototype) 默认	Ronin 默认	DevTac Ronin ballistic helmet (Prototype) Default	Ronin Default	2	2	noFlea;preset
6a858ed229c080efaf00da44	DevTac Ronin ballistic helmet (Olive Drab) 默认	Ronin 默认	DevTac Ronin ballistic helmet (Olive Drab) Default	Ronin Default	2	2	preset
6a884ef383cb5fad3502ec51	Diamond Age NovaSteel helmet (Custos Mortis) 默认	NovaSteel 默认	Diamond Age NovaSteel helmet (Custos Mortis) Default	NovaSteel Default	2	2	noFlea;preset
6a8857b783cb5fad3502ec5b	Altyn assault helmet (Impact Tested) 默认	Altyn 默认	Altyn assault helmet (Impact Tested) Default	Altyn Default	2	2	noFlea;preset
6a8c4c7999baf8bd5802f7fe	Sudak-Tudak 船用维修工具包	Sudak-Tudak	Sudak-Tudak marine repair kit	Sudak-Tudak	2	2	noFlea;specialSlot
6a8d581fe74010bf70069d83	灯塔岛藏匿点钥匙	灯塔	Lighthouse island stash key	Lighthouse	1	1	keys;noFlea
6a91b07d0265fb6a1f061a8a	Recruit Bas-Relief	Bas-Relief	Recruit Bas-Relief	Bas-Relief	2	2	noFlea;poster
6a91b4e323415d3f520ba458	Survivor Bas-Relief	Bas-Relief	Survivor Bas-Relief	Bas-Relief	2	2	noFlea;poster
6a91b5142f7e57600b0a4ccc	Veteran Bas-Relief	Bas-Relief	Veteran Bas-Relief	Bas-Relief	2	2	noFlea;poster
6a91b58214210be75a0260d8	Ruthless Bas-Relief	Bas-Relief	Ruthless Bas-Relief	Bas-Relief	2	2	noFlea;poster
6a91b5d5ca420f299d08e325	Reborn Bas-Relief	Bas-Relief	Reborn Bas-Relief	Bas-Relief	2	2	noFlea;poster
6a91b61314210be75a0260db	Ascended Bas-Relief	Bas-Relief	Ascended Bas-Relief	Bas-Relief	2	2	noFlea;poster
6a91b64352bb89bd3602742f	Ascended Bas-Relief	Bas-Relief	Ascended Bas-Relief	Bas-Relief	2	2	noFlea;poster
6a99617d17c4dda0010df334	5.8x42mm DBP191弹药包（30发装）	DBP191	5.8x42mm DBP191 ammo pack (30 pcs)	DBP191	1	1	ammoBox
6a9961d053d704c9d005660e	5.8x42mm DBX95弹药包（30发装）	DBX95	5.8x42mm DBX95 ammo pack (30 pcs)	DBX95	1	1	ammoBox
6a9961ddbdde1672b805514a	5.8x42mm DVC12弹药包（30发装）	DVC12	5.8x42mm DVC12 ammo pack (30 pcs)	DVC12	1	1	ammoBox;noFlea
6a9961ed793941a095047a7f	5.8x42mm DVX12弹药包（30发装）	DVX12	5.8x42mm DVX12 ammo pack (30 pcs)	DVX12	1	1	ammoBox;noFlea
6a9980872a87c16fef04789f	Everclear 两级净水器	Everclear	Everclear two-stage water filter	Everclear	2	2	barter
707265736574000000000000	TheAKGuy AK-50 .50 BMG 反器材步枪 默认	AK-50 默认	TheAKGuy AK-50 .50 BMG anti-materiel rifle Default	AK-50 Default	7	2	noFlea;preset
707265736574000000000001	德拉贡诺夫 SVDS 7.62x54 半自动狙击步枪 FLIR RS-32	SVDS FLIR RS-32	SVDS 7.62x54R sniper rifle FLIR RS-32	SVDS FLIR RS-32	6	2	noFlea;preset
707265736574000000000002	FN SCAR-H X-17 7.62x51突击步枪 默认	X-17 默认	FN SCAR-H X-17 7.62x51 assault rifle Default	X-17 Default	5	2	preset
707265736574000000000003	FN Five-seveN MK2 5.7x28 手枪 (FDE) 机械瞄具	FN 5-7 FDE 机械瞄具	FN Five-seveN MK2 5.7x28 pistol (FDE) Ironsight	FN 5-7 FDE Ironsight	2	1	preset
707265736574000000000004	Altyn 防弹头盔（橄榄绿） Face shield	Altyn Face shield	Altyn assault helmet (Olive Drab) Face shield	Altyn Face shield	2	2	noFlea;preset
707265736574000000000005	ASh-12 12.7x55 突击步枪 Silenced	ASh-12 Silenced	ASh-12 12.7x55 assault rifle Silenced	ASh-12 Silenced	5	2	preset
707265736574000000000006	ASh-12 12.7x55 突击步枪 TAC	ASh-12 TAC	ASh-12 12.7x55 assault rifle TAC	ASh-12 TAC	5	2	preset
707265736574000000000007	Kel-Tec RFB 7.62x51 HHS-1	RFB HHS-1	Kel-Tec RFB 7.62x51 rifle HHS-1	RFB HHS-1	5	2	preset
707265736574000000000008	柯尔特 M4A1 5.56x45 卡宾枪 ECHO1	M4A1 ECHO1	Colt M4A1 5.56x45 assault rifle ECHO1	M4A1 ECHO1	5	2	noFlea;preset
707265736574000000000009	柯尔特 M4A1 5.56x45 卡宾枪 KAC RIS	M4A1 KAC RIS	Colt M4A1 5.56x45 assault rifle KAC RIS	M4A1 KAC RIS	5	2	preset
70726573657400000000000a	柯尔特 M4A1 5.56x45 卡宾枪 REAP-IR	M4A1 REAP-IR	Colt M4A1 5.56x45 assault rifle REAP-IR	M4A1 REAP-IR	4	2	noFlea;preset
70726573657400000000000b	柯尔特 M4A1 5.56x45 卡宾枪 SOPMOD II Flash	M4A1 SOPMOD II Flash	Colt M4A1 5.56x45 assault rifle SOPMOD II Flash	M4A1 SOPMOD II Flash	5	2	preset
70726573657400000000000c	RSh-12 12.7x55转轮手枪 TAC 30	RSH-12 TAC 30	RSh-12 12.7x55 revolver TAC30	RSh-12 TAC30	2	1	preset
70726573657400000000000d	RPDN 7.62x39 轻机枪 OKP-7 DT	RPDN OKP-7 DT	Degtyarev RPDN 7.62x39 machine gun OKP-7 DT	RPDN OKP-7 DT	5	3	noFlea;preset
70726573657400000000000e	沙漠科技 MDR 5.56x45 突击步枪 HHS-1褐	MDR HHS-1褐	Desert Tech MDR 5.56x45 assault rifle HHS-1 Tan	MDR HHS-1 Tan	5	2	preset
70726573657400000000000f	联盟-TM STM-9 Gen.2 9x19 卡宾枪 STM9制退器	STM-9 STM9制退器	Soyuz-TM STM-9 Gen.2 9x19 carbine STM9 MB	STM-9 STM9 MB	4	2	preset
707265736574000000000010	TKPD 9.3x64 突击卡宾枪 XPS3-2	TKPD XPS3-2	TKPD 9.3x64 carbine XPS3-2	TKPD XPS3-2	5	2	noFlea;preset
707265736574000000000011	DS Arms SA-58 7.62x51 突击步枪 SPR	SA-58 SPR	DS Arms SA58 7.62x51 assault rifle SPR	SA58 SPR	6	2	preset
707265736574000000000012	NL545 (DI) 5.45x39 突击步枪 Pilad 4х32	NL545 DI Pilad 4х32	Custom Guns NL545 (DI) 5.45x39 assault rifle Pilad 4x32	NL545 DI Pilad 4x32	6	3	preset
707265736574000000000013	NL545 (GP) 5.45x39 突击步枪 Vudu 1-6	NL545 GP Vudu 1-6	Custom Guns NL545 (GP) 5.45x39 assault rifle Vudu 1-6	NL545 GP Vudu 1-6	5	2	preset
707265736574000000000014	DS Arms SA-58 7.62x51 突击步枪 X-FAL	SA-58 X-FAL	DS Arms SA58 7.62x51 assault rifle X-FAL	SA58 X-FAL	4	2	preset
707265736574000000000015	FN SCAR-H 7.62x51突击步枪 FLIR RS-32	Mk 17 FLIR RS-32	FN SCAR-H 7.62x51 assault rifle FLIR RS-32	Mk 17 FLIR RS-32	5	2	noFlea;preset
707265736574000000000016	Glock 17 9x19 手枪 PS9	GLOCK17 PS9	Glock 17 9x19 pistol PS9	Glock 17 PS9	2	1	preset
707265736574000000000017	莫辛-纳甘 7.62x54R 栓动式步枪（狙击型） PU 3.5x	莫辛狙击型 PU 3.5x	Mosin 7.62x54R bolt-action rifle (Sniper) PU 3.5x	Mosin Sniper PU 3.5x	6	1	preset
707265736574000000000018	VPO-101 Vepr-Hunter 7.62x51 卡宾枪 SVD 20	Hunter SVD 20	Molot Arms VPO-101 Vepr-Hunter 7.62x51 carbine SVD	VPO-101 SVD	6	2	preset
707265736574000000000019	莫辛-纳甘 7.62x54R 栓动式步枪（狙击型） NF 7-35x56	莫辛狙击型 NF 7-35x56	Mosin 7.62x54R bolt-action rifle (Sniper) ATACR 7-35	Mosin Sniper ATACR 7-35	7	2	preset
70726573657400000000001a	AKS-74U 5.45x39 短突击步枪 Waffle	AKS-74U Waffle	Kalashnikov AKS-74U 5.45x39 assault rifle Waffle	AKS-74U Waffle	5	2	preset
70726573657400000000001b	AK-12 5.45x39 突击步枪 Silenced	AK-12 Silenced	Kalashnikov AK-12 5.45x39 assault rifle Silenced	AK-12 Silenced	6	2	preset
70726573657400000000001c	AK-12 5.45x39 突击步枪 PS320 1/6x	AK-12 PS320 1/6x	Kalashnikov AK-12 5.45x39 assault rifle PS-320	AK-12 PS-320	6	2	preset
70726573657400000000001d	Ops-Core FAST MT 超级高切头盔（黑色） RAC	FAST MT RAC	Ops-Core FAST MT Super High Cut helmet (Black) RAC	FAST MT RAC	2	2	noFlea;preset
70726573657400000000001e	Saiga-12K ver.10 12铅径半自动霰弹枪 Type340	Saiga-12K Type340	Saiga-12K ver.10 12ga semi-automatic shotgun Type-340	Saiga-12K Type-340	6	2	preset
70726573657400000000001f	RPK-16 5.45x39 轻机枪 6L26	RPK-16 6L26	RPK-16 5.45x39 light machine gun 6L26	RPK-16 6L26	6	3	preset
707265736574000000000020	春田 M1A 7.62x51 步枪 Hybrid 46	M1A Hybrid 46	Springfield Armory M1A 7.62x51 rifle Hybrid 46	M1A Hybrid 46	7	2	noFlea;preset
707265736574000000000021	AK-308 7.62x51 突击步枪 RMR	AK-308 RMR	Kalashnikov AK-308 7.62x51 assault rifle RMR	AK-308 RMR	6	2	preset
707265736574000000000022	奈特军械公司 (KAC) SR-25 7.62x51 精确射手步枪 PM II 1-8x24	SR-25 PM II 1-8x24	Knight's Armament Company SR-25 7.62x51 marksman rifle PM II 1-8	SR-25 PM II 1-8	6	2	preset
707265736574000000000023	HK MP5 9x19 冲锋枪（海军三发点射） PRO	MP5 PRO	HK MP5 9x19 submachine gun (Navy 3 Round Burst) PRO	MP5 PRO	4	2	preset
707265736574000000000024	RPDN 7.62x39 轻机枪 EKP-1S-03	RPDN EKP-1S-03	Degtyarev RPDN 7.62x39 machine gun EKP-1S-03	RPDN EKP-1S-03	5	2	noFlea;preset
707265736574000000000025	SR-2M 石楠 9x21 冲锋枪 SV-1381	SR-2M SV-1381	SR-2M Veresk 9x21 submachine gun SV-1381	SR-2M SV-1381	4	2	preset
707265736574000000000026	沙漠科技 MDR 5.56x45 突击步枪 EXPS3-0	MDR EXPS3-0	Desert Tech MDR 5.56x45 assault rifle EXPS3-0	MDR EXPS3-0	4	2	preset
707265736574000000000027	AK-308 7.62x51 突击步枪 Vudu 1-6	AK-308 Vudu 1-6	Kalashnikov AK-308 7.62x51 assault rifle Vudu 1-6	AK-308 Vudu 1-6	6	2	preset
707265736574000000000028	AS“巨浪”MOD.4 9x39 特种突击步枪 BOSS Xe	AS VAL MOD.4 BOSS Xe	AS VAL MOD.4 9x39 special assault rifle BOSS Xe	AS VAL MOD.4 BOSS Xe	4	2	noFlea;preset
707265736574000000000029	TKPD 9.3x64 突击卡宾枪 PM II 1-8x24	TKPD PM II 1-8x24	TKPD 9.3x64 carbine PM II 1-8	TKPD PM II 1-8	6	2	noFlea;preset
70726573657400000000002a	SWORD International Mk-18 .338 LM 精确射手步枪 ZeusPro 640	Mk-18 雷霆之锤 ZeusPro 640	SWORD International Mk-18 .338 LM marksman rifle Zeus-Pro 640	Mk-18 Mjölnir Zeus-Pro 640	7	2	noFlea;preset
70726573657400000000002b	Milkor M32A1 MSGL 40 毫米榴弹发射器 M2A1	MSGL M2A1	Milkor M32A1 MSGL 40mm grenade launcher M2A1	MSGL M2A1	4	2	noFlea;preset
70726573657400000000002c	PKP 7.62x54R 步兵机枪 PT-2	PKP PT-2	Kalashnikov PKP 7.62x54R infantry machine gun PT-2	PKP PT-2	6	3	noFlea;preset
70726573657400000000002d	NL545 (GP) 5.45x39 突击步枪 PRO	NL545 GP PRO	Custom Guns NL545 (GP) 5.45x39 assault rifle PRO	NL545 GP PRO	5	2	preset
70726573657400000000002e	HK G36 5.56x45 突击步枪 BOSS Xe	G36 BOSS Xe	HK G36 5.56x45 assault rifle BOSS Xe	G36 BOSS Xe	6	2	preset
70726573657400000000002f	AK-12 5.45x39 突击步枪 EXPS3-0	AK-12 EXPS3-0	Kalashnikov AK-12 5.45x39 assault rifle EXPS3-0	AK-12 EXPS3-0	5	2	preset
707265736574000000000030	Ars Arma CPC MOD.1 插板胸挂（A-TACS FG 迷彩） Stripped	CPC MOD.1 Stripped	Ars Arma CPC MOD.1 plate carrier (A-TACS FG) Stripped	CPC MOD.1 Stripped	4	3	noFlea;preset
707265736574000000000031	FORT Gladiator-S（格斗-S）插板胸挂（无惧死亡） Stripped	Gladiator-S Stripped	FORT Gladiator-S plate carrier (Death is Inevitable) Stripped	Gladiator-S Stripped	3	4	noFlea;preset
707265736574000000000032	5.11 Tactical TacTec 插板胸挂（风暴灰） Stripped	TacTec Stripped	5.11 Tactical TacTec plate carrier (Storm) Stripped	TacTec Stripped	4	4	noFlea;preset
707265736574000000000033	Crye Precision AVS 插板胸挂（复合迷彩） Stripped	AVS Stripped	Crye Precision AVS plate carrier (MultiCam) Stripped	AVS Stripped	3	4	noFlea;preset
707265736574000000000034	Stich Profi V2 插板胸挂（MARPAT 林地迷彩） Stripped	SP PC V2 Stripped	Stich Profi Plate Carrier V2 (MARPAT Woodland) Stripped	SP PC V2 Stripped	3	4	noFlea;preset
707265736574000000000035	Stich Profi V2 插板胸挂（A-TACS FG） Stripped	SP PC V2 Stripped	Stich Profi Plate Carrier V2 (A-TACS FG) Stripped	SP PC V2 Stripped	3	4	noFlea;preset
707265736574000000000036	RPK-16 5.45x39 轻机枪 Drum	RPK-16 RPK-16 MB	RPK-16 5.45x39 light machine gun Drum	RPK-16 Drum	5	2	preset
707265736574000000000037	沙漠科技 MDR 5.56x45 突击步枪 Gemtech ONE	MDR Gemtech ONE	Desert Tech MDR 5.56x45 assault rifle ONE	MDR ONE	5	2	preset
707265736574000000000038	SR-3M 9x39紧凑型突击步枪 FF3	SR-3M FF3	SR-3M 9x39 compact assault rifle FF3	SR-3M FF3	3	2	noFlea;preset
707265736574000000000039	Stich Profi V2 插板胸挂（灰褐色） Stripped	SP PC V2 Stripped	Stich Profi Plate Carrier V2 (Coyote) Stripped	SP PC V2 Stripped	3	4	noFlea;preset
70726573657400000000003a	WARTECH TV-115 插板胸挂（黑色） Stripped	TV-115 Stripped	WARTECH TV-115 plate carrier (Black) Stripped	TV-115 Stripped	3	3	noFlea;preset
70726573657400000000003b	ANA Tactical M2 插板胸挂（高原复合迷彩） Stripped	ANA M2 Stripped	ANA Tactical M2 plate carrier (MultiCam Alpine) Stripped	ANA M2 Stripped	4	4	noFlea;preset
70726573657400000000003c	FirstSpear Strandhogg 插板胸挂（黑系复合迷彩） Stripped	Strandhogg Stripped	First Spear Strandhogg plate carrier (MultiCam Black) Stripped	Strandhogg Stripped	3	4	noFlea;preset
70726573657400000000003d	IWI UZI 9x19冲锋枪 SD	UZI SD	IWI UZI 9x19 submachine gun SD	UZI SD	4	1	preset
70726573657400000000003e	Tasmanian Tiger MKIII 插板胸挂（狼棕色） 默认	TT MKIII 默认	Tasmanian Tiger Plate Carrier MKIII (Coyote Brown) Default	TT MKIII Default	3	3	noFlea;preset
70726573657400000000003f	VSS “绞丝机” 特种狙击步枪  PSO-1M2-1	VSS PSO-1M2-1	VSS Vintorez 9x39 special sniper rifle PSO-1M2-1	VSS Vintorez PSO-1M2-1	5	2	noFlea;preset
707265736574000000000040	西蒙诺夫 OP-SKS 7.62x39 卡宾枪 UAS SKS	OP-SKS UAS SKS	Molot Arms Simonov OP-SKS 7.62x39 carbine UAS SKS	OP-SKS UAS SKS	5	2	preset
707265736574000000000041	IWI UZI PRO Pistol 9x19冲锋枪 EXPS3-0	UZI PRO 冲锋手枪 EXPS3-0	IWI UZI PRO Pistol 9x19 submachine gun EXPS3-0	UZI PRO Pistol EXPS3-0	4	2	preset
707265736574000000000042	FORT Gladiator-S（格斗-S）轻型插板胸挂（维京） Stripped	Gladiator-S Stripped	FORT Gladiator-S plate carrier (Viking) Stripped	Gladiator-S Stripped	3	4	noFlea;preset
707265736574000000000043	FORT Gladiator-S（格斗-S）轻型插板胸挂（复合迷彩） Stripped	Gladiator-S Stripped	FORT Gladiator-S plate carrier (Lightweight, MultiCam) Stripped	Gladiator-S Stripped	3	4	noFlea;preset
707265736574000000000044	RPDN 7.62x39 轻机枪 1P78-1	RPDN 1P78-1	Degtyarev RPDN 7.62x39 machine gun 1P78-1	RPDN 1P78-1	6	3	noFlea;preset
707265736574000000000045	雷明顿Model 700 7.62x51 狙击步枪 Vudu 1-6	M700 Vudu 1-6	Remington Model 700 7.62x51 bolt-action sniper rifle Vudu 1-6	M700 Vudu 1-6	5	2	preset
707265736574000000000046	FirstSpear Strandhogg 插板胸挂（ABU 迷彩） Stripped	Strandhogg Stripped	First Spear Strandhogg plate carrier (ABUPAT) Stripped	Strandhogg Stripped	3	4	noFlea;preset
707265736574000000000047	MP-43-1C 12 铅径双管霰弹枪 Short	MP43e Short	MP-43-1C 12ga double-barrel shotgun Short	MP-43-1C Short	4	1	preset
707265736574000000000048	IWI UZI PRO Pistol 9x19冲锋枪 BOSS Xe	UZI PRO 冲锋手枪 BOSS Xe	IWI UZI PRO Pistol 9x19 submachine gun BOSS Xe	UZI PRO Pistol BOSS Xe	4	2	preset
707265736574000000000049	HighCom Trooper TFO 防弹背心（郊狼棕） Stripped	Trooper Stripped	HighCom Trooper TFO body armor (Coyote) Stripped	Trooper Stripped	3	3	noFlea;preset
70726573657400000000004a	Hexatac HPC 插板背心（复合迷彩） Stripped	HPC Stripped	Hexatac HPC Plate Carrier (MultiCam) Stripped	HPC Stripped	3	3	noFlea;preset
70726573657400000000004b	DVL-10 7.62x51 栓动式狙击步枪 直至黎明	DVL-10 直至黎明	Lobaev Arms DVL-10 7.62x51 bolt-action sniper rifle Until Dawn	DVL-10 Until Dawn	6	2	noFlea;preset
70726573657400000000004c	Benelli M3 Super 90 12铅径双模式霰弹枪 直至黎明	M3 Super 90 直至黎明	Benelli M3 Super 90 12ga dual-mode shotgun Until Dawn	M3 Super 90 Until Dawn	7	2	preset
70726573657400000000004d	FORT Redut-M（堡垒-M）防弹衣（韩国林地迷彩） Stripped	Redut-M Stripped	FORT Redut-M body armor (SK Woodland) Stripped	Redut-M Stripped	3	4	noFlea;preset
70726573657400000000004e	NFM THOR 隐蔽型强化防弹背心（头眼） Stripped	THOR 隐蔽型 Stripped	NFM THOR Concealable Reinforced Vest body armor (Head Eyes) Stripped	THOR CRV Stripped	3	3	noFlea;preset
70726573657400000000004f	FORT Redut-M（堡垒-M）防弹衣（竞技场之囚） Stripped	Redut-M Stripped	FORT Redut-M body armor (Prisoner of the Arena) Stripped	Redut-M Stripped	3	4	noFlea;preset
707265736574000000000050	NPP KlASS Korund-VM（刚玉-VM）防弹衣（虎纹迷彩） Stripped	Korund-VM Stripped	NPP KlASS Korund-VM body armor (Kamysh) Stripped	Korund-VM Stripped	3	4	noFlea;preset
707265736574000000000051	MPS Auto Assault-12 Gen 1 12铅径自动霰弹枪 Drum	AA-12 Gen 1 Drum	MPS Auto Assault-12 Gen 1 12ga automatic shotgun Drum	AA-12 Gen 1 Drum	6	2	preset
707265736574000000000052	Interceptor OTV 防弹衣（林地迷彩） Stripped	OTV Stripped	Interceptor OTV body armor (Woodland) Stripped	OTV Stripped	3	3	noFlea;preset
707265736574000000000053	Saiga-12K 12 铅径自动霰弹枪 COMP M4	Saiga-12K FA COMP M4	Saiga-12K 12ga automatic shotgun CompM4	Saiga-12K FA CompM4	6	2	preset
707265736574000000000054	Saiga-12K 12 铅径自动霰弹枪 XPS3-0	Saiga-12K FA XPS3-0	Saiga-12K 12ga automatic shotgun XPS3-0	Saiga-12K FA XPS3-0	6	2	preset
707265736574000000000055	Saiga-12K 12 铅径自动霰弹枪 UH-1	Saiga-12K FA UH-1	Saiga-12K 12ga automatic shotgun UH-1	Saiga-12K FA UH-1	6	2	preset
707265736574000000000056	SIG MPX 9x19 冲锋枪 AAC Illusion 9	MPX AAC Illusion 9	SIG MPX 9x19 submachine gun Illusion 9	MPX Illusion 9	6	2	preset
707265736574000000000057	SIG MCX SPEAR 6.8x51突击步枪 HHS-1褐	SPEAR 6.8 HHS-1褐	SIG MCX-SPEAR 6.8x51 assault rifle HHS-1 Tan	SPEAR 6.8 HHS-1 Tan	6	2	noFlea;preset
707265736574000000000058	SWORD International Mk-18 .338 LM 精确射手步枪 Thor PSR	Mk-18 雷霆之锤 Thor PSR	SWORD International Mk-18 .338 LM marksman rifle Thor PSR	Mk-18 Mjölnir Thor PSR	7	3	preset
707265736574000000000059	CMMG Mk47 Mutant 7.62x39 突击步枪 EXPS3-0	Mk47 EXPS3-0	CMMG Mk47 Mutant 7.62x39 assault rifle EXPS3-0	Mk47 EXPS3-0	6	2	preset
70726573657400000000005a	雷明顿 R11 RSASS 7.62x51 精确射手步枪 TANGO6T	RSASS TANGO6T	Remington R11 RSASS 7.62x51 marksman rifle TANGO6T	RSASS TANGO6T	6	2	preset
70726573657400000000005b	FN SCAR-H 7.62x51突击步枪 UH-1	Mk 17 UH-1	FN SCAR-H 7.62x51 assault rifle UH-1	Mk 17 UH-1	6	2	noFlea;preset
70726573657400000000005c	沙漠科技 MDR 7.62x51 突击步枪 HCO	MDR HCO	Desert Tech MDR 7.62x51 assault rifle HCO	MDR HCO	5	2	noFlea;preset
70726573657400000000005d	SIG MCX .300 Blackout 突击步枪 T-1	MCX .300 BLK T-1	SIG MCX .300 Blackout assault rifle T-1	MCX T-1	5	3	preset
70726573657400000000005e	Rifle Dynamics RD-704 7.62x39突击步枪 T-1	RD-704 T-1	Rifle Dynamics RD-704 7.62x39 assault rifle T-1	RD-704 T-1	5	2	preset
70726573657400000000005f	奈特军械公司 (KAC) SR-25 7.62x51 精确射手步枪 TAC 30	SR-25 TAC 30	Knight's Armament Company SR-25 7.62x51 marksman rifle TAC30	SR-25 TAC30	6	3	preset
707265736574000000000060	AK-74N 5.45x39 突击步枪 PS320 1/6x	AK-74N PS320 1/6x	Kalashnikov AK-74N 5.45x39 assault rifle PS-320	AK-74N PS-320	6	2	preset
707265736574000000000061	DS Arms SA-58 7.62x51 突击步枪 XPS3-0	SA-58 XPS3-0	DS Arms SA58 7.62x51 assault rifle XPS3-0	SA58 XPS3-0	6	2	preset
707265736574000000000062	HK MP7A2 4.6x30 冲锋枪 T-1	MP7A2 T-1	HK MP7A2 4.6x30 submachine gun T-1	MP7A2 T-1	4	2	preset
707265736574000000000063	AK-105 5.45x39 突击步枪 HHS-1	AK-105 HHS-1	Kalashnikov AK-105 5.45x39 assault rifle HHS-1	AK-105 HHS-1	5	2	preset
707265736574000000000064	AS VAL“巨浪” 9x39 特种突击步枪 BOSS Xe	AS VAL BOSS Xe	AS VAL 9x39 special assault rifle BOSS Xe	AS VAL BOSS Xe	5	2	preset
707265736574000000000065	B&T MP9-N 9x19 冲锋枪 ACRO P-1	MP9-N ACRO P-1	B&T MP9-N 9x19 submachine gun ACRO P-1	MP9-N ACRO P-1	4	2	preset
707265736574000000000066	HK MP5 9x19 冲锋枪（海军三发点射） XPS3-0	MP5 XPS3-0	HK MP5 9x19 submachine gun (Navy 3 Round Burst) XPS3-0	MP5 XPS3-0	4	2	preset
707265736574000000000067	柯尔特 M4A1 5.56x45 卡宾枪 XPS3-0	M4A1 XPS3-0	Colt M4A1 5.56x45 assault rifle XPS3-0	M4A1 XPS3-0	6	2	preset
707265736574000000000068	柯尔特 M4A1 5.56x45 卡宾枪 EXPS3-0	M4A1 EXPS3-0	Colt M4A1 5.56x45 assault rifle EXPS3-0	M4A1 EXPS3-0	5	2	noFlea;preset
707265736574000000000069	SIG MPX 9x19 冲锋枪 Romeo8T	MPX Romeo8T	SIG MPX 9x19 submachine gun ROMEO8T	MPX ROMEO8T	6	2	preset
70726573657400000000006a	AKM 7.62x39 突击步枪 TA01NSN	AKM TA01NSN	Kalashnikov AKM 7.62x39 assault rifle TA01NSN	AKM TA01NSN	5	2	preset
70726573657400000000006b	AK-12 5.45x39 突击步枪 GP-25	AK-12 GP-25	Kalashnikov AK-12 5.45x39 assault rifle GP-25	AK-12 GP-25	5	2	noFlea;preset
70726573657400000000006c	西蒙诺夫 OP-SKS 7.62x39 卡宾枪 TA11D	OP-SKS TA11D	Molot Arms Simonov OP-SKS 7.62x39 carbine TA11D	OP-SKS TA11D	6	2	preset
70726573657400000000006d	Sako TRG M10 .338 LM 栓动狙击步枪 PM II 1-8x24	TRG M10 PM II 1-8x24	Sako TRG M10 .338 LM bolt-action sniper rifle PM II 1-8	TRG M10 PM II 1-8	5	2	noFlea;preset
70726573657400000000006e	FORT Gladiator-S（格斗-S）插板胸挂（灰色） Stripped	Gladiator-S Stripped	FORT Gladiator-S plate carrier (Gray) Stripped	Gladiator-S Stripped	3	3	noFlea;preset
70726573657400000000006f	FORT Defender-2 防弹衣（德国斑点迷彩） Stripped	Defender-2 Stripped	FORT Defender-2 body armor (Flecktarn) Stripped	Defender-2 Stripped	3	4	noFlea;preset
707265736574000000000070	FORT Redut-M（堡垒-M）防弹衣（黑色） Stripped	Redut-M Stripped	FORT Redut-M body armor (Black) Stripped	Redut-M Stripped	3	4	noFlea;preset
707265736574000000000071	BNTI Kirasa-N（胸甲-N）防弹衣（绿色） Stripped	Kirasa-N Stripped	BNTI Kirasa-N body armor (Green) Stripped	Kirasa-N Stripped	3	3	noFlea;preset
707265736574000000000072	ADAR 2-15 .223 卡宾枪 PK-06	ADAR 2-15 PK-06	ADAR 2-15 5.56x45 carbine PK-06	ADAR 2-15 PK-06	5	2	preset
707265736574000000000073	北方工业 QBZ-191 5.8x42 突击步枪 QMK171A 3x	QBZ-191 QMK171A 3x	Norinco QBZ-191 5.8x42 assault rifle QMK171A	QBZ-191 QMK171A	6	2	noFlea;preset
707265736574000000000074	柯尔特 M16A1 5.56x45 突击步枪 T-1	M16A1 T-1	Colt M16A1 5.56x45 assault rifle T-1	M16A1 T-1	6	2	preset
707265736574000000000075	AK-74 5.45x39 突击步枪 Krechet	AK-74 Krechet	Kalashnikov AK-74 5.45x39 assault rifle Krechet	AK-74 Krechet	5	2	preset
707265736574000000000076	PP-19-01 勇士 9x19 冲锋枪 OKP-7 DT	PP-19-01 OKP-7 DT	PP-19-01 Vityaz 9x19 submachine gun OKP-7 DT	PP-19-01 OKP-7 DT	3	2	preset
707265736574000000000077	IWI UZI 9x19冲锋枪 P1X42	UZI P1X42	IWI UZI 9x19 submachine gun P1x42	UZI P1x42	3	2	preset
707265736574000000000078	HK MP5 9x19 冲锋枪（海军三发点射） MRS	MP5 MRS	HK MP5 9x19 submachine gun (Navy 3 Round Burst) MRS	MP5 MRS	3	2	preset
707265736574000000000079	SIG MCX SPEAR 6.8x51突击步枪 EXPS3-0	SPEAR 6.8 EXPS3-0	SIG MCX-SPEAR 6.8x51 assault rifle EXPS3-0	SPEAR 6.8 EXPS3-0	6	2	noFlea;preset
70726573657400000000007a	AK-308 7.62x51 突击步枪 COMP M4	AK-308 COMP M4	Kalashnikov AK-308 7.62x51 assault rifle CompM4	AK-308 CompM4	5	2	preset
70726573657400000000007b	SWORD International Mk-18 .338 LM 精确射手步枪 PM II 5-25x56	Mk-18 雷霆之锤 PM II 5-25x56	SWORD International Mk-18 .338 LM marksman rifle PM II 5-25	Mk-18 Mjölnir PM II 5-25	7	2	preset
70726573657400000000007c	德拉贡诺夫 SVDS 7.62x54 半自动狙击步枪 1P69	SVDS 1P69	SVDS 7.62x54R sniper rifle 1P69 3-10	SVDS 1P69 3-10	6	2	preset
70726573657400000000007d	Sako TRG M10 .338 LM 栓动狙击步枪 Mark 5HD 5-25x56	TRG M10 Mark 5HD 5-25x56	Sako TRG M10 .338 LM bolt-action sniper rifle Mark 5HD 5-25	TRG M10 Mark 5HD 5-25	8	2	noFlea;preset
70726573657400000000007e	Accuracy International AXMC .338 LM 栓动式狙击步枪 PM II 5-25x56	AXMC PM II 5-25x56	Accuracy International AXMC .338 LM bolt-action sniper rifle PM II 5-25	AXMC PM II 5-25	7	2	preset
70726573657400000000007f	VSS “绞丝机” 特种狙击步枪  VSS	VSS VSS	VSS Vintorez 9x39 special sniper rifle VSS	VSS Vintorez VSS	5	2	noFlea;preset
707265736574000000000080	Ops-Core FAST MT 超级高切 头盔（城市褐） 护颚	FAST MT 护颚	Ops-Core FAST MT Super High Cut helmet (Urban Tan) Gunsight	FAST MT Gunsight	2	2	noFlea;preset
707265736574000000000081	Saiga-12K ver.10 12铅径半自动霰弹枪 FLIR RS-32	Saiga-12K FLIR RS-32	Saiga-12K ver.10 12ga semi-automatic shotgun FLIR RS-32	Saiga-12K FLIR RS-32	6	2	noFlea;preset
707265736574000000000082	柯尔特 M4A1 5.56x45 卡宾枪 T-1	M4A1 T-1	Colt M4A1 5.56x45 assault rifle T-1	M4A1 T-1	5	2	preset
707265736574000000000083	Benelli M3 Super 90 12铅径双模式霰弹枪 BOSS Xe	M3 Super 90 BOSS Xe	Benelli M3 Super 90 12ga dual-mode shotgun BOSS Xe	M3 Super 90 BOSS Xe	7	2	preset
707265736574000000000084	HK MP5 9x19 冲锋枪（海军三发点射） PRO	MP5 PRO	HK MP5 9x19 submachine gun (Navy 3 Round Burst) PRO	MP5 PRO	4	2	preset
707265736574000000000085	DVL-10 7.62x51 栓动式狙击步枪 FF 4-16	DVL-10 FF 4-16	Lobaev Arms DVL-10 7.62x51 bolt-action sniper rifle FF 4-16	DVL-10 FF 4-16	6	2	noFlea;preset
