id	mapId	kind	subtype	sourceId	nameZh	nameEn	x	y	z
boss-2db7ad24d9ec0ec91e7aa02f6e7a30328f2a8add43f9372c4b058506cb040b84	5714dbc024597771384a510d	boss	ZoneTagilla	bossTagilla	Tagilla	Tagilla	-70.473	27.12	-261.667
boss-3a8044e3035793e706f8474218f89d3fcf3f1f28f2cd9fe676e3962c4c32c2a9	5714dbc024597771384a510d	boss	ZoneTagilla	bossTagilla	Tagilla	Tagilla	-65.831	27.27	-275.619
boss-3c8538576dbefecdf77934aabf889557e9adc38fede595fb7fe62561d6f31ffa	5714dbc024597771384a510d	boss	ZoneOLI	bossKilla	Killa	Killa	-26.4800034	21.5170021	81.67999
boss-596fc948932f25073ca1903f351d4635418e3b7686af4db1cc9592d2321b94f4	5714dbc024597771384a510d	boss	ZoneIDEA	bossKilla	Killa	Killa	59.081	36.63006	-90.855
boss-6cecb0d8870d87c99ef13ddda67c30eb6fb20b216ea662d3d869f41e8c4d4c25	5714dbc024597771384a510d	boss	ZoneCenterBot	bossKilla	Killa	Killa	-35.6460037	27.3000011	-194.558
boss-7b5030edfdbaf8b65bd187b21a517115d44a2a42ecb86578ba6cf0f9ec1b4ea6	5714dbc024597771384a510d	boss	ZoneGoshan	bossKilla	Killa	Killa	252.91	21.4840012	15.58
boss-dc7ec5f6da7b52d5c51e1ff19c8a7bdb63e6b216277cfef63e26c5ffa910c1ff	5714dbc024597771384a510d	boss	ZoneGoshan	bossKilla	Killa	Killa	280.98	21.37	28.06
container-00338804410dc0593f386f67aa030c73d8673448f6eb145466694abd46862700	5714dbc024597771384a510d	container		578f87a3245977356274f2cb	578f87a3245977356274f2cb	578f87a3245977356274f2cb	35.209	27.5277	-101.8773
container-009de017cdbaf7bd2bd4912b02f2f3f029f6d2550176f07bb9cd52c151383e40	5714dbc024597771384a510d	container		59139c2186f77411564f8e42	59139c2186f77411564f8e42	59139c2186f77411564f8e42	-72.10434	27.3331	39.39148
container-01a2089bb3c4cb7e3da48236c0d2eaf01fb4f432c3b8a8c438578cce8c047bf2	5714dbc024597771384a510d	container		578f879c24597735401e6bc6	578f879c24597735401e6bc6	578f879c24597735401e6bc6	76.40201	37.557	-95.94699
container-028f80aea66cfc12a4441c6505f7752a0fb3a852617f2c1f71741f68ac0adb7e	5714dbc024597771384a510d	container		5d6d2b5486f774785c2ba8ea	5d6d2b5486f774785c2ba8ea	5d6d2b5486f774785c2ba8ea	236.606	20.277	358.325
container-03629991a2d4b1a72af4ef3d8be90b321cd116e2915fe0f25b00eca00cad625b	5714dbc024597771384a510d	container		578f87ad245977356274f2cc	578f87ad245977356274f2cc	578f87ad245977356274f2cc	114.071136	21.6955624	-31.01053
container-03b62c1adc99fd08b3892158fbdcfd376ed57f0cbe683943c9a7d60d7db89d37	5714dbc024597771384a510d	container		5909d50c86f774659e6aaebe	5909d50c86f774659e6aaebe	5909d50c86f774659e6aaebe	-74.8751144	28.1955	183.955917
container-03c58a6e22c93a47aa3f88de9066804f3b471c5896b4ecd8aede432c34a74a69	5714dbc024597771384a510d	container		5909d5ef86f77467974efbd8	5909d5ef86f77467974efbd8	5909d5ef86f77467974efbd8	-27.35807	28.0600014	-8.784785
container-03c81e66c6f5ba2b7a2caa105f10fd3f58a48ca78844fd6f26145bf554aa7214	5714dbc024597771384a510d	container		5909d50c86f774659e6aaebe	5909d50c86f774659e6aaebe	5909d50c86f774659e6aaebe	-3.48304272	27.46694	-207.4861
container-0408ee5c73d4f89e795896b2d12462640b26bc617dfbb52da9e81691b4837587	5714dbc024597771384a510d	container		5909d7cf86f77470ee57d75a	5909d7cf86f77470ee57d75a	5909d7cf86f77470ee57d75a	61.8334	37.3238	-25.2058
container-04119141873b239ba010d4afa2f3d50deda6e771cd0ec66c1ace364438b180e6	5714dbc024597771384a510d	container		578f87a3245977356274f2cb	578f87a3245977356274f2cb	578f87a3245977356274f2cb	-17.422	27.605	111.095
container-05383fc363403685ae7b1cfe6c1b21e2cabbf8bf4619cdb9b8ca31b37f8282e4	5714dbc024597771384a510d	container		5d6d2bb386f774785b07a77a	5d6d2bb386f774785b07a77a	5d6d2bb386f774785b07a77a	-168.9357	21.142952	199.772888
container-057e0a3ec2557a39b3a64ac1efc2b982b36eb956aa854f8cd385c5becb9f63db	5714dbc024597771384a510d	container		5909d24f86f77466f56e6855	5909d24f86f77466f56e6855	5909d24f86f77466f56e6855	18.3094959	27.6962318	-70.68464
container-0592136eef50822b77d6e75b76954d482f08132a9011746418c72cc1c0f94c5b	5714dbc024597771384a510d	container		578f8778245977358849a9b5	578f8778245977358849a9b5	578f8778245977358849a9b5	-19.06918	28.2139988	-82.98968
container-05f45bee397e87becebf6750c7058974e2441af7e26580a52cb131720860b35c	5714dbc024597771384a510d	container		578f87a3245977356274f2cb	578f87a3245977356274f2cb	578f87a3245977356274f2cb	31.1399	37.0814	12.5006
container-065fb7b69da08c99be5b6a60d7d9968a968d3dd134c159e09e269dbfbda78051	5714dbc024597771384a510d	container		59139c2186f77411564f8e42	59139c2186f77411564f8e42	59139c2186f77411564f8e42	-84.4431458	27.3331013	107.427536
container-066a1921d24b67c7104bd5eb00aa298474571671cccb519376410142469c3b4f	5714dbc024597771384a510d	container		5909d7cf86f77470ee57d75a	5909d7cf86f77470ee57d75a	5909d7cf86f77470ee57d75a	-18.239624	22.3079987	144.976685
container-06867c496d4e9fbc1f27979a96aec7c7250490e4c099ccfa62bbe311670474c0	5714dbc024597771384a510d	container		578f87a3245977356274f2cb	578f87a3245977356274f2cb	578f87a3245977356274f2cb	-161	27.541	-123.303
container-06fe6c32c9d5b39f6ef5cb34944662d29553d64d59c5ddfaf82c9a42517163ad	5714dbc024597771384a510d	container		578f87a3245977356274f2cb	578f87a3245977356274f2cb	578f87a3245977356274f2cb	-26.8208	27.28	-232.8686
container-075ac603f6ae312effc4fe28498b12e1ce850b17f2145de627eff7ff8b680564	5714dbc024597771384a510d	container		5909d5ef86f77467974efbd8	5909d5ef86f77467974efbd8	5909d5ef86f77467974efbd8	-71.79873	27.202	14.1395578
container-07b0e3b991f7c3cba56c2982e6450d9b14f2dca3ffc7170c829972705e8acede	5714dbc024597771384a510d	container		5d6d2bb386f774785b07a77a	5d6d2bb386f774785b07a77a	5d6d2bb386f774785b07a77a	165.184952	18.5894051	-362.3416
container-07b21c0991ae21514c2dc21c9316fcec57c009421a47589ea387d07ed3dff924	5714dbc024597771384a510d	container		578f879c24597735401e6bc6	578f879c24597735401e6bc6	578f879c24597735401e6bc6	69.987	27.8453255	11.3500013
container-07da86ed24defc65220d93e95ea633f9c6d7fa6cc95ea3c87c3b78ea93b49694	5714dbc024597771384a510d	container		5909d45286f77465a8136dc6	5909d45286f77465a8136dc6	5909d45286f77465a8136dc6	300.4444	19.16161	-324.778625
container-07ec8875ffe9354b5c443bb0fe3ff0c2de7133f9cd23561a930041470392e993	5714dbc024597771384a510d	container		578f87ad245977356274f2cc	578f87ad245977356274f2cc	578f87ad245977356274f2cc	-92.39622	21.695	-295.588074
container-083d3bb6cf3e6cfd3dcd635c266db862ad7c45b4f8dc5adf409aa39f9a88e106	5714dbc024597771384a510d	container		578f87a3245977356274f2cb	578f87a3245977356274f2cb	578f87a3245977356274f2cb	-119.032	27.2486	-125.797
container-088485150465d53c15bc350a9ce9e83adfb021aceaf09ebd62913a0dfae4df15	5714dbc024597771384a510d	container		578f879c24597735401e6bc6	578f879c24597735401e6bc6	578f879c24597735401e6bc6	-83.62959	27.7765026	4.674012
container-08dfa0b52070c80093e69ae683eb088b5d0222c3e40f5463d05c338b5956728b	5714dbc024597771384a510d	container		5909d7cf86f77470ee57d75a	5909d7cf86f77470ee57d75a	5909d7cf86f77470ee57d75a	-159.406	21.7769985	96.245
container-08e146150a11f9af55d10aeae4c98b511dab1f96ed546d5c3f22e57e6c59d0e4	5714dbc024597771384a510d	container		578f87a3245977356274f2cb	578f87a3245977356274f2cb	578f87a3245977356274f2cb	-34.041	27.236	-272.006
container-090a1ae8f3c6bdbf368529b4dbcbbf1c5cd6e6995a665df75344b2dec9627c70	5714dbc024597771384a510d	container		578f879c24597735401e6bc6	578f879c24597735401e6bc6	578f879c24597735401e6bc6	76.515	37.567	-11.1920042
container-09417fc1c24c802a1132c6434faa2ff19540da9be7521daf79ea49dcb335f4de	5714dbc024597771384a510d	container		59139c2186f77411564f8e42	59139c2186f77411564f8e42	59139c2186f77411564f8e42	-77.82979	27.33728	-156.198547
container-0966e75bc79b44ae91862b8e5543a1b29ccc865de2bef4d7ecbb8219584b05ae	5714dbc024597771384a510d	container		59139c2186f77411564f8e42	59139c2186f77411564f8e42	59139c2186f77411564f8e42	-45.6735573	27.3324947	127.317924
container-097d99297e81c50d254b1e33248cdbbc7e9acf05a3a31800276cb8d6d4191fee	5714dbc024597771384a510d	container		5909d45286f77465a8136dc6	5909d45286f77465a8136dc6	5909d45286f77465a8136dc6	-130.275681	21.4540157	-235.188126
container-09844de60e8dd889063b17688c91c5b878daf798dbf97e3fc1d88627fbf225b4	5714dbc024597771384a510d	container		578f8778245977358849a9b5	578f8778245977358849a9b5	578f8778245977358849a9b5	26.4355278	28.142	-120.280869
container-09f39b77436f11bc43471ef975d9ca571b2689441da22e7296df87d5a1d852ef	5714dbc024597771384a510d	container		5909d50c86f774659e6aaebe	5909d50c86f774659e6aaebe	5909d50c86f774659e6aaebe	-244.538513	21.5815	-305.618927
container-0a2878e4531699d6020cf024c418841bff51a5921256bd0c2f8f9c886fa47d95	5714dbc024597771384a510d	container		578f87a3245977356274f2cb	578f87a3245977356274f2cb	578f87a3245977356274f2cb	-135.978	28.308	132.918
container-0aea5d5d110e8f202270e7b2131df73595fccef015c0838fa0b326d46c832e80	5714dbc024597771384a510d	container		5c052cea86f7746b2101e8d8	5c052cea86f7746b2101e8d8	5c052cea86f7746b2101e8d8	166.14563	21.7175312	88.9443
container-0b11a4fd265d6f27c3dd9ce1855ff3aa94e9dfc19e742ac0a26cf941306eca32	5714dbc024597771384a510d	container		5909d45286f77465a8136dc6	5909d45286f77465a8136dc6	5909d45286f77465a8136dc6	-168.541351	28.0661335	-60.7531166
container-0b15cbecc8d55a673b759a923f4fab3a8547a82ed00013dc66d09ee3716e6632	5714dbc024597771384a510d	container		5909d5ef86f77467974efbd8	5909d5ef86f77467974efbd8	5909d5ef86f77467974efbd8	-191.774933	21.438	-33.21186
container-0b78e63c3c6d068e8e81a2270dd1f588a5a38fafb6f1c927d94f9aa82362b3be	5714dbc024597771384a510d	container		5909d5ef86f77467974efbd8	5909d5ef86f77467974efbd8	5909d5ef86f77467974efbd8	-132.61467	28.319334	-54.3780327
container-0be2a8569bdf2c690f2e704c96ded934a4f547b464e5f73599582bb3554f09f4	5714dbc024597771384a510d	container		578f87a3245977356274f2cb	578f87a3245977356274f2cb	578f87a3245977356274f2cb	-122.2303	27.0825	-13.1659
container-0ce7d81c05689b9ddc4ebcb064206d4088c6d39d3342ca2429e0de3491e15ec5	5714dbc024597771384a510d	container		5909d89086f77472591234a0	5909d89086f77472591234a0	5909d89086f77472591234a0	-58.464	22.18	-293.236
container-0d0cef184b7d6208311f612c08fee6ceab1a412b7b7e1df1edac51e57dd95bea	5714dbc024597771384a510d	container		578f879c24597735401e6bc6	578f879c24597735401e6bc6	578f879c24597735401e6bc6	-87.5038452	27.776495	-49.0153542
container-0d1755bbe34a797ed03c7f9c6ce5a1d951a53586c7c4a394d0786ec80f0530ce	5714dbc024597771384a510d	container		59139c2186f77411564f8e42	59139c2186f77411564f8e42	59139c2186f77411564f8e42	-79.97365	27.3324947	112.458511
container-0d48503a07508cb8c6e9da851b01ea7448735ac107cdd7ac1a99db778903e369	5714dbc024597771384a510d	container		5909d76c86f77471e53d2adf	5909d76c86f77471e53d2adf	5909d76c86f77471e53d2adf	-151.842834	27.641	-71.05299
container-0e2f8f2670a8010860e392bab296cb7695cd65ffeb8238452c7e7e05a010e987	5714dbc024597771384a510d	container		5d6d2bb386f774785b07a77a	5d6d2bb386f774785b07a77a	5d6d2bb386f774785b07a77a	420.257782	15.7056427	-255.913086
container-0e6fb14e82f33256f255298efde7297234de4e12a31b2c1950fdd14a8cbd1f34	5714dbc024597771384a510d	container		59139c2186f77411564f8e42	59139c2186f77411564f8e42	59139c2186f77411564f8e42	85.00357	27.3324947	158.21405
container-0eb5286a7faad0cfa32b005d64cb1aba26ca004e4042fff8f7263317674f2f79	5714dbc024597771384a510d	container		5909d45286f77465a8136dc6	5909d45286f77465a8136dc6	5909d45286f77465a8136dc6	-90.49075	21.4456139	-254.360733
container-0f072757c952884fa6817093f0c8e9c2fef3b8055e40f1a26be451fa1de6ce00	5714dbc024597771384a510d	container		5909d7cf86f77470ee57d75a	5909d7cf86f77470ee57d75a	5909d7cf86f77470ee57d75a	-39.0934525	27.9348621	-127.71579
container-0f7ecc3fb695f8f7447b52a630485a8e53fce69cc7cf72f554b14ebb2b8e2afd	5714dbc024597771384a510d	container		5d6d2b5486f774785c2ba8ea	5d6d2b5486f774785c2ba8ea	5d6d2b5486f774785c2ba8ea	427.399	17.001	-299.107
container-0f8949987dc826138d1fccfc721ed67d3eb0c2e457e2d495fa761148536fc662	5714dbc024597771384a510d	container		5909d7cf86f77470ee57d75a	5909d7cf86f77470ee57d75a	5909d7cf86f77470ee57d75a	-164.146	27.5454	-32.582
container-0fd1350cc7f39c7a3c0e5803c4430d2f6c66a53702368024d5dff296c40ff12e	5714dbc024597771384a510d	container		578f879c24597735401e6bc6	578f879c24597735401e6bc6	578f879c24597735401e6bc6	26.5921783	27.76	-270.088959
container-0fddf387eb37eba0c603f5b87cb21b7c295b80bcaeac57955f0f85da583f3672	5714dbc024597771384a510d	container		578f87a3245977356274f2cb	578f87a3245977356274f2cb	578f87a3245977356274f2cb	31.803	36.558	22.498
container-0ff59c7c8c9a6c96751b43e3874e09cbd4b3ecd46a8d91bd4db45eb3acb167c2	5714dbc024597771384a510d	container		5909d50c86f774659e6aaebe	5909d50c86f774659e6aaebe	5909d50c86f774659e6aaebe	-9.997179	36.8369026	-77.0619049
container-100ec174d82eb658d473dc6fc22613d925551e6c0db53b7bbda494757d1918f9	5714dbc024597771384a510d	container		578f879c24597735401e6bc6	578f879c24597735401e6bc6	578f879c24597735401e6bc6	-82.89711	27.7764912	-72.61372
container-1074f34d2b2fc5104c11c598375055f6794144fc9e1977821a97fe934cbdd59b	5714dbc024597771384a510d	container		578f879c24597735401e6bc6	578f879c24597735401e6bc6	578f879c24597735401e6bc6	-3.62896442	27.77	97.60002
container-111eca6140386de5b77dada9d101519d5f7c3a7d1c900386c102ec5ebff9ca36	5714dbc024597771384a510d	container		578f879c24597735401e6bc6	578f879c24597735401e6bc6	578f879c24597735401e6bc6	94.6577454	37.6380119	34.75051
container-1128c588d5ce558d1289eddbc876e8e62f54053bab3aec17fcebfd8cb865db36	5714dbc024597771384a510d	container		5909e4b686f7747f5b744fa4	5909e4b686f7747f5b744fa4	5909e4b686f7747f5b744fa4	46.45398	27.616003	-170.208984
container-113068ddfcc2cdde48f0d2ef7d3cbd466c9baec2a2b88c82bcb68acdab33e96f	5714dbc024597771384a510d	container		578f87a3245977356274f2cb	578f87a3245977356274f2cb	578f87a3245977356274f2cb	5.706	27.611	-16.948
container-11a5e83495f6ea6b7215893c905ae58382780cc5f49ccbd436a5b9f17b982c45	5714dbc024597771384a510d	container		5d6d2bb386f774785b07a77a	5d6d2bb386f774785b07a77a	5d6d2bb386f774785b07a77a	439.045135	18.3448982	-220.714737
container-11db3126a680adbf85ec318bd4b6974645a5d2f32d3c1d69572a284207f87292	5714dbc024597771384a510d	container		5909d50c86f774659e6aaebe	5909d50c86f774659e6aaebe	5909d50c86f774659e6aaebe	-167.68541	27.6495	-118.18689
container-11dd94f586d01b776e3b46b7bdf1a5874f824e975e1196d94843b472fe465fe5	5714dbc024597771384a510d	container		578f87a3245977356274f2cb	578f87a3245977356274f2cb	578f87a3245977356274f2cb	19.581	27.599	10.687
container-12135e2ba3c1610b141f3fa64162af37702abbb06e2b31b49b69d5fe05f2bbf3	5714dbc024597771384a510d	container		5909d36d86f774660f0bb900	5909d36d86f774660f0bb900	5909d36d86f774660f0bb900	-15.9321394	28.399107	155.698837
container-1256d9d38b058d1223168c5838eeab78a7d9ed251990d60e2cf6eaabb347842a	5714dbc024597771384a510d	container		5d6d2b5486f774785c2ba8ea	5d6d2b5486f774785c2ba8ea	5d6d2b5486f774785c2ba8ea	113.385	22.375	355.688
container-12ed6f79c292413b7e2e518e181cd077dac9212f656f80052fc5d45b2d29390c	5714dbc024597771384a510d	container		578f879c24597735401e6bc6	578f879c24597735401e6bc6	578f879c24597735401e6bc6	-83.51459	27.7764988	-25.3969936
container-12ef5fd71bdd72a8d99caa4f77f1e2a3773e1f05d1864ae5be504d0f3c144060	5714dbc024597771384a510d	container		5909d7cf86f77470ee57d75a	5909d7cf86f77470ee57d75a	5909d7cf86f77470ee57d75a	66.475	37.037	-98.966
container-12f33e366aa040d2ad77ef0e3b597e86b46d20605fd20ceff4617c43c1a90295	5714dbc024597771384a510d	container		578f879c24597735401e6bc6	578f879c24597735401e6bc6	578f879c24597735401e6bc6	-27.4120026	37.544	-101.593
container-12f345e7ee98bb7f29a0244c18a5fdd352cd1303db05cf6291c0d95309a83550	5714dbc024597771384a510d	container		5909d7cf86f77470ee57d75a	5909d7cf86f77470ee57d75a	5909d7cf86f77470ee57d75a	-182.516	29.078	76.186
container-13116d48b8bfac6670d85bf509295d415bc073cd459954bb22294596f2492bd3	5714dbc024597771384a510d	container		5909d7cf86f77470ee57d75a	5909d7cf86f77470ee57d75a	5909d7cf86f77470ee57d75a	-251.657669	21.8888073	-293.367554
container-13342de4383f757888f56fa478d29bd1e2b85fa379c5839855169383fc064544	5714dbc024597771384a510d	container		5d6d2bb386f774785b07a77a	5d6d2bb386f774785b07a77a	5d6d2bb386f774785b07a77a	146.367	21.861	-317.485
container-1349c0e2a10084d8935537e562e9a49440022d7ac18b89c4329f60a1a471f4b0	5714dbc024597771384a510d	container		578f87a3245977356274f2cb	578f87a3245977356274f2cb	578f87a3245977356274f2cb	-163.42	28.0022	-156.4837
container-136aac8631d26fdf096bef4a779e6ecbb11f99198b5bbcd8eb8fe4690ef43cfe	5714dbc024597771384a510d	container		5d6d2bb386f774785b07a77a	5d6d2bb386f774785b07a77a	5d6d2bb386f774785b07a77a	367.801147	16.30688	-301.802673
container-13787cc184d7e3a71f599970e022c856f9f84231e9aea4396c4c603e644f7755	5714dbc024597771384a510d	container		578f879c24597735401e6bc6	578f879c24597735401e6bc6	578f879c24597735401e6bc6	68.45382	27.8439465	-131.054291
container-13d68fc39dd92a9f39b2f4f14a6b49dda4c189ddcf599d0861943e79e1428489	5714dbc024597771384a510d	container		5909d50c86f774659e6aaebe	5909d50c86f774659e6aaebe	5909d50c86f774659e6aaebe	-168.478378	27.5010986	-83.677536
container-1455b6d5bde6a3471848bdd63f3bd8f9f91ebfadd2a423d50484f3b75de89ed6	5714dbc024597771384a510d	container		578f87a3245977356274f2cb	578f87a3245977356274f2cb	578f87a3245977356274f2cb	-66.779	27.077	16.003
container-146f0b7f17199dbc4e1489b051ddca5750113feff8b5f75e651415438ab33f87	5714dbc024597771384a510d	container		5d6d2b5486f774785c2ba8ea	5d6d2b5486f774785c2ba8ea	5d6d2b5486f774785c2ba8ea	339.125641	20.7434444	-158.080765
container-1543423b349a5d3f530f875bed6d0c382e36f47049f24aa7b885e42179928469	5714dbc024597771384a510d	container		578f87ad245977356274f2cc	578f87ad245977356274f2cc	578f87ad245977356274f2cc	250.005859	21.697094	20.2599621
container-15a06acf71ecd94908b6c02a976fcee80a746cb998be59d5294e563ee5867961	5714dbc024597771384a510d	container		5909d24f86f77466f56e6855	5909d24f86f77466f56e6855	5909d24f86f77466f56e6855	64.79398	36.6606636	42.5968475
container-15d2004602ce4c66b53ca5d52c2ba35d71e74fc10a682af5ee830c8797010d4e	5714dbc024597771384a510d	container		5909d7cf86f77470ee57d75a	5909d7cf86f77470ee57d75a	5909d7cf86f77470ee57d75a	-53.96267	22.2218056	-400.556549
container-15fe12fe242225e5cb37dc8e37fb1e19b9c0cbe481021ef319f98e2f5f425678	5714dbc024597771384a510d	container		578f87ad245977356274f2cc	578f87ad245977356274f2cc	578f87ad245977356274f2cc	138.480637	21.689	-74.83567
container-165c753f386a5afabf864f1781bade4bd59c6109a98af027f80997c50594818b	5714dbc024597771384a510d	container		578f87a3245977356274f2cb	578f87a3245977356274f2cb	578f87a3245977356274f2cb	15.005	27.322	140.257
container-168459ee34953860f6f0ae743815cd02b29e2cb992b86509823208c784561778	5714dbc024597771384a510d	container		578f879c24597735401e6bc6	578f879c24597735401e6bc6	578f879c24597735401e6bc6	94.00032	37.6470032	17.2553139
container-169a66bb4c79db9ae904947ca2f19cf37d4f2f7e0eaa5f082acc774619a4541a	5714dbc024597771384a510d	container		578f879c24597735401e6bc6	578f879c24597735401e6bc6	578f879c24597735401e6bc6	97.35689	27.8399143	45.223
container-169ee8f898fe19faf3a875e36b808492e190e0af90eebfb499e69dafd12edd3f	5714dbc024597771384a510d	container		578f8778245977358849a9b5	578f8778245977358849a9b5	578f8778245977358849a9b5	26.202	28.2169971	-66.156
container-16a451321162c6b71de2e77a0746bb298fedbd50fcb4880b7ebb2103974745ee	5714dbc024597771384a510d	container		5909d50c86f774659e6aaebe	5909d50c86f774659e6aaebe	5909d50c86f774659e6aaebe	-79.74161	27.626194	-301.548553
container-16a99516b3e58259ccd5f4bbd006cbf2f084a0f81eea83f99ab912f1f8428da5	5714dbc024597771384a510d	container		578f8778245977358849a9b5	578f8778245977358849a9b5	578f8778245977358849a9b5	396.779358	20.3246117	-369.900024
container-16b9cb07725526022085ec4bac4908928132e8eae026f83278c9f7c39a375480	5714dbc024597771384a510d	container		5d6d2bb386f774785b07a77a	5d6d2bb386f774785b07a77a	5d6d2bb386f774785b07a77a	472.0653	18.3379879	-337.0275
container-16e2653177ac4e3131595c8add246002d225c1dd40285f25d0c47d70cf23e382	5714dbc024597771384a510d	container		5909d50c86f774659e6aaebe	5909d50c86f774659e6aaebe	5909d50c86f774659e6aaebe	-197.963	22.0275	-389.875824
container-1706862e03be0218e6f5da4b105bbcd424723d47c2733777f535de7ae80d5a93	5714dbc024597771384a510d	container		5909d50c86f774659e6aaebe	5909d50c86f774659e6aaebe	5909d50c86f774659e6aaebe	-181.218414	27.3464	-118.771126
container-1722c61c2b7d9b74e4a4beb754738df56062c2145f7a3a854aea33504bef85dc	5714dbc024597771384a510d	container		5d6d2bb386f774785b07a77a	5d6d2bb386f774785b07a77a	5d6d2bb386f774785b07a77a	-122.357712	21.642952	237.17688
container-1746871d1d8c398c3b17815e7a6106c2a48c94c5464a1c08c09ab3410f45a779	5714dbc024597771384a510d	container		5909d76c86f77471e53d2adf	5909d76c86f77471e53d2adf	5909d76c86f77471e53d2adf	137.787033	24.499	273.174683
container-176bb9ff8797d1aa1f41a31bace42fc2c07780a76f1b4b71baf3d5877dc9e904	5714dbc024597771384a510d	container		5909d24f86f77466f56e6855	5909d24f86f77466f56e6855	5909d24f86f77466f56e6855	21.262085	27.6746426	-77.82561
container-17f180360a6fdd5cdd98d2d52822afa8eaae329a0fe10b39a2de87f5edecc60e	5714dbc024597771384a510d	container		578f87ad245977356274f2cc	578f87ad245977356274f2cc	578f87ad245977356274f2cc	-221.31282	22.531	-268.925
container-181f70938d2269e8103f60cee8180d67e5a9218bfe7fcd30d0770b218b6fb34d	5714dbc024597771384a510d	container		578f87b7245977356274f2cd	578f87b7245977356274f2cd	578f87b7245977356274f2cd	63.8586044	27.9276714	-29.877758
container-1824dab558430b9ef47d8e3bbe014701af00c4a4f88b3b9472d234e734d401bc	5714dbc024597771384a510d	container		5c052cea86f7746b2101e8d8	5c052cea86f7746b2101e8d8	5c052cea86f7746b2101e8d8	244.260162	19.671896	208.527908
container-189a2441626f1799826de2770b5fb6ae03bb53ee94dae2f195e6e92b9d714609	5714dbc024597771384a510d	container		5909d76c86f77471e53d2adf	5909d76c86f77471e53d2adf	5909d76c86f77471e53d2adf	98.82683	36.966	-105.880859
container-18cee7f973bfb4e69395e466fcb47ae831ea94431ad294e0bcef20c6dc53ef1a	5714dbc024597771384a510d	container		578f879c24597735401e6bc6	578f879c24597735401e6bc6	578f879c24597735401e6bc6	98.11862	27.836874	-152.523132
container-18df67cf6beca4ace8731623b3c7ce68e51a012f7bcd18974001add5eb67dac6	5714dbc024597771384a510d	container		5909d24f86f77466f56e6855	5909d24f86f77466f56e6855	5909d24f86f77466f56e6855	16.8773136	27.715826	-66.2601
container-191992d1ae0504881af1963a7451a51a34d3a313d2b8267dc71cc71c9d409a99	5714dbc024597771384a510d	container		5909d50c86f774659e6aaebe	5909d50c86f774659e6aaebe	5909d50c86f774659e6aaebe	-222.8075	21.9355	-266.722565
container-193cb5cdad10de1f2613fec18db9959d57e176a29fffccaba615a19f03deb274	5714dbc024597771384a510d	container		5d6d2bb386f774785b07a77a	5d6d2bb386f774785b07a77a	5d6d2bb386f774785b07a77a	225.882858	20.1212158	101.695915
container-197b6b24034b4c389ed0c3c6a061c4f0ad24f9ec5facfa631bd1143055449e09	5714dbc024597771384a510d	container		5d6d2bb386f774785b07a77a	5d6d2bb386f774785b07a77a	5d6d2bb386f774785b07a77a	196.8738	21.5947075	215.116745
container-198c253636dcc7ce4bdaa1d829ef827f210b3bf03b4a8ac646149a22f521ee86	5714dbc024597771384a510d	container		578f8778245977358849a9b5	578f8778245977358849a9b5	578f8778245977358849a9b5	37.697	28.21594	-27.4759827
container-19baae82036f982b0ed9a668ca2e41d19ad358be64ddd8a383860592d0926ea4	5714dbc024597771384a510d	container		578f87a3245977356274f2cb	578f87a3245977356274f2cb	578f87a3245977356274f2cb	40.7916	37.0587	-155.8725
container-1a120952b63f93c9927a71c6bfd9d4254e00d541c67a9dcb60f2bd535aa4d7b5	5714dbc024597771384a510d	container		5909d5ef86f77467974efbd8	5909d5ef86f77467974efbd8	5909d5ef86f77467974efbd8	-161.29805	21.4390011	-159.289978
container-1a9965b6014ba59ae8d731de24db1310c3905fd6420f4250fb2e49f8bd2fa80a	5714dbc024597771384a510d	container		5909d36d86f774660f0bb900	5909d36d86f774660f0bb900	5909d36d86f774660f0bb900	-75.64871	27.6625061	179.149826
container-1b1002f3b6e722c17df1c5535dcb70102f2dfde74b9a41678fe1ecb0e6efd691	5714dbc024597771384a510d	container		5909d5ef86f77467974efbd8	5909d5ef86f77467974efbd8	5909d5ef86f77467974efbd8	61.8270378	21.4670238	-122.748482
container-1b44b331bf531c97b26b2bf943548a9d6be2798eccb42888070236a516e9db36	5714dbc024597771384a510d	container		578f87a3245977356274f2cb	578f87a3245977356274f2cb	578f87a3245977356274f2cb	98.563	27.0868111	-98.196
container-1b5d209ff79f9c7c7db21d443b06c25a076b8491965e0437e678e970f6bd311d	5714dbc024597771384a510d	container		5909d7cf86f77470ee57d75a	5909d7cf86f77470ee57d75a	5909d7cf86f77470ee57d75a	-47.749	21.9649982	46.59
container-1bde782ba1b9dafb526a42b434709880d5b8d9d3aaf76f5f8d14e616377daf60	5714dbc024597771384a510d	container		578f879c24597735401e6bc6	578f879c24597735401e6bc6	578f879c24597735401e6bc6	92.90279	37.6380119	34.72861
container-1c3c47d08b409d6695567ba612669cfb6fca65c4a719065c9fec83c690856b45	5714dbc024597771384a510d	container		578f87b7245977356274f2cd	578f87b7245977356274f2cd	578f87b7245977356274f2cd	-208.092987	22.2436752	-359.506042
container-1c55f5c809102edaf9ebc0a473f636101a9d78823790516c1f476132f8d9835a	5714dbc024597771384a510d	container		5909d5ef86f77467974efbd8	5909d5ef86f77467974efbd8	5909d5ef86f77467974efbd8	106.84639	37.872467	-62.99525
container-1c8459c103401ebcfb421a724550bd30e4d76ed2e36dcc63f064dad183c07231	5714dbc024597771384a510d	container		5909d24f86f77466f56e6855	5909d24f86f77466f56e6855	5909d24f86f77466f56e6855	11.8186073	28.0383053	-106.630562
container-1c89dfc9efd69f133134e4f093b76e02a5f2d6685c7625a78fe9a9c1a4a4586e	5714dbc024597771384a510d	container		578f87b7245977356274f2cd	578f87b7245977356274f2cd	578f87b7245977356274f2cd	64.63843	27.9276714	-28.8233681
container-1cb929ee903dbfdaf8068a476fd8f1e1f1c654ad3766b17111a692deb88e698a	5714dbc024597771384a510d	container		578f87a3245977356274f2cb	578f87a3245977356274f2cb	578f87a3245977356274f2cb	4.372	27.279	-278.38
container-1cdae91644a982c8386a1d2ece2527f00c167dc3c16c484bfa26bb268b9820c3	5714dbc024597771384a510d	container		5909d7cf86f77470ee57d75a	5909d7cf86f77470ee57d75a	5909d7cf86f77470ee57d75a	84.664	21.7489986	4.834
container-1d10ba65e33388b7a420488727fd322fa988f7a51655e4c249b96be8661c7cb4	5714dbc024597771384a510d	container		5909d50c86f774659e6aaebe	5909d50c86f774659e6aaebe	5909d50c86f774659e6aaebe	42.2617531	36.8275032	-145.6487
container-1d4564ced4d7cfd0dea864153fa886f9fe8cf078065682f79966f412762501b7	5714dbc024597771384a510d	container		5909d36d86f774660f0bb900	5909d36d86f774660f0bb900	5909d36d86f774660f0bb900	-106.42865	21.8952065	-224.49382
container-1dfde3042c87b6e6e4d82c9e5e556bb23fa6214ad37cb4e6505ea375efe91453	5714dbc024597771384a510d	container		578f87ad245977356274f2cc	578f87ad245977356274f2cc	578f87ad245977356274f2cc	-70.91688	27.463	-75.2051
container-1e0c8848ca68a8f5c8ac294632c1d58feb9c0abd6f2b2425296780cdf0381f97	5714dbc024597771384a510d	container		5909d76c86f77471e53d2adf	5909d76c86f77471e53d2adf	5909d76c86f77471e53d2adf	82.58493	27.486	165.766281
container-1e7bef91789421c754439b37e9d47359bc4d31ce2b6bb839d544afc21868f8c2	5714dbc024597771384a510d	container		578f87ad245977356274f2cc	578f87ad245977356274f2cc	578f87ad245977356274f2cc	129.491776	21.8464	-214.052139
container-1e82ea0141c3c6e77992636ffbc7f842d400be6989758b192ef9bc10261273e8	5714dbc024597771384a510d	container		5909d50c86f774659e6aaebe	5909d50c86f774659e6aaebe	5909d50c86f774659e6aaebe	18.3288326	36.8277	-120.398376
container-1eb549fdb02ad3c8a0c291d241a86210f4b8c0eba40773a2b7084c3cbdab3159	5714dbc024597771384a510d	container		5d6d2b5486f774785c2ba8ea	5d6d2b5486f774785c2ba8ea	5d6d2b5486f774785c2ba8ea	118.237	21.306	-272.071
container-1eed82eac023f81c2d24990d83ed981555290261a6d4b3a894bec02ed22711da	5714dbc024597771384a510d	container		5909d5ef86f77467974efbd8	5909d5ef86f77467974efbd8	5909d5ef86f77467974efbd8	2.07051182	22.563	-36.81966
container-1f68e36f2f7380bffeff683a99630f085c9bf2d392ecd422068d6c74e4524058	5714dbc024597771384a510d	container		5d6d2b5486f774785c2ba8ea	5d6d2b5486f774785c2ba8ea	5d6d2b5486f774785c2ba8ea	-98.775	21.825	264.885
container-1f9d82d2d715fd1526ba3719cb2b7c899afdee3da71b1155ead2b9803820ac97	5714dbc024597771384a510d	container		59139c2186f77411564f8e42	59139c2186f77411564f8e42	59139c2186f77411564f8e42	3.33	27.3372841	-293.581
container-1fa8e269c30188567b65c270f219c246c2c5586b6baeb2018768df71f9b61b1c	5714dbc024597771384a510d	container		59139c2186f77411564f8e42	59139c2186f77411564f8e42	59139c2186f77411564f8e42	84.82175	27.3374538	99.163475
container-20bcee34a276650b3f115e5c8fb86fa78e86b0f88305d079b4aa36c0d760adac	5714dbc024597771384a510d	container		578f87a3245977356274f2cb	578f87a3245977356274f2cb	578f87a3245977356274f2cb	-6.11	21.329	61.036
container-20e8f4f4aaeec1f91fd2d21a3b0fcb4066ee0aead8bdf98ac8668bbbcb342413	5714dbc024597771384a510d	container		5909d7cf86f77470ee57d75a	5909d7cf86f77470ee57d75a	5909d7cf86f77470ee57d75a	-64.034	27.5609989	67.2101
container-221233dff79714331463dd7ce7ed33504c0c6f966a5ca95267dbaf2bf1734812	5714dbc024597771384a510d	container		578f87a3245977356274f2cb	578f87a3245977356274f2cb	578f87a3245977356274f2cb	-20.994	27.289	147.057
container-22236847e055656ed671d1589225e205c7298fca18073fb019cd91370d4c6156	5714dbc024597771384a510d	container		5d6d2b5486f774785c2ba8ea	5d6d2b5486f774785c2ba8ea	5d6d2b5486f774785c2ba8ea	-252.486725	21.3240623	-256.05014
container-22391ca0b55ab4278763387b422167f4d3a4da17f137b50257a9b1ebaabf0461	5714dbc024597771384a510d	container		578f87a3245977356274f2cb	578f87a3245977356274f2cb	578f87a3245977356274f2cb	-2.508	37.0708	-19.397
container-224018987331af9d316a8044424216fbf2a91f063adb784795f3a57527445b41	5714dbc024597771384a510d	container		578f87a3245977356274f2cb	578f87a3245977356274f2cb	578f87a3245977356274f2cb	82.487	22.0718117	-270.895
container-2241407b528fbe5638182ab62dc71bd645e1ef2b89ff519fed1f5ae911ec9476	5714dbc024597771384a510d	container		5909d45286f77465a8136dc6	5909d45286f77465a8136dc6	5909d45286f77465a8136dc6	-98.03245	28.4079342	190.552353
container-22ba8ea70ac7e96841c4defa2c186e9cb1fdaf428ab071678f2f86ddb9820009	5714dbc024597771384a510d	container		5d6d2b5486f774785c2ba8ea	5d6d2b5486f774785c2ba8ea	5d6d2b5486f774785c2ba8ea	69.398	21.915	298.609
container-232c4808d2926b5e4b8811af064da6c68a84efd7b5b4dc2d91300ef57ed64da1	5714dbc024597771384a510d	container		578f879c24597735401e6bc6	578f879c24597735401e6bc6	578f879c24597735401e6bc6	-50.4790573	27.77	97.60002
container-239a68cd5ddda093649636c22dbac0a3736dfdcfeea050c459443409f5cd07fd	5714dbc024597771384a510d	container		5909d36d86f774660f0bb900	5909d36d86f774660f0bb900	5909d36d86f774660f0bb900	-176.5301	28.1701069	63.7266655
container-24200715e9511c0cd429855a31f0946141c1921bdf93185a3ad3924e10a3a241	5714dbc024597771384a510d	container		578f87a3245977356274f2cb	578f87a3245977356274f2cb	578f87a3245977356274f2cb	-23.308	27.2541	-97.513
container-2460a4bd400c6d4d79105c896fce9821e867509ceb0c4240c7d96b22dc9a2720	5714dbc024597771384a510d	container		59139c2186f77411564f8e42	59139c2186f77411564f8e42	59139c2186f77411564f8e42	-209.868851	21.6589985	-359.821228
container-250f2d316501b34974a31fa250ad6a290cb15b12f12cfd8f4f6cf79fff1f9c5c	5714dbc024597771384a510d	container		5909d50c86f774659e6aaebe	5909d50c86f774659e6aaebe	5909d50c86f774659e6aaebe	-110.216217	28.9525	-184.978851
container-25334ef16ecdbe4f501c5d90d924a1f7ed5e5586d1c61fb6f05c365b872d47ea	5714dbc024597771384a510d	container		5d6d2bb386f774785b07a77a	5d6d2bb386f774785b07a77a	5d6d2bb386f774785b07a77a	220.792984	19.7292957	-354.43573
container-25a7a6187e1fbd6ea366413160767491e130d14db56d8e296632e34d8f853810	5714dbc024597771384a510d	container		578f87a3245977356274f2cb	578f87a3245977356274f2cb	578f87a3245977356274f2cb	-150.23	28.158	130.678
container-262836bdfdf331dfccaddffd71c109e0f228ee0081403fdd085715e453c5d0f6	5714dbc024597771384a510d	container		578f8778245977358849a9b5	578f8778245977358849a9b5	578f8778245977358849a9b5	-31.8598976	28.2285233	-9.035294
container-262ffd66e56ed72f74c50c3a28b35f72b45d20933d9dbbbdbf8c8062378ea5de	5714dbc024597771384a510d	container		59139c2186f77411564f8e42	59139c2186f77411564f8e42	59139c2186f77411564f8e42	-203.197815	21.658453	-361.6069
container-264093e154d2cbaf17fecb9b20b8434a56e5ef7e108c5da1cc3730ca84c6d490	5714dbc024597771384a510d	container		5909d7cf86f77470ee57d75a	5909d7cf86f77470ee57d75a	5909d7cf86f77470ee57d75a	-110.888664	27.8308067	-203.423538
container-26ed3152966ce9b896c057b2ccc4630898280ebb170a1ccf37687a14e91eb29a	5714dbc024597771384a510d	container		5909e4b686f7747f5b744fa4	5909e4b686f7747f5b744fa4	5909e4b686f7747f5b744fa4	-46.6636	36.581	-56.4396
container-270669631ca877db8c627e05add7217685b6b8dd208ac76d4d021cd9dcb136fb	5714dbc024597771384a510d	container		578f87a3245977356274f2cb	578f87a3245977356274f2cb	578f87a3245977356274f2cb	34.5584	37.0278	-133.5364
container-272caaff797550fca097a1d7348c16de4a733ddd307efafea15bb40b860aaf5a	5714dbc024597771384a510d	container		5909d36d86f774660f0bb900	5909d36d86f774660f0bb900	5909d36d86f774660f0bb900	89.9793243	21.5421066	-207.72879
container-27ce1687bb04a318b355ef612466bad1ca734830a2845b1e944d3e9eb72afdc3	5714dbc024597771384a510d	container		5909d50c86f774659e6aaebe	5909d50c86f774659e6aaebe	5909d50c86f774659e6aaebe	-151.981384	27.3506985	-38.5776978
container-27f90f4e06c52e98fa23966f1723a2e4060d7f0b14e43a16540cbe975479802e	5714dbc024597771384a510d	container		5909d5ef86f77467974efbd8	5909d5ef86f77467974efbd8	5909d5ef86f77467974efbd8	0.148748651	21.43976	-198.702454
container-28de1a3dc52b187d9ca26bc30d1aa986cc66d8e32807460903e0518c3343f33c	5714dbc024597771384a510d	container		578f87a3245977356274f2cb	578f87a3245977356274f2cb	578f87a3245977356274f2cb	382.2111	18.5781	-371.4122
container-293cce9d5d3e305ca6c3ec7bd62cd0afe2d71669337d70b600fc4dafbfc1af8b	5714dbc024597771384a510d	container		578f87a3245977356274f2cb	578f87a3245977356274f2cb	578f87a3245977356274f2cb	-24.536	27.255	19.728
container-2959e5154c1a04e78073e3b42fce63e009e8c196dae7de22942d1f3e0b4fe751	5714dbc024597771384a510d	container		578f87a3245977356274f2cb	578f87a3245977356274f2cb	578f87a3245977356274f2cb	-61.289	21.307	130.358
container-2993c147cefce17f84d3dc0dbaac5cd578ec5d1c37ffc07019509920e24a58dc	5714dbc024597771384a510d	container		5909d45286f77465a8136dc6	5909d45286f77465a8136dc6	5909d45286f77465a8136dc6	-19.5484447	21.4321365	7.828612
container-299e75ca34eec3d83301ed78774d1cbb1754fa54cecd6a549a49b4d527f3f1d0	5714dbc024597771384a510d	container		5909d50c86f774659e6aaebe	5909d50c86f774659e6aaebe	5909d50c86f774659e6aaebe	-168.389175	28.1815987	-151.7966
container-2a9f0463e6b79414fbaf5687f2efea69d3f63dcd365aeda331a58638beab9cd5	5714dbc024597771384a510d	container		578f87a3245977356274f2cb	578f87a3245977356274f2cb	578f87a3245977356274f2cb	11.239	27.676	-110.918
container-2aaab76dd5008280762cf9b63773157f9dd62c3597fc5d91c1d1507d25d668df	5714dbc024597771384a510d	container		578f87a3245977356274f2cb	578f87a3245977356274f2cb	578f87a3245977356274f2cb	60.244	28.037	186.126
container-2ad7f56371452be1deb26cac6bbfd892638193e34062cb61ddb60b02ee11eeeb	5714dbc024597771384a510d	container		578f87ad245977356274f2cc	578f87ad245977356274f2cc	578f87ad245977356274f2cc	165.4965	21.7020016	-60.4557953
container-2b19a0bcb51fd629183dfad87e8792c1685f3c39c2b8a23e44d9c494df38ae7e	5714dbc024597771384a510d	container		578f87a3245977356274f2cb	578f87a3245977356274f2cb	578f87a3245977356274f2cb	40.841	37.084	-134.045
container-2c0dbc2d309b31ac416cac9d90a522be9c48dac510400cc8af0ccbb63d97cc13	5714dbc024597771384a510d	container		578f87ad245977356274f2cc	578f87ad245977356274f2cc	578f87ad245977356274f2cc	163.643433	21.691	-59.8275032
container-2c15ceb6b28b3cc98e2937a8ae7bbe5021692948c50f3505f1c173b52ef131ba	5714dbc024597771384a510d	container		578f879c24597735401e6bc6	578f879c24597735401e6bc6	578f879c24597735401e6bc6	-12.9537773	27.7345676	-138.376678
container-2ca8f394254b7e781874b0ab5f8b42c690d9d8d02d1c348eb26cf547a3137917	5714dbc024597771384a510d	container		5909d50c86f774659e6aaebe	5909d50c86f774659e6aaebe	5909d50c86f774659e6aaebe	-252.014023	21.686533	-296.5592
container-2d20b5b0f689d481f701247c842e07fa9ebe9f321a6292e61acf49404d788a27	5714dbc024597771384a510d	container		5909d36d86f774660f0bb900	5909d36d86f774660f0bb900	5909d36d86f774660f0bb900	-0.145345166	21.4348068	-140.98172
container-2d2dfe98d149df8e4cb9e1407123853d54cd7f98654506e244a6556b94f99fd6	5714dbc024597771384a510d	container		578f8778245977358849a9b5	578f8778245977358849a9b5	578f8778245977358849a9b5	107.269684	37.9758263	-55.2232742
container-2dc797216af2bdc9214f9fb39fe2276fcac6f17a05620f65fcacea5584b8d0ca	5714dbc024597771384a510d	container		5909d50c86f774659e6aaebe	5909d50c86f774659e6aaebe	5909d50c86f774659e6aaebe	-224.946152	21.7335987	-350.0919
container-2dd187bfe979e9ef5c0975e9a09de7f1d1fe0bc2d16abbb1fb1368efcc82c504	5714dbc024597771384a510d	container		59139c2186f77411564f8e42	59139c2186f77411564f8e42	59139c2186f77411564f8e42	2.83551049	27.3372841	-302.5978
container-2df009fabf21fa2933b9ca4568bc3fe94d11f672148cdc11e8abceba478bed59	5714dbc024597771384a510d	container		578f87ad245977356274f2cc	578f87ad245977356274f2cc	578f87ad245977356274f2cc	158.417709	21.6955624	-71.62253
container-2e23ed181db40dfaa417b65a4d31ef536ec14c1dbf564a5282e23fbf8b162ce6	5714dbc024597771384a510d	container		5909d50c86f774659e6aaebe	5909d50c86f774659e6aaebe	5909d50c86f774659e6aaebe	-132.0314	27.3664989	97.704834
container-2e735fc772146e12b69a97ff4d0fe9a227fb655b58ec1f61dff39410334b6ab9	5714dbc024597771384a510d	container		5909d7cf86f77470ee57d75a	5909d7cf86f77470ee57d75a	5909d7cf86f77470ee57d75a	-167.03	21.778	-32.089
container-2eb8415607c442857735693755e4a03b7d884cc3ae3c754cdfd6c459e59da830	5714dbc024597771384a510d	container		5909d50c86f774659e6aaebe	5909d50c86f774659e6aaebe	5909d50c86f774659e6aaebe	-193.0796	21.7587986	-286.32782
container-2ee6873e4b476e326c0bb2681d379d065b5b6e50bd41e8480fdb00b073397651	5714dbc024597771384a510d	container		5909d36d86f774660f0bb900	5909d36d86f774660f0bb900	5909d36d86f774660f0bb900	-171.7626	22.4930058	-67.8351746
container-2f0c29f84be9d8770111e2c44b8a3a72b041f72ae53821afec7516a3a5129ed0	5714dbc024597771384a510d	container		59139c2186f77411564f8e42	59139c2186f77411564f8e42	59139c2186f77411564f8e42	-91.27296	27.3372841	120.791069
container-2f24b9a0eb4e45e527e0cfa802ffd11a8d31e386ce1279a748729834212f3608	5714dbc024597771384a510d	container		5d6d2bb386f774785b07a77a	5d6d2bb386f774785b07a77a	5d6d2bb386f774785b07a77a	236.9117	20.3727283	356.838959
container-3078749f595e9f71ffd0af468aa1dbbf6f8e5cd70fae60ac27b665819ca5635e	5714dbc024597771384a510d	container		5909d5ef86f77467974efbd8	5909d5ef86f77467974efbd8	5909d5ef86f77467974efbd8	-182.9515	27.7882	-20.1826515
container-307b94b494b443842ccb6466babff0bf7bb264d94d31c5d0c5e1c141dc2e240d	5714dbc024597771384a510d	container		5909d7cf86f77470ee57d75a	5909d7cf86f77470ee57d75a	5909d7cf86f77470ee57d75a	-35.513	21.980999	28.658
container-3085c4f74cee2cf13ef4967a6c0043c33f2b7b117300411a8a0ec0fa949be646	5714dbc024597771384a510d	container		5909d24f86f77466f56e6855	5909d24f86f77466f56e6855	5909d24f86f77466f56e6855	30.9161739	28.02149	-75.35305
container-3087d2010de281a56c1f08daa126d643789549963b29a99e9c6689d89f34f775	5714dbc024597771384a510d	container		5909d50c86f774659e6aaebe	5909d50c86f774659e6aaebe	5909d50c86f774659e6aaebe	-103.0657	27.644762	-204.31955
container-30b02826861097f3afce0b49e5fdf71fc61ccfe4d1d436661b9fb8675064483e	5714dbc024597771384a510d	container		5909d24f86f77466f56e6855	5909d24f86f77466f56e6855	5909d24f86f77466f56e6855	4.842701	27.7568665	-67.35625
container-312df841990326fd29a1cc4d2ccea4f8da9efe097ab87fd8a5631ade1ebeee05	5714dbc024597771384a510d	container		5909d50c86f774659e6aaebe	5909d50c86f774659e6aaebe	5909d50c86f774659e6aaebe	-114.094711	27.6325	-220.903809
container-317a78b52140fe3c6685dd3dc84b4eaffbb5dac36618a495dbd2bfef5aeb2592	5714dbc024597771384a510d	container		578f87a3245977356274f2cb	578f87a3245977356274f2cb	578f87a3245977356274f2cb	65.844	27.605	-48.76
container-31d8541571c9693228fd3465e13746a0388cecb5528127f6690ef662f6794420	5714dbc024597771384a510d	container		578f87ad245977356274f2cc	578f87ad245977356274f2cc	578f87ad245977356274f2cc	-108.716164	27.463	-52.69134
container-321beafa1c6a5d00706f62d989b8bb43ed3581c1e8b95e678870fab1d447ef45	5714dbc024597771384a510d	container		5909d50c86f774659e6aaebe	5909d50c86f774659e6aaebe	5909d50c86f774659e6aaebe	-36.0782547	27.5315	164.80246
container-32a24b3475790cc7995d0b3aef63f5d74207194697a2f9b1a10eda0a2b4990cc	5714dbc024597771384a510d	container		5c052cea86f7746b2101e8d8	5c052cea86f7746b2101e8d8	5c052cea86f7746b2101e8d8	278.725159	21.9578743	72.97958
container-32a2e79eebe23f24246daadcf1d141a0ddb8cbe8878d90de9d8672a4e365469b	5714dbc024597771384a510d	container		5909d45286f77465a8136dc6	5909d45286f77465a8136dc6	5909d45286f77465a8136dc6	65.8343353	36.6918335	0.7263488
container-32d1b30124aa520baaabc74282773ad9faf6147265e1c8078d2232957b4886e5	5714dbc024597771384a510d	container		578f879c24597735401e6bc6	578f879c24597735401e6bc6	578f879c24597735401e6bc6	-83.40048	27.7764912	-98.66789
container-32d2ef2a06a54a2dbafe357af848e952677088304243a11abbe85cad8959a467	5714dbc024597771384a510d	container		5909d5ef86f77467974efbd8	5909d5ef86f77467974efbd8	5909d5ef86f77467974efbd8	-14.64563	27.3952351	-12.3084345
container-3309835f68acafde8f52ad3e6e1e8e04f683afbb68b6885d4c42ee33339e5a4a	5714dbc024597771384a510d	container		5d6d2bb386f774785b07a77a	5d6d2bb386f774785b07a77a	5d6d2bb386f774785b07a77a	209.894547	22.3070011	357.61734
container-337c42322bd4bc7a7f4171289b6ab1549406bb9d071b82d4cd5e6b864a62e797	5714dbc024597771384a510d	container		5909d45286f77465a8136dc6	5909d45286f77465a8136dc6	5909d45286f77465a8136dc6	245.364227	19.9203815	210.39006
container-3466f732ab5e6ba194886da09f86291a3f537bca3d3dd404fa672fd10dc19d34	5714dbc024597771384a510d	container		59139c2186f77411564f8e42	59139c2186f77411564f8e42	59139c2186f77411564f8e42	74.911705	27.3331013	121.891541
container-34b8d65ee2466fa83f4fbb480fdae41b1337cb76e757280cf741d19595506e82	5714dbc024597771384a510d	container		578f879c24597735401e6bc6	578f879c24597735401e6bc6	578f879c24597735401e6bc6	-83.62959	27.7765026	7.08700657
container-35524fe08f442f78f3bc39a0bac0f148bc78f685eb3332d73698f1953e453cc6	5714dbc024597771384a510d	container		578f87a3245977356274f2cb	578f87a3245977356274f2cb	578f87a3245977356274f2cb	84.596	27.605	-162.391
container-357124fc3a8960cb688b83293cde985b5594fbe72de5514cc7e3a3d45fd8fdf6	5714dbc024597771384a510d	container		578f87a3245977356274f2cb	578f87a3245977356274f2cb	578f87a3245977356274f2cb	94.511	37.08	-56.61
container-36395668ae745ae8f3f5f3aaa4523e6ab941054f7b745d38bf737020493d8311	5714dbc024597771384a510d	container		5909e4b686f7747f5b744fa4	5909e4b686f7747f5b744fa4	5909e4b686f7747f5b744fa4	33.9720039	21.4690018	115.596
container-363eb89541312ebe9b391f611bfe2e5b11cac741580784dd569baa02938e0218	5714dbc024597771384a510d	container		578f87a3245977356274f2cb	578f87a3245977356274f2cb	578f87a3245977356274f2cb	-31.98	27.6	-50.03
container-36c62155643870bcacbad61d0080f4887b30ecafa0e2292994134dc5a55bc57d	5714dbc024597771384a510d	container		5909d7cf86f77470ee57d75a	5909d7cf86f77470ee57d75a	5909d7cf86f77470ee57d75a	-44.874836	21.78	45.334816
container-36fa8bf509abd1de0bd888a8739678d2cd9275eec0f7b5f845b3add3ab7080da	5714dbc024597771384a510d	container		578f87ad245977356274f2cc	578f87ad245977356274f2cc	578f87ad245977356274f2cc	-92.40594	27.463	-98.6678162
container-371de014e8e05b1ba0f80bfea3f5511ae14d6fc5c1e27a10a629581110378e86	5714dbc024597771384a510d	container		578f879c24597735401e6bc6	578f879c24597735401e6bc6	578f879c24597735401e6bc6	-80.73459	27.776495	-68.17702
container-37853c692a230c51e74d4573f9e49def77faf525f25e6329a4263d353e646a53	5714dbc024597771384a510d	container		5909d50c86f774659e6aaebe	5909d50c86f774659e6aaebe	5909d50c86f774659e6aaebe	-157.6258	27.6321	-34.350563
container-37a13a775eecb38af04b81939975177f20cd6c1f4dcf52fc82ca13fb04b11eec	5714dbc024597771384a510d	container		5909d7cf86f77470ee57d75a	5909d7cf86f77470ee57d75a	5909d7cf86f77470ee57d75a	33.243	27.5390015	-7.869
container-37b721fba937a521ae7b041e249acd3e2e86cd2956ef4c7ca07e8fb420390ef2	5714dbc024597771384a510d	container		578f879c24597735401e6bc6	578f879c24597735401e6bc6	578f879c24597735401e6bc6	-3.10987759	27.77	99.57
container-37fd4b36cecb2fc26169b6bde9fe9f7453b7646c3bf941c2407a4be40e25a633	5714dbc024597771384a510d	container		59139c2186f77411564f8e42	59139c2186f77411564f8e42	59139c2186f77411564f8e42	37.2876244	27.3324947	102.472023
container-381ba8580dc319c8cf85423e87713f0e85a8259d92bf15ef0b60bc6acd69c4af	5714dbc024597771384a510d	container		5909d5ef86f77467974efbd8	5909d5ef86f77467974efbd8	5909d5ef86f77467974efbd8	1.419941	27.75805	38.3704567
container-39259c39b081afaf46e1d19954fc1b0449c3b79bda070a85127a1e458cfdd179	5714dbc024597771384a510d	container		578f87ad245977356274f2cc	578f87ad245977356274f2cc	578f87ad245977356274f2cc	-70.24003	27.463	-50.152317
container-392f1e8860542196811280ebb6aa83f403a12e52a9c7c7a7a18d49e66e9f60ce	5714dbc024597771384a510d	container		5d6d2bb386f774785b07a77a	5d6d2bb386f774785b07a77a	5d6d2bb386f774785b07a77a	405.061	16.3070011	-229.24
container-3956597804b5545ff790701042f69877f451b7923ebbcb081d3d7c6e077d0e39	5714dbc024597771384a510d	container		5d6d2b5486f774785c2ba8ea	5d6d2b5486f774785c2ba8ea	5d6d2b5486f774785c2ba8ea	82.818	22.703	356.873
container-39589eb8477d13ed6b2b86ac3d52146fd958a4466306989028c58114fc007bcb	5714dbc024597771384a510d	container		578f87a3245977356274f2cb	578f87a3245977356274f2cb	578f87a3245977356274f2cb	-152.106628	21.926	-354.386353
container-3a385ccb05bafca2e65ee8f590a1c9e5b1c7d5020ed4caf584743efd6b122d43	5714dbc024597771384a510d	container		578f8778245977358849a9b5	578f8778245977358849a9b5	578f8778245977358849a9b5	-200.597015	22.771	-345.220947
container-3a9311844ff6ccfca99534cba0cb5ee27921a6a7c9abe2fb0c69965dee779bdc	5714dbc024597771384a510d	container		578f87a3245977356274f2cb	578f87a3245977356274f2cb	578f87a3245977356274f2cb	-136.765	21.311	-175.725
container-3aa42938103dc3787ede7945849c9ac585ebd8d0628ab0e2beb8cc368160f7a3	5714dbc024597771384a510d	container		578f879c24597735401e6bc6	578f879c24597735401e6bc6	578f879c24597735401e6bc6	94.0307	37.6470032	18.919
container-3ae63960eb1178e6d25f2faf5eff8e3df2768ee64d8e092455465ada7670a757	5714dbc024597771384a510d	container		578f87a3245977356274f2cb	578f87a3245977356274f2cb	578f87a3245977356274f2cb	-185.419	21.317	-249.534
container-3b00e7a1b81e220469a8020cb5a27a6e8bd66907874b1041a4b70e520a91ea43	5714dbc024597771384a510d	container		5909d76c86f77471e53d2adf	5909d76c86f77471e53d2adf	5909d76c86f77471e53d2adf	-182.228226	21.733	-27.6444225
container-3b3a763c361195c8a2728e3d59ecc5240c194fa0644f7e6d640f8f8bf7bb9b50	5714dbc024597771384a510d	container		578f879c24597735401e6bc6	578f879c24597735401e6bc6	578f879c24597735401e6bc6	78.97584	28.1008835	-294.297638
container-3c2cc1d230ee4c29a4a4984b4ccbf458f54fef19722fdbef42f4382e3842e9ab	5714dbc024597771384a510d	container		578f879c24597735401e6bc6	578f879c24597735401e6bc6	578f879c24597735401e6bc6	-40.5799065	27.77	99.57
container-3c5c46a512b88ba8cffbecf447756c33cda459983830eb43b73d4dc4fa834550	5714dbc024597771384a510d	container		5909d7cf86f77470ee57d75a	5909d7cf86f77470ee57d75a	5909d7cf86f77470ee57d75a	-128.712646	24.3690014	-286.876343
container-3c602ffc42cafb99299493844ee8171ccad84bf70fc4f5d3edd465faaa680464	5714dbc024597771384a510d	container		5909d50c86f774659e6aaebe	5909d50c86f774659e6aaebe	5909d50c86f774659e6aaebe	-154.8721	27.4872	-71.95455
container-3c8d2a2d3c66119538698f7f8266a6e94ee86a7a2a3d6b4adb94f5c9c6f80463	5714dbc024597771384a510d	container		5909d5ef86f77467974efbd8	5909d5ef86f77467974efbd8	5909d5ef86f77467974efbd8	-188.29213	27.7580013	-84.59166
container-3cff0e4842c89459922efa6f284b26e8c4e9e70fdde237a4db4e3424f4f76e89	5714dbc024597771384a510d	container		5d6d2b5486f774785c2ba8ea	5d6d2b5486f774785c2ba8ea	5d6d2b5486f774785c2ba8ea	484.71	18.075	-291
container-3e051c250bd9b001a0fae2132a33728dc0289bad03fd867578c77713c2d26585	5714dbc024597771384a510d	container		5909d76c86f77471e53d2adf	5909d76c86f77471e53d2adf	5909d76c86f77471e53d2adf	-93.02145	21.71	69.46998
container-3e222d88bd10c81ed4b29fe492ada716c1350a7fbedbe500659d1775ecb9e37b	5714dbc024597771384a510d	container		5909d76c86f77471e53d2adf	5909d76c86f77471e53d2adf	5909d76c86f77471e53d2adf	70.69854	27.477	160.594971
container-3e9f4dfa44bdc31aacc42ece8d5fa50ea513883ea4227623e154366ff11af24c	5714dbc024597771384a510d	container		5909d45286f77465a8136dc6	5909d45286f77465a8136dc6	5909d45286f77465a8136dc6	-16.3187256	27.7593346	37.2151871
container-3eb76ef917291c7ae56dda3978448533fcb4230c2f4a5da6e8af0ff450341342	5714dbc024597771384a510d	container		5c052cea86f7746b2101e8d8	5c052cea86f7746b2101e8d8	5c052cea86f7746b2101e8d8	250.654068	21.4592438	11.6683292
container-3eedd4913f5ec27c73609f3364d63f405e31143b4cb5c66abd2678e73ce3597b	5714dbc024597771384a510d	container		5909d36d86f774660f0bb900	5909d36d86f774660f0bb900	5909d36d86f774660f0bb900	-70.9613	23.0841064	55.23948
container-3f315bb4ae3e451989555f5209b16ef5a9021905634f8d1ffb79f0c418203c26	5714dbc024597771384a510d	container		59139c2186f77411564f8e42	59139c2186f77411564f8e42	59139c2186f77411564f8e42	-77.80947	27.3331	47.344986
container-3f3c991fa21635e2708642e4a22b5f6b4c17a2de26db29dfeeea5d43c9946503	5714dbc024597771384a510d	container		578f879c24597735401e6bc6	578f879c24597735401e6bc6	578f879c24597735401e6bc6	36.61355	27.8404732	-71.83396
container-3f76ed5a2783f311d764b0bb030fc75f122f2f60adaa1cfd30def03811462e36	5714dbc024597771384a510d	container		578f879c24597735401e6bc6	578f879c24597735401e6bc6	578f879c24597735401e6bc6	-83.51459	27.7764988	-32.6340027
container-3fa2aac5af1660841bb588d2e7861ebd3a998051ed061083f7504b6ed8dddeb9	5714dbc024597771384a510d	container		578f879c24597735401e6bc6	578f879c24597735401e6bc6	578f879c24597735401e6bc6	-13.00903	27.77	97.60002
container-40023f4bd67c84cfd8bf8c945d84a39f21e5c87a9dddf6279d39442a1ed6f37f	5714dbc024597771384a510d	container		578f879c24597735401e6bc6	578f879c24597735401e6bc6	578f879c24597735401e6bc6	68.07676	22.5304565	-257.210419
container-4076c714d7d61de89f2faa54741cbec2a49c7869993f8b39b59eeea768590ebb	5714dbc024597771384a510d	container		5909d50c86f774659e6aaebe	5909d50c86f774659e6aaebe	5909d50c86f774659e6aaebe	-101.297073	27.6374416	-216.42926
container-40d1bd22a1da24ec66dbb7500ed58166a193c01c3284ffe52a0ae86882d853e6	5714dbc024597771384a510d	container		578f87a3245977356274f2cb	578f87a3245977356274f2cb	578f87a3245977356274f2cb	-89.748	21.429	92.409
container-41c1e72bf7666fd06669781426455eebccee248d5e2c584cd42980a0d1f2b4d9	5714dbc024597771384a510d	container		5909d7cf86f77470ee57d75a	5909d7cf86f77470ee57d75a	5909d7cf86f77470ee57d75a	-193.900665	30.7328072	-349.382538
container-41f14c1ff5f44206e221d8480c0d7b481777d3195d47ddd6f84705cde647bb87	5714dbc024597771384a510d	container		578f87a3245977356274f2cb	578f87a3245977356274f2cb	578f87a3245977356274f2cb	-66.54065	21.315	58.28064
container-423dc7dee36dfa5f6d4d3cea836a90bb434d21d95c20a37caa04d4ade97b0a36	5714dbc024597771384a510d	container		578f87a3245977356274f2cb	578f87a3245977356274f2cb	578f87a3245977356274f2cb	84.0043945	27.599	-89.8393555
container-42a82ca7dc978acb43e33c3dcc53609f4a39b2dbd909a29adc8b7fae85f3cf9f	5714dbc024597771384a510d	container		578f879c24597735401e6bc6	578f879c24597735401e6bc6	578f879c24597735401e6bc6	-30.2141151	37.514	-81.75656
container-4391696594f06be57b9def067822b5a9b6ad844397a6965949437eb7e808222f	5714dbc024597771384a510d	container		578f879c24597735401e6bc6	578f879c24597735401e6bc6	578f879c24597735401e6bc6	26.592186	27.76	-229.633026
container-43b3a8d7d8fe9c0980ad13c1ca03ceb52b756c887f3b94df81a5ea173b01ed5c	5714dbc024597771384a510d	container		578f879c24597735401e6bc6	578f879c24597735401e6bc6	578f879c24597735401e6bc6	88.27148	37.8430023	-55.361
container-441ea290aa1a012ef5b296da2b27b72089af45aea39ec17d45fa557ac2c2487c	5714dbc024597771384a510d	container		578f879c24597735401e6bc6	578f879c24597735401e6bc6	578f879c24597735401e6bc6	26.5921783	27.76	-276.819061
container-445b0e16e6f36705a4f57fea2c8a6270b44a9ad8084006b5306eaedec2f1ec27	5714dbc024597771384a510d	container		578f87a3245977356274f2cb	578f87a3245977356274f2cb	578f87a3245977356274f2cb	19.038	27.662	-111.165
container-4488dd7d06c7e96731c8671e36a3fa00d1474a946d92ff8db5cf713274dd01f6	5714dbc024597771384a510d	container		5909d50c86f774659e6aaebe	5909d50c86f774659e6aaebe	5909d50c86f774659e6aaebe	-127.997253	27.6175	73.0308
container-44be0bd0168dfad224a28c22260e7105be6f5007aef0efd75d83a8fbc1f4bc46	5714dbc024597771384a510d	container		578f87a3245977356274f2cb	578f87a3245977356274f2cb	578f87a3245977356274f2cb	-11.25	27.287	-256.65
container-44cd3dcb13b179ff5258d3c3f67a99d15a6f9f1f5a234106f1ec9ea0e659134c	5714dbc024597771384a510d	container		578f87a3245977356274f2cb	578f87a3245977356274f2cb	578f87a3245977356274f2cb	-168.65	21.312	-157.176
container-44defb07b4e28463d552759cde4587a5106ba400e8d4b7ffa32af0dc03536669	5714dbc024597771384a510d	container		5909d7cf86f77470ee57d75a	5909d7cf86f77470ee57d75a	5909d7cf86f77470ee57d75a	10.079	22.601	28.381
container-44f5bf18157c5d0ba07cca98f12d30dac475cb009dbcc5ea8c8055700414bfc3	5714dbc024597771384a510d	container		578f879c24597735401e6bc6	578f879c24597735401e6bc6	578f879c24597735401e6bc6	-28.9099884	37.544	-101.593
container-46f13b448654a162583948ed718c6e94bb244d6a2326376b516738de884002ba	5714dbc024597771384a510d	container		5909d36d86f774660f0bb900	5909d36d86f774660f0bb900	5909d36d86f774660f0bb900	10.539566	27.3354053	156.16925
container-46f9790c224160a7964eadcd2f6a7788eee80b646d2d5abcf532ae10507cee35	5714dbc024597771384a510d	container		578f8778245977358849a9b5	578f8778245977358849a9b5	578f8778245977358849a9b5	11.3142376	28.2305145	-106.659843
container-47040918f87d1db2d8fb3a6bc1e14aeccaaca186dbd3cfe31f1839ea7133b5e2	5714dbc024597771384a510d	container		578f879c24597735401e6bc6	578f879c24597735401e6bc6	578f879c24597735401e6bc6	36.3005066	27.8404732	-73.44863
container-47172f1d37e840f90ac34e9a8d7ada58bc021c0a0d77b92b410cd26121432c36	5714dbc024597771384a510d	container		5909d50c86f774659e6aaebe	5909d50c86f774659e6aaebe	5909d50c86f774659e6aaebe	-173.687836	27.5647	48.73555
container-472c2c3598563bb2c40223af4dda66d66011a879b2bb872c7c4e87d0be10e524	5714dbc024597771384a510d	container		578f879c24597735401e6bc6	578f879c24597735401e6bc6	578f879c24597735401e6bc6	-83.40048	27.7764912	-104.292892
container-474bda705ec6154c274c23a4a6d26b0719e470f2a950393c38b0f21da76509d8	5714dbc024597771384a510d	container		5d6d2b5486f774785c2ba8ea	5d6d2b5486f774785c2ba8ea	5d6d2b5486f774785c2ba8ea	88.823	20.116	-370.011
container-4753920b69b24ac3f8d2430790bf294eb128e2841d8af6dbf342f62096d321ee	5714dbc024597771384a510d	container		5909d36d86f774660f0bb900	5909d36d86f774660f0bb900	5909d36d86f774660f0bb900	-133.991547	28.467308	-226.875824
container-47f5bea4f66057c2b0ac320e9b992227e6b5afd70da053be9bba9779af072140	5714dbc024597771384a510d	container		5909d36d86f774660f0bb900	5909d36d86f774660f0bb900	5909d36d86f774660f0bb900	42.50938	21.4201069	-116.796448
container-4837977750dcbb7af213d09542f195eabae364ddfd13e6c9669e55683eec9b71	5714dbc024597771384a510d	container		5909d5ef86f77467974efbd8	5909d5ef86f77467974efbd8	5909d5ef86f77467974efbd8	-16.6427	38.4461	-159.140076
container-483f6b011e00a8e796062778b5e9f135558056288319ef4d8c1db8b462440c85	5714dbc024597771384a510d	container		5909d50c86f774659e6aaebe	5909d50c86f774659e6aaebe	5909d50c86f774659e6aaebe	-74.96026	27.6195	148.546448
container-49ee97fc4e36decaeceabb80be582a0a45fe024cbb6e613f7b56603d2fb120bf	5714dbc024597771384a510d	container		59139c2186f77411564f8e42	59139c2186f77411564f8e42	59139c2186f77411564f8e42	-79.67648	27.33728	-148.776138
container-4a1e2470a20b95d3c08d2cf2edcee5156b6de1db3abc290f2e002aa96cf194fe	5714dbc024597771384a510d	container		5909d36d86f774660f0bb900	5909d36d86f774660f0bb900	5909d36d86f774660f0bb900	-17.2335777	22.91205	58.2710648
container-4a69480c891e8c3d1ad00e7695f03a290d913d153431173a1d8a99147e874847	5714dbc024597771384a510d	container		578f87a3245977356274f2cb	578f87a3245977356274f2cb	578f87a3245977356274f2cb	-64.277	21.317	114.718
container-4ad5a291dd02376e1357816c1c3ff8414e9f9d0592eba1da0caaeea88b5d6877	5714dbc024597771384a510d	container		578f87a3245977356274f2cb	578f87a3245977356274f2cb	578f87a3245977356274f2cb	-27.878	27.689	-245.758
container-4b443596585ed0c273b3caca99cd9bd2c0c37caf7234d7f4813cb162b0757f73	5714dbc024597771384a510d	container		5909d36d86f774660f0bb900	5909d36d86f774660f0bb900	5909d36d86f774660f0bb900	-86.8243942	21.4410057	-179.9212
container-4bc77ceab40675f80cfc814e42479b0c79c4de50b87dbd3dda8051d96242a5ab	5714dbc024597771384a510d	container		5d6d2bb386f774785b07a77a	5d6d2bb386f774785b07a77a	5d6d2bb386f774785b07a77a	246.395691	20.5048885	288.8893
container-4bf795fc54e61f2a6332f7948bb924f25cbe15e4396f645781f8a0a7ad1fea94	5714dbc024597771384a510d	container		578f87a3245977356274f2cb	578f87a3245977356274f2cb	578f87a3245977356274f2cb	-26.065	27.613	-58.163
container-4c62aed4e622be5f603eaffdc4d3b7e139e0c0ffd5ac7468268921a8cd880cc7	5714dbc024597771384a510d	container		578f87a3245977356274f2cb	578f87a3245977356274f2cb	578f87a3245977356274f2cb	-25.399	27.8473	-278.679
container-4c69094b44b010923d32ac6c06260f28cbddfc2561465db28763d0537bf1f890	5714dbc024597771384a510d	container		578f87ad245977356274f2cc	578f87ad245977356274f2cc	578f87ad245977356274f2cc	164.798172	21.691	-65.6947861
container-4c9e339d18cf804c59532912d94339a380b14cdad0f48c06dba5640a340f1ec4	5714dbc024597771384a510d	container		578f879c24597735401e6bc6	578f879c24597735401e6bc6	578f879c24597735401e6bc6	24.6221828	27.76	-269.569946
container-4d6d677d928376c0e6d17f217589d90a5bbe3236bbd1e77fcadf4aa8ed802172	5714dbc024597771384a510d	container		578f879c24597735401e6bc6	578f879c24597735401e6bc6	578f879c24597735401e6bc6	51.8855133	28.2229977	-14.4775715
container-4dbc834a90d61b15b5ae218b99aa661fc8d4476789c715f47c8f09f2f8e18017	5714dbc024597771384a510d	container		578f87a3245977356274f2cb	578f87a3245977356274f2cb	578f87a3245977356274f2cb	-50.318	36.968	-60.26
container-4e03cb539c6e71182b2ad23540c46c053c293d80553c7a743851363827ec85c6	5714dbc024597771384a510d	container		5909d50c86f774659e6aaebe	5909d50c86f774659e6aaebe	5909d50c86f774659e6aaebe	-145.4807	27.3415	-172.0994
container-4ede636d9a970b431769039d42af796b00a1ee5de6779f35058f7beb42e31ebd	5714dbc024597771384a510d	container		5909d36d86f774660f0bb900	5909d36d86f774660f0bb900	5909d36d86f774660f0bb900	-136.435989	28.4641056	144.129913
container-4f3a7cb35612e69a0b79722de826366fd065fcb30064f0d83107bfbd99c2be56	5714dbc024597771384a510d	container		578f87ad245977356274f2cc	578f87ad245977356274f2cc	578f87ad245977356274f2cc	277.738861	21.689	-439.822083
container-4f50ddd04d334dfc4fe61434f2e757c4b825a76ca103fce147e5c1abd1a45d83	5714dbc024597771384a510d	container		578f879c24597735401e6bc6	578f879c24597735401e6bc6	578f879c24597735401e6bc6	-89.228	28.1010017	32.8160324
container-50499f3ca2865f930fe5c6d18420af0a7071ed42b4168d2652ccedb52a30991b	5714dbc024597771384a510d	container		578f87a3245977356274f2cb	578f87a3245977356274f2cb	578f87a3245977356274f2cb	-133.74	28.0626	-209.376
container-504d518dec7228f75188b4985a741e8d1e3dd1037a794532f16b39b242a07d42	5714dbc024597771384a510d	container		5909d5ef86f77467974efbd8	5909d5ef86f77467974efbd8	5909d5ef86f77467974efbd8	16.3254375	22.2671261	-49.5300255
container-514efdc11fb978a659488db96fa13af8b249ad1d739ae49dfc824f573907a5f6	5714dbc024597771384a510d	container		5d6d2bb386f774785b07a77a	5d6d2bb386f774785b07a77a	5d6d2bb386f774785b07a77a	-203.97	21.349	-373.96
container-5180fd6e5f0eca881e4b21b88f6940b73c29aaef46ad6e98318aa933e35d7117	5714dbc024597771384a510d	container		578f87a3245977356274f2cb	578f87a3245977356274f2cb	578f87a3245977356274f2cb	-116.947	27.21	-302.903
container-519f889b2cf864882afe1f7d3c7d4b5564b5f8d831c6bf3e474211484b9e1bfb	5714dbc024597771384a510d	container		5909d5ef86f77467974efbd8	5909d5ef86f77467974efbd8	5909d5ef86f77467974efbd8	41.4898834	22.080471	-143.440643
container-51a0c3f72834f1a328167a1359f8ba9a363221feb42034fabb135719a1f62899	5714dbc024597771384a510d	container		578f87a3245977356274f2cb	578f87a3245977356274f2cb	578f87a3245977356274f2cb	-61.381	21.307	152.039
container-51b560dcd5228ba25b8065da0cd6f89e429357d1f99fe6cff008755c57cb6790	5714dbc024597771384a510d	container		578f87a3245977356274f2cb	578f87a3245977356274f2cb	578f87a3245977356274f2cb	55.166	27.2215	150.498
container-51f6d894c6553eed03e7b8efb5c3b598e9fcbf6000525e94ba18cdf9bfcb65e2	5714dbc024597771384a510d	container		578f879c24597735401e6bc6	578f879c24597735401e6bc6	578f879c24597735401e6bc6	57.9926529	37.5516548	-34.2593956
container-53305e8b39e178ff4a6a2c802d3f6987a33a41b7bcf95a1902d716140d3252c7	5714dbc024597771384a510d	container		5d6d2bb386f774785b07a77a	5d6d2bb386f774785b07a77a	5d6d2bb386f774785b07a77a	484.421326	17.6479225	-287.302582
container-5353f564643c62e4df16d445da44d8d79a6d8a5d939e60a5c7f907b5f1e67cab	5714dbc024597771384a510d	container		5909d5ef86f77467974efbd8	5909d5ef86f77467974efbd8	5909d5ef86f77467974efbd8	50.99918	21.5418167	-169.166168
container-536806487e00ffbb5b3567c5db92e71f4263bc81b2bfd45c796c2ca94014647c	5714dbc024597771384a510d	container		578f879c24597735401e6bc6	578f879c24597735401e6bc6	578f879c24597735401e6bc6	76.40201	37.557	-83.05
container-53ccc6d047bc4c3734e143630dffd367b8956b9cd74bfc4f741c992fdd25cb52	5714dbc024597771384a510d	container		578f87a3245977356274f2cb	578f87a3245977356274f2cb	578f87a3245977356274f2cb	-14.879	27.599	-58.234
container-5447c557e363d5e78a93e56be217459a1b84e8b1eadc56ea4f358c0ba5b0fc26	5714dbc024597771384a510d	container		578f87a3245977356274f2cb	578f87a3245977356274f2cb	578f87a3245977356274f2cb	-150.412	21.764	129.141
container-54a615904c44687949a2594d25dc1d504258265afb86df610205f2669ecc17bf	5714dbc024597771384a510d	container		5909d89086f77472591234a0	5909d89086f77472591234a0	5909d89086f77472591234a0	-48.346	22.0050011	42.882
container-54b19afb70663962dc68d38ba66f3a902edd0435d732f153dd516e8d0475c009	5714dbc024597771384a510d	container		5d6d2b5486f774785c2ba8ea	5d6d2b5486f774785c2ba8ea	5d6d2b5486f774785c2ba8ea	-215.076	21.251	-283.032
container-55728a6774b9d7b370b1924804059964ddabcf7570b16f3ed4b43cff94e6ca8c	5714dbc024597771384a510d	container		578f879c24597735401e6bc6	578f879c24597735401e6bc6	578f879c24597735401e6bc6	-83.51459	27.7764988	-30.1569958
container-56460d8d6a181c1cb8b5c19e4c6608228d2584889fcb55be528f65deed90eb86	5714dbc024597771384a510d	container		5909d76c86f77471e53d2adf	5909d76c86f77471e53d2adf	5909d76c86f77471e53d2adf	-83.4689941	27.491	43.17505
container-565def7dccdbe3d1f1b3836ac771c106c46539041b9806137b94a34e76c00024	5714dbc024597771384a510d	container		578f879c24597735401e6bc6	578f879c24597735401e6bc6	578f879c24597735401e6bc6	-21.013	28.272	-27.6050014
container-56663d8dcc77a67374acb46b6307279a86f3c28f532c2d104b5094847a14aa5a	5714dbc024597771384a510d	container		59139c2186f77411564f8e42	59139c2186f77411564f8e42	59139c2186f77411564f8e42	-78.31952	27.3331	45.559082
container-5673abd21d5588c2adef675fa2cda6896e3278fe31657bcd4b1f6fcf496ccfd3	5714dbc024597771384a510d	container		578f87a3245977356274f2cb	578f87a3245977356274f2cb	578f87a3245977356274f2cb	-194.176	21.301	39.794
container-57533100587a2541f8ee9ea2bd52ebdf82676dabd7cd5408150ba3954bb6b819	5714dbc024597771384a510d	container		578f879c24597735401e6bc6	578f879c24597735401e6bc6	578f879c24597735401e6bc6	-84.46201	27.7764912	-124.023407
container-5786134c6e54cd6c83e4fd7519bb63c5a6424b3921c9c3abdc063daaac3f5fef	5714dbc024597771384a510d	container		578f87a3245977356274f2cb	578f87a3245977356274f2cb	578f87a3245977356274f2cb	-63.15	27.249	-232.94
container-5790737cbc6556ea110b1eb725b85e9a89e044189249fe1465a88267831618af	5714dbc024597771384a510d	container		578f879c24597735401e6bc6	578f879c24597735401e6bc6	578f879c24597735401e6bc6	-30.2141151	37.514	-88.22456
container-57c16149e2c6530c3ae51b16bd041fa1f523a2a7f0e40ad176697f3eae52ecb2	5714dbc024597771384a510d	container		5909d50c86f774659e6aaebe	5909d50c86f774659e6aaebe	5909d50c86f774659e6aaebe	-220.728226	21.9352	-263.043579
container-57e8f310c8ffa65c23b46bdb3000e8eae8a5aa1dd3600db53713b5b2284b0391	5714dbc024597771384a510d	container		5909d5ef86f77467974efbd8	5909d5ef86f77467974efbd8	5909d5ef86f77467974efbd8	12.6777582	36.866	25.5977917
container-584da8eef712379b4817f0236840c1cae85d7564d565971590a348038acdd444	5714dbc024597771384a510d	container		5909d50c86f774659e6aaebe	5909d50c86f774659e6aaebe	5909d50c86f774659e6aaebe	-233.798264	21.7379	-287.1373
container-58a5419c09ef8334e4c07f586e4dca3f8b24411529bf125e5d6c5cc05213aeca	5714dbc024597771384a510d	container		5d6d2bb386f774785b07a77a	5d6d2bb386f774785b07a77a	5d6d2bb386f774785b07a77a	382.043274	18.7946014	-350.077545
container-596fb9e11e8cca4b687308f6125725addf50facb8d2d96f8e52c414427b16866	5714dbc024597771384a510d	container		578f87a3245977356274f2cb	578f87a3245977356274f2cb	578f87a3245977356274f2cb	83.818	27.605	-78.989
container-59851d910bfe0e6d44703d17547775887c8cce0603d2130d8ababda7de7af2ae	5714dbc024597771384a510d	container		578f87a3245977356274f2cb	578f87a3245977356274f2cb	578f87a3245977356274f2cb	-162.56	22.557	-199.594
container-5a642d17089fb8fa2e97177393ae8243c65195682e5b8b513a0889d90528666a	5714dbc024597771384a510d	container		578f87a3245977356274f2cb	578f87a3245977356274f2cb	578f87a3245977356274f2cb	-109.509	27.381	-203.597
container-5ae0eab562b073ceb19ee7269ad7f1a36bd8b9bf2eb54be106e83432357a0ba0	5714dbc024597771384a510d	container		578f879c24597735401e6bc6	578f879c24597735401e6bc6	578f879c24597735401e6bc6	76.457	37.549	-29.4480019
container-5b1a9d9701a42bbb6b79898c83df899d04fd2952cdacaac3bf772d161e98b998	5714dbc024597771384a510d	container		578f87a3245977356274f2cb	578f87a3245977356274f2cb	578f87a3245977356274f2cb	-147.646	27.945	-139.107
container-5b72c0ce0804a8ac26f1301c89b65182ba6afc300d87cdb73559cd814a57c1ac	5714dbc024597771384a510d	container		5909d50c86f774659e6aaebe	5909d50c86f774659e6aaebe	5909d50c86f774659e6aaebe	-166.504562	27.6399536	24.7567635
container-5b783176ac6d70860aea583fb6bd1bed4c8e4c67cdf2053ed6a9c988cce99c0d	5714dbc024597771384a510d	container		578f879c24597735401e6bc6	578f879c24597735401e6bc6	578f879c24597735401e6bc6	26.592186	27.76	-236.455048
container-5c855ecedd2eccaece6e3eea97cc8b29c5d6a20840d50cee775ad87255cd9ec7	5714dbc024597771384a510d	container		5909d5ef86f77467974efbd8	5909d5ef86f77467974efbd8	5909d5ef86f77467974efbd8	-15.3068762	37.626	-99.47286
container-5d38e3ce3fbbc5378d9038d8d639e3ccab5a2d7936cac033f74fddd0e8b9b979	5714dbc024597771384a510d	container		578f87ad245977356274f2cc	578f87ad245977356274f2cc	578f87ad245977356274f2cc	142.430252	21.691	-97.29892
container-5d548aa0ec204f8121d62779b54059a962b9fd988914180e77b776f004aec264	5714dbc024597771384a510d	container		578f87a3245977356274f2cb	578f87a3245977356274f2cb	578f87a3245977356274f2cb	84.304	37.08	-121.393
container-5df831a8eea38cb768907788c739303fd5e3a4adc97378a8f58e346ad2112f74	5714dbc024597771384a510d	container		578f879c24597735401e6bc6	578f879c24597735401e6bc6	578f879c24597735401e6bc6	-84.3846	27.7764835	-126.089035
container-5e411d18e86168f79f8b7d569d8759ec0b9bd0e6d1fa3fd321f9e7ca88495f47	5714dbc024597771384a510d	container		5909d5ef86f77467974efbd8	5909d5ef86f77467974efbd8	5909d5ef86f77467974efbd8	172.006256	22.27	-160.630188
container-5edd7e6418dfecc35fc10052e6803844eaf9e0f015c227bccead2c6fae3006fc	5714dbc024597771384a510d	container		5d6d2bb386f774785b07a77a	5d6d2bb386f774785b07a77a	5d6d2bb386f774785b07a77a	-361.342163	24.1371441	189.241959
container-5ee7affbfa96350eda55bafffeb5e856a5c9ee0ae5f64f20ee361c16a2b1b708	5714dbc024597771384a510d	container		578f879c24597735401e6bc6	578f879c24597735401e6bc6	578f879c24597735401e6bc6	-83.51459	27.7764988	-15.6399975
container-5fff796b740fd5f20a0f14c8167a18e4f8e3aad6902888855886c329fb67997f	5714dbc024597771384a510d	container		578f879c24597735401e6bc6	578f879c24597735401e6bc6	578f879c24597735401e6bc6	-83.40048	27.7764912	-95.97089
container-606223a21bfa0767442ce7cf4bbaa00c1a5d7b50aead99b79667cd88f8dee8de	5714dbc024597771384a510d	container		578f87ad245977356274f2cc	578f87ad245977356274f2cc	578f87ad245977356274f2cc	-8.02958	27.463	-242.204071
container-607bec47adb5df536a359a51bc539f4b90ee15db2e4f0a46d2c1fbd3dadaba93	5714dbc024597771384a510d	container		578f8778245977358849a9b5	578f8778245977358849a9b5	578f8778245977358849a9b5	19.532753	28.2139969	-2.28622437
container-6100ab666c80f7f038a586759bd3550c0a7a0bebb43f57cb69ab7b4b134738f8	5714dbc024597771384a510d	container		5909d50c86f774659e6aaebe	5909d50c86f774659e6aaebe	5909d50c86f774659e6aaebe	-105.315	27.6243458	-303.353516
container-61ee1cc382663adc40a3135320ff4e4a7ead878070812d2958151964ef30e0e0	5714dbc024597771384a510d	container		578f879c24597735401e6bc6	578f879c24597735401e6bc6	578f879c24597735401e6bc6	-57.0515823	27.8368759	-100.4599
container-61ee56c44718942aaf76c4187261d531f8e787f548c53abbbda854ba58062c52	5714dbc024597771384a510d	container		5909d24f86f77466f56e6855	5909d24f86f77466f56e6855	5909d24f86f77466f56e6855	-72.1291	22.48958	-231.169983
container-6204a1d549a77011c5e9a836b6a339d531b2c26ba2bbcbddf478193022b023fb	5714dbc024597771384a510d	container		578f87a3245977356274f2cb	578f87a3245977356274f2cb	578f87a3245977356274f2cb	27.521	27.2215	142.601
container-6279dbc95c1da1d7d9c8cd9f9dd8438bf8d70f20077e000dd86e626d65954a0c	5714dbc024597771384a510d	container		5c052cea86f7746b2101e8d8	5c052cea86f7746b2101e8d8	5c052cea86f7746b2101e8d8	108.409935	22.0941753	154.041229
container-628ad0b0616288a309a95f9385e815b477614feee50f3b5dbb357f0fd8693a9b	5714dbc024597771384a510d	container		578f879c24597735401e6bc6	578f879c24597735401e6bc6	578f879c24597735401e6bc6	-83.26354	27.7764835	-122.391174
container-62dc699fe32109a14d9460cde3f1763d429c7f4977881b3e5e318ecfd1fb4135	5714dbc024597771384a510d	container		5d6d2b5486f774785c2ba8ea	5d6d2b5486f774785c2ba8ea	5d6d2b5486f774785c2ba8ea	197.643	22.23	358.037
container-63535ce12d8619ab9f5f6419081c9f3377987f76005c3cc706a64a5daad2600c	5714dbc024597771384a510d	container		5909d7cf86f77470ee57d75a	5909d7cf86f77470ee57d75a	5909d7cf86f77470ee57d75a	57.508	27.83	129.559
container-63a63cc7ad47965ebaaccacf4a26b6fd8e94b50274726da0ae16b34e68238ecb	5714dbc024597771384a510d	container		578f87a3245977356274f2cb	578f87a3245977356274f2cb	578f87a3245977356274f2cb	-184.039	28.105	-141.681
container-63a93053d287d414cb78e36074ea17dd1f4c5edd9f24b72b27ef96b042407e85	5714dbc024597771384a510d	container		5909d76c86f77471e53d2adf	5909d76c86f77471e53d2adf	5909d76c86f77471e53d2adf	1.50294721	21.73	17.1524334
container-6414dbb80111144514c3fc7fec43d774cd456b7091ac44914ffce003da0ba7f7	5714dbc024597771384a510d	container		59139c2186f77411564f8e42	59139c2186f77411564f8e42	59139c2186f77411564f8e42	-69.984726	27.3331	47.8052254
container-641d76185911d876be5641130d020c3ce1fa06ffc262d59281a05211c72a838f	5714dbc024597771384a510d	container		578f87ad245977356274f2cc	578f87ad245977356274f2cc	578f87ad245977356274f2cc	282.288849	21.70458	-60.2399559
container-641f0aee24ce10c1fe8f5e49838c997d4ceef06217edd918fc26a81a7e9c5441	5714dbc024597771384a510d	container		5909d76c86f77471e53d2adf	5909d76c86f77471e53d2adf	5909d76c86f77471e53d2adf	1.78851962	27.470499	27.133997
container-652f18d5ab393bc9ad4b9a838804ed036962a92649c13872cfecb07b860556a6	5714dbc024597771384a510d	container		5909d4c186f7746ad34e805a	5909d4c186f7746ad34e805a	5909d4c186f7746ad34e805a	59.1903343	37.6362572	-135.519562
container-6551dda67ab75d40eea067a054bdb080ff797b0c815bf180e5a3d6d8499ea504	5714dbc024597771384a510d	container		578f87b7245977356274f2cd	578f87b7245977356274f2cd	578f87b7245977356274f2cd	-48.56458	37.3966751	59.26162
container-656c0cee2878a36d7d741d6142655d578202088d63dfceea0c99cebc3413d38c	5714dbc024597771384a510d	container		578f879c24597735401e6bc6	578f879c24597735401e6bc6	578f879c24597735401e6bc6	22.003624	37.62133	-151.64534
container-65c138c65fa90a762c1ea1ea82131a4de9ef4943de55685e6eef6f7c9b4edcf0	5714dbc024597771384a510d	container		5909d7cf86f77470ee57d75a	5909d7cf86f77470ee57d75a	5909d7cf86f77470ee57d75a	50.4630127	27.537	-301.880981
container-65d91a8caef23c2d675102a3bf3a2c1dca5acab961d53192df486d409756edc4	5714dbc024597771384a510d	container		5909e4b686f7747f5b744fa4	5909e4b686f7747f5b744fa4	5909e4b686f7747f5b744fa4	186.467	21.34	-293.719
container-65e4f17b031819d9c70fa6ee17edb95183d5e8ac5cae7edc5f14e4b276001f9e	5714dbc024597771384a510d	container		578f87a3245977356274f2cb	578f87a3245977356274f2cb	578f87a3245977356274f2cb	-177.2193	28.598	-57.7091
container-6654eaafafda2ca65edab66a50002601560d922fcb36afbb4e6fd6383fa01370	5714dbc024597771384a510d	container		578f879c24597735401e6bc6	578f879c24597735401e6bc6	578f879c24597735401e6bc6	25.0009174	27.77	97.60002
container-666c5913955c7bceee6329ead933203fb29cbd707d02cfbdf48ab1b75424940b	5714dbc024597771384a510d	container		578f879c24597735401e6bc6	578f879c24597735401e6bc6	578f879c24597735401e6bc6	51.8855133	28.2229977	-13.3815708
container-668f59a8b8070763d4e281ec604c62277b2e6cafe59a8bc0292384615f6d7d42	5714dbc024597771384a510d	container		578f879c24597735401e6bc6	578f879c24597735401e6bc6	578f879c24597735401e6bc6	36.3583832	27.8404732	-69.8682861
container-66f12ccd4ac9ca48b5d12ec7c57a7341d6edbe6161b7653aaf10b9a7686d56f7	5714dbc024597771384a510d	container		578f87a3245977356274f2cb	578f87a3245977356274f2cb	578f87a3245977356274f2cb	64.3425	36.9975	-7.6211
container-66f783069598b8d89970f2ba1cb53b9c20705fe0c6a811f26838595783873787	5714dbc024597771384a510d	container		5d6d2bb386f774785b07a77a	5d6d2bb386f774785b07a77a	5d6d2bb386f774785b07a77a	-47.6539726	20.684742	-385.906525
container-670b487a6e3335474731aeab5c58ad93957c26b66085e11226406fb9538450c0	5714dbc024597771384a510d	container		578f87a3245977356274f2cb	578f87a3245977356274f2cb	578f87a3245977356274f2cb	46.118	36.569	65.817
container-67340ce31a66c893b4eae9fe08a85cfec0be51b742734ac8b1fd8ec1dc1023b4	5714dbc024597771384a510d	container		59139c2186f77411564f8e42	59139c2186f77411564f8e42	59139c2186f77411564f8e42	-3.38999414	27.337	-302.626
container-676de8cf5ad6b385b8681e452d42658da981bc85f646e94cad397d445a7f6f1a	5714dbc024597771384a510d	container		5909d5ef86f77467974efbd8	5909d5ef86f77467974efbd8	5909d5ef86f77467974efbd8	-107.827354	28.6680012	190.712143
container-681afe5e309640e97b3b8eaa70a8f643ab01c16d093637f6af2449a8bf22d899	5714dbc024597771384a510d	container		59139c2186f77411564f8e42	59139c2186f77411564f8e42	59139c2186f77411564f8e42	-77.7467	27.3318634	-151.730209
container-683a2fc558855a8854f0e1061ac01f7c786b0dd1547d8bfcadd1ae577bb18e55	5714dbc024597771384a510d	container		59139c2186f77411564f8e42	59139c2186f77411564f8e42	59139c2186f77411564f8e42	-93.71454	27.3440018	131.795013
container-689139805e2334cb1867eee9318a2592890d0980674069825833425909ff62b8	5714dbc024597771384a510d	container		5909d76c86f77471e53d2adf	5909d76c86f77471e53d2adf	5909d76c86f77471e53d2adf	18.596	37.5180054	-141.305511
container-68f74d4d3ff1014567511307163db353f51eb7e4e9eba188fc3c793ce8e78588	5714dbc024597771384a510d	container		578f87a3245977356274f2cb	578f87a3245977356274f2cb	578f87a3245977356274f2cb	-58.254	27.62881	44.257
container-690e9e1c8bbc457ac365c2341b4a0e9191888714bfa504975c74c28899a46b9a	5714dbc024597771384a510d	container		578f87a3245977356274f2cb	578f87a3245977356274f2cb	578f87a3245977356274f2cb	90.507	27.6345	135.387
container-69925a60dc01bba1fa0602597e35ba7f15585210a9830a0460d715f48ad99d99	5714dbc024597771384a510d	container		578f879c24597735401e6bc6	578f879c24597735401e6bc6	578f879c24597735401e6bc6	-83.51459	27.7764988	-22.876997
container-69c794233a2dce3350e6cb32e941263dfdd5105394dbf750859aced30a03af2d	5714dbc024597771384a510d	container		578f879c24597735401e6bc6	578f879c24597735401e6bc6	578f879c24597735401e6bc6	-22.5889874	27.77	97.60002
container-6a3fe6be9d2ab77d482f8b3c1734524e0740070c9a49a793a74035a2f5b3ef22	5714dbc024597771384a510d	container		578f87ad245977356274f2cc	578f87ad245977356274f2cc	578f87ad245977356274f2cc	187.458755	20.6251431	-352.858154
container-6a6f93fe977fa2ef1fd97e2bbb17bed697765ce61fb0040c8a17b39750323a1a	5714dbc024597771384a510d	container		5909d45286f77465a8136dc6	5909d45286f77465a8136dc6	5909d45286f77465a8136dc6	3.393458	21.4225845	8.652915
container-6a8dda499df5a0d9deb2754927d8344475a2a33ffa6e1cbb2de53f6049303b8c	5714dbc024597771384a510d	container		59139c2186f77411564f8e42	59139c2186f77411564f8e42	59139c2186f77411564f8e42	-78.29552	27.3331	50.37848
container-6acdf1e7ed1171be63310cdffa6112b52ca4077706c3001abed61741941e03ac	5714dbc024597771384a510d	container		5909d50c86f774659e6aaebe	5909d50c86f774659e6aaebe	5909d50c86f774659e6aaebe	-180.5326	28.3718071	-28.7768478
container-6b47f06b5a1f87e890c6c905ff417018b6eb1a2bd5a7e1ce872725275bd8798b	5714dbc024597771384a510d	container		5909d50c86f774659e6aaebe	5909d50c86f774659e6aaebe	5909d50c86f774659e6aaebe	49.4509926	27.9814987	-123.298393
container-6b4e3cf2fb77231602411b37dea68576fd61c15750ebb967a57eac5f7bf586f3	5714dbc024597771384a510d	container		5909d7cf86f77470ee57d75a	5909d7cf86f77470ee57d75a	5909d7cf86f77470ee57d75a	88.38	32.6476974	-291.813
container-6b59935d104b091e20729a95310b7387491c4d07247e3172a848f9e20fdf674b	5714dbc024597771384a510d	container		578f879c24597735401e6bc6	578f879c24597735401e6bc6	578f879c24597735401e6bc6	-49.9599724	27.77	99.57
container-6ba281805dadd739f18c267e97c9878f72c3d09bfd588437712f4d01a5c4a2f7	5714dbc024597771384a510d	container		578f87a3245977356274f2cb	578f87a3245977356274f2cb	578f87a3245977356274f2cb	-191.0785	26.4036	-60.6798
container-6bd621f72e4183c9dd9db17569bb3dfff4e5704cf8af50fe3834ac02a94aa05e	5714dbc024597771384a510d	container		5909d4c186f7746ad34e805a	5909d4c186f7746ad34e805a	5909d4c186f7746ad34e805a	6.34116125	28.1068115	-65.1105
container-6c1d2e8e6a5eba32d48dd0256815e90b8bb9183816eac66233d5e3db141e102b	5714dbc024597771384a510d	container		5909d7cf86f77470ee57d75a	5909d7cf86f77470ee57d75a	5909d7cf86f77470ee57d75a	-138.40567	29.0418072	-250.149536
container-6c27e953feeb7ffcdd45c946af62108405604b65d08917ce97a53d6917248ea8	5714dbc024597771384a510d	container		578f87a3245977356274f2cb	578f87a3245977356274f2cb	578f87a3245977356274f2cb	-53.5763	21.308	46.1056
container-6c74c197beeaab27d6b0a0aee3211ce7d2d0402e93b47d131ae856b1efa842a6	5714dbc024597771384a510d	container		578f8778245977358849a9b5	578f8778245977358849a9b5	578f8778245977358849a9b5	-200.543976	22.756	-345.912
container-6cb890eb4d798946e332ad880fc9f6ffa6dd5c7b0d19eea119974a25024c13b9	5714dbc024597771384a510d	container		5c052cea86f7746b2101e8d8	5c052cea86f7746b2101e8d8	5c052cea86f7746b2101e8d8	265.147552	21.7568741	347.628174
container-6dc19ab8d60fbc648a6077856bb52584cbbaa2add885a14131131815b9df35c8	5714dbc024597771384a510d	container		578f87a3245977356274f2cb	578f87a3245977356274f2cb	578f87a3245977356274f2cb	-4.225	36.995	-10.878
container-6e1345bad68563e542a29e0805f82af0bb6572724b4c16a8bc562f308d15046a	5714dbc024597771384a510d	container		578f87a3245977356274f2cb	578f87a3245977356274f2cb	578f87a3245977356274f2cb	-104.458618	21.679	-212.371338
container-6e715e7573edf740722ef60ac706c72b45eba77dc7e51fc9505a1533c62fa0e1	5714dbc024597771384a510d	container		578f879c24597735401e6bc6	578f879c24597735401e6bc6	578f879c24597735401e6bc6	15.9400492	27.77	99.57
container-6edd61d27893aad63bc332bd1a1cd6d709315ffbe253a6a7076867f35c2462dd	5714dbc024597771384a510d	container		59139c2186f77411564f8e42	59139c2186f77411564f8e42	59139c2186f77411564f8e42	-74.55623	27.3318634	-151.805328
container-6f5710efc18eabb55d9abd9dde09dbcbf39a1a851245bd4b006cf967e98d3b2c	5714dbc024597771384a510d	container		5909d36d86f774660f0bb900	5909d36d86f774660f0bb900	5909d36d86f774660f0bb900	38.15338	21.4201069	-126.568451
container-6fbbbca118e12c1dcb4317a5b95e13e65f43e500fdbd75592b8994a8b83a5b45	5714dbc024597771384a510d	container		5909d50c86f774659e6aaebe	5909d50c86f774659e6aaebe	5909d50c86f774659e6aaebe	-249.525238	21.674799	-294.788544
container-70350398ec55e07c212d96f80a22516c285d931df9d403811a493c9af48b9e3c	5714dbc024597771384a510d	container		578f87a3245977356274f2cb	578f87a3245977356274f2cb	578f87a3245977356274f2cb	63.431	27.527	9.111
container-70d04d90146c2522b29a5e196bbbd35579107b12d052899413e582bec0658495	5714dbc024597771384a510d	container		578f879c24597735401e6bc6	578f879c24597735401e6bc6	578f879c24597735401e6bc6	15.4209623	27.77	97.60002
container-712f14782c82dad489cbee96515d16f2a7843652d5115ee0996429f02019e78e	5714dbc024597771384a510d	container		578f87a3245977356274f2cb	578f87a3245977356274f2cb	578f87a3245977356274f2cb	57.025	27.74	-205.484
container-715871778292e74378a14548489fe6a6b1f360d1938627ec24990a08205feab4	5714dbc024597771384a510d	container		578f87a3245977356274f2cb	578f87a3245977356274f2cb	578f87a3245977356274f2cb	23.484	28.0773	-103.148
container-716c06a9d18793631b499acfbfd4e65943e531bc17c27c3358ae5f949fc4151e	5714dbc024597771384a510d	container		578f87a3245977356274f2cb	578f87a3245977356274f2cb	578f87a3245977356274f2cb	70.237	37.072	-108.894
container-71b478c6409d6c584057589a89e1485b1dc87d0ce1f4509c9a16d8320ca0bb35	5714dbc024597771384a510d	container		59139c2186f77411564f8e42	59139c2186f77411564f8e42	59139c2186f77411564f8e42	1.75398719	27.3372841	-291.523041
container-72b317f703fcf743e364b8dff9926db2f06749cba26d8d17679c95adb1da2e01	5714dbc024597771384a510d	container		5909d5ef86f77467974efbd8	5909d5ef86f77467974efbd8	5909d5ef86f77467974efbd8	23.6262932	21.8968086	-165.825851
container-72fefce68d688aed5ab28bd61c66bb1ccea5063790f3aab383f81a633c4199a8	5714dbc024597771384a510d	container		59139c2186f77411564f8e42	59139c2186f77411564f8e42	59139c2186f77411564f8e42	-99.1471252	27.3372841	119.069267
container-7309d2d619b7218b0b5972de6a73e411f3f21d33b25cfdc33159532e67e411f5	5714dbc024597771384a510d	container		5d6d2b5486f774785c2ba8ea	5d6d2b5486f774785c2ba8ea	5d6d2b5486f774785c2ba8ea	-13.055	21.238	258.497
container-7343ebcc632573308176f0d3ad0c419a12eb39403a1aa523a8ecb26f13c2f05a	5714dbc024597771384a510d	container		578f87a3245977356274f2cb	578f87a3245977356274f2cb	578f87a3245977356274f2cb	12.149	27.469	-2.493
container-736385de4b506298558cfc4636e3be067d08139c8264762eedf61bbafd8a7971	5714dbc024597771384a510d	container		5909d36d86f774660f0bb900	5909d36d86f774660f0bb900	5909d36d86f774660f0bb900	-180.205475	27.6619072	-61.4277458
container-73f84e26c9ab978f9a91492ddc6ed826485f4539117e2edf8e40d748ff29fd79	5714dbc024597771384a510d	container		5d6d2bb386f774785b07a77a	5d6d2bb386f774785b07a77a	5d6d2bb386f774785b07a77a	472.934021	17.47887	-243.274658
container-7476e2f45b6a57846dfafd163dd6682afeab2ab84a075aa1dbd26680a80f1982	5714dbc024597771384a510d	container		5909d24f86f77466f56e6855	5909d24f86f77466f56e6855	5909d24f86f77466f56e6855	33.4853172	27.7501621	-101.224068
container-748e40a17870e3ad1a74f7f0ad240f85a7ca99e7cb12c58e002d5cbbfa242f06	5714dbc024597771384a510d	container		5909d7cf86f77470ee57d75a	5909d7cf86f77470ee57d75a	5909d7cf86f77470ee57d75a	34.649	21.7489986	1.2559998
container-74a8e3e7528fa8904d62d6103852273a2a3d54c243d553b08de3885eecedfb5a	5714dbc024597771384a510d	container		578f879c24597735401e6bc6	578f879c24597735401e6bc6	578f879c24597735401e6bc6	-84.3212	27.776495	-66.45119
container-74bb97e4f27e1e161288bae07e9a4ba64a0abb59471f1ffc9d8c4cc38be2df68	5714dbc024597771384a510d	container		578f87ad245977356274f2cc	578f87ad245977356274f2cc	578f87ad245977356274f2cc	264.28302	21.723999	371.691071
container-74dbfb8f9d6305dfac7d49e7f431d2378b0d5120ed72c80bee7a47b3db68099b	5714dbc024597771384a510d	container		578f87a3245977356274f2cb	578f87a3245977356274f2cb	578f87a3245977356274f2cb	69.373	27.605	-57.49
container-74e74979ded5b2ec2c4a998f45c0001c77ad0299fd310cd53734c73a6ee1cd16	5714dbc024597771384a510d	container		578f87a3245977356274f2cb	578f87a3245977356274f2cb	578f87a3245977356274f2cb	-162.434	21.938	90.458
container-75109cafb89df0b6a72dca7125acc40216a4924dfeed77b362efd2905523737b	5714dbc024597771384a510d	container		5909d24f86f77466f56e6855	5909d24f86f77466f56e6855	5909d24f86f77466f56e6855	62.254158	22.356781	-254.114365
container-753e48556d62a872ebad5640d2a9c7128c315ba99f9d52c8493e3d731c8b81ca	5714dbc024597771384a510d	container		5d6d2bb386f774785b07a77a	5d6d2bb386f774785b07a77a	5d6d2bb386f774785b07a77a	113.541634	19.3723927	-358.954865
container-75cbea6cd857cd7c31ab25648e28c561d0db43ae03165a56346bc5f3adf42907	5714dbc024597771384a510d	container		578f879c24597735401e6bc6	578f879c24597735401e6bc6	578f879c24597735401e6bc6	80.77603	28.1008835	-294.292
container-75f51f7a0155bd047f9e06c2232986eda1e366d7896a47ead6346376a404819c	5714dbc024597771384a510d	container		5d6d2b5486f774785c2ba8ea	5d6d2b5486f774785c2ba8ea	5d6d2b5486f774785c2ba8ea	117.665	23.159	367.982
container-7622d93020e94c57b29f2979e429231ba2783e6e9028b8d105bc0c3a006fb850	5714dbc024597771384a510d	container		578f879c24597735401e6bc6	578f879c24597735401e6bc6	578f879c24597735401e6bc6	24.62219	27.76	-215.786942
container-767164810448bc94927fc031b3eee767acff2f224d64692b5e461ca8ce0e95db	5714dbc024597771384a510d	container		578f87a3245977356274f2cb	578f87a3245977356274f2cb	578f87a3245977356274f2cb	70.46741	27.738	-256.937317
container-76abcb816ce629c2840102b2f62f6fa55288f1583547fe4d4477bf11473bf741	5714dbc024597771384a510d	container		5909d7cf86f77470ee57d75a	5909d7cf86f77470ee57d75a	5909d7cf86f77470ee57d75a	0.208	21.769001	-77.093
container-76b239571b2ec73eccdda9f89833e92c8d60e9209d0c7505011b597edb41c89b	5714dbc024597771384a510d	container		59139c2186f77411564f8e42	59139c2186f77411564f8e42	59139c2186f77411564f8e42	86.05	27.3331013	127.963005
container-776b424c42e5b2a602ebea228793be395ec42a7e28f6e2032dfb0161b402c349	5714dbc024597771384a510d	container		5d6d2bb386f774785b07a77a	5d6d2bb386f774785b07a77a	5d6d2bb386f774785b07a77a	243.662079	20.0247	222.542374
container-7776476f531a71538412a1c38a41ed2428b9fa58c318fac701c8926890447c24	5714dbc024597771384a510d	container		5909d50c86f774659e6aaebe	5909d50c86f774659e6aaebe	5909d50c86f774659e6aaebe	-105.087448	27.6195	149.433456
container-777c9c734ede3f694e390d7b004e57313087bfca7e50eacad32d680f6f15c54a	5714dbc024597771384a510d	container		5d6d2b5486f774785c2ba8ea	5d6d2b5486f774785c2ba8ea	5d6d2b5486f774785c2ba8ea	10.571	20.204	301.892
container-779837ceea97bd1f1bf534843873da0716caa5206f84989047a24c85e4614b44	5714dbc024597771384a510d	container		5909d5ef86f77467974efbd8	5909d5ef86f77467974efbd8	5909d5ef86f77467974efbd8	-85.99799	22.0570011	-163.812408
container-77ac3e975ec1b2e809119baf353d64c1469f6dd891fcf375c15cdfda3df8fb68	5714dbc024597771384a510d	container		5909d76c86f77471e53d2adf	5909d76c86f77471e53d2adf	5909d76c86f77471e53d2adf	4.27498245	24.302	-137.655838
container-77ad4ceeb4799a639601ff6c1d996284e407146bdd3114f0925e05feb266dd06	5714dbc024597771384a510d	container		578f879c24597735401e6bc6	578f879c24597735401e6bc6	578f879c24597735401e6bc6	24.62219	27.76	-235.93602
container-77ad58bdf1a42bd83c26b6ae45da18754a32217e0230f9f00914f4020a71bc31	5714dbc024597771384a510d	container		5909d7cf86f77470ee57d75a	5909d7cf86f77470ee57d75a	5909d7cf86f77470ee57d75a	41.312	37.0249977	12.207
container-78a461b51a340474e6a00b978aaa1e24354627f5e3904131d79007e5c50a3896	5714dbc024597771384a510d	container		578f87a3245977356274f2cb	578f87a3245977356274f2cb	578f87a3245977356274f2cb	80.892	27.605	-125.338
container-79b222eacb1b41e3a25004cd5b75b479269e29e3940cc90228d418759c46d050	5714dbc024597771384a510d	container		578f87ad245977356274f2cc	578f87ad245977356274f2cc	578f87ad245977356274f2cc	-92.3627	27.463	-103.037285
container-79ceeb928a67c99755fc9638b6f4cd5e21a0607d99ee840b8c0055542286036e	5714dbc024597771384a510d	container		5d6d2bb386f774785b07a77a	5d6d2bb386f774785b07a77a	5d6d2bb386f774785b07a77a	-221.728	21.339	-375.783
container-79fa7e3900b5d170194ae3b9809fa466379f619aa6b6fb16f8f9bbb34bf6c9ba	5714dbc024597771384a510d	container		5909d36d86f774660f0bb900	5909d36d86f774660f0bb900	5909d36d86f774660f0bb900	-157.497421	28.262907	-74.93424
container-7a2a6b17ffb42be3011cdb1f9226144d7ce30a97dfe17b40f4acf95a5860962b	5714dbc024597771384a510d	container		59139c2186f77411564f8e42	59139c2186f77411564f8e42	59139c2186f77411564f8e42	37.962	27.3324947	147.41507
container-7a3a8e8ead580345f37f96f947cb3e069d889448d90452df769100bc9e16630b	5714dbc024597771384a510d	container		578f87a3245977356274f2cb	578f87a3245977356274f2cb	578f87a3245977356274f2cb	48.2251	36.9936	-107.3988
container-7a76e7cfe4385e2452493ca2b42cd147ed67d75645b491e5bf2125abaf59a562	5714dbc024597771384a510d	container		5909d50c86f774659e6aaebe	5909d50c86f774659e6aaebe	5909d50c86f774659e6aaebe	-107.273819	28.2034988	132.1064
container-7a9361c5287d4e6e67aa5675ce47612753bdde02741519a1f4f83c6bcb7fc888	5714dbc024597771384a510d	container		578f87a3245977356274f2cb	578f87a3245977356274f2cb	578f87a3245977356274f2cb	-102.659546	27.7018089	-224.567383
container-7aed6d328a0958b3bff654be352e9996174391b8bca1e7860d149c04fd5f628e	5714dbc024597771384a510d	container		578f87ad245977356274f2cc	578f87ad245977356274f2cc	578f87ad245977356274f2cc	-29.0339546	21.6990013	125.964767
container-7af026b6edfd91aa1e761e5d664098ce20bc19dda9fdc4dc2edd459f42dc829d	5714dbc024597771384a510d	container		578f87a3245977356274f2cb	578f87a3245977356274f2cb	578f87a3245977356274f2cb	-178.274	21.312	-81.583
container-7af10b0314666fd3a4f14e208ca439b587a646bea38713c1935556d6135e5b14	5714dbc024597771384a510d	container		5d6d2b5486f774785c2ba8ea	5d6d2b5486f774785c2ba8ea	5d6d2b5486f774785c2ba8ea	-47.306	21.297	231.468
container-7b533abd8ad85e3e5f1bfc36c6cc4020a5eff59a2f127f20838491744d0340e3	5714dbc024597771384a510d	container		578f879c24597735401e6bc6	578f879c24597735401e6bc6	578f879c24597735401e6bc6	-83.62959	27.7765026	2.1070106
container-7bb5a5ce24e24afb8400b99dac68086c08557c50cab05084a568732b4873990c	5714dbc024597771384a510d	container		5d6d2b5486f774785c2ba8ea	5d6d2b5486f774785c2ba8ea	5d6d2b5486f774785c2ba8ea	31.064	23.693	330.852
container-7c251150bca20b6aafb156defe75f4c945a2d78b73f19405e476ac33bf53615d	5714dbc024597771384a510d	container		5909d50c86f774659e6aaebe	5909d50c86f774659e6aaebe	5909d50c86f774659e6aaebe	-248.758972	21.7535	-353.794037
container-7c56a89a1439c026ef6bbd58d6318576eb2cdfba993d6edad76bf20bb69d9be3	5714dbc024597771384a510d	container		578f87a3245977356274f2cb	578f87a3245977356274f2cb	578f87a3245977356274f2cb	28.945	27.641	53.494
container-7c7b178f48825c0583d333042c3cebe21102efb2050f778943b676e2358bc0b0	5714dbc024597771384a510d	container		5909d24f86f77466f56e6855	5909d24f86f77466f56e6855	5909d24f86f77466f56e6855	-120.234825	22.4973545	-239.38559
container-7c8cfb8f16b13337a34806b2b8c4623714c50532502557a4486f0f903b01d185	5714dbc024597771384a510d	container		578f87a3245977356274f2cb	578f87a3245977356274f2cb	578f87a3245977356274f2cb	-64.155	27.072	50.203
container-7cc21c6c1d20ec615c200fe90e05be4d865b4f3c3e70cb9137864afbd81341e2	5714dbc024597771384a510d	container		578f87a3245977356274f2cb	578f87a3245977356274f2cb	578f87a3245977356274f2cb	-107.574	22.3838081	177.166
container-7d25f55c305818cb720569a1719f552afbcb0f2af1912eb123dadea80dd1116c	5714dbc024597771384a510d	container		5909d50c86f774659e6aaebe	5909d50c86f774659e6aaebe	5909d50c86f774659e6aaebe	-82.93209	27.6225	175.548737
container-7d88d7f76cc985ace29418a21a28e80e9d7142b1611497ff5ae772d6ba635d90	5714dbc024597771384a510d	container		578f87a3245977356274f2cb	578f87a3245977356274f2cb	578f87a3245977356274f2cb	-2.075	22.917	-172.471
container-7ee4c392b70d7fc24be5830335f6212acdd8d48306f635b4084f536063d874e0	5714dbc024597771384a510d	container		5909d50c86f774659e6aaebe	5909d50c86f774659e6aaebe	5909d50c86f774659e6aaebe	-170.377182	27.6565	-134.7256
container-7f3555c44bfd82d6015fb3e6fd037ed83e592d3ed0cfee53a9982ed59a2e9718	5714dbc024597771384a510d	container		578f87a3245977356274f2cb	578f87a3245977356274f2cb	578f87a3245977356274f2cb	84.27	27.9208	114.474
container-7f3e66252705d2e97103453beef3ceb147c24ff096a64524960d1c55dcc22784	5714dbc024597771384a510d	container		5d6d2b5486f774785c2ba8ea	5d6d2b5486f774785c2ba8ea	5d6d2b5486f774785c2ba8ea	-61.399	24.227	297.325
container-7f7b6175b83f896b07f960fb60f4c742c8acc2cc36663b312c42ed1304ea2671	5714dbc024597771384a510d	container		5909d76c86f77471e53d2adf	5909d76c86f77471e53d2adf	5909d76c86f77471e53d2adf	41.2126656	21.73	-116.8278
container-7fa51506400f3f5fe06872353412be5cc93d56a508b6205b73b9d5329e7572c3	5714dbc024597771384a510d	container		578f8778245977358849a9b5	578f8778245977358849a9b5	578f8778245977358849a9b5	33.5834961	28.29	-119.962807
container-7fad34c97adcaf5a25eb88e693db493f104e307e8f4e09e4e6b0d465c910e956	5714dbc024597771384a510d	container		578f87a3245977356274f2cb	578f87a3245977356274f2cb	578f87a3245977356274f2cb	-109.284668	28.684	117.172958
container-7fcabb32d300568c720c37024796f3288753a4999b96d81fe0f62026c30f3c99	5714dbc024597771384a510d	container		5909d7cf86f77470ee57d75a	5909d7cf86f77470ee57d75a	5909d7cf86f77470ee57d75a	-222.019592	22.12	-274.491
container-7fd90d15bef8612e2313e60ad3d32e8f93e5c97edd41bb9c2da9cd15126f01b7	5714dbc024597771384a510d	container		5909d76c86f77471e53d2adf	5909d76c86f77471e53d2adf	5909d76c86f77471e53d2adf	-4.79048538	21.703	60.6520042
container-800ed95642c3816b4c91214720b4022354aaf689bb22dd67579ecb2904525411	5714dbc024597771384a510d	container		578f879c24597735401e6bc6	578f879c24597735401e6bc6	578f879c24597735401e6bc6	26.5921783	27.76	-249.899017
container-8028932e4b1657d28f3aa357974bd09eab4b29bb03adf14ecc61292d58085f52	5714dbc024597771384a510d	container		5d6d2b5486f774785c2ba8ea	5d6d2b5486f774785c2ba8ea	5d6d2b5486f774785c2ba8ea	66.9327	20.9319	-396.7644
container-810e197ba690be8b485aa4f39a5d18d8ca4fedcab86edeeae980d0c7dc178830	5714dbc024597771384a510d	container		578f87a3245977356274f2cb	578f87a3245977356274f2cb	578f87a3245977356274f2cb	-89.799	27.1	38.65
container-815a07b01ce67b01503c4c92c40c620267fba1b8b83e3e614bc0afba385eb37e	5714dbc024597771384a510d	container		578f87ad245977356274f2cc	578f87ad245977356274f2cc	578f87ad245977356274f2cc	-15.3174152	28.277	-235.435043
container-81762c49ac6bdb443af3bd04448416c548c6c037e762a128d0b31f569cbd2f5b	5714dbc024597771384a510d	container		5909d5ef86f77467974efbd8	5909d5ef86f77467974efbd8	5909d5ef86f77467974efbd8	-39.4523125	27.7261772	-41.05985
container-81e450b48f519d456187c699c8034459cda1885a837902988dce3651d2dee282	5714dbc024597771384a510d	container		5c052cea86f7746b2101e8d8	5c052cea86f7746b2101e8d8	5c052cea86f7746b2101e8d8	260.8376	22.0837746	202.49791
container-8274a027843125b26b4137c7f0ee72365d981774b3a1f13393d9b73495f065dc	5714dbc024597771384a510d	container		578f879c24597735401e6bc6	578f879c24597735401e6bc6	578f879c24597735401e6bc6	-89.228	28.101	37.6970444
container-82b6b8cea9cb9d9a299b6f2989f07e0fb84c0960a05044492d9a01d30573a336	5714dbc024597771384a510d	container		578f879c24597735401e6bc6	578f879c24597735401e6bc6	578f879c24597735401e6bc6	24.62219	27.76	-222.498978
container-83806ae43bc478a70b8c5b4400d7e51b2b96b42a6e9cb023e0795f8dda25b2bf	5714dbc024597771384a510d	container		5c052cea86f7746b2101e8d8	5c052cea86f7746b2101e8d8	5c052cea86f7746b2101e8d8	153.36348	22.1605511	43.34418
container-838472356dd2bb67d5740980628263fb621e62ba911c3be3c9e0cceb9ae60bcd	5714dbc024597771384a510d	container		5909d50c86f774659e6aaebe	5909d50c86f774659e6aaebe	5909d50c86f774659e6aaebe	55.3257446	27.6405	128.164429
container-83b9d0b331acab01503f3991706111ccb49b46b969564d78e848f1bcefdedf2a	5714dbc024597771384a510d	container		5909d50c86f774659e6aaebe	5909d50c86f774659e6aaebe	5909d50c86f774659e6aaebe	-181.333786	27.6315	11.6829987
container-848486964ff34bd2decd79113a37bc91e2c4febc800144bd7a7356be151c7851	5714dbc024597771384a510d	container		5909d50c86f774659e6aaebe	5909d50c86f774659e6aaebe	5909d50c86f774659e6aaebe	-91.06	27.6150169	139.8906
container-8503b8121a2271e1029dee13edf1e51e4cd768ae445ef7bb68a7f493193d3bbf	5714dbc024597771384a510d	container		578f879c24597735401e6bc6	578f879c24597735401e6bc6	578f879c24597735401e6bc6	-83.51459	27.7764988	-20.4
container-8517a422247579edc821bb9a72f1e39c01da92a2d457bcb35a82dcd6c65289fe	5714dbc024597771384a510d	container		578f87a3245977356274f2cb	578f87a3245977356274f2cb	578f87a3245977356274f2cb	82.290596	27.627	178.493
container-855bf48ac87cc0605f8741d2c93dce448c3d93498142d6d252ebe13469d85656	5714dbc024597771384a510d	container		578f87a3245977356274f2cb	578f87a3245977356274f2cb	578f87a3245977356274f2cb	-44.559	27.599	-11.378
container-86aa6a3ee2434b7fc79b76c9846abdedb3927af1f0b4cffc313a73ac44a93f41	5714dbc024597771384a510d	container		5909d50c86f774659e6aaebe	5909d50c86f774659e6aaebe	5909d50c86f774659e6aaebe	25.3081055	27.4681988	-135.508591
container-87288e9591934e47fcfd24ddc5905731e7aea5e6a6dfd0bc0ad8ba5f612094f5	5714dbc024597771384a510d	container		578f87a3245977356274f2cb	578f87a3245977356274f2cb	578f87a3245977356274f2cb	-112.581	27.217	-130.622
container-8749cfced4d3660abc8f06be8df4b8b48414b451797462b01d166759869c6635	5714dbc024597771384a510d	container		578f87a3245977356274f2cb	578f87a3245977356274f2cb	578f87a3245977356274f2cb	4.194	21.316	16.34
container-8854a3698bf77f61b6392bbac5002a1aab167238918637967aebe406de7713e4	5714dbc024597771384a510d	container		578f879c24597735401e6bc6	578f879c24597735401e6bc6	578f879c24597735401e6bc6	76.515	37.567	-10.2190008
container-888dc4a2931c51a16f1c5e5deccaba8d48b834d9044a56fb012568a0fcbee603	5714dbc024597771384a510d	container		578f87b7245977356274f2cd	578f87b7245977356274f2cd	578f87b7245977356274f2cd	-48.55758	37.3966751	58.76062
container-89ce154c8b67a8256ac1b160798beb598997e149180a16a73a14963fdf661014	5714dbc024597771384a510d	container		578f87a3245977356274f2cb	578f87a3245977356274f2cb	578f87a3245977356274f2cb	-6.767	22.395	9.73
container-8a078d16b8ef9463e7cc736959890b44cfc0b95348b5e17443a4aab43c6284ee	5714dbc024597771384a510d	container		578f879c24597735401e6bc6	578f879c24597735401e6bc6	578f879c24597735401e6bc6	76.515	37.567	-9.231002
container-8a6ae2656b29ffa75c3ffede642161b40d6b0ed3dd3868e0d73878b89746e599	5714dbc024597771384a510d	container		5909d5ef86f77467974efbd8	5909d5ef86f77467974efbd8	5909d5ef86f77467974efbd8	-105.068565	27.19492	68.76854
container-8af76b336e6d735c0df37724b3ce2a6120dd98a3e095db15228bcd96b2dc37f3	5714dbc024597771384a510d	container		578f879c24597735401e6bc6	578f879c24597735401e6bc6	578f879c24597735401e6bc6	-12.4899435	27.77	99.57
container-8b900c5265944e4b58e2f5b6290f1372fabb24d49dedaa78a6d13d9e3afd0079	5714dbc024597771384a510d	container		5909d5ef86f77467974efbd8	5909d5ef86f77467974efbd8	5909d5ef86f77467974efbd8	-133.352036	29.795	44.2126465
container-8bb68351363fa30ee5b15ff06b72063ec944cacca3dffc8e7dd80793499a4099	5714dbc024597771384a510d	container		578f879c24597735401e6bc6	578f879c24597735401e6bc6	578f879c24597735401e6bc6	24.6221828	27.76	-262.87
container-8c846c7ae2c17adc532f82ccd24456604860da0583fc07f670b4407df1369b08	5714dbc024597771384a510d	container		578f87a3245977356274f2cb	578f87a3245977356274f2cb	578f87a3245977356274f2cb	-194.077	28.312	5.807
container-8cdaa1c82799633c655d0e44e95caee569d8116a332c69311b2158e58001c514	5714dbc024597771384a510d	container		5909d76c86f77471e53d2adf	5909d76c86f77471e53d2adf	5909d76c86f77471e53d2adf	-142.85527	27.6978	52.4434357
container-8d77988122db1d709a0411941b8e922b2a9d8d74559a857cda729800736c8fe0	5714dbc024597771384a510d	container		578f87a3245977356274f2cb	578f87a3245977356274f2cb	578f87a3245977356274f2cb	11.035	27.079	-138.609
container-8dcba7a0b1ebfb087b9fc6711bf79007d54823fae2c5a9d4fa7e217a38e907f3	5714dbc024597771384a510d	container		578f87a3245977356274f2cb	578f87a3245977356274f2cb	578f87a3245977356274f2cb	94.851	21.507	-72.842
container-8df08fff8e16535d95a70c8305f175f25c3d52f1742ac026e61712e861558c4b	5714dbc024597771384a510d	container		578f879c24597735401e6bc6	578f879c24597735401e6bc6	578f879c24597735401e6bc6	-31.4499626	27.77	99.57
container-8edd52e75adf950e02db6df3a3380840285b43971dedadd7625b3173e16bfe1f	5714dbc024597771384a510d	container		578f879c24597735401e6bc6	578f879c24597735401e6bc6	578f879c24597735401e6bc6	16.6429958	37.552	-30.9230042
container-8f1821a4a650483a54503a5fd815bf53fb5542cdbaa1e8990e716c11af3c974e	5714dbc024597771384a510d	container		578f8778245977358849a9b5	578f8778245977358849a9b5	578f8778245977358849a9b5	-211.124939	22.9912987	-359.5204
container-8f1ffbbc86d9d922c3e2f20369635aa46285cf131b628f44bae41bc07df2d3f4	5714dbc024597771384a510d	container		578f87a3245977356274f2cb	578f87a3245977356274f2cb	578f87a3245977356274f2cb	-14.1521	27.327	-213.4575
container-8f4acd38fe447d315b982a5db3d12b7555000e37152da6743449cc3083f97174	5714dbc024597771384a510d	container		578f879c24597735401e6bc6	578f879c24597735401e6bc6	578f879c24597735401e6bc6	26.592186	27.76	-216.305969
container-8fa0e090a40ba821eb781f83aa6815de863f8084fa2c886f13fda64ec8930901	5714dbc024597771384a510d	container		5d6d2bb386f774785b07a77a	5d6d2bb386f774785b07a77a	5d6d2bb386f774785b07a77a	-294.156921	21.0408611	196.8323
container-8fa46348a31ae6a63fb6c2833c3939a9d12b6eb69ea6b5bdcf03a54b7bcd3caf	5714dbc024597771384a510d	container		578f87a3245977356274f2cb	578f87a3245977356274f2cb	578f87a3245977356274f2cb	-66.4003	21.317	71.0212
container-904c3923e7288bc5e6caeb5cd6e63109d258ee7317935ae3ea3a5cfe364d1190	5714dbc024597771384a510d	container		5909d5ef86f77467974efbd8	5909d5ef86f77467974efbd8	5909d5ef86f77467974efbd8	-57.1174126	27.2012177	-34.8346519
container-90c1e4a9f9ee2906947e8cee6ecf103940c9eb9c1a766cedf2a2afd92eb43807	5714dbc024597771384a510d	container		5909d50c86f774659e6aaebe	5909d50c86f774659e6aaebe	5909d50c86f774659e6aaebe	-209.6266	21.5924988	-352.311768
container-9219fed55d6fd8bee875826e9dab1cb4d13fec41aeada098fbc3b8d2dff58ecb	5714dbc024597771384a510d	container		578f879c24597735401e6bc6	578f879c24597735401e6bc6	578f879c24597735401e6bc6	76.40201	37.557	-98.704
container-921aeff659d25bfc4379c03fbc2322904ceb9e972e31ac071c6c46609af2d636	5714dbc024597771384a510d	container		578f879c24597735401e6bc6	578f879c24597735401e6bc6	578f879c24597735401e6bc6	66.80673	27.8453255	11.3500013
container-927e4e114807cd12139fdb2494ce3174fc3ee1ef83d52fa9143e687b4b3db952	5714dbc024597771384a510d	container		578f879c24597735401e6bc6	578f879c24597735401e6bc6	578f879c24597735401e6bc6	-32.3350067	37.544	-101.593
container-927f8022a3ac64e595608cb5a9ad34b2024687b189ec58a0ecf0bfdf61431177	5714dbc024597771384a510d	container		578f87a3245977356274f2cb	578f87a3245977356274f2cb	578f87a3245977356274f2cb	-175.34	28.35	-110.11
container-92d4627dbc28d10dc09cd95e731f481b0850dae5f9688492378ada1954bf05c6	5714dbc024597771384a510d	container		578f87b7245977356274f2cd	578f87b7245977356274f2cd	578f87b7245977356274f2cd	-48.57158	37.3966751	59.75062
container-931f4426eb376f14e191e9d957d2f406851b8cfbba9dfa30d6a75ba8ba1bd570	5714dbc024597771384a510d	container		5909d76c86f77471e53d2adf	5909d76c86f77471e53d2adf	5909d76c86f77471e53d2adf	34.1542473	23.628	253.478363
container-93f3ff4851d6460559e3ccb21d76602cc0a3330e401e1a47cce259dac1a7bb28	5714dbc024597771384a510d	container		59139c2186f77411564f8e42	59139c2186f77411564f8e42	59139c2186f77411564f8e42	-65.93806	27.33728	-162.355865
container-9415a0533a0061866b8b7fe1a68cd98afc70b8298a8e8c5ed3ec98c6330725a8	5714dbc024597771384a510d	container		578f87a3245977356274f2cb	578f87a3245977356274f2cb	578f87a3245977356274f2cb	75.179	27.0781	129.251
container-945047d665d2f68cfaae2f4bdb437c25f0ed421fd37de30e1e3dcb624e669dc4	5714dbc024597771384a510d	container		5d6d2bb386f774785b07a77a	5d6d2bb386f774785b07a77a	5d6d2bb386f774785b07a77a	-26.16572	21.7878036	-361.863983
container-946620aec0fcba8e3fdffdb3681bb55a4891e6db74fb2a89179f3da8606d4dc3	5714dbc024597771384a510d	container		5909e4b686f7747f5b744fa4	5909e4b686f7747f5b744fa4	5909e4b686f7747f5b744fa4	170.457	21.339	128.721008
container-9507fab1b76f58bd5ef2f4358e53aef93e03e2ddb391542eca6235d7c3bdb0ab	5714dbc024597771384a510d	container		578f879c24597735401e6bc6	578f879c24597735401e6bc6	578f879c24597735401e6bc6	97.3931351	27.8444824	-89.36079
container-95229fcdba436f5070020a1d0771c7deb2001d27517fa8e76b2e5b98116df7e6	5714dbc024597771384a510d	container		5909d24f86f77466f56e6855	5909d24f86f77466f56e6855	5909d24f86f77466f56e6855	17.5917931	27.7106667	-132.763489
container-9532591da2195820d0c795d5991ceea5e0d8b27f72ecb165d881c099d6f85b39	5714dbc024597771384a510d	container		5909d5ef86f77467974efbd8	5909d5ef86f77467974efbd8	5909d5ef86f77467974efbd8	-81.75945	27.1904049	-138.994156
container-958bb8731cb4c362cf5a7eff36b5ab255dfce1168947950ba63b3552db0f8839	5714dbc024597771384a510d	container		578f87a3245977356274f2cb	578f87a3245977356274f2cb	578f87a3245977356274f2cb	-12.15	27.081	29.956
container-95c58bd4a7ef470de07eb04d01a38fb3e3d563690fe5870144d700c5df705761	5714dbc024597771384a510d	container		5d6d2b5486f774785c2ba8ea	5d6d2b5486f774785c2ba8ea	5d6d2b5486f774785c2ba8ea	129.111	21.821	310.563
container-96187268410246fe4424e836ce8006ec1fe845dbbd80ad59eeafd20809fd5014	5714dbc024597771384a510d	container		5d6d2bb386f774785b07a77a	5d6d2bb386f774785b07a77a	5d6d2bb386f774785b07a77a	194.16983	21.3698063	123.268532
container-961a1e596733df3e1615f7f0bbc0a8b25969fcb270c3cfa067b6cf571a0d4429	5714dbc024597771384a510d	container		578f87a3245977356274f2cb	578f87a3245977356274f2cb	578f87a3245977356274f2cb	80.42	21.7439	-207.331
container-96d3efaf23ae47b0960db0927381b6a6403692ba23c854b247a900f54cb9d27b	5714dbc024597771384a510d	container		5909d4c186f7746ad34e805a	5909d4c186f7746ad34e805a	5909d4c186f7746ad34e805a	62.5297546	21.71327	-254.013931
container-96f3289b5954a951dc117836c2749aabbe51eec74bfd19a1abb310b4a417e28e	5714dbc024597771384a510d	container		578f87a3245977356274f2cb	578f87a3245977356274f2cb	578f87a3245977356274f2cb	9.159	27.305	-136.627
container-972d2a077edc66e68c15e17e4395d5b83be28ee882f0d921b8bed71f801517ae	5714dbc024597771384a510d	container		5909d45286f77465a8136dc6	5909d45286f77465a8136dc6	5909d45286f77465a8136dc6	-157.193542	28.3996334	60.3424835
container-974a5bc235336d525358db53e071ae57af4bf400fb7d022ab5168ccefced9a60	5714dbc024597771384a510d	container		5909d5ef86f77467974efbd8	5909d5ef86f77467974efbd8	5909d5ef86f77467974efbd8	-24.2090263	27.181	-22.8843555
container-977f1a55b02a6dfb27a1f5e5d473f4625d8c4f5292a77f71d5cb567afbe491f5	5714dbc024597771384a510d	container		59139c2186f77411564f8e42	59139c2186f77411564f8e42	59139c2186f77411564f8e42	-70.00513	27.3331	48.0279274
container-97af7d21b9853382f2acdd5055fa5d5108fa9a16b21047217e56bb2fb79a7d76	5714dbc024597771384a510d	container		5909d76c86f77471e53d2adf	5909d76c86f77471e53d2adf	5909d76c86f77471e53d2adf	31.6428528	21.712162	-129.817459
container-97e2161805d576fbf441b0135a1d06ea27ae77f12ed61d0424def0664564de52	5714dbc024597771384a510d	container		5d6d2bb386f774785b07a77a	5d6d2bb386f774785b07a77a	5d6d2bb386f774785b07a77a	149.371658	21.3794079	-212.034
container-97efe6b003c0d5449ace9e7a03b402c5d3fa96eea8a8dc1f23edf1092aee9259	5714dbc024597771384a510d	container		5909d50c86f774659e6aaebe	5909d50c86f774659e6aaebe	5909d50c86f774659e6aaebe	-3.7768898	36.8485031	-6.048296
container-98c09d603150d15f20163710ebd4b4fe97a95ddc75e6080b81250b59709593dd	5714dbc024597771384a510d	container		578f87a3245977356274f2cb	578f87a3245977356274f2cb	578f87a3245977356274f2cb	-151.022	22.376	48.49
container-98c661318dc5fbf5023d3b76ecdd148aa628906888ea0c9e557ef74d167ac1f0	5714dbc024597771384a510d	container		578f87a3245977356274f2cb	578f87a3245977356274f2cb	578f87a3245977356274f2cb	32.227	27.632	-138.516
container-990f2fa803291d864d1e8a6f936c5b5a03fcec4d3babca9587319bf5e6a8495b	5714dbc024597771384a510d	container		5909d76c86f77471e53d2adf	5909d76c86f77471e53d2adf	5909d76c86f77471e53d2adf	75.8378448	27.477	186.12532
container-9923ffbc55c7b76b477cd08672a728a26dc0dc3ce51934c33eb6d1081ce510d1	5714dbc024597771384a510d	container		5909d50c86f774659e6aaebe	5909d50c86f774659e6aaebe	5909d50c86f774659e6aaebe	-237.750214	21.598	-372.751373
container-9954c5ec6ca8c82938c2f3e35af9122fe91e7b8b8db1bd68ec512f6b0e5c9fef	5714dbc024597771384a510d	container		578f8778245977358849a9b5	578f8778245977358849a9b5	578f8778245977358849a9b5	13.495204	28.2249985	3.078846
container-99984bacee933a8f5d2f5d50c13fadc8c69899518fffcff698d74cbcf3b28af8	5714dbc024597771384a510d	container		578f87ad245977356274f2cc	578f87ad245977356274f2cc	578f87ad245977356274f2cc	-24.1591454	21.6990013	115.944992
container-999c168625c2987757b8cdfe5a41227e086b27d20bc2c5876b718303c478924b	5714dbc024597771384a510d	container		5d6d2bb386f774785b07a77a	5d6d2bb386f774785b07a77a	5d6d2bb386f774785b07a77a	-311.622162	22.1401443	139.550964
container-9a100869f8b63632473442dd56cf0db71c4bdc2ef58ab3f72184cc0cc6eab7d6	5714dbc024597771384a510d	container		5909d5ef86f77467974efbd8	5909d5ef86f77467974efbd8	5909d5ef86f77467974efbd8	-115.2286	21.629	127.375458
container-9a3ea3ad18c95279d865a4d6a217124da1607452facb809fd6af1c50444bc35c	5714dbc024597771384a510d	container		5909d50c86f774659e6aaebe	5909d50c86f774659e6aaebe	5909d50c86f774659e6aaebe	95.54182	37.1415024	-130.711548
container-9a73b0872db24711fa2af7a2fc9e0f776219fdb1a8631ba6ffd0300f04ade23f	5714dbc024597771384a510d	container		578f87a3245977356274f2cb	578f87a3245977356274f2cb	578f87a3245977356274f2cb	25.544	27.339	-22.184
container-9a9750e37436152edeb28a86ef4786bc5fe4fffd515ff2a8671b71294514d45e	5714dbc024597771384a510d	container		578f879c24597735401e6bc6	578f879c24597735401e6bc6	578f879c24597735401e6bc6	24.62219	27.76	-242.510971
container-9ad5eaf19811198133bdfb0b2b2c94ecc2f4cde9f8f1f7d85b83fafb735528c3	5714dbc024597771384a510d	container		578f879c24597735401e6bc6	578f879c24597735401e6bc6	578f879c24597735401e6bc6	-83.51459	27.7764988	-18.1169949
container-9b34e0e4f96590f39e28e6d76201a7399a781fac970779a772bf8cce292e7f9d	5714dbc024597771384a510d	container		578f879c24597735401e6bc6	578f879c24597735401e6bc6	578f879c24597735401e6bc6	68.10306	22.5304565	-258.82196
container-9c0c5dbb76ab709625f18cef3ffb951b06590917336bbd47c7186fcabacab960	5714dbc024597771384a510d	container		5909d7cf86f77470ee57d75a	5909d7cf86f77470ee57d75a	5909d7cf86f77470ee57d75a	-22.96225	27.55129	-18.5836868
container-9c36a432493e11b1101f2ce06bc2069fa2260a5cd31ae791acb2941c98f0a0dd	5714dbc024597771384a510d	container		59139c2186f77411564f8e42	59139c2186f77411564f8e42	59139c2186f77411564f8e42	89.9808	27.19648	131.167938
container-9c625677ba4d45b14f7ac23c30b63e993008994b73d7d6841786061ae6817370	5714dbc024597771384a510d	container		5d6d2b5486f774785c2ba8ea	5d6d2b5486f774785c2ba8ea	5d6d2b5486f774785c2ba8ea	-123.979912	21.5920868	238.488
container-9c7ad117db0b0054caff8aaf74254ddaa8f82c08a44a0ab806d6b4191d4eb4f8	5714dbc024597771384a510d	container		5d6d2bb386f774785b07a77a	5d6d2bb386f774785b07a77a	5d6d2bb386f774785b07a77a	-322.953064	20.6230278	225.418823
container-9c7be56beba427453a117ad1eb0e115e92db3c53f2c17efb68788270d5433f34	5714dbc024597771384a510d	container		5d6d2bb386f774785b07a77a	5d6d2bb386f774785b07a77a	5d6d2bb386f774785b07a77a	369.16	18.655	-211.646
container-9cd2716ac28be08a4aab6dc104bd6541492ae8c9af6af91a5376eaf18e470154	5714dbc024597771384a510d	container		578f87a3245977356274f2cb	578f87a3245977356274f2cb	578f87a3245977356274f2cb	15.7929688	27.605	-133.87854
container-9d38af4b9dd3a29d4a615ab2362d6ae4e4c6a4f0bfc559a1f3189fb844a80a7a	5714dbc024597771384a510d	container		5909d45286f77465a8136dc6	5909d45286f77465a8136dc6	5909d45286f77465a8136dc6	-119.264862	21.4635353	-243.574127
container-9d56dc8b769fdc4143cfcdb5a0cc3fff7da4ce1edba29f55e0c89b39838953c4	5714dbc024597771384a510d	container		578f879c24597735401e6bc6	578f879c24597735401e6bc6	578f879c24597735401e6bc6	-30.07106	37.544	-7.448985
container-9e28b7df532ee282ece605fc109f91d751f680201b20a9a171e8e90e5cd73675	5714dbc024597771384a510d	container		5d6d2b5486f774785c2ba8ea	5d6d2b5486f774785c2ba8ea	5d6d2b5486f774785c2ba8ea	-85.896	21.228	221.214
container-9e773cce87bb0e36b5c05809d11c74388be1e5248bbc9f7ebae13e23c856db2f	5714dbc024597771384a510d	container		5909d76c86f77471e53d2adf	5909d76c86f77471e53d2adf	5909d76c86f77471e53d2adf	-21.0196533	21.726	-77.6153259
container-9ea123bb441fcc998d7d10f0319f00704b1fff3f66d2c5e3708ea320300ae7ed	5714dbc024597771384a510d	container		5909d7cf86f77470ee57d75a	5909d7cf86f77470ee57d75a	5909d7cf86f77470ee57d75a	56.1125	37.0248	31.725
container-9f000a9016182300f7672fd2cd4f5e80e33dc3d41a2c2105ee1e0af34ced0192	5714dbc024597771384a510d	container		5d6d2bb386f774785b07a77a	5d6d2bb386f774785b07a77a	5d6d2bb386f774785b07a77a	-203.364	21.447	-386.714
container-9f0dcb17b3631bc1d97b5478b28fb4ba37fb0bc666e6737e44f1aa361179e118	5714dbc024597771384a510d	container		5909d5ef86f77467974efbd8	5909d5ef86f77467974efbd8	5909d5ef86f77467974efbd8	139.124542	24.204	274.085938
container-9f4d2c167652bd301bcd2c8beae5a499a9d37cff34d1d25ec455747ceccc76f2	5714dbc024597771384a510d	container		5c052cea86f7746b2101e8d8	5c052cea86f7746b2101e8d8	5c052cea86f7746b2101e8d8	178.557846	22.1088753	24.009985
container-a010db7b8f5a53c98ca54d52cd1a77e7b7b6abdb64a6e1925bcf0782b4ed586f	5714dbc024597771384a510d	container		578f87a3245977356274f2cb	578f87a3245977356274f2cb	578f87a3245977356274f2cb	-177.597	21.468	-177.753
container-a04e70bcffcebd3b3c3dc0a8dc352683959259bf67c9d1560539df0aad96bf98	5714dbc024597771384a510d	container		5909d5ef86f77467974efbd8	5909d5ef86f77467974efbd8	5909d5ef86f77467974efbd8	-104.598	22.7859879	-227.118439
container-a1154510f5f2e0e51380e0d97b65013f4aa4f5d7e4229834952ad06f368cc649	5714dbc024597771384a510d	container		5d6d2b5486f774785c2ba8ea	5d6d2b5486f774785c2ba8ea	5d6d2b5486f774785c2ba8ea	161.8909	21.7674751	-266.850677
container-a15bd6c7f68fde00aa9fa0b2a628b932ff062d13f398d871b7d943c79abff6dd	5714dbc024597771384a510d	container		578f879c24597735401e6bc6	578f879c24597735401e6bc6	578f879c24597735401e6bc6	-83.40048	27.7764912	-101.475891
container-a1a8348dc1a65dd207dee83b039d60b32e64073bc60e40dba2de620f72a35f27	5714dbc024597771384a510d	container		578f879c24597735401e6bc6	578f879c24597735401e6bc6	578f879c24597735401e6bc6	76.41218	37.5590019	-26.159193
container-a1c0b571536a44fc86d81033498a7d837b9e964080b419babb5c990494ccb46d	5714dbc024597771384a510d	container		5909d5ef86f77467974efbd8	5909d5ef86f77467974efbd8	5909d5ef86f77467974efbd8	260.703278	22.11265	80.57094
container-a1fc6e05bbb7df23f8a0af1a174163fc5d5a35fe878aa8c957bec88986e8750b	5714dbc024597771384a510d	container		578f87a3245977356274f2cb	578f87a3245977356274f2cb	578f87a3245977356274f2cb	83.914	27.605	-143.563
container-a217e4a8020848ca9e31bbe816ed8638bbaa731a6bd37a027535d90af62eae2f	5714dbc024597771384a510d	container		59139c2186f77411564f8e42	59139c2186f77411564f8e42	59139c2186f77411564f8e42	-3.48898816	27.3372841	-293.622
container-a297b2a94b03e943a7a4796799e5d4a016fd694549ea2367a9b11f9dab16ecab	5714dbc024597771384a510d	container		578f87a3245977356274f2cb	578f87a3245977356274f2cb	578f87a3245977356274f2cb	-92.227	23.01	285.027
container-a3598e8e499f81a3950223a1c2c5f3a3fdb69a8e6affc3d4251b3f9d22c1f01b	5714dbc024597771384a510d	container		578f87a3245977356274f2cb	578f87a3245977356274f2cb	578f87a3245977356274f2cb	-192.23	20.492	-60.36
container-a41e7ba3408366b603699645d21a4986425ac4262950b9a0908e848cd8a7ee45	5714dbc024597771384a510d	container		5909d7cf86f77470ee57d75a	5909d7cf86f77470ee57d75a	5909d7cf86f77470ee57d75a	-17.102	38.223	50.026
container-a468b7bbc60799e09be847b64aa56e629ae7390300bf14f392b7921b8ab5a969	5714dbc024597771384a510d	container		5909d5ef86f77467974efbd8	5909d5ef86f77467974efbd8	5909d5ef86f77467974efbd8	-138.635544	27.615	204.824
container-a52fc784328dac76e8abc580e5e201da597b0af13e494dfb12ec3fc2b3e0484d	5714dbc024597771384a510d	container		5909d50c86f774659e6aaebe	5909d50c86f774659e6aaebe	5909d50c86f774659e6aaebe	-205.749527	21.6395	-348.180878
container-a530add8e0c7eebe6d0cfef81042d605b119a590e77a65a2b0f972111ea122d2	5714dbc024597771384a510d	container		5909d5ef86f77467974efbd8	5909d5ef86f77467974efbd8	5909d5ef86f77467974efbd8	77.3467255	22.2540016	-14.4389687
container-a5a806ae8ac3c53bd5ebb53e40ffabc9a2f8070a864aded54d8e0639d93098f2	5714dbc024597771384a510d	container		5c052cea86f7746b2101e8d8	5c052cea86f7746b2101e8d8	5c052cea86f7746b2101e8d8	110.578293	21.5571747	-137.788071
container-a5e718966efccfc3073b5cf81beba62759977c348d82e17f66c508b148baeccd	5714dbc024597771384a510d	container		5d6d2bb386f774785b07a77a	5d6d2bb386f774785b07a77a	5d6d2bb386f774785b07a77a	435.8316	17	-246.6426
container-a5f660aa9a207fba34570b4aba3af8792ce774d8460f44d58b659a7e6146059c	5714dbc024597771384a510d	container		5909d50c86f774659e6aaebe	5909d50c86f774659e6aaebe	5909d50c86f774659e6aaebe	-96.37846	27.6467037	-231.241409
container-a64ea9e7e2af3bc9946b5b078e77c46d5d505a76163917165fd5f67bb551e6f1	5714dbc024597771384a510d	container		5909d76c86f77471e53d2adf	5909d76c86f77471e53d2adf	5909d76c86f77471e53d2adf	58.52189	36.966	14.0651913
container-a65b418cac417d59a9740bae7352e11641de9b82243c5133d83c46642d6129c1	5714dbc024597771384a510d	container		5909d5ef86f77467974efbd8	5909d5ef86f77467974efbd8	5909d5ef86f77467974efbd8	-168.170044	27.353	-81.44833
container-a6afb79229d56c799a2255f499423869204df15f3af62caa94dbb71a33d24c62	5714dbc024597771384a510d	container		578f879c24597735401e6bc6	578f879c24597735401e6bc6	578f879c24597735401e6bc6	26.592186	27.76	-243.03
container-a755a8db3538af1be731000a0a94100fca4ed67a33bf0996739c666ca299a2bc	5714dbc024597771384a510d	container		5d6d2b5486f774785c2ba8ea	5d6d2b5486f774785c2ba8ea	5d6d2b5486f774785c2ba8ea	217.653	20.061	-138.706
container-a77daefa2b19d8617fc8dcb5804440f2a615add7e05e00db4d6f2b042bccdcde	5714dbc024597771384a510d	container		5909d5ef86f77467974efbd8	5909d5ef86f77467974efbd8	5909d5ef86f77467974efbd8	-29.363	23.103	104.30751
container-a7c3fe897029dc90800a40af2c05aeb674a16bae6b9dd44bbecbef6ba43fe14c	5714dbc024597771384a510d	container		5909d36d86f774660f0bb900	5909d36d86f774660f0bb900	5909d36d86f774660f0bb900	-100.760429	22.4576054	-297.1979
container-a8b5f00bd31065c471e643af4c40bd7d42bae73ac6795d8b4fafafc50eaf3cca	5714dbc024597771384a510d	container		578f87a3245977356274f2cb	578f87a3245977356274f2cb	578f87a3245977356274f2cb	-86.999	27.664	-313.316
container-a8ba97ed2c76edffa7f0e2ee79bfbd9bc16d9fb3886c325894cb7089259770a6	5714dbc024597771384a510d	container		578f87a3245977356274f2cb	578f87a3245977356274f2cb	578f87a3245977356274f2cb	-33.872	27.241	-242.132
container-a936022fde5087837f5bcdd6374b81da2485b700c2057a4968a510b147ffa2e2	5714dbc024597771384a510d	container		5909d50c86f774659e6aaebe	5909d50c86f774659e6aaebe	5909d50c86f774659e6aaebe	21.46994	28.2144985	-134.643875
container-a97a4266319db289cbefa0a23b1701283023af8720cc332629a1656651fab084	5714dbc024597771384a510d	container		5d6d2b5486f774785c2ba8ea	5d6d2b5486f774785c2ba8ea	5d6d2b5486f774785c2ba8ea	64.714	21.2	-341.047
container-aa8b80993390a10549e3549086d07c2eba3390c6413b7ab5ad8426af2a797afe	5714dbc024597771384a510d	container		5909d7cf86f77470ee57d75a	5909d7cf86f77470ee57d75a	5909d7cf86f77470ee57d75a	-141.719	27.7400017	63.518
container-aa92c70b2059d006c83d27c5a54787b6c79249609d47ae2682797f2101510d17	5714dbc024597771384a510d	container		5909d50c86f774659e6aaebe	5909d50c86f774659e6aaebe	5909d50c86f774659e6aaebe	-105.701424	29.6472073	-245.725342
container-aafa75a77ccc1c182b23e7f6b2e7b6881457766a6f751c2d2f97e4c361ee8427	5714dbc024597771384a510d	container		578f87a3245977356274f2cb	578f87a3245977356274f2cb	578f87a3245977356274f2cb	25.8677654	36.771	-151.715851
container-ab257a436081377898ecba39f80ccb23ae2445bf93ddce922e61372e5216d3ba	5714dbc024597771384a510d	container		578f87a3245977356274f2cb	578f87a3245977356274f2cb	578f87a3245977356274f2cb	-133.914	29.627	-178.983
container-ab30d925818dc925c428513ad120b64326a6741f380f86cc5b5085e5aea0dd44	5714dbc024597771384a510d	container		578f87a3245977356274f2cb	578f87a3245977356274f2cb	578f87a3245977356274f2cb	13.817	37.081	10.927
container-ab39534f3b55c726f2fef126d760c8fee02e14d12ba5f715024640a38517e776	5714dbc024597771384a510d	container		5d6d2b5486f774785c2ba8ea	5d6d2b5486f774785c2ba8ea	5d6d2b5486f774785c2ba8ea	165.042	21.596	375.12
container-ab48b44a10917023cfcaba6a68f9f3773a13dd54f2ba01b9651e23f9314d86a6	5714dbc024597771384a510d	container		5d6d2bb386f774785b07a77a	5d6d2bb386f774785b07a77a	5d6d2bb386f774785b07a77a	-131.160141	21.46057	253.29451
container-ab731cddbae65d94e33805a6060f06be0d112b928a2c114907f0e7503a5e38d1	5714dbc024597771384a510d	container		578f87a3245977356274f2cb	578f87a3245977356274f2cb	578f87a3245977356274f2cb	9.049416	37.314	-13.5000238
container-ab740245c37e8bcec88a1945c4184a277e85cbe9bbf04a54addec0e1e827fb36	5714dbc024597771384a510d	container		578f879c24597735401e6bc6	578f879c24597735401e6bc6	578f879c24597735401e6bc6	-22.0699	27.77	99.57
container-ab7be60ee51ef5292ecd60847f17bf777967150531ec479607e3fe3370069443	5714dbc024597771384a510d	container		578f87a3245977356274f2cb	578f87a3245977356274f2cb	578f87a3245977356274f2cb	8.21	27.528	-55.75
container-abad83ea55932082d32d72cc8552bf33075d99f037fb105c9edaece4ccd59311	5714dbc024597771384a510d	container		578f87a3245977356274f2cb	578f87a3245977356274f2cb	578f87a3245977356274f2cb	54.69	37.089	-136.38
container-abc4e36f505750980405f86dd195892b33cff3de9e6eb65f949e2a3a1b4fa2ba	5714dbc024597771384a510d	container		578f879c24597735401e6bc6	578f879c24597735401e6bc6	578f879c24597735401e6bc6	6.55998325	27.77	99.57
container-ac2c55bf5f518e9efdeebdf81669b6ac1899a35802e3f53441a9e4ba68190195	5714dbc024597771384a510d	container		59139c2186f77411564f8e42	59139c2186f77411564f8e42	59139c2186f77411564f8e42	-70.56505	27.3331	40.90851
container-acc71b7203fbb6dbc491de4e0ddd2bb1fa13fb6d167d8750d70453a524ebe6fb	5714dbc024597771384a510d	container		578f879c24597735401e6bc6	578f879c24597735401e6bc6	578f879c24597735401e6bc6	-14.5850849	27.8370247	-98.86226
container-ace8a8f1a0cde1d7611c7ff38edbedb3a69d1b00c50e2f704dbbe4e986f5931e	5714dbc024597771384a510d	container		5d6d2bb386f774785b07a77a	5d6d2bb386f774785b07a77a	5d6d2bb386f774785b07a77a	171.567169	21.7294178	-274.3512
container-adc447fba96020d9b2c6902139c86417f86cdfcaaecbebc9e7ff0d61d7cc4274	5714dbc024597771384a510d	container		5909d5ef86f77467974efbd8	5909d5ef86f77467974efbd8	5909d5ef86f77467974efbd8	-191.7901	29.37	55.22348
container-ae71b0eaab39514c8870aaf66022649a6b09ad2983f360b62860880a57744385	5714dbc024597771384a510d	container		578f87a3245977356274f2cb	578f87a3245977356274f2cb	578f87a3245977356274f2cb	-198.351	21.853	-345.375
container-ae81137910d5f18a429d4fe5cc02fb84a22c58cd2080667427d49cffa3f201fa	5714dbc024597771384a510d	container		578f879c24597735401e6bc6	578f879c24597735401e6bc6	578f879c24597735401e6bc6	76.40201	37.557	-79.2999954
container-aeb64ba6c7796dcac41b245d9d73ebcc9105c38cb2f3ceb94441c3cf351efb09	5714dbc024597771384a510d	container		5d6d2b5486f774785c2ba8ea	5d6d2b5486f774785c2ba8ea	5d6d2b5486f774785c2ba8ea	497.674	18.473	-326.421
container-af1d10a20ab8d8199631ff2de3c6528d442416bd24a6dc3dd8fbb9eac45eb75d	5714dbc024597771384a510d	container		578f87b7245977356274f2cd	578f87b7245977356274f2cd	578f87b7245977356274f2cd	-201.741409	22.2436752	-361.394684
container-af6b0fe5228f8fe679bb44a265ca65c0ff7e993829a76bce06104861898118b3	5714dbc024597771384a510d	container		5909d24f86f77466f56e6855	5909d24f86f77466f56e6855	5909d24f86f77466f56e6855	9.434216	28.03649	-74.82702
container-af8544b3518459109e310fee6232f2769589832d228dc1978d593ea6532af3bf	5714dbc024597771384a510d	container		578f87a3245977356274f2cb	578f87a3245977356274f2cb	578f87a3245977356274f2cb	-210.62	21.479	-158.744
container-af975de14ed46c46d9f9f10e455e44f1a68b4640d68a778ca656489a486ed1bc	5714dbc024597771384a510d	container		59139c2186f77411564f8e42	59139c2186f77411564f8e42	59139c2186f77411564f8e42	73.66556	27.3331013	162.29747
container-afb8808d4d9b0707a7a6f422e1796305e47e167b3cbeb6dc3794cfede0a1ea9d	5714dbc024597771384a510d	container		5909d5ef86f77467974efbd8	5909d5ef86f77467974efbd8	5909d5ef86f77467974efbd8	138.404587	25.5430012	271.299652
container-afe68e1b36ca2b9c8ade91206102d3fc8ec56d9c792851bb754e1382f020652f	5714dbc024597771384a510d	container		578f87a3245977356274f2cb	578f87a3245977356274f2cb	578f87a3245977356274f2cb	-27.93	27.29	-265.8
container-b05d91223dbed1b236e0a828cace27bd86012a545a837d2a3021c2aa9631abd1	5714dbc024597771384a510d	container		578f879c24597735401e6bc6	578f879c24597735401e6bc6	578f879c24597735401e6bc6	24.6221828	27.76	-276.300049
container-b0f4e2545d25e00b5facd55623c46734f0669b0712f8caec57db40e3fd406be5	5714dbc024597771384a510d	container		578f8778245977358849a9b5	578f8778245977358849a9b5	578f8778245977358849a9b5	-201.702179	22.69	-345.549835
container-b12f37be99c04b227dc24b04d9c11ea0627725cd0e7f786017490c976920a6fe	5714dbc024597771384a510d	container		5d6d2bb386f774785b07a77a	5d6d2bb386f774785b07a77a	5d6d2bb386f774785b07a77a	-50.73597	20.6287422	-394.956543
container-b15c9ee33a86882c1207508664e9cdd7f9184fc6714f52e786f4b772914e30d0	5714dbc024597771384a510d	container		59139c2186f77411564f8e42	59139c2186f77411564f8e42	59139c2186f77411564f8e42	-91.8699951	27.3331013	97.9674
container-b167afda06494180dacbde67283e576e5e967573b13fc8d779ebe2a516b6d35a	5714dbc024597771384a510d	container		5909d5ef86f77467974efbd8	5909d5ef86f77467974efbd8	5909d5ef86f77467974efbd8	-47.0645523	22.7662354	45.07822
container-b1858a0c2e98e27ca6ee8f45533d47ebd9f5f6425a9c69acb4620ebedf99c2dd	5714dbc024597771384a510d	container		5909d36d86f774660f0bb900	5909d36d86f774660f0bb900	5909d36d86f774660f0bb900	-80.86561	21.6267071	-160.106842
container-b2626f72d0a2afe3146d9158a18857c086cddd53cebdbd05b46b1f2a572c6c3b	5714dbc024597771384a510d	container		5909d7cf86f77470ee57d75a	5909d7cf86f77470ee57d75a	5909d7cf86f77470ee57d75a	139.665	24.5579987	268.85
container-b2a373430cf7eecf027feb7d99dba7be90e5288488218fad26736d037a1f9eac	5714dbc024597771384a510d	container		59139c2186f77411564f8e42	59139c2186f77411564f8e42	59139c2186f77411564f8e42	84.20845	27.333456	119.745293
container-b2f26195b10aac60b8a8487ccb963f54c2d8794751c15d83cec9279251673077	5714dbc024597771384a510d	container		578f879c24597735401e6bc6	578f879c24597735401e6bc6	578f879c24597735401e6bc6	66.39205	27.8054371	-86.73896
container-b44637244ecad74f077f03668cdf999557fe46f47dfbe510a2d9e97704eae054	5714dbc024597771384a510d	container		5d6d2bb386f774785b07a77a	5d6d2bb386f774785b07a77a	5d6d2bb386f774785b07a77a	241.76236	21.0991974	293.1124
container-b466bab2aa57ee7df6a280df02280c64bb99bce33ed99a6769184818b14b4046	5714dbc024597771384a510d	container		578f87b7245977356274f2cd	578f87b7245977356274f2cd	578f87b7245977356274f2cd	63.8525772	27.9276714	-29.3626213
container-b493bdd54b507725fe4fff8e67bb6b4caeff8ed64ef00139f24c4fa510b22e0c	5714dbc024597771384a510d	container		578f879c24597735401e6bc6	578f879c24597735401e6bc6	578f879c24597735401e6bc6	60.6179848	27.8453045	43.5956841
container-b4a8c36ed9387c414342d5ad470a84b5faa6b61b91a850d7f2b2e2901e0f2847	5714dbc024597771384a510d	container		5909d5ef86f77467974efbd8	5909d5ef86f77467974efbd8	5909d5ef86f77467974efbd8	81.50665	22.923	-165.6333
container-b58b5fc941316b2709e038920bd8ad1057cf92cbe1e210dd51a2ddf17cdecf0c	5714dbc024597771384a510d	container		5d6d2bb386f774785b07a77a	5d6d2bb386f774785b07a77a	5d6d2bb386f774785b07a77a	184.278656	21.4690075	-241.287964
container-b58ddd0463f0657f5dc26d8ce9b91d129cff227c73203ad6141858b5470abbf4	5714dbc024597771384a510d	container		5909d36d86f774660f0bb900	5909d36d86f774660f0bb900	5909d36d86f774660f0bb900	31.7057819	27.3474064	182.9602
container-b59d0bd07eb8abf4366774a84f3f52e8698ef9a1cb1c83dfcbe6c1ff0ce5c689	5714dbc024597771384a510d	container		578f87ad245977356274f2cc	578f87ad245977356274f2cc	578f87ad245977356274f2cc	181.934052	21.695013	-81.8466949
container-b651caf3d6bb268dfb96359504c6c2b8eccd4baa019f67a381bddc9e744378d7	5714dbc024597771384a510d	container		578f87a3245977356274f2cb	578f87a3245977356274f2cb	578f87a3245977356274f2cb	0.718	27.691	47.592
container-b665d05ac9043c70ae4fe8189293d232bb07fd09cb3e15402240e55841ceec63	5714dbc024597771384a510d	container		5909d7cf86f77470ee57d75a	5909d7cf86f77470ee57d75a	5909d7cf86f77470ee57d75a	-68.279	27.5180016	-43.045
container-b66a43c449acc14f5661b91172070fba6342017d54ce88a718050a3f02348f6a	5714dbc024597771384a510d	container		5909d7cf86f77470ee57d75a	5909d7cf86f77470ee57d75a	5909d7cf86f77470ee57d75a	-256.469	22.0660019	119.811
container-b6c0185ee3b743ef6550190d69fe2800c2b10d731cd734d57c64729cb49c4972	5714dbc024597771384a510d	container		5d6d2bb386f774785b07a77a	5d6d2bb386f774785b07a77a	5d6d2bb386f774785b07a77a	244.2978	21.408556	395.593658
container-b6d50193c7501a25788eff1291827901ad51071257f38518494c8f790bdf46fc	5714dbc024597771384a510d	container		5909d5ef86f77467974efbd8	5909d5ef86f77467974efbd8	5909d5ef86f77467974efbd8	98.2806	38.3242874	-124.7549
container-b74749293f9fa2ee6e422714249d27471028e96259551c5d1e587608894b9331	5714dbc024597771384a510d	container		578f87a3245977356274f2cb	578f87a3245977356274f2cb	578f87a3245977356274f2cb	-135.253	27.11581	50.956
container-b7c190fb4ee6cade59157084c4fda45dd6a4acb89fa4f2f160e23cb025f12bba	5714dbc024597771384a510d	container		59139c2186f77411564f8e42	59139c2186f77411564f8e42	59139c2186f77411564f8e42	-90.6031342	27.3372841	123.631966
container-b88812405a0a72c77a2aeedb52e19d282ce0536186ad01be8601b03db68919ca	5714dbc024597771384a510d	container		5909d5ef86f77467974efbd8	5909d5ef86f77467974efbd8	5909d5ef86f77467974efbd8	46.8879	22.2479	-278.251831
container-b8f653da3c6243c8043fa1c1a9625410612275023919f66d64d911a09af45b1a	5714dbc024597771384a510d	container		5d6d2bb386f774785b07a77a	5d6d2bb386f774785b07a77a	5d6d2bb386f774785b07a77a	231.928741	19.8186188	81.21702
container-b8f6f2cb746ee461dde3af954f981ea8b3225cd471383362fe06139316222294	5714dbc024597771384a510d	container		5909d50c86f774659e6aaebe	5909d50c86f774659e6aaebe	5909d50c86f774659e6aaebe	10.2546	28.5447845	178.230469
container-b907b040bbd799962ba19d237036011506cddb44598128ffe67c3a9b525ad9b9	5714dbc024597771384a510d	container		5909d7cf86f77470ee57d75a	5909d7cf86f77470ee57d75a	5909d7cf86f77470ee57d75a	-4.57	21.7580013	129.226
container-b967165a35a7bb6968b6462aa4f534db4fdd2d121f3c6a37e991c582321d226c	5714dbc024597771384a510d	container		578f879c24597735401e6bc6	578f879c24597735401e6bc6	578f879c24597735401e6bc6	76.40201	37.557	-87.53999
container-b98bb11bba10e99c0ca2ed01bb6ef248411e726c959dcc7daaeb4c79605c93e8	5714dbc024597771384a510d	container		578f87ad245977356274f2cc	578f87ad245977356274f2cc	578f87ad245977356274f2cc	276.7943	21.723999	333.66394
container-b9b2f3779d922fbd09400b81c0bb033c79c4807c0dd5e3772544e8841691ebe9	5714dbc024597771384a510d	container		578f879c24597735401e6bc6	578f879c24597735401e6bc6	578f879c24597735401e6bc6	65.948	27.8453045	43.5956841
container-b9b805bb65b847476d197a036b41d97f1a8c92e128e64cdc644d640b9cad6e6d	5714dbc024597771384a510d	container		5d6d2bb386f774785b07a77a	5d6d2bb386f774785b07a77a	5d6d2bb386f774785b07a77a	472.9233	18.5129871	-385.206482
container-ba11755323861d796c69a7bb8bc7738862158c6c6d7e5ebfb9d2aa509c3e275f	5714dbc024597771384a510d	container		578f87ad245977356274f2cc	578f87ad245977356274f2cc	578f87ad245977356274f2cc	141.025467	22.3737	204.057648
container-bb32eb9db06449912b31c40c866d57649528fb333dee387b1cebb4a2a14e82c2	5714dbc024597771384a510d	container		5909d4c186f7746ad34e805a	5909d4c186f7746ad34e805a	5909d4c186f7746ad34e805a	59.70022	36.7494621	-127.285248
container-bb680cc002d6684ecfc0f64320a9c6228cfec23d545d1d0ba7fb773fcc516598	5714dbc024597771384a510d	container		578f87a3245977356274f2cb	578f87a3245977356274f2cb	578f87a3245977356274f2cb	0.779	27.123	-208.719
container-bb99bec4f92ab3fd0ebedde245aa0b1bc6c480fcf0dcb74c763c2c9afec8241a	5714dbc024597771384a510d	container		5909d36d86f774660f0bb900	5909d36d86f774660f0bb900	5909d36d86f774660f0bb900	-120.080193	21.4368057	-244.798981
container-bbab201e46c8fd035df501095782b4d28c15f8b4a2af81dbfe55c76c3eff0744	5714dbc024597771384a510d	container		59139c2186f77411564f8e42	59139c2186f77411564f8e42	59139c2186f77411564f8e42	-66.0276947	27.333	42.387394
container-bca7bbd1e80b664b8966fdbb34dee25cbd89706bbfd14c5c7c6a3b359410fafd	5714dbc024597771384a510d	container		578f87a3245977356274f2cb	578f87a3245977356274f2cb	578f87a3245977356274f2cb	43.941	27.637	75.67
container-bcd369c9ca1be6d935449f668fe8a18ccab9cf8ca343f2597563b040f3e00d83	5714dbc024597771384a510d	container		5909d5ef86f77467974efbd8	5909d5ef86f77467974efbd8	5909d5ef86f77467974efbd8	-139.9321	29.824501	75.38009
container-bd0355a10eb752e30aa136b66bebbe2945423d7094da9a1c4a613acdd7c62549	5714dbc024597771384a510d	container		578f87a3245977356274f2cb	578f87a3245977356274f2cb	578f87a3245977356274f2cb	41.965	27.599	33.131
container-bd49ae243aaed03a9ac298041b6bbd66c2339b6cd6874640a6b375572fe8939b	5714dbc024597771384a510d	container		59139c2186f77411564f8e42	59139c2186f77411564f8e42	59139c2186f77411564f8e42	-98.6369858	27.3331013	110.705406
container-bdb210e0e03c25ed0bac5fe633e1253b197e8fa56e128b24178a4bbcf9ceaea8	5714dbc024597771384a510d	container		578f87ad245977356274f2cc	578f87ad245977356274f2cc	578f87ad245977356274f2cc	121.140663	21.6955624	-30.1119823
container-be1b02a7424bc24bba6032d4ab78d1e82d78418796ee4f9a5b6068af62044745	5714dbc024597771384a510d	container		578f87a3245977356274f2cb	578f87a3245977356274f2cb	578f87a3245977356274f2cb	-124.675	27.2128	-283.658
container-be264c24620396c66c07485dcbf149db58789069d1b08e441f70fff2a3936441	5714dbc024597771384a510d	container		578f87a3245977356274f2cb	578f87a3245977356274f2cb	578f87a3245977356274f2cb	24.8703613	27.49281	-65.9772949
container-be5d12919de808ac6898f671fc25c30bf8706e89a6c17218b74e142029c5bec1	5714dbc024597771384a510d	container		5909d45286f77465a8136dc6	5909d45286f77465a8136dc6	5909d45286f77465a8136dc6	27.5665035	27.6747341	35.0398636
container-be8fc81ed2eacfc3c62981c59762004fd075009036d228796ed309eaac5fc74d	5714dbc024597771384a510d	container		578f87a3245977356274f2cb	578f87a3245977356274f2cb	578f87a3245977356274f2cb	-60.998	21.32	-260.192
container-bea0268ac3c25acfb8e91d8b2d4e85a71b7c81f029f1d7c2ed9ba6097e69bdbc	5714dbc024597771384a510d	container		578f87a3245977356274f2cb	578f87a3245977356274f2cb	578f87a3245977356274f2cb	10.557	27.6248131	-302.401
container-bef909ceab7a3e07bd4b75d1aa36762e2fd6ea3fdef8abed6a74bd835dd7bbaf	5714dbc024597771384a510d	container		578f8778245977358849a9b5	578f8778245977358849a9b5	578f8778245977358849a9b5	95.363	37.552	9.062
container-bf1d006e63b67d470a8bcccb28fdad26f19183d824e6adba2b6c902f9fd2cbe6	5714dbc024597771384a510d	container		578f879c24597735401e6bc6	578f879c24597735401e6bc6	578f879c24597735401e6bc6	76.40201	37.557	-91.29
container-bf3a32fe90ebee96d46f456e1b429463520fbdb8dfbaa259c0cb0d180fe6f541	5714dbc024597771384a510d	container		5909d5ef86f77467974efbd8	5909d5ef86f77467974efbd8	5909d5ef86f77467974efbd8	12.1536331	21.5901241	-178.570374
container-bf402e3e708ea2233ac7f5d14cd4f70136257888035a59f86972a8548ab0e4a0	5714dbc024597771384a510d	container		5909d5ef86f77467974efbd8	5909d5ef86f77467974efbd8	5909d5ef86f77467974efbd8	-135.483383	28.997	66.83639
container-bf5a6c1e2644a9b37194a74dc6d09859fd67f27fcca39999f6afc9b417145dad	5714dbc024597771384a510d	container		578f879c24597735401e6bc6	578f879c24597735401e6bc6	578f879c24597735401e6bc6	-83.86401	27.7764912	-118.549377
container-bff219e60c1d8c60457946425763ddb53b135e7e2c43354007ff763e8908441f	5714dbc024597771384a510d	container		578f8778245977358849a9b5	578f8778245977358849a9b5	578f8778245977358849a9b5	38.5895233	28.428009	-23.0889816
container-c04ea59fa79665b3700950e3361062a6fd6fd5d62cf0bbdd524768f67db7d10b	5714dbc024597771384a510d	container		5c052cea86f7746b2101e8d8	5c052cea86f7746b2101e8d8	5c052cea86f7746b2101e8d8	165.2966	21.7175312	136.843277
container-c0587a5ba1f4a1b2f5a1dd95a1f9096ee27f45e0cfbb5dde74d8802a2f68caaa	5714dbc024597771384a510d	container		5909d5ef86f77467974efbd8	5909d5ef86f77467974efbd8	5909d5ef86f77467974efbd8	-95.39434	21.4383965	-300.092529
container-c1624a5f69f1d600a4e9fcf0599156cd01bd2b475b09662d1dc287e2f81ab07e	5714dbc024597771384a510d	container		5909d76c86f77471e53d2adf	5909d76c86f77471e53d2adf	5909d76c86f77471e53d2adf	60.20487	21.833	-181.8907
container-c1f9c6819dcd455713969469231561220753e308e7313a9e67e204a796376a50	5714dbc024597771384a510d	container		578f879c24597735401e6bc6	578f879c24597735401e6bc6	578f879c24597735401e6bc6	-82.9019852	27.7764912	-108.0699
container-c25b00c2968b23aafdc430fee5fd931e8e2c6e04820d45e51fbb5eaf8471dd17	5714dbc024597771384a510d	container		5909d50c86f774659e6aaebe	5909d50c86f774659e6aaebe	5909d50c86f774659e6aaebe	-21.37543	37.9015	-78.80029
container-c26be04a3897ad9813035a34f70fbe58258a12a59e098be1f6e92bde86de70d1	5714dbc024597771384a510d	container		5909d5ef86f77467974efbd8	5909d5ef86f77467974efbd8	5909d5ef86f77467974efbd8	30.8691864	27.207	24.0987015
container-c2bda8be21667719e1044bdb832b9271ecd2ee3d2324e774531c3756a0a6f823	5714dbc024597771384a510d	container		5d6d2bb386f774785b07a77a	5d6d2bb386f774785b07a77a	5d6d2bb386f774785b07a77a	-241.619736	22.3445168	198.560669
container-c2efc928f0ef43a6d98fd315c2b6bc7d737b69516a3b40d76d8750923358ff89	5714dbc024597771384a510d	container		5909d5ef86f77467974efbd8	5909d5ef86f77467974efbd8	5909d5ef86f77467974efbd8	18.095499	37.895	-160.787079
container-c3052ad954da0e04425118413a5c98cb4bb7b445247c8e115ae308f46ee3338a	5714dbc024597771384a510d	container		5909d76c86f77471e53d2adf	5909d76c86f77471e53d2adf	5909d76c86f77471e53d2adf	-30.545	21.703	84.73339
container-c339fcdbf7421c00c626d435aafa22c3792dcc01b8adaf3bdbd1cf63f82d9f90	5714dbc024597771384a510d	container		59139c2186f77411564f8e42	59139c2186f77411564f8e42	59139c2186f77411564f8e42	-77.83551	27.33728	-157.945938
container-c37e4ac44132e8559d329e67ec44b17c5ca92173248cc6c74e8fcf47050b9dcf	5714dbc024597771384a510d	container		578f87a3245977356274f2cb	578f87a3245977356274f2cb	578f87a3245977356274f2cb	-24.852	27.073	-36.669
container-c38f1762c8aff4dad3457ab3de1dca60d9165d4856d95412ce09e5166e7a5762	5714dbc024597771384a510d	container		578f8778245977358849a9b5	578f8778245977358849a9b5	578f8778245977358849a9b5	20.83974	28.2249985	-2.320694
container-c3e61201e33a32d9d6d18e98af549377fe85f0ae734edbb486974c48f211209b	5714dbc024597771384a510d	container		578f87a3245977356274f2cb	578f87a3245977356274f2cb	578f87a3245977356274f2cb	-131.0912	28.0872	-246.0909
container-c450d241976714841aa4ba14df62c74ea2560ec3e4b52025d2b31d536aa94b7a	5714dbc024597771384a510d	container		5909d50c86f774659e6aaebe	5909d50c86f774659e6aaebe	5909d50c86f774659e6aaebe	-210.176559	21.6015	-344.6479
container-c54740ad50747da5c4f74672db72eaef854987cb9d6a11ed03bf8da78fb2cbe6	5714dbc024597771384a510d	container		578f87a3245977356274f2cb	578f87a3245977356274f2cb	578f87a3245977356274f2cb	79.772	21.727	-177.893
container-c55149f177162f29dd57ed8cd5810f8da60003f24efc3f0f5e7dba98ac134289	5714dbc024597771384a510d	container		578f879c24597735401e6bc6	578f879c24597735401e6bc6	578f879c24597735401e6bc6	-16.0420265	28.266	-18.477
container-c5fd512a58cbb05313c1a80f8c01c85d7f412d3b329c85e3f061a45877543639	5714dbc024597771384a510d	container		5909d7cf86f77470ee57d75a	5909d7cf86f77470ee57d75a	5909d7cf86f77470ee57d75a	-19.202	27.83	126.191
container-c64480e9b842494fb44c1f3c1c7efb86a3e918dd96424ef110c563a602743613	5714dbc024597771384a510d	container		578f87b7245977356274f2cd	578f87b7245977356274f2cd	578f87b7245977356274f2cd	63.8455734	27.9276714	-28.84161
container-c77e252ae0f6ff30c01e74abe6af31b0b7eb1370bfc390e78ad51d29fda740ba	5714dbc024597771384a510d	container		578f879c24597735401e6bc6	578f879c24597735401e6bc6	578f879c24597735401e6bc6	24.6221828	27.76	-256.030029
container-c819fb9efaa8d62d632e7043ea8487b3ac2dfc1e2295adb67741aba8a9e5fe46	5714dbc024597771384a510d	container		5909d24f86f77466f56e6855	5909d24f86f77466f56e6855	5909d24f86f77466f56e6855	-126.498512	22.500206	-281.4451
container-c876941d44e6335da54ce946247046545d837f3ac6bc939b8bbefbd58e84ca10	5714dbc024597771384a510d	container		578f87a3245977356274f2cb	578f87a3245977356274f2cb	578f87a3245977356274f2cb	-162.919	27.2798119	-162.827
container-c8a780a1adc6deb12846bf918c97f561de5851ec835ef63bfad1248817ae0869	5714dbc024597771384a510d	container		5909d4c186f7746ad34e805a	5909d4c186f7746ad34e805a	5909d4c186f7746ad34e805a	65.80839	21.59375	-259.4651
container-c9174ffad9b1e77ee0189641dfab886580ca23c9218a68801688ac49f71e8520	5714dbc024597771384a510d	container		578f87a3245977356274f2cb	578f87a3245977356274f2cb	578f87a3245977356274f2cb	-49.8891	27.2356	-269.8828
container-c940b93449dd4835d36edcb70d99dba4bbc87e98eed45ec1d7c0167d1f68dd50	5714dbc024597771384a510d	container		5d6d2bb386f774785b07a77a	5d6d2bb386f774785b07a77a	5d6d2bb386f774785b07a77a	176.732529	21.57267	347.8633
container-c95190f73b4c0006e16f5a42e48e542945ee920a49ba2e1147521e680303d56e	5714dbc024597771384a510d	container		59139c2186f77411564f8e42	59139c2186f77411564f8e42	59139c2186f77411564f8e42	-93.40226	27.3372841	120.738686
container-cac796017dcd85510675db86173e114d805038c41628f7739130630c0ef940a3	5714dbc024597771384a510d	container		578f87a3245977356274f2cb	578f87a3245977356274f2cb	578f87a3245977356274f2cb	16.8806	27.9802	-136.4094
container-cac860da91d159e55dbcaa41a2f473ee680911f5a328f839016b2bee376041a7	5714dbc024597771384a510d	container		5909d50c86f774659e6aaebe	5909d50c86f774659e6aaebe	5909d50c86f774659e6aaebe	-91.11215	27.6195	173.974609
container-cad10609623dc4bfcb2d64e3032b07bb232ffd8b96c553416958adac080a3975	5714dbc024597771384a510d	container		578f879c24597735401e6bc6	578f879c24597735401e6bc6	578f879c24597735401e6bc6	76.40201	37.557	-97.37299
container-cb103fbc0842682d58288f511429ad5fb5c9d37836d11b24598a26ab31b47239	5714dbc024597771384a510d	container		5909d7cf86f77470ee57d75a	5909d7cf86f77470ee57d75a	5909d7cf86f77470ee57d75a	-8.172	37.017	49.855
container-cb3836505fe8b7dbc4a03530f9c6395655a701d50fe1bed362e2df249cff6d30	5714dbc024597771384a510d	container		5c052cea86f7746b2101e8d8	5c052cea86f7746b2101e8d8	5c052cea86f7746b2101e8d8	275.506744	21.44786	-99.0130539
container-cba778e1fc9710514bbc8f8b8f00eb0e990e4a0af50a3e8aac11bcf442149678	5714dbc024597771384a510d	container		59139c2186f77411564f8e42	59139c2186f77411564f8e42	59139c2186f77411564f8e42	-91.81846	27.3331013	104.371559
container-cbaa9568d8dde5f9615e39cf0e1a3edd0cf3d45ab4006d2ec5e25cc63c4d9499	5714dbc024597771384a510d	container		578f87a3245977356274f2cb	578f87a3245977356274f2cb	578f87a3245977356274f2cb	-154.726	27.9265	-92.7377
container-cc0efffb192698928755f3e09988776494c30b602215fba23f779aa85ca87561	5714dbc024597771384a510d	container		578f87a3245977356274f2cb	578f87a3245977356274f2cb	578f87a3245977356274f2cb	24.1024	27.339	-16.1404
container-cc2979e1933574df2071b06f756b43dc57e4ed0ed628db9bd0b4a7a0d112839a	5714dbc024597771384a510d	container		578f87ad245977356274f2cc	578f87ad245977356274f2cc	578f87ad245977356274f2cc	139.012253	21.695013	-90.20462
container-cc5b48182d6f889f2085c47dd6a3dc41d3248166d8e8a8a2b89cfb50e66603cf	5714dbc024597771384a510d	container		578f87a3245977356274f2cb	578f87a3245977356274f2cb	578f87a3245977356274f2cb	22.256	27.3869	-137.046
container-cd2abf71b9b41439beea818b690d86ca19cc78eadcc4adccf38bbac7dcb43b62	5714dbc024597771384a510d	container		5d6d2bb386f774785b07a77a	5d6d2bb386f774785b07a77a	5d6d2bb386f774785b07a77a	247.531815	21.3519077	107.443436
container-ce3b53a2cdde086b5520d350367897e93082c0b9c0d74646cffd6ec1973f4209	5714dbc024597771384a510d	container		5d6d2bb386f774785b07a77a	5d6d2bb386f774785b07a77a	5d6d2bb386f774785b07a77a	-355.838867	23.9656239	203.2355
container-ce8ee1e2e13cfb6559db1eb39fb156f8f65304f65929c0ed1efc1054be74766d	5714dbc024597771384a510d	container		5909d76c86f77471e53d2adf	5909d76c86f77471e53d2adf	5909d76c86f77471e53d2adf	-130.983444	21.71	161.463974
container-cea37070ab763146e82d240293e26e7847e93d31d581ee8ec107b5d5e5d49466	5714dbc024597771384a510d	container		5d6d2b5486f774785c2ba8ea	5d6d2b5486f774785c2ba8ea	5d6d2b5486f774785c2ba8ea	119.292	21.477	-198.215
container-cefa7d94a0278582fcc4bb49812fad0a1ed1132af2410f8a7aa1089005b1d02f	5714dbc024597771384a510d	container		5909d4c186f7746ad34e805a	5909d4c186f7746ad34e805a	5909d4c186f7746ad34e805a	5.13031	27.838171	-77.46553
container-cf6d917b68beb47c40e18b95953db28979c506f0cb758c17a290ba4dc4a7cef0	5714dbc024597771384a510d	container		578f87ad245977356274f2cc	578f87ad245977356274f2cc	578f87ad245977356274f2cc	-114.482018	28.569	-45.94718
container-cf8d1f62a691b38f217ced237fa3fc887a15772d1df2d2f47daae8f8771c0221	5714dbc024597771384a510d	container		5d6d2b5486f774785c2ba8ea	5d6d2b5486f774785c2ba8ea	5d6d2b5486f774785c2ba8ea	496.411	18.327	-250.487
container-cf9e3067674009d63f42adff328f3df8ac63bf6f422df2dbb8109322715eb785	5714dbc024597771384a510d	container		5909d45286f77465a8136dc6	5909d45286f77465a8136dc6	5909d45286f77465a8136dc6	261.815063	22.4663334	-81.0427551
container-cfb061f58d14cf04cb12774d2aaed732f22859bda00d25c4a80df55525aa7ad8	5714dbc024597771384a510d	container		578f879c24597735401e6bc6	578f879c24597735401e6bc6	578f879c24597735401e6bc6	-30.847	37.763	-24.2110023
container-d02ed15d0a172322e96ad17c1af080cfa55a6cc91493450cfdaf7a3890593aa5	5714dbc024597771384a510d	container		5909d76c86f77471e53d2adf	5909d76c86f77471e53d2adf	5909d76c86f77471e53d2adf	-152.75	27.641	-56.1858368
container-d050551ad1c2b99bcf2d494fae422142abec8142af729d7587dafce586be16e8	5714dbc024597771384a510d	container		578f879c24597735401e6bc6	578f879c24597735401e6bc6	578f879c24597735401e6bc6	6.04089642	27.77	97.60002
container-d063002bd4736a3b0c70efdf1791aae59d11cf4cae52eaeafe65579f211dc4a3	5714dbc024597771384a510d	container		59139c2186f77411564f8e42	59139c2186f77411564f8e42	59139c2186f77411564f8e42	40.6135521	27.3324947	97.93502
container-d0cc3fb06b136327941d136b0ace3798a608129f7d09b49f52ae8250315e61b4	5714dbc024597771384a510d	container		578f879c24597735401e6bc6	578f879c24597735401e6bc6	578f879c24597735401e6bc6	-83.62959	27.7765026	9.555013
container-d0cfb7f674dc732ba92ca37116394ced6d1f6723b90c1ea8ef97b268386da58c	5714dbc024597771384a510d	container		578f879c24597735401e6bc6	578f879c24597735401e6bc6	578f879c24597735401e6bc6	-83.51459	27.7764988	-27.873991
container-d1196afc052a5030d4461dc72eb57a76d08b23258aef24199c99647df6563c33	5714dbc024597771384a510d	container		578f879c24597735401e6bc6	578f879c24597735401e6bc6	578f879c24597735401e6bc6	76.515	37.567	-22.1000023
container-d11e275aa18f96bc2d2621d409de55866fd08b3cd827e24eedeeeb5a2b6cfc89	5714dbc024597771384a510d	container		59139c2186f77411564f8e42	59139c2186f77411564f8e42	59139c2186f77411564f8e42	-70.4256058	27.3331	42.1007423
container-d131e3d7cd008de58ad52ccd67199419dbffe0e9c256322c0c2f6ea4df73ab84	5714dbc024597771384a510d	container		5909d76c86f77471e53d2adf	5909d76c86f77471e53d2adf	5909d76c86f77471e53d2adf	-57.8935127	21.928	-250.631424
container-d16a8bade8b35b7f18d2fe59961ada0a9cb59432055aa38e47b6cb0f94f81a84	5714dbc024597771384a510d	container		5909d5ef86f77467974efbd8	5909d5ef86f77467974efbd8	5909d5ef86f77467974efbd8	-66.91661	28.04257	40.2331429
container-d22ae5f2d59249a900595d9f7737c4858a51c2c7fd44bfaf3d4d60108326a6f3	5714dbc024597771384a510d	container		59139c2186f77411564f8e42	59139c2186f77411564f8e42	59139c2186f77411564f8e42	-84.42699	27.3331013	100.098991
container-d24c81fd716fd598b8f91a28f577ea59bcfa5b742cb1020ad5f73be9fea34ae7	5714dbc024597771384a510d	container		5909e4b686f7747f5b744fa4	5909e4b686f7747f5b744fa4	5909e4b686f7747f5b744fa4	2.519	21.276	13.173
container-d2fa90d194a2bf09b1a89ed804ab567c00dcb2bd30a8e1e1de58e5e8ed73791f	5714dbc024597771384a510d	container		5d6d2bb386f774785b07a77a	5d6d2bb386f774785b07a77a	5d6d2bb386f774785b07a77a	199.390976	20.1672955	-402.997742
container-d2fc55e96f729895cd160e2298a815d2157ecb36754ae55611863f3872af1392	5714dbc024597771384a510d	container		578f87a3245977356274f2cb	578f87a3245977356274f2cb	578f87a3245977356274f2cb	-69.613	27.08	49.213
container-d306bd4c3a30ad96e9f1d2b94e16e1bf4b28ccf5be9931830a58ba67b41c5787	5714dbc024597771384a510d	container		5909d36d86f774660f0bb900	5909d36d86f774660f0bb900	5909d36d86f774660f0bb900	-73.3185	22.1251068	-201.4951
container-d36b22cc4c0c6634e617589cd909ee5b2f7db047fc689e60a7ac4a61aad90fed	5714dbc024597771384a510d	container		5909d76c86f77471e53d2adf	5909d76c86f77471e53d2adf	5909d76c86f77471e53d2adf	54.035	27.491	-92.289
container-d415e0050f0c89f5ee58ddbe0ec3db223c10327fda39c3f043339f74afc6618c	5714dbc024597771384a510d	container		59139c2186f77411564f8e42	59139c2186f77411564f8e42	59139c2186f77411564f8e42	60.06546	36.947998	-145.455048
container-d4656ce7f9d731ae99cdfcdf0e389c4944399815e6c700b122e03fad838fef5d	5714dbc024597771384a510d	container		578f879c24597735401e6bc6	578f879c24597735401e6bc6	578f879c24597735401e6bc6	76.515	37.567	-19.7700024
container-d4fd87e2e017dc60e689fdebbccabbffa959653f7c48425f430aadacd0a6d905	5714dbc024597771384a510d	container		578f87a3245977356274f2cb	578f87a3245977356274f2cb	578f87a3245977356274f2cb	98.338	27.53	66.69973
container-d56617e3fed6732b7a4b297ab915431d2be0b4ecbea2e4fce8490c1b89c7212d	5714dbc024597771384a510d	container		5909d7cf86f77470ee57d75a	5909d7cf86f77470ee57d75a	5909d7cf86f77470ee57d75a	-51.068	27.518	-82.747
container-d5acc40c9092dcd757a6612cfd38a8735afa0749a6414330c2e8ae2cb7d35bcf	5714dbc024597771384a510d	container		578f879c24597735401e6bc6	578f879c24597735401e6bc6	578f879c24597735401e6bc6	26.5921783	27.76	-263.389
container-d5ddbed0aa21bf69702110e490b4288e5f5ff5ff6d63f98d4530767df3cbebb0	5714dbc024597771384a510d	container		5d6d2b5486f774785c2ba8ea	5d6d2b5486f774785c2ba8ea	5d6d2b5486f774785c2ba8ea	-254.516	21.294	-309.241
container-d5df51d7fb6f8636c1c71443ab1ae598adf9ad6f49b27179ad2a536f80b02a58	5714dbc024597771384a510d	container		5909d76c86f77471e53d2adf	5909d76c86f77471e53d2adf	5909d76c86f77471e53d2adf	-62.7664948	21.71	109.038086
container-d6bcfad10373253ad4e2ba3437a012a31a6543241d5909873d446db0fd114356	5714dbc024597771384a510d	container		578f879c24597735401e6bc6	578f879c24597735401e6bc6	578f879c24597735401e6bc6	-32.25999	37.544	-7.44205761
container-d6f8c752c5bfdc2ec7bb3604947b52acd9616c12b15018e1124c60a20eb3efb8	5714dbc024597771384a510d	container		578f87a3245977356274f2cb	578f87a3245977356274f2cb	578f87a3245977356274f2cb	74.215	27.639	159.525
container-d717b500743d484f69596fffed9654fa1a94791169e0cf513c91eb63f8a00895	5714dbc024597771384a510d	container		578f8778245977358849a9b5	578f8778245977358849a9b5	578f8778245977358849a9b5	-79.77258	28.2208061	53.640625
container-d7a9a69d5edb666435abf4d0ebe03045b5163b251f08de12b9e3ca0d96d1ccf0	5714dbc024597771384a510d	container		578f879c24597735401e6bc6	578f879c24597735401e6bc6	578f879c24597735401e6bc6	76.40201	37.557	-89.33399
container-d7f76649efa2aaab4e9da1a7ca5226464ad534338ad23027132c440845c1a635	5714dbc024597771384a510d	container		578f879c24597735401e6bc6	578f879c24597735401e6bc6	578f879c24597735401e6bc6	-31.96905	27.77	97.60002
container-d8b837e04476a02b3022f2271022c97f5bc25ae145a313575d108fb6a35d4521	5714dbc024597771384a510d	container		5909d50c86f774659e6aaebe	5909d50c86f774659e6aaebe	5909d50c86f774659e6aaebe	5.85957575	27.3415	5.561171
container-d9183df32f581d74ac0069ddc4b4cf1811b1fa55123ec34492f5bde8ac030977	5714dbc024597771384a510d	container		5909d5ef86f77467974efbd8	5909d5ef86f77467974efbd8	5909d5ef86f77467974efbd8	-192.236	28.301	-109.1302
container-d92386a288059e07907f98eec66d2f54afb0985ab9571532af0b8d2b7da2bc63	5714dbc024597771384a510d	container		578f87a3245977356274f2cb	578f87a3245977356274f2cb	578f87a3245977356274f2cb	-178.0141	22.509	-69.997
container-d98eef7841bbe6580060cf4f12a47d203c82cf5665c3e09e6fa84b20bac3e371	5714dbc024597771384a510d	container		578f879c24597735401e6bc6	578f879c24597735401e6bc6	578f879c24597735401e6bc6	26.5921783	27.76	-256.549042
container-d9a2b64f5393c0deffd22a1c69539e92fc0129c9162079300705576c19368838	5714dbc024597771384a510d	container		5909d50c86f774659e6aaebe	5909d50c86f774659e6aaebe	5909d50c86f774659e6aaebe	38.1234169	27.3477	-54.3227768
container-da91bddc290d09f18c8e284dd689992ff542809b7c44f07f4ba7ba5748200002	5714dbc024597771384a510d	container		5d6d2b5486f774785c2ba8ea	5d6d2b5486f774785c2ba8ea	5d6d2b5486f774785c2ba8ea	-2.216	22.793	-379.478
container-db8b8fa3bde2ca0fbca7f3e64f24ea41546eb4e6382f03c6925fbd5be3cb807f	5714dbc024597771384a510d	container		59139c2186f77411564f8e42	59139c2186f77411564f8e42	59139c2186f77411564f8e42	-217.988312	21.657999	-360.9488
container-dc17df43de20fe4aa695f4650987209e133bbceeaab72172356e213fbeea3a50	5714dbc024597771384a510d	container		578f87a3245977356274f2cb	578f87a3245977356274f2cb	578f87a3245977356274f2cb	48.7183838	27.476	-40.97632
container-dc6387b685aaab38e95a1c24ab6cd91ddd99ca0e53da935c32e74993a96f2d34	5714dbc024597771384a510d	container		5d6d2bb386f774785b07a77a	5d6d2bb386f774785b07a77a	5d6d2bb386f774785b07a77a	-351.0335	21.92345	252.530487
container-dc7fcd906c32510bbced43f834643f2b1f45771483d4056330d7d23c2ffa11f4	5714dbc024597771384a510d	container		59139c2186f77411564f8e42	59139c2186f77411564f8e42	59139c2186f77411564f8e42	-69.99923	27.3331	48.2673264
container-dc8a4e2a27f25a6a2011898eb254b492b3bbcb073e59192c0a6c7b3ba745ab39	5714dbc024597771384a510d	container		59139c2186f77411564f8e42	59139c2186f77411564f8e42	59139c2186f77411564f8e42	2.177006	27.337	-302.576
container-dcd963281927f012ba989b274be6555133dd867f31488f4ed621bba367c49e90	5714dbc024597771384a510d	container		5909d50c86f774659e6aaebe	5909d50c86f774659e6aaebe	5909d50c86f774659e6aaebe	-218.7575	24.56	-351.216919
container-dd8b1939f51536c8b464e5bc192d21731ea52310d1ac1993840dbdc9908e37ab	5714dbc024597771384a510d	container		5909d89086f77472591234a0	5909d89086f77472591234a0	5909d89086f77472591234a0	-21.1780434	27.7652931	-16.5625534
container-ddbeb78fdad36095ed0bc2135ee2ff544a3b1cd0e37053e4a2328dfc97c37844	5714dbc024597771384a510d	container		578f87ad245977356274f2cc	578f87ad245977356274f2cc	578f87ad245977356274f2cc	-17.2360058	27.461	-229.699722
container-ddc5dce0c78ba38a9b079dbed9f37c9527598bb95159d0fc3d1b103af92a9676	5714dbc024597771384a510d	container		59139c2186f77411564f8e42	59139c2186f77411564f8e42	59139c2186f77411564f8e42	75.09965	27.1961021	109.558556
container-de0e0466e672ced86ab2dcd65e3f8f88d39af36206b7a7407e10ddad7dd7fc91	5714dbc024597771384a510d	container		578f879c24597735401e6bc6	578f879c24597735401e6bc6	578f879c24597735401e6bc6	24.62219	27.76	-229.114
container-de8bd658a04d1f803d72a3761dd042b3cd4ee500e5f93a3323be19a91db2e1ee	5714dbc024597771384a510d	container		578f87a3245977356274f2cb	578f87a3245977356274f2cb	578f87a3245977356274f2cb	90.428	27.835	163
container-deccdea4b9ca96805ff42f3d275807c72865f3bc8dfe071d8e8b5a131d43c040	5714dbc024597771384a510d	container		578f879c24597735401e6bc6	578f879c24597735401e6bc6	578f879c24597735401e6bc6	95.7336	27.836874	-128.6646
container-df828390c8e2cbb25035e7e8a063e89653135a70e954ff9f879cb64394210376	5714dbc024597771384a510d	container		578f87a3245977356274f2cb	578f87a3245977356274f2cb	578f87a3245977356274f2cb	-92.673	27.142	84.496
container-e014dc09bf0e6c2a90467c7c0ae9f357438707eefc140c6cd46a873c7d844a5f	5714dbc024597771384a510d	container		5909d50c86f774659e6aaebe	5909d50c86f774659e6aaebe	5909d50c86f774659e6aaebe	-175.419937	28.19014	-8.241478
container-e04aba2534dd6a29695db72dd43e3e52cf921e086de2e86920218f922bcfbe31	5714dbc024597771384a510d	container		578f87a3245977356274f2cb	578f87a3245977356274f2cb	578f87a3245977356274f2cb	73.649	37.08	-0.73
container-e04dbb677d8914c6d5763ee0322b88af379156e1cead6705d1205d5633f2d2b2	5714dbc024597771384a510d	container		5909d50c86f774659e6aaebe	5909d50c86f774659e6aaebe	5909d50c86f774659e6aaebe	-196.920532	27.6335	-65.5752945
container-e0d3220ca1fb40d26e40b1d0e1f5d52d0b8ea8099417a3e098d52eb6a4ce9619	5714dbc024597771384a510d	container		5c052cea86f7746b2101e8d8	5c052cea86f7746b2101e8d8	5c052cea86f7746b2101e8d8	253.674591	21.4596748	8.679923
container-e0e4d5f7a7be5fff515765d83c73be0efc12465dcd705bee43b7e1fa290d7bbe	5714dbc024597771384a510d	container		5909d7cf86f77470ee57d75a	5909d7cf86f77470ee57d75a	5909d7cf86f77470ee57d75a	-20.562	27.5512924	-23.374
container-e32649bc31d72766b882c81147fd0fa1b91a312b04411a7a82f57ece18908649	5714dbc024597771384a510d	container		5909d50c86f774659e6aaebe	5909d50c86f774659e6aaebe	5909d50c86f774659e6aaebe	-181.124191	27.3415	-167.77095
container-e32e5b7e8122b8f8cf06a5f717c42cec723d60b49cc1a25d58257f6650117a6c	5714dbc024597771384a510d	container		5909d50c86f774659e6aaebe	5909d50c86f774659e6aaebe	5909d50c86f774659e6aaebe	-95.96148	27.6505	192.3406
container-e36af35bc96e08fe686c87ee3a234757215fb953cf812cfe30538b990d4bf7ae	5714dbc024597771384a510d	container		5d6d2bb386f774785b07a77a	5d6d2bb386f774785b07a77a	5d6d2bb386f774785b07a77a	-295.726	22.6164532	179.3603
container-e36e4536a3571224a06fac688c516a04444343b62e2c66cd8b8dfc0f1b168c4b	5714dbc024597771384a510d	container		5909d5ef86f77467974efbd8	5909d5ef86f77467974efbd8	5909d5ef86f77467974efbd8	199.86969	18.9173813	-384.7412
container-e3b5049861794b545372c74af5cd6b23fff0ee22d92152a2ca3ebf731b86a149	5714dbc024597771384a510d	container		5909d76c86f77471e53d2adf	5909d76c86f77471e53d2adf	5909d76c86f77471e53d2adf	-21.6791954	28.268	-84.71818
container-e4e0a20f66d16d26bb4ec94ff79d133c59ba66d65060fc96bede981d742de8ad	5714dbc024597771384a510d	container		5d6d2bb386f774785b07a77a	5d6d2bb386f774785b07a77a	5d6d2bb386f774785b07a77a	230.132584	19.8303566	187.360458
container-e4f6b5809ca1c2ca17cb4d4b6afec753f017bc82b22193ed6ef6ba5c515e3479	5714dbc024597771384a510d	container		5909d5ef86f77467974efbd8	5909d5ef86f77467974efbd8	5909d5ef86f77467974efbd8	-135.448715	28.45	-276.4938
container-e53b3e5041900727b34de89e57ffba9defcbb289990846485447b12d6ed1ed6f	5714dbc024597771384a510d	container		59139c2186f77411564f8e42	59139c2186f77411564f8e42	59139c2186f77411564f8e42	-97.06104	27.3372841	120.689995
container-e541121e2b386ca16523a7116ed7effc69d9a79c42de4536e479b79a4813bfc9	5714dbc024597771384a510d	container		5c052cea86f7746b2101e8d8	5c052cea86f7746b2101e8d8	5c052cea86f7746b2101e8d8	275.1806	22.1257744	-382.566071
container-e565814714d72bdc916a0ed397890af9c59f0905154bafe26207d6161d1de31f	5714dbc024597771384a510d	container		5909d5ef86f77467974efbd8	5909d5ef86f77467974efbd8	5909d5ef86f77467974efbd8	55.35397	36.661	40.0466423
container-e5af7e1cfa863c28110e258735c60971cc4be54b3c3a06afc2b47c30d220de0f	5714dbc024597771384a510d	container		5909d50c86f774659e6aaebe	5909d50c86f774659e6aaebe	5909d50c86f774659e6aaebe	33.6883278	27.3566	-127.916176
container-e5df1383d25a31771f20f46ce15e60aa7d4dd2c6a6aaa148367184b631dfea87	5714dbc024597771384a510d	container		5909d50c86f774659e6aaebe	5909d50c86f774659e6aaebe	5909d50c86f774659e6aaebe	-4.14240551	27.3625	-50.54931
container-e5df2c2775f84edc2d255e518f0b6b1b5c8100071d963c903ccb171e8ab72a11	5714dbc024597771384a510d	container		578f87a3245977356274f2cb	578f87a3245977356274f2cb	578f87a3245977356274f2cb	42.362	36.983	-150.955
container-e70d9fb6a0a23ee427c87a8de2f4f76d0d665f7c3f05bfd911cfb55ed4027c9f	5714dbc024597771384a510d	container		578f879c24597735401e6bc6	578f879c24597735401e6bc6	578f879c24597735401e6bc6	68.47073	27.8453255	11.3500013
container-e732d25f00ac52675f3339f530d1f5867c118a911dd9408c3275f6c695a4b1d1	5714dbc024597771384a510d	container		5d6d2b5486f774785c2ba8ea	5d6d2b5486f774785c2ba8ea	5d6d2b5486f774785c2ba8ea	378.662	17.765	-228.832
container-e76b28b18e2c3681837cbe69a491b697ff09db247d5cc5a7563fb9a1f6495412	5714dbc024597771384a510d	container		5909d7cf86f77470ee57d75a	5909d7cf86f77470ee57d75a	5909d7cf86f77470ee57d75a	-37.44	27.5339985	-22.441
container-e7a8c1c21464680c6766feeb9d82243329a74f3f763c842e521633041103b8c1	5714dbc024597771384a510d	container		578f879c24597735401e6bc6	578f879c24597735401e6bc6	578f879c24597735401e6bc6	-83.62959	27.7765	-0.466994464
container-e7e1efbaba5fec33df6d70b77c7ca4811c0fcd4c5d804711db68c5d1198ddc2a	5714dbc024597771384a510d	container		578f8778245977358849a9b5	578f8778245977358849a9b5	578f8778245977358849a9b5	55.4157867	28.20542	-32.437233
container-e7e6584fd546fedf747d318f9732ffa7c23f838511559d5050749619d7217766	5714dbc024597771384a510d	container		5d6d2bb386f774785b07a77a	5d6d2bb386f774785b07a77a	5d6d2bb386f774785b07a77a	0.8823616	21.56717	-397.018433
container-e8ac55d37e02a3395ea9ff271d542242af22c82eb0d733a97afcb990cddc2a08	5714dbc024597771384a510d	container		578f879c24597735401e6bc6	578f879c24597735401e6bc6	578f879c24597735401e6bc6	25.5200043	27.77	99.57
container-e8b56ef2315210ed0577350db92a0b1b15443e23975026b77afcf9c4da315282	5714dbc024597771384a510d	container		578f87a3245977356274f2cb	578f87a3245977356274f2cb	578f87a3245977356274f2cb	-213.104	22.126	-366.306
container-e92fc8152df0b4dcb6b262346a5373b7585a4cc3054e3888e30bb1cc6e873f54	5714dbc024597771384a510d	container		578f8778245977358849a9b5	578f8778245977358849a9b5	578f8778245977358849a9b5	-200.87	22.625	-347.369
container-ea4bea2949f3ba168ec6231c79a0b38f34fbbbbb0c050359376c84228c6c99ae	5714dbc024597771384a510d	container		5909d7cf86f77470ee57d75a	5909d7cf86f77470ee57d75a	5909d7cf86f77470ee57d75a	-165.117	27.551	27.175
container-ea777a77dfaace9def1eb3e6fee342634edc3b3bed6a4ae437bc21412b20c92c	5714dbc024597771384a510d	container		578f87a3245977356274f2cb	578f87a3245977356274f2cb	578f87a3245977356274f2cb	-160.792114	24.139	146.794678
container-ea8f61f06e41b98726c5f531e2aac933a417a214dc8667be9555d468ce028dec	5714dbc024597771384a510d	container		578f87a3245977356274f2cb	578f87a3245977356274f2cb	578f87a3245977356274f2cb	73.514	27.934	167.027
container-eac3bb04777e00ffacb083b64d367876e587948367ec0542a0c111a79e130b53	5714dbc024597771384a510d	container		59139c2186f77411564f8e42	59139c2186f77411564f8e42	59139c2186f77411564f8e42	-72.351944	27.3331	41.345562
container-eb359d2e3e7e27f2ac1356db5d7c699a8aa9108b66e2892774e064b028c2641d	5714dbc024597771384a510d	container		578f87ad245977356274f2cc	578f87ad245977356274f2cc	578f87ad245977356274f2cc	258.337463	21.699255	-70.58273
container-eb9cf82f883e7580574b70f618e566031c642e407460fb2912282fad2a9f50dd	5714dbc024597771384a510d	container		5909d7cf86f77470ee57d75a	5909d7cf86f77470ee57d75a	5909d7cf86f77470ee57d75a	-132.818	27.856	-120.109009
container-ebbc85ca57e1156a2439606785d7a9089c841fb86ce0a22f404751aa8b766c0a	5714dbc024597771384a510d	container		5d6d2b5486f774785c2ba8ea	5d6d2b5486f774785c2ba8ea	5d6d2b5486f774785c2ba8ea	-227.75	21.272	-389.235
container-ec0bb611fe2e77ccda098fdae5354ddad380ace2dc2034411bbcd190ec17c540	5714dbc024597771384a510d	container		5909d5ef86f77467974efbd8	5909d5ef86f77467974efbd8	5909d5ef86f77467974efbd8	170.426254	21.4629536	126.277481
container-ec326a96c67c079e9afee266fb42f25737d4edc7ce7c1ad1cb15807833c8ac3a	5714dbc024597771384a510d	container		578f87a3245977356274f2cb	578f87a3245977356274f2cb	578f87a3245977356274f2cb	24.906	27.5834	-106.783
container-ec60e86d0f598ba954ca097d02f4161594b483a56c2bbb560c7184caf0b48617	5714dbc024597771384a510d	container		5909d7cf86f77470ee57d75a	5909d7cf86f77470ee57d75a	5909d7cf86f77470ee57d75a	-51.748	27.536	-11.516
container-ecc66e6acc813165ac304f420e4ff939a35f54eec0a6ca5495d11ada650217ab	5714dbc024597771384a510d	container		5909d7cf86f77470ee57d75a	5909d7cf86f77470ee57d75a	5909d7cf86f77470ee57d75a	66.297	27.5390015	13.985
container-ece05d7528bbb90392e3aefa5cb29eff9256540fb88d10601cff564051c822a4	5714dbc024597771384a510d	container		578f87a3245977356274f2cb	578f87a3245977356274f2cb	578f87a3245977356274f2cb	83.723	27.608	-114.962
container-ecead54526cf58585a9c8663bee1df6ac68907ea00e1ba27ab8a34779e336a3d	5714dbc024597771384a510d	container		578f87a3245977356274f2cb	578f87a3245977356274f2cb	578f87a3245977356274f2cb	-10.8815918	27.803	-184.348389
container-ed2e70091a37e2b1fb710d3a4080b0f40616d3cfc431a70c52dd46bdd25e274e	5714dbc024597771384a510d	container		5d6d2b5486f774785c2ba8ea	5d6d2b5486f774785c2ba8ea	5d6d2b5486f774785c2ba8ea	307.04	22.775	-229.308
container-ed8ba2c7995e37938243787b569c2f65a90859ff9eaa9c6ad2f0cdc3d2f0c490	5714dbc024597771384a510d	container		578f87a3245977356274f2cb	578f87a3245977356274f2cb	578f87a3245977356274f2cb	-48.2965775	27.75	84.05378
container-edca33d036cda3399905d552eceadc666f8d6be5ab81bdf9ee79b5fba7c33b7d	5714dbc024597771384a510d	container		5909d50c86f774659e6aaebe	5909d50c86f774659e6aaebe	5909d50c86f774659e6aaebe	-137.208176	27.3415	-154.643692
container-edef9991b903e00828e30405eaf37930a0ec8851961f1969fe4321a20ab835cb	5714dbc024597771384a510d	container		578f879c24597735401e6bc6	578f879c24597735401e6bc6	578f879c24597735401e6bc6	-95.88899	28.1000023	31.5300369
container-ee1f31de80365c195ce43537339806c52182ed3807e233c10eaf950c7a06a106	5714dbc024597771384a510d	container		578f879c24597735401e6bc6	578f879c24597735401e6bc6	578f879c24597735401e6bc6	26.592186	27.76	-223.018
container-ee9943a040c05438330558c89d7f14c2080ca17e997aea6d5fa586b716a04417	5714dbc024597771384a510d	container		578f879c24597735401e6bc6	578f879c24597735401e6bc6	578f879c24597735401e6bc6	-15.8295641	27.847	-98.8788
container-ef3cdcb46075347e6e34804ca3371f04416709aab52d488d003878fd67fc305a	5714dbc024597771384a510d	container		5909d7cf86f77470ee57d75a	5909d7cf86f77470ee57d75a	5909d7cf86f77470ee57d75a	-19.043	27.5320015	-12.83
container-f07c29f7bf224396ea7476739efed3b4fe63c20ae323ade5561758f70c64b2b0	5714dbc024597771384a510d	container		578f87ad245977356274f2cc	578f87ad245977356274f2cc	578f87ad245977356274f2cc	164.042343	21.691	-61.4011879
container-f13638fe57e391057072c2556117dc9ebf33ffa567cdaef99969e1b46f2ce250	5714dbc024597771384a510d	container		578f87a3245977356274f2cb	578f87a3245977356274f2cb	578f87a3245977356274f2cb	41.476	27.605	-138.674
container-f1f46f397fd3fb5b48d3aa1c6df9657a5fc8c47446da618d91d39b99d675634c	5714dbc024597771384a510d	container		5909d7cf86f77470ee57d75a	5909d7cf86f77470ee57d75a	5909d7cf86f77470ee57d75a	94.563	37.031	19.771
container-f27c61f8ff6eaa959ebf51142bc62ea0cef674a7d9db069cba5f7f8e419dbc68	5714dbc024597771384a510d	container		5909d76c86f77471e53d2adf	5909d76c86f77471e53d2adf	5909d76c86f77471e53d2adf	-135.405441	30.0862389	67.58479
container-f2d502127e8844f0835e525a5c2864151bddd500bb8a7f6d224b49e81713657e	5714dbc024597771384a510d	container		578f8778245977358849a9b5	578f8778245977358849a9b5	578f8778245977358849a9b5	-18.3581314	28.2139988	-93.05938
container-f2db340b7482e6cd8719eea9b006a04abb3dea75b559e1abd40e21c0adf98c0b	5714dbc024597771384a510d	container		578f879c24597735401e6bc6	578f879c24597735401e6bc6	578f879c24597735401e6bc6	24.6221828	27.76	-249.37999
container-f2e29f6cc513497ff4867bb706001d0191f080bf5fb37db944f214780b4742a4	5714dbc024597771384a510d	container		578f87a3245977356274f2cb	578f87a3245977356274f2cb	578f87a3245977356274f2cb	86.946	24.8878136	365.648
container-f30ba7f48c45dfdf2b59bb73570538e9352ab3b8b021dbb4307721e8bc529aad	5714dbc024597771384a510d	container		5d6d2bb386f774785b07a77a	5d6d2bb386f774785b07a77a	5d6d2bb386f774785b07a77a	-248.57	21.347	-361.462
container-f367c93c4c7092dc70f0511ddd459b549b0762772d2e72c9b5f47af291ce4026	5714dbc024597771384a510d	container		578f87a3245977356274f2cb	578f87a3245977356274f2cb	578f87a3245977356274f2cb	-125.4083	27.2109	64.0063
container-f4a36ee1128363869c4ee815b014bd00d09708efb5d83831accdbd6991c2d9e9	5714dbc024597771384a510d	container		5909d76c86f77471e53d2adf	5909d76c86f77471e53d2adf	5909d76c86f77471e53d2adf	-141.122391	27.491	29.6373348
container-f5151c22e16738f58f2472ef179ddd431828b0b7abfd7f33addb71108d2cf3fc	5714dbc024597771384a510d	container		59139c2186f77411564f8e42	59139c2186f77411564f8e42	59139c2186f77411564f8e42	-48.9994774	27.3324947	131.854919
container-f562c50a4504331214ffc85556dc611ab5f340aa7ac9974c4fb45b654c5062bd	5714dbc024597771384a510d	container		5909d50c86f774659e6aaebe	5909d50c86f774659e6aaebe	5909d50c86f774659e6aaebe	30.44231	27.9665	-40.4455452
container-f57d237f15a83cb913a78f9e0d076e2b735db6db8d21184fbe65cce2de6c5623	5714dbc024597771384a510d	container		5d6d2bb386f774785b07a77a	5d6d2bb386f774785b07a77a	5d6d2bb386f774785b07a77a	-175.1186	21.6863518	237.1789
container-f58abf1ecd9cf6e88b7957ec01c396f68e534f7a0065b86e2634b862a0427f9a	5714dbc024597771384a510d	container		578f879c24597735401e6bc6	578f879c24597735401e6bc6	578f879c24597735401e6bc6	-83.70695	27.7764931	-50.30275
container-f62fad1eae03be41f3e648992f63181454936dedf9743a17eded57491affa872	5714dbc024597771384a510d	container		578f879c24597735401e6bc6	578f879c24597735401e6bc6	578f879c24597735401e6bc6	-92.362114	27.7764912	-104.179
container-f7dc0f71b4ccd78e54d9c7bee446b9dfef5c7b603f39a08ca52ad5b13abbe5fe	5714dbc024597771384a510d	container		5909d45286f77465a8136dc6	5909d45286f77465a8136dc6	5909d45286f77465a8136dc6	-59.3768349	22.0976334	-180.299
container-f8040ddd017fb49e067e7ccb1d6d9a93479c5a315337a779528d70335155f07d	5714dbc024597771384a510d	container		578f87a3245977356274f2cb	578f87a3245977356274f2cb	578f87a3245977356274f2cb	70.7285156	21.87	-253.294189
container-f87f2d7c16967353eccf12716df830ef1373de11c910c1c1574bd27e3462d92e	5714dbc024597771384a510d	container		578f8778245977358849a9b5	578f8778245977358849a9b5	578f8778245977358849a9b5	11.9539967	28.216	-78.54803
container-f88e7d23aa0a8efa310af04d668173aaee0e8ae6a970c073d5b88663c085d20d	5714dbc024597771384a510d	container		578f879c24597735401e6bc6	578f879c24597735401e6bc6	578f879c24597735401e6bc6	47.878006	37.531	-15.45198
container-f8e7cab3f8185d13093d4523b046cb3f8c48f977822e1c6cb656bb33c7ce961c	5714dbc024597771384a510d	container		5909d7cf86f77470ee57d75a	5909d7cf86f77470ee57d75a	5909d7cf86f77470ee57d75a	-259.455627	21.773	215.0647
container-f91dee50a6970410860765aa6bebb872534234f016d81c09554da0bccd278e82	5714dbc024597771384a510d	container		578f87a3245977356274f2cb	578f87a3245977356274f2cb	578f87a3245977356274f2cb	-45.702	37.142	-53.151
container-f93a05b35a4f2a42ea5578eae82426c546eaa3d2d510e07f483857d625d44a6b	5714dbc024597771384a510d	container		5d6d2b5486f774785c2ba8ea	5d6d2b5486f774785c2ba8ea	5d6d2b5486f774785c2ba8ea	344.23	19.424	-266.361
container-f94dd7792ef4d76573b9218a9cf083896f8c6064c7bd246fd32de8b29996a511	5714dbc024597771384a510d	container		5909d50c86f774659e6aaebe	5909d50c86f774659e6aaebe	5909d50c86f774659e6aaebe	64.30202	27.3447	61.8230362
container-f9aae82faec30a1d2d4d4bef8c3a1aec3461a38b5a8acc670a00f18177ec62b8	5714dbc024597771384a510d	container		578f87a3245977356274f2cb	578f87a3245977356274f2cb	578f87a3245977356274f2cb	89.143	22.443	-240.24
container-fa4042d1866b0034c29ade197d9acb98ed73726ebdcecd2b99a1ab1e34f2228d	5714dbc024597771384a510d	container		5909d76c86f77471e53d2adf	5909d76c86f77471e53d2adf	5909d76c86f77471e53d2adf	10.8059969	21.701	-76.57565
container-fa710873df50da51cdd8c95e284fd3182b8632419e1a7f6d067c56083d2b472f	5714dbc024597771384a510d	container		578f87ad245977356274f2cc	578f87ad245977356274f2cc	578f87ad245977356274f2cc	106.115456	21.6955624	-280.803864
container-fadf1e3c9ce488561307a177f3b02c7aceadd487addda570d9b308c26b049911	5714dbc024597771384a510d	container		5909d5ef86f77467974efbd8	5909d5ef86f77467974efbd8	5909d5ef86f77467974efbd8	-179.363953	21.8970013	-199.214844
container-fb0559d652a57f76d9017746ed8300c6f531a96d94a67722f7d419032ed783e5	5714dbc024597771384a510d	container		578f879c24597735401e6bc6	578f879c24597735401e6bc6	578f879c24597735401e6bc6	76.40201	37.557	-81.0939941
container-fb2ef6568b0b44e459215cf06e192119f32ccaa3b269cf2ec9be705b9be814d5	5714dbc024597771384a510d	container		59139c2186f77411564f8e42	59139c2186f77411564f8e42	59139c2186f77411564f8e42	81.96161	27.3331013	166.975
container-fb3a4673b3c1a2f961d5975fb4ec0ae0a2d9c62f71bf33d0435d6a935630edd8	5714dbc024597771384a510d	container		5909d24f86f77466f56e6855	5909d24f86f77466f56e6855	5909d24f86f77466f56e6855	26.6967945	28.0811157	-75.23594
container-fbe49d30ce64964d871acd819aea9ab09fad63daaa5c693acaa52bd569c99f93	5714dbc024597771384a510d	container		5909d5ef86f77467974efbd8	5909d5ef86f77467974efbd8	5909d5ef86f77467974efbd8	-106.406464	23.058	-182.186142
container-fd492d628cbeebdeeec913d1416f0ddb2f347b48252cc97f3a54ead2ae671031	5714dbc024597771384a510d	container		578f879c24597735401e6bc6	578f879c24597735401e6bc6	578f879c24597735401e6bc6	74.56418	27.836874	-159.066574
container-fdb1d54b00abc5ec083594c11a8a044bbaff88e4df6b706e355b6def81948947	5714dbc024597771384a510d	container		5909d5ef86f77467974efbd8	5909d5ef86f77467974efbd8	5909d5ef86f77467974efbd8	99.18899	38.0597076	-25.5247555
container-fea9b807418138001aac1d8f7ba052d7a38b17d2f1edad10eae5b6e38b8009db	5714dbc024597771384a510d	container		578f87a3245977356274f2cb	578f87a3245977356274f2cb	578f87a3245977356274f2cb	45.709	27.48	-6.415
container-fee001094e8190beae5b7a84ab3f8c041af60fe42dc0c0e912221375cebf1957	5714dbc024597771384a510d	container		5909d76c86f77471e53d2adf	5909d76c86f77471e53d2adf	5909d76c86f77471e53d2adf	85.4459839	27.486	177.347733
container-ff1f59e550e95838a1b647bc34a271d1ad4cdf3d9db07d9da402440ee1298ab7	5714dbc024597771384a510d	container		5909d50c86f774659e6aaebe	5909d50c86f774659e6aaebe	5909d50c86f774659e6aaebe	-211.940216	30.5696	-349.220367
container-ff54727944204e76a2ba97cca71fc95ebd75ff63684f040daa081cf21d9d5a80	5714dbc024597771384a510d	container		5d6d2bb386f774785b07a77a	5d6d2bb386f774785b07a77a	5d6d2bb386f774785b07a77a	524.505	18.3830013	-298.825
container-ff5d65fa345cf4abeb1903abd93dc2790cfc5f7f687c4f8df32e2125d69dc60a	5714dbc024597771384a510d	container		578f879c24597735401e6bc6	578f879c24597735401e6bc6	578f879c24597735401e6bc6	-41.09899	27.77	97.60002
container-ff7775b74dfcefdaadb987f70fbdae0b862a19005a090870a65b4c7bd6c34098	5714dbc024597771384a510d	container		59139c2186f77411564f8e42	59139c2186f77411564f8e42	59139c2186f77411564f8e42	37.28757	27.3324947	152.595917
container-ff84c63aa559b948ef5bb189b7185a18756528e4deeb1ebbd0053f1b12ddd7eb	5714dbc024597771384a510d	container		578f879c24597735401e6bc6	578f879c24597735401e6bc6	578f879c24597735401e6bc6	-30.5650024	37.544	-101.593
extract-18d1df3db3044e252662835cd34ba68209a09f35bf68106ba3319a64c81b71a0	5714dbc024597771384a510d	extract	pmc	08187ce764fe4676a7757ff1cb5ea6937903dcdb	走私者隧道	Smugglers' Tunnel	-138.53	22.51	-175.11
extract-2c1cf4c68a6ef6851c1af29453f6b3a051b62cee38016e659116ab32ce839e71	5714dbc024597771384a510d	extract	scav	7954d8c2717f9ba217821834ccf3de5d91d628ad	铁路撤离点	Railway Exfil	474.57	19.92	-433.74
extract-36160b71866ab3e2a09f772d0e2f1bfcc799f12a853a29e2b97dd420e6b6b369	5714dbc024597771384a510d	extract	pmc	7954d8c2717f9ba217821834ccf3de5d91d628ad	铁路撤离点	Railway Exfil	474.82	20.92	-433.99
extract-6ab48ff4e5d50311db874595ec853506ad4685bb6b67a2b5e2fc3867d567eb0b	5714dbc024597771384a510d	extract	pmc	f609b359144383c176a96e320b62edd6827d29a0	发电站载具撤离点	Power Station V-Ex	-302.89	21.65	-367.73
extract-83a519e478d27a3e366a16ae6c2493dc4c1a43a059a46845950c68d5830d8c23	5714dbc024597771384a510d	extract	shared	73e006324ece078a5713c7d04557aba5035d7f05	EMERCOM 检查站	Emercom Checkpoint	-321.56	24.18	266.74
extract-9c23a84675a5ccb0cc61aa06868639fe6f9e00fc36e2d4c141c86bd5ddeeefd4	5714dbc024597771384a510d	extract	pmc	be06c79bce82bc0e6c41b0f79080f7d0511a3166	安全屋撤离点	Saferoom Exfil	-47.73	22.97	44.06
extract-b993300b4ca826041c96b962911918bf603d2bc3c7b1764453d3fd0516173f50	5714dbc024597771384a510d	extract	shared	e7673aaa0905e4dcf4b39354cd7c169b76475176	Scav 营地（合作撤离点）	Scav Camp (Co-Op)	-97.48	18.12	-73.09
extract-d8719d57a4db10ecbc8ee4325c06e39102624c3a1e323c69a10ae7a4a558135f	5714dbc024597771384a510d	extract	pmc	f71900025d2418e81c18f50d76b30bcd51953dc2	河畔之路（信号弹）	Path to River (Flare)	613.9	27.9	71.3
extract-ffcc20c1ae615f83c974f7dc0c4af3b674b7f348b9b601f83785f1e1265a66ae	5714dbc024597771384a510d	extract	pmc	9aa4d38482dc1996ba1f191e2f897e193e05f982	围栏破洞	Hole in the Fence	-219.92	13.79	-37.02
hazard-10a3fcd3b3ff00cbd3a4a60ba1c78a030b5dafef9b9b66a96e92212d316d82a3	5714dbc024597771384a510d	hazard	minefield	DamageType_Landmine	地雷	Landmine	591.11	28.42	380
hazard-160e182677cf05147ea3aa11bd18faad827a8d63551491fc1a5289037aa14233	5714dbc024597771384a510d	hazard	sniper	ScavRole/Marksman	狙击手	Sniper	-428.53	27.1	169.29
hazard-26ef0116c564effc28c7aedfc3cc468d823d0cf9cd1c0aec5135811dd375e664	5714dbc024597771384a510d	hazard	sniper	ScavRole/Marksman	狙击手	Sniper	-334.17	27.2	-395.43
hazard-3f8750b06cf38dc8ed60f5721c96ce9ea3cf8c6d049b5e72fa5013c4408e1359	5714dbc024597771384a510d	hazard	sniper	ScavRole/Marksman	狙击手	Sniper	-428.56	28.1	228.78
hazard-49e8ccea5ad15bd1022dd75abaaaa508a9f77ed9137b11658b293e7c3b33818d	5714dbc024597771384a510d	hazard	sniper	ScavRole/Marksman	狙击手	Sniper	578.78	30.5	352.63
hazard-4b30604b31b39f1f4cdaab99c527d6a4ec40ba0fe36d5fc96a574766cb0fc7be	5714dbc024597771384a510d	hazard	minefield	DamageType_Landmine	地雷	Landmine	591.34	28.42	4.94
hazard-4db0f7ac4e7ef3b666a6a2b798c9356d018f398489a93319c56d73b2fcd6d39f	5714dbc024597771384a510d	hazard	minefield	DamageType_Landmine	地雷	Landmine	315.52	37.1	-530.18
hazard-57e79de053e4ef1333809e75524c975394bcb27b6d9ad8490601716fd12cde29	5714dbc024597771384a510d	hazard	sniper	ScavRole/Marksman	狙击手	Sniper	-427.71	27.1	-11.07
hazard-584f6cfd6c51efb989cafd83887b98557b2c5aee3a3f9abda2ef6f1cf06095ae	5714dbc024597771384a510d	hazard	minefield	DamageType_Landmine	地雷	Landmine	592.73	28.42	130.35
hazard-602d8fe0a8d3a56bc5a9c331781275de4dc9efbd54984903ce6f24e410031bcc	5714dbc024597771384a510d	hazard	sniper	ScavRole/Marksman	狙击手	Sniper	-330.17	27.1	-329.14
hazard-624ef1ebd5e01376cfc8d214e70cc458e238b7658623fc932d412f67d829d538	5714dbc024597771384a510d	hazard	sniper	ScavRole/Marksman	狙击手	Sniper	-433.28	27.2	-74.79
hazard-8eba5aba564264a46b9efc7caaeaf886078dc25b5485fc7518bd78cc95ba10a4	5714dbc024597771384a510d	hazard	sniper	ScavRole/Marksman	狙击手	Sniper	-429.64	27.2	111.14
hazard-9a5eb63046f7245933931c8478a2f6318f3060e6fbf695d569a7b1a744a357ca	5714dbc024597771384a510d	hazard	minefield	DamageType_Landmine	地雷	Landmine	594.33	28.42	-327.4
hazard-9cdadc9da046373c893a682b7cdb551e4fbbab983c906048191eb08f151f1847	5714dbc024597771384a510d	hazard	sniper	ScavRole/Marksman	狙击手	Sniper	-335.43	22.9	-273.93
hazard-a3753322abb4535556a70fd5195d7e5b1c241f7897bb12d38adb0178105671c0	5714dbc024597771384a510d	hazard	sniper	ScavRole/Marksman	狙击手	Sniper	567.7	34.5	151.93
hazard-a9c24937c72ae22416b150ff5c3da800dfb18e191cc035464f601d9a85397dbc	5714dbc024597771384a510d	hazard	sniper	ScavRole/Marksman	狙击手	Sniper	589.87	34.1	122.25
hazard-aad961f3ed765d91a1803bb59e85ca6f2368d69ef99a6718bf1c8374bf6cfe03	5714dbc024597771384a510d	hazard	minefield	DamageType_Landmine	地雷	Landmine	588.3	28.42	263.69
hazard-ab522d77f7d76c5a53e17755351cec0fd83e88ddb94c6daec9b3871bda2d7b8d	5714dbc024597771384a510d	hazard	sniper	ScavRole/Marksman	狙击手	Sniper	584.09	32.5	330.46
hazard-bcb1a203e1a8dcc32d14389845c39c591a3798788cb75e0e469a4b5f38cacc35	5714dbc024597771384a510d	hazard	sniper	ScavRole/Marksman	狙击手	Sniper	-430.14	22.9	46.38
hazard-bd74c6ae93ff45a56ca0b9e7e76bcf2314469b0edd9454330765c1f8187e7117	5714dbc024597771384a510d	hazard	sniper	ScavRole/Marksman	狙击手	Sniper	587.35	34.37	72.83
hazard-c8764a5fa994b1e297731f1fa2a4aa20dccd080982c62514b8c2efefbd498c2f	5714dbc024597771384a510d	hazard	minefield	DamageType_Landmine	地雷	Landmine	590.42	28.42	-131.68
hazard-c9933c8bfac7967c262b8ed761c98e86675a8a247923d848ef1dc4641778f1fb	5714dbc024597771384a510d	hazard	sniper	ScavRole/Marksman	狙击手	Sniper	-431.22	22.9	-142.86
hazard-d10ac6c2ebc2c3d98e6cb648d75a1c54777e883a45254c5cb89041331e85d92c	5714dbc024597771384a510d	hazard	sniper	ScavRole/Marksman	狙击手	Sniper	-382.67	27.1	-181.26
hazard-dd88ea809db56b58c2672550c4cef2485581afb30e2bc00113d4a924cdb00941	5714dbc024597771384a510d	hazard	sniper	ScavRole/Marksman	狙击手	Sniper	580.98	30.75	375.98
hazard-e0ac79e962766c34cc06a399aa3473a7cae1f613d026150acd3a200d16cd8501	5714dbc024597771384a510d	hazard	sniper	ScavRole/Marksman	狙击手	Sniper	-352.17	27.2	-221.75
spawn-00663f605c158877c1b87e43c30a64e6288a86b6279ec7c30514d540097a2f89	5714dbc024597771384a510d	spawn	{"categories":["bot","player"],"sides":["scav"]}	ZoneTrucks	ZoneTrucks	ZoneTrucks	-69.575	27.218998	-99.7319946
spawn-00cd2601e4de62b0bb44dcb0c35e5eec83b4e09981169f50b715c1497cc51dd9	5714dbc024597771384a510d	spawn	{"categories":["player"],"sides":["pmc"]}	58bedf70-924f-4834-a767-d77a0f74ddcf	58bedf70-924f-4834-a767-d77a0f74ddcf	58bedf70-924f-4834-a767-d77a0f74ddcf	-90.12134	22.7121964	283.468872
spawn-0212f9be555c3ce47a57233eb218db78dab29edb450b47a68e47378d85cea2d6	5714dbc024597771384a510d	spawn	{"categories":["boss","bot","player"],"sides":["scav"]}	ZoneOLI	OLI	OLI	-26.4800034	21.5170021	81.67999
spawn-05769740296611c27448bc48e53f5d4e2cab4df0950c4772d34d2f983f96a4f0	5714dbc024597771384a510d	spawn	{"categories":["boss","bot","player"],"sides":["scav"]}	ZoneCenter	ZoneCenter	ZoneCenter	20.18	36.6251869	-80.62
spawn-0665b05f8883ecb28f6f719c5a57cb413ebf4cc87243e1b6091913d615c20e13	5714dbc024597771384a510d	spawn	{"categories":["bot","player"],"sides":["scav"]}	ZoneOLI	OLI	OLI	507.359619	25.6400013	146.746
spawn-0716885c5ee832343900656bfb99d76d378897fe9d1dcbe837a877c86d6182ba	5714dbc024597771384a510d	spawn	{"categories":["boss"],"sides":["scav"]}	ZoneIDEAPark	ZoneIDEAPark	ZoneIDEAPark	-173.22	21.38	-165.63
spawn-0738c377d10c483bc29fe031db0ae4d51a591bd6e00434167ad35b15a58bea95	5714dbc024597771384a510d	spawn	{"categories":["bot","player"],"sides":["scav"]}	ZoneTrucks	ZoneTrucks	ZoneTrucks	70.7599945	27.0864677	170.909988
spawn-08c8dad57cafaa364b797497833db0102ee8a4b2f2e9d9d62c44f4de665b3687	5714dbc024597771384a510d	spawn	{"categories":["player"],"sides":["pmc"]}	5cd53406-3c0c-49d5-a563-77de3859056b	5cd53406-3c0c-49d5-a563-77de3859056b	5cd53406-3c0c-49d5-a563-77de3859056b	252.567749	21.4321976	-433.73877
spawn-09438925249fd3c239cc5791d38074d6a70b0caa99b2edb20c4c3971fa857d67	5714dbc024597771384a510d	spawn	{"categories":["player"],"sides":["pmc"]}	14527c4f-0ab3-467d-8468-378f5a041b67	14527c4f-0ab3-467d-8468-378f5a041b67	14527c4f-0ab3-467d-8468-378f5a041b67	149.035278	19.4718628	-410.41748
spawn-0b939ab8d7e8e7adb97eedc21aab030c3b18f2abd34515b682b2595fdc81e331	5714dbc024597771384a510d	spawn	{"categories":["bot","player"],"sides":["scav"]}	ZoneCenter	ZoneCenter	ZoneCenter	59.958	36.63006	-81.907
spawn-0fdaf76ff49f3365e22e4ce9ab5c09f2b8aec63a77345499e57c2dccf1007e64	5714dbc024597771384a510d	spawn	{"categories":["player"],"sides":["pmc"]}	575d1452-6afb-458e-b7d8-1d157a56b4bf	575d1452-6afb-458e-b7d8-1d157a56b4bf	575d1452-6afb-458e-b7d8-1d157a56b4bf	-317.548218	22.5821915	109.14563
spawn-1129e7853d9c11aedd2584a9b606ee47e6e82e50d78f2e2ad85e9fedb329d277	5714dbc024597771384a510d	spawn	{"categories":["botpmc","player"],"sides":["scav"]}	ZoneIDEAPark	ZoneIDEAPark	ZoneIDEAPark	284.123	20.9830017	-195.844009
spawn-118055d7f77e67a13351110371bd1041833d0c13735cbdb0fe054c50c63cd15c	5714dbc024597771384a510d	spawn	{"categories":["bot","player"],"sides":["scav"]}	ZoneIDEAPark	ZoneIDEAPark	ZoneIDEAPark	496.349976	26.28	49.3499756
spawn-12240bb6ad19ec6f6179dbd9aa343f46418f1331481d197d75442cb143765c1e	5714dbc024597771384a510d	spawn	{"categories":["player"],"sides":["pmc"]}	731989ce-bf0a-4ac4-88b6-813a25c03896	731989ce-bf0a-4ac4-88b6-813a25c03896	731989ce-bf0a-4ac4-88b6-813a25c03896	155.96228	21.4921951	279.256836
spawn-14662b6246ef0c17acfbda86ca4bec5a14a92744634f55a786fff1328c577de0	5714dbc024597771384a510d	spawn	{"categories":["bot","player"],"sides":["scav"]}	ZoneTrucks	ZoneTrucks	ZoneTrucks	-155.657013	27.1199989	-36.6350021
spawn-17f86308dc1320ac7ff5ad84566ac24f257952ba30031b5f8a9af42ef75b3d06	5714dbc024597771384a510d	spawn	{"categories":["boss","bot","player"],"sides":["scav"]}	ZoneTrucks	ZoneTrucks	ZoneTrucks	-157.41	27.1199989	-72.74
spawn-18b641cdb9a510e1839d57ac2aa18c50d5a672b14d2cb59c318c1844ea6f5816	5714dbc024597771384a510d	spawn	{"categories":["player"],"sides":["pmc"]}	969d1428-f5c4-4593-a6bc-004cbfd5a898	969d1428-f5c4-4593-a6bc-004cbfd5a898	969d1428-f5c4-4593-a6bc-004cbfd5a898	-318.6043	23.4321976	-110.585449
spawn-192e2c5b96db85a9c25f97e00df62ca9260d96b17474cfa8004917dbdf144165	5714dbc024597771384a510d	spawn	{"categories":["bot","player"],"sides":["scav"]}	ZoneIDEAPark	ZoneIDEAPark	ZoneIDEAPark	82.082	21.457	-205.736008
spawn-1b838276a7c0944e3fc6cc857d2ab6a822e886af2b4d5c026ddf03c7a526267e	5714dbc024597771384a510d	spawn	{"categories":["boss","bot","player"],"sides":["scav"]}	ZoneTagilla	Tagilla	Tagilla	-65.831	27.27	-275.619
spawn-1cc3b345ea9b7d1d79450ac4b93575d3366d9511c1b0d6c0e9fc3bee94f1f7d0	5714dbc024597771384a510d	spawn	{"categories":["boss"],"sides":["scav"]}	ZoneIDEAPark	ZoneIDEAPark	ZoneIDEAPark	-155.04	21.38	-176.31
spawn-1cf6e96b8ac8dbfbd6f78170449350090f3ac54fb9f2c7a235d6a8b5403f24a6	5714dbc024597771384a510d	spawn	{"categories":["player"],"sides":["pmc"]}	09f52cca-8554-40f2-9e03-1d084a6e542c	09f52cca-8554-40f2-9e03-1d084a6e542c	09f52cca-8554-40f2-9e03-1d084a6e542c	358.375122	17.6821938	-192.289917
spawn-22d49c3a86fdb30ce77be19e66e5192a8c872af294f4c515c5eda603e1821bcc	5714dbc024597771384a510d	spawn	{"categories":["player"],"sides":["pmc"]}	f122d1e7-4430-4b31-88b1-464783b9670c	f122d1e7-4430-4b31-88b1-464783b9670c	f122d1e7-4430-4b31-88b1-464783b9670c	159.764648	22.0121918	377.6399
spawn-2577b7bba3d4f3265a642159aa73b53c8646e22ac6bbd5fc71a5277886246aa4	5714dbc024597771384a510d	spawn	{"categories":["player"],"sides":["pmc"]}	3522edd3-bf38-40cb-9803-14d6d60c990f	3522edd3-bf38-40cb-9803-14d6d60c990f	3522edd3-bf38-40cb-9803-14d6d60c990f	154.036743	21.4921951	277.460938
spawn-26fdcea5058e4c0ccbfe1e81107246b5ac3aceed84227f9c2524b1198a1d496a	5714dbc024597771384a510d	spawn	{"categories":["player"],"sides":["pmc"]}	162e983f-c31c-4923-863e-8f4f680cf93b	162e983f-c31c-4923-863e-8f4f680cf93b	162e983f-c31c-4923-863e-8f4f680cf93b	25.4029541	24.9431915	-385.134277
spawn-26ff1c8d0bfa5f4c91d9d1ad85ed5228428447b2882e3717e381177c3f8719ff	5714dbc024597771384a510d	spawn	{"categories":["botpmc","player"],"sides":["scav"]}	ZoneIDEAPark	ZoneIDEAPark	ZoneIDEAPark	201.6	19.3500023	-389.19
spawn-274287e35a52f571ba30b6cee86d7e15489f5092ea70e3656cab0352430651bf	5714dbc024597771384a510d	spawn	{"categories":["player"],"sides":["pmc"]}	43b84f2f-0058-4208-8624-c4edba8bd130	43b84f2f-0058-4208-8624-c4edba8bd130	43b84f2f-0058-4208-8624-c4edba8bd130	-177.237122	21.982193	-413.3504
spawn-279dca643d806c1e1c069b9bff8c151449293930626a2368188e17a992f3d4d9	5714dbc024597771384a510d	spawn	{"categories":["bot","player"],"sides":["scav"]}	ZoneOLI	OLI	OLI	515.6744	25.3300018	107.53
spawn-289103df61b4708f6139faf3f90feed9e599c0f35aaca4d9d8582ee44c83f7c2	5714dbc024597771384a510d	spawn	{"categories":["boss","bot","player"],"sides":["scav"]}	ZoneTagilla	Tagilla	Tagilla	-70.473	27.12	-261.667
spawn-2b62cf5ff9d12c624d18ae7c98bb135bff9ecc8bda5015b12830daae468c9578	5714dbc024597771384a510d	spawn	{"categories":["player"],"sides":["pmc"]}	1cbb275e-6531-4fa0-ae7a-7f8c728b07d0	1cbb275e-6531-4fa0-ae7a-7f8c728b07d0	1cbb275e-6531-4fa0-ae7a-7f8c728b07d0	317.284058	23.0381927	333.3152
spawn-2c3c026fdea156a60fa5b0f61899d0029c2243291807f829845cac58262ac45e	5714dbc024597771384a510d	spawn	{"categories":["bot","player"],"sides":["scav"]}	ZoneIDEAPark	ZoneIDEAPark	ZoneIDEAPark	90.43201	21.457	-185.392
spawn-2d7d6be9470114d9ab273f017df5637329ad608ba9b90d109f3bcfaa8f53033c	5714dbc024597771384a510d	spawn	{"categories":["bot","player"],"sides":["scav"]}	ZoneIDEAPark	ZoneIDEAPark	ZoneIDEAPark	517.0044	26.6500015	72.56998
spawn-2dc96b932b7ce01c7f5eb38b76c1f9df07019fc7ded8c17af0d8f93f58c73dc7	5714dbc024597771384a510d	spawn	{"categories":["bot","player"],"sides":["scav"]}	ZoneOLI	OLI	OLI	515.1244	25.2300014	132.94
spawn-2ed9ac76075ca0af1f5a4fe98675370608a9b388125c2190e646c650ec7f08f9	5714dbc024597771384a510d	spawn	{"categories":["player"],"sides":["pmc"]}	427b2c32-f4fc-4812-a661-f8dd9d539b45	427b2c32-f4fc-4812-a661-f8dd9d539b45	427b2c32-f4fc-4812-a661-f8dd9d539b45	418.179321	18.0441971	-289.023682
spawn-2fa71c2b9b1c676558f2de3f026e99bb0807d372472432c7607b656344e855f7	5714dbc024597771384a510d	spawn	{"categories":["player"],"sides":["pmc"]}	05b4f8d5-0947-49c1-8d70-634309ef7d5e	05b4f8d5-0947-49c1-8d70-634309ef7d5e	05b4f8d5-0947-49c1-8d70-634309ef7d5e	22.96167	24.8241959	-384.012451
spawn-31b1472ea60d926d856e72df936d211e27ba1f121d05e30c153d900e55b1d181	5714dbc024597771384a510d	spawn	{"categories":["player"],"sides":["pmc"]}	3f3b9d8e-636f-449b-be13-522b9aede0ae	3f3b9d8e-636f-449b-be13-522b9aede0ae	3f3b9d8e-636f-449b-be13-522b9aede0ae	251.663452	21.4321976	-435.262268
spawn-329ac8aeff0f17daa83cbefa9094120a2ba49d2e2b0a211499c9428e314bffcd	5714dbc024597771384a510d	spawn	{"categories":["bot","player"],"sides":["scav"]}	ZoneTrucks	ZoneTrucks	ZoneTrucks	-156.87001	27.1199989	-36.4400024
spawn-336aa35253facdb76bf2d6299c41a177c7a2e1d50bfdf702281ff71ec14366b3	5714dbc024597771384a510d	spawn	{"categories":["player"],"sides":["pmc"]}	2bf91af1-5ccc-44b0-9a4a-6149455b4494	2bf91af1-5ccc-44b0-9a4a-6149455b4494	2bf91af1-5ccc-44b0-9a4a-6149455b4494	280.054077	21.4136887	-17.3701172
spawn-33b139cb72a1fb351a8f54bd64fefa7e2f1752a67f21571bb16585e0540af328	5714dbc024597771384a510d	spawn	{"categories":["player"],"sides":["pmc"]}	33e4e0eb-57f9-4bd1-9153-bce60d953177	33e4e0eb-57f9-4bd1-9153-bce60d953177	33e4e0eb-57f9-4bd1-9153-bce60d953177	-197.132813	24.8305664	273.320923
spawn-343d3fb8286ae01d16e56fe47772ea78f396bf5ace75ec8e75c82408cc7f8d36	5714dbc024597771384a510d	spawn	{"categories":["player"],"sides":["pmc"]}	187ca419-e5cc-4a30-886f-3606ea52caf7	187ca419-e5cc-4a30-886f-3606ea52caf7	187ca419-e5cc-4a30-886f-3606ea52caf7	-90.9130859	22.4621964	282.090454
spawn-345480bbc193a8880d552d5bb9f21546240fc253eb0a4b1a56f343ee00869326	5714dbc024597771384a510d	spawn	{"categories":["player"],"sides":["pmc"]}	737ee1bd-f3c9-4082-bc94-8b777a5e8112	737ee1bd-f3c9-4082-bc94-8b777a5e8112	737ee1bd-f3c9-4082-bc94-8b777a5e8112	-318.700378	22.3631973	110.608276
spawn-34b7ac085fc6244290cc405aa3333ef6fd2bd2c92e9bfd3245cfeaa4a370ba94	5714dbc024597771384a510d	spawn	{"categories":["botpmc","player"],"sides":["scav"]}	ZoneIDEAPark	ZoneIDEAPark	ZoneIDEAPark	104.100006	19.3100014	-393.88
spawn-35835c1fe0b3bd360ac4db36343c15688f640cf063e06bd949647a8592644e70	5714dbc024597771384a510d	spawn	{"categories":["bot","player"],"sides":["scav"]}	ZoneOLI	OLI	OLI	490.49	30.5290012	189.799988
spawn-35c2758c90833a8a0b0bb04c464c0970a26f74268471b02aee4bfeb1a00e7a7b	5714dbc024597771384a510d	spawn	{"categories":["bot","player"],"sides":["scav"]}	ZoneCenter	ZoneCenter	ZoneCenter	24.0299988	36.58	-38.05
spawn-39ee9e52428ed3cc5ee79099044410326e464aeedf121afbe914538e598f70f8	5714dbc024597771384a510d	spawn	{"categories":["player"],"sides":["pmc"]}	858baf83-08ee-4c5c-90b8-32d20e1c7db2	858baf83-08ee-4c5c-90b8-32d20e1c7db2	858baf83-08ee-4c5c-90b8-32d20e1c7db2	367.679077	18.8441925	-401.6872
spawn-3a2ad185c5ffb56d1d11fdfc1c1dfce816bb34e8c558d1068ada93da07ceda7f	5714dbc024597771384a510d	spawn	{"categories":["player"],"sides":["pmc"]}	1042d3c7-d0f9-42ad-b85e-f085898735e4	1042d3c7-d0f9-42ad-b85e-f085898735e4	1042d3c7-d0f9-42ad-b85e-f085898735e4	255.244751	21.4321976	-435.654
spawn-3aaea398183aa2f962e5f7cfffc7389bec569ecbec6e0f63d388a8dc2393f855	5714dbc024597771384a510d	spawn	{"categories":["bot","player"],"sides":["scav"]}	ZoneCenterBot	Center	Center	-51.92	27.12	-204.12999
spawn-3e96f55180f2b9482a95f2922eb7f44cdd41de9d23e612067ba00f21bac56957	5714dbc024597771384a510d	spawn	{"categories":["player"],"sides":["pmc"]}	581498c5-ac15-4eaf-9eb0-c4a0fda6b3e0	581498c5-ac15-4eaf-9eb0-c4a0fda6b3e0	581498c5-ac15-4eaf-9eb0-c4a0fda6b3e0	-291.2968	23.5621948	-193.0774
spawn-3ec0cc4a1f808568b9cd59aa433fbd5fcf750ccff35a4469e518f0b70f5dc1df	5714dbc024597771384a510d	spawn	{"categories":["player"],"sides":["pmc"]}	332eab7f-251a-4bb0-9bcc-f7cc674d3885	332eab7f-251a-4bb0-9bcc-f7cc674d3885	332eab7f-251a-4bb0-9bcc-f7cc674d3885	152.38855	20.0793381	-412.5083
spawn-40b04c3c96383083469bc01bc0d4b475018bcd3cc61a8ac2d7d1e77d74eb7d45	5714dbc024597771384a510d	spawn	{"categories":["player"],"sides":["pmc"]}	24caed4f-2614-4916-bbe3-a82c05ec2c25	24caed4f-2614-4916-bbe3-a82c05ec2c25	24caed4f-2614-4916-bbe3-a82c05ec2c25	279.86	21.4521942	-7.77001953
spawn-425262f953750b9b7de3df3c8cc46698259be926fed62e0df41776e66c7c4c11	5714dbc024597771384a510d	spawn	{"categories":["player"],"sides":["pmc"]}	137a2ff8-59c4-4a3d-8beb-870215366ee7	137a2ff8-59c4-4a3d-8beb-870215366ee7	137a2ff8-59c4-4a3d-8beb-870215366ee7	150.321167	19.9833145	-412.472473
spawn-448c0c5ab3b5f6a26409f4df81a95cd4e494325c9d7699e8433f89dcd0259ec5	5714dbc024597771384a510d	spawn	{"categories":["boss","bot","player"],"sides":["scav"]}	ZoneTrucks	ZoneTrucks	ZoneTrucks	-158.840012	27.1199989	-73.64
spawn-4521a74bbf4625526b953a70d30118feb4c5d3c857055d4b69fba781302de6ce	5714dbc024597771384a510d	spawn	{"categories":["botpmc","player"],"sides":["scav"]}	ZoneRoad	ZoneRoad	ZoneRoad	-256.849976	21.6000023	131.94
spawn-4543364261785b08284ca1d750f7a3250f04631267f75e00fdda6c12f49ff079	5714dbc024597771384a510d	spawn	{"categories":["boss","bot","player"],"sides":["scav"]}	ZoneIDEAPark	ZoneIDEAPark	ZoneIDEAPark	82.7830048	21.43	-179.78
spawn-4574d13b8eba2ba2af2f7621d048a54062e120a9f97febe246b49355dc2dd475	5714dbc024597771384a510d	spawn	{"categories":["boss","bot","player"],"sides":["scav"]}	ZonePowerStation	ZonePowerStation	ZonePowerStation	-27.0800018	27.119	-2.06999969
spawn-45908eb2d03d49f35196789667761fb52c43b8a27c6351577db867f564009ca6	5714dbc024597771384a510d	spawn	{"categories":["bot","player"],"sides":["scav"]}	ZoneTagilla	Tagilla	Tagilla	6.96	27.12	-238.90799
spawn-46530636dc5f78dc5792c36c54633626a32b956d6daaeaa2cb4f531cccb93ff9	5714dbc024597771384a510d	spawn	{"categories":["boss","bot","player"],"sides":["scav"]}	ZoneCenter	ZoneCenter	ZoneCenter	59.119	36.63006	-87.426
spawn-467ce6b3fa73ee365d0760f8e63dc99d6840bc03a0a6ecd42b29fbab4d55c1bb	5714dbc024597771384a510d	spawn	{"categories":["bot","player"],"sides":["scav"]}	ZonePowerStation	ZonePowerStation	ZonePowerStation	-241.2	21.3502846	-376.030029
spawn-470c42f466e011659be211f402fdbf5b0722e70608e591fc34fd188f9471f589	5714dbc024597771384a510d	spawn	{"categories":["player"],"sides":["pmc"]}	12314b42-e8be-4232-875b-d411878214d9	12314b42-e8be-4232-875b-d411878214d9	12314b42-e8be-4232-875b-d411878214d9	-318.528625	23.322197	-107.36145
spawn-470d08d1ccdb3eed4850664a585209cd08597790923daad628a63722e08646a0	5714dbc024597771384a510d	spawn	{"categories":["player"],"sides":["pmc"]}	bbb3c805-5135-425c-a032-5cadbc45d73c	bbb3c805-5135-425c-a032-5cadbc45d73c	bbb3c805-5135-425c-a032-5cadbc45d73c	362.839478	19.1221924	-195.4419
spawn-4797c68a31de2487bf8d8964733983405ec3eb195ec7ee36a9fd5e82e5e181b5	5714dbc024597771384a510d	spawn	{"categories":["player"],"sides":["pmc"]}	80d3287c-756e-4fae-baf5-e9dd642e3606	80d3287c-756e-4fae-baf5-e9dd642e3606	80d3287c-756e-4fae-baf5-e9dd642e3606	-58.21167	22.0821915	-390.4212
spawn-47c35a30bffc050f95c0cffd4c06c1a3627593b8353f40c529285a5edb808440	5714dbc024597771384a510d	spawn	{"categories":["player"],"sides":["pmc"]}	299b816e-1141-4002-a741-2f9d94570379	299b816e-1141-4002-a741-2f9d94570379	299b816e-1141-4002-a741-2f9d94570379	416.295532	17.9701958	-287.823059
spawn-47dd840da61c90f4da57f565c02bec7f5bed325553b1e5219fa773cdc6bf4446	5714dbc024597771384a510d	spawn	{"categories":["player"],"sides":["pmc"]}	33a8dd43-670c-4bc8-ae6e-ab88b9971618	33a8dd43-670c-4bc8-ae6e-ab88b9971618	33a8dd43-670c-4bc8-ae6e-ab88b9971618	-338.210815	21.32544	263.909058
spawn-4a52059684cc3c55ccfabee4e7e2d8381646baa5890410ef5d9405990739c544	5714dbc024597771384a510d	spawn	{"categories":["player"],"sides":["pmc"]}	36bcc208-9c90-4d46-8396-e79a6161af78	36bcc208-9c90-4d46-8396-e79a6161af78	36bcc208-9c90-4d46-8396-e79a6161af78	-316.489441	22.7621918	105.2572
spawn-4b27b83456a68ee4f79bae9b2d2ccb38b9baee84ad5d99a8141ef436942392c5	5714dbc024597771384a510d	spawn	{"categories":["player"],"sides":["pmc"]}	27f8a21f-fbab-4548-916c-53a303179214	27f8a21f-fbab-4548-916c-53a303179214	27f8a21f-fbab-4548-916c-53a303179214	337.402466	19.1921921	-108.537354
spawn-4cdeabd6c44a2ef687802266f10d1859decc7aa03c351f09814aac4400dd9608	5714dbc024597771384a510d	spawn	{"categories":["player"],"sides":["pmc"]}	d63ba590-b4a3-4900-9acc-75676391d134	d63ba590-b4a3-4900-9acc-75676391d134	d63ba590-b4a3-4900-9acc-75676391d134	151.5774	19.7915344	-410.844
spawn-4d423ae121f1c3ced0dd8ff5714041d624405fa682d17f17c6b26550b9ae912d	5714dbc024597771384a510d	spawn	{"categories":["botpmc","player"],"sides":["scav"]}	ZoneIDEAPark	ZoneIDEAPark	ZoneIDEAPark	434.900024	16.8800011	-258.8
spawn-4eb0fd1099f3a62b24ee938ae0523dd3f35157f1547c361775c75db850b11dd3	5714dbc024597771384a510d	spawn	{"categories":["boss","bot","player"],"sides":["scav"]}	ZoneCenter	ZoneCenter	ZoneCenter	59.221	36.735	-28.921
spawn-4f65f74268c4dc6b1ad23d408332f037ad42111963d74f3393a2b689232ad295	5714dbc024597771384a510d	spawn	{"categories":["player"],"sides":["pmc"]}	0547b0b3-d91c-4235-8bb7-09fa47d3c3b1	0547b0b3-d91c-4235-8bb7-09fa47d3c3b1	0547b0b3-d91c-4235-8bb7-09fa47d3c3b1	-331.386719	19.9021912	-4.82922363
spawn-50c7f429640de58efc379d5c3aafe6fa9254da0ee4c9126d7616a434fdf26d55	5714dbc024597771384a510d	spawn	{"categories":["player"],"sides":["pmc"]}	4be57cb8-16e5-47cb-ade1-664372515c7d	4be57cb8-16e5-47cb-ade1-664372515c7d	4be57cb8-16e5-47cb-ade1-664372515c7d	156.044556	21.4921951	276.686768
spawn-51d7b42019b83e5f9fdeb74c643d359daabd85f9cd37a173f56a7ce4c9edd5c5	5714dbc024597771384a510d	spawn	{"categories":["bot","player"],"sides":["scav"]}	ZoneIDEAPark	ZoneIDEAPark	ZoneIDEAPark	496.274353	26.28	51.0999756
spawn-526355b68a85fcd33b409e897ffeb87c2cd0110c62d773fcdc729b79d2c6e6a2	5714dbc024597771384a510d	spawn	{"categories":["player"],"sides":["pmc"]}	75a3eff0-9d58-4271-9332-e86a0b68761f	75a3eff0-9d58-4271-9332-e86a0b68761f	75a3eff0-9d58-4271-9332-e86a0b68761f	-290.097961	23.5491943	-191.47644
spawn-5353db613af046fd562011e1548f2bdb965f680fb54fb8e9452cc33e60406924	5714dbc024597771384a510d	spawn	{"categories":["botpmc","player"],"sides":["scav"]}	ZonePowerStation	ZonePowerStation	ZonePowerStation	-245.079987	21.3400021	-269.19
spawn-544732c123e0e4e997a99e2c3c6dc52ccb8150143f86ce56ed18c86f30412e95	5714dbc024597771384a510d	spawn	{"categories":["player"],"sides":["pmc"]}	7981535e-1f66-4825-978d-4787ca037834	7981535e-1f66-4825-978d-4787ca037834	7981535e-1f66-4825-978d-4787ca037834	-317.2353	22.6121979	107.309448
spawn-5525f6c5c71f95d14ba0265b78f10d209b29c896c76551e616920e67a36f4f34	5714dbc024597771384a510d	spawn	{"categories":["player"],"sides":["pmc"]}	cae4f991-b69d-4520-b068-e8b5903ef4c9	cae4f991-b69d-4520-b068-e8b5903ef4c9	cae4f991-b69d-4520-b068-e8b5903ef4c9	-187.211609	21.8021927	-410.170349
spawn-555daa14d72a2b99844093bcb2e06f836da8b927335a9d9443694ac7c930eef5	5714dbc024597771384a510d	spawn	{"categories":["bot","player"],"sides":["scav"]}	ZoneIDEAPark	ZoneIDEAPark	ZoneIDEAPark	88.4200058	21.43	-168.57
spawn-56409cc76914a6fa3c53965fd7b75147489e1671bdfc1444f017c71ea9b628e8	5714dbc024597771384a510d	spawn	{"categories":["boss"],"sides":["scav"]}	ZoneIDEAPark	ZoneIDEAPark	ZoneIDEAPark	-142.99	21.38	-176.81
spawn-584c852e5ee8d2273f509013858f36de6d44064fb96a44f413deb94fb494f370	5714dbc024597771384a510d	spawn	{"categories":["player"],"sides":["pmc"]}	7265269e-7812-4aaa-8c29-03a4d39c6f94	7265269e-7812-4aaa-8c29-03a4d39c6f94	7265269e-7812-4aaa-8c29-03a4d39c6f94	371.312	19.532196	-397.625
spawn-5857f85b50c24b77c662101c26d77265f2ab57d03cfee33c46e8755898b2581b	5714dbc024597771384a510d	spawn	{"categories":["player"],"sides":["pmc"]}	d9e39109-bb78-4633-8592-417672f783a6	d9e39109-bb78-4633-8592-417672f783a6	d9e39109-bb78-4633-8592-417672f783a6	-237.518433	19.8381958	19.6671143
spawn-5908e8904f87b70e89b3f0f00e63a044e06784c799de68081b7e8bc6e493094a	5714dbc024597771384a510d	spawn	{"categories":["player"],"sides":["pmc"]}	942aee84-fe8a-4460-90d8-7bea3de4d4dd	942aee84-fe8a-4460-90d8-7bea3de4d4dd	942aee84-fe8a-4460-90d8-7bea3de4d4dd	-57.53064	22.0921936	-391.9583
spawn-5b0dc061edebd81573c736dd8d54a4462971e00a494f93e1dcaf5df650c018c2	5714dbc024597771384a510d	spawn	{"categories":["player"],"sides":["pmc"]}	70156248-ead0-4f0e-a52f-0aadec0b0d81	70156248-ead0-4f0e-a52f-0aadec0b0d81	70156248-ead0-4f0e-a52f-0aadec0b0d81	-316.924377	22.7021942	102.7439
spawn-5c3d5902757afc8e262696ee43f1d72b802ab128486273724bc354f1f00fe676	5714dbc024597771384a510d	spawn	{"categories":["player"],"sides":["pmc"]}	b6e0459d-bf41-4ea7-8ac5-88e3bb72da31	b6e0459d-bf41-4ea7-8ac5-88e3bb72da31	b6e0459d-bf41-4ea7-8ac5-88e3bb72da31	23.401123	24.7291946	-385.7461
spawn-5f37d220674c53dab9b147edc3bead69f5db2dfd4e92ff52ce3d9566e4ea4e4d	5714dbc024597771384a510d	spawn	{"categories":["player"],"sides":["pmc"]}	f9da0976-cd2a-4990-b957-215b0ed00ac8	f9da0976-cd2a-4990-b957-215b0ed00ac8	f9da0976-cd2a-4990-b957-215b0ed00ac8	-184.724915	21.6721954	-409.579224
spawn-5fa46650b0eb2455b1f63890d7af8828311020c20c056bc5a3d2f7d8c6c2e949	5714dbc024597771384a510d	spawn	{"categories":["bot","player"],"sides":["scav"]}	ZoneCenter	ZoneCenter	ZoneCenter	14.8699989	36.58	-81.87
spawn-6091071bdc1baef03936516f861523f3489e6e91e8545691cdff6dd453bdab9c	5714dbc024597771384a510d	spawn	{"categories":["player"],"sides":["pmc"]}	363ad7b4-3ea1-431d-8396-e2481a267b0a	363ad7b4-3ea1-431d-8396-e2481a267b0a	363ad7b4-3ea1-431d-8396-e2481a267b0a	26.3782959	25.0781937	-384.07135
spawn-62c4ca4aa46beae3e2d172476817c5aaf397e4b3dc6a1e37f7cb82dc65f566c4	5714dbc024597771384a510d	spawn	{"categories":["botpmc","player"],"sides":["scav"]}	ZoneIDEAPark	ZoneIDEAPark	ZoneIDEAPark	306.2	17.420002	-388.7
spawn-63ed0343ea2421fae81cd2bf673e4c427eb244b77684bb932eccb9bfc7c942a6	5714dbc024597771384a510d	spawn	{"categories":["player"],"sides":["pmc"]}	7815bb15-0334-43c8-9e05-6d4986b1e63b	7815bb15-0334-43c8-9e05-6d4986b1e63b	7815bb15-0334-43c8-9e05-6d4986b1e63b	314.27832	23.2691956	331.326172
spawn-648991625da6e706dfdc6eedf4b6e2c15272565a941f97195f2070c1f1550898	5714dbc024597771384a510d	spawn	{"categories":["player"],"sides":["pmc"]}	8a58963e-acae-423a-95cd-f599d83134bc	8a58963e-acae-423a-95cd-f599d83134bc	8a58963e-acae-423a-95cd-f599d83134bc	-289.6209	23.6521912	-189.970337
spawn-64d6d43f6063738dd56c74f2b71e54b54278a8fbe803cd91e625dd60921fd312	5714dbc024597771384a510d	spawn	{"categories":["player"],"sides":["pmc"]}	bf26dcac-b23c-474b-8bc7-9dc569e52e6e	bf26dcac-b23c-474b-8bc7-9dc569e52e6e	bf26dcac-b23c-474b-8bc7-9dc569e52e6e	-182.012085	21.7021942	-411.0088
spawn-655883d157a816c6888606690b1fff35fa3414c49e944375cec2b1871cdf7303	5714dbc024597771384a510d	spawn	{"categories":["bot","player"],"sides":["scav"]}	ZoneRoad	ZoneRoad	ZoneRoad	-154.54	21.3502865	159.28
spawn-65d3c0d90e0a73d583cdcb611f22812ca4984f687bff74020d56444f71a203bd	5714dbc024597771384a510d	spawn	{"categories":["boss","bot","player"],"sides":["scav"]}	ZoneCenterBot	Center	Center	-35.6460037	27.3000011	-194.558
spawn-660053d3b2adb53fb76389031f251e62c00974aae6c5598189e15cdc953de43e	5714dbc024597771384a510d	spawn	{"categories":["player"],"sides":["pmc"]}	50570c3b-596f-4bec-b570-9932a29f6923	50570c3b-596f-4bec-b570-9932a29f6923	50570c3b-596f-4bec-b570-9932a29f6923	-94.078	22.8321915	282.834717
spawn-660be1f9d5d420d035c89f7259092dd9090776bc2c3c41e157a5ea438ba8a07c	5714dbc024597771384a510d	spawn	{"categories":["botpmc","player"],"sides":["scav"]}	ZoneIDEAPark	ZoneIDEAPark	ZoneIDEAPark	112.840004	18.8300018	-366.81
spawn-665820142050cf16897f1c7c6f91e42d32045ce0ea0b14f46c3175c04fe84f89	5714dbc024597771384a510d	spawn	{"categories":["bot","player"],"sides":["scav"]}	ZoneIDEAPark	ZoneIDEAPark	ZoneIDEAPark	433.659973	31.3080025	80.8499756
spawn-6728d1acdb22bd09151d567e8ee08aa7c06e12cfc0357afd48ff40e372406dff	5714dbc024597771384a510d	spawn	{"categories":["boss","bot"],"sides":["scav"]}	ZoneIDEAPark	ZoneIDEAPark	ZoneIDEAPark	-163.94	21.54	-121.81
spawn-67d8f0673ba4b14dd146a4ff8edb853b209355fe34376499fbe6635327acb46c	5714dbc024597771384a510d	spawn	{"categories":["player"],"sides":["pmc"]}	3fa1d408-52e7-4d0d-9fc2-7c22d644df2b	3fa1d408-52e7-4d0d-9fc2-7c22d644df2b	3fa1d408-52e7-4d0d-9fc2-7c22d644df2b	-179.915527	21.7621918	-411.962524
spawn-68367a382f4843b3e833e1cb36e537b394122852698934bb898f7e4fdb7166b5	5714dbc024597771384a510d	spawn	{"categories":["botpmc","player"],"sides":["scav"]}	ZonePowerStation	ZonePowerStation	ZonePowerStation	-169.36	21.3400021	-362.37
spawn-685fdcc066bc505b27b4b7a5e95f301df4f2c694a16e171f8a1021f1c0887cfd	5714dbc024597771384a510d	spawn	{"categories":["player"],"sides":["pmc"]}	0e691845-e6ba-4c32-8aff-4fd6b769e9a1	0e691845-e6ba-4c32-8aff-4fd6b769e9a1	0e691845-e6ba-4c32-8aff-4fd6b769e9a1	217.255737	18.8021927	-330.467773
spawn-689f89429616df75ab453dd7ab84cc3ce0cf348a4c09c7702bfbfb9d342d9b03	5714dbc024597771384a510d	spawn	{"categories":["player"],"sides":["pmc"]}	d900affa-7653-4463-884f-e61b5a8e20f5	d900affa-7653-4463-884f-e61b5a8e20f5	d900affa-7653-4463-884f-e61b5a8e20f5	341.159668	19.1521912	-109.309204
spawn-69300a966959eacc5af180da3972755683d735179fa822f5803ccf48fbee3857	5714dbc024597771384a510d	spawn	{"categories":["player"],"sides":["pmc"]}	ce33e4d2-b937-4f4a-9573-4300871cd74e	ce33e4d2-b937-4f4a-9573-4300871cd74e	ce33e4d2-b937-4f4a-9573-4300871cd74e	24.08789	22.072197	319.4088
spawn-697674d028cb2dc1103da93b49c79bfe29ab745ce2139f40618ec2c5bc6b7bbf	5714dbc024597771384a510d	spawn	{"categories":["player"],"sides":["pmc"]}	a4123ea9-e12b-4c2c-9ee1-74fad1c3075c	a4123ea9-e12b-4c2c-9ee1-74fad1c3075c	a4123ea9-e12b-4c2c-9ee1-74fad1c3075c	-330.0208	21.04219	-10.5932617
spawn-6a18fb01596313888843aa6b19dcd838beed8d603d9317b82babc05e68401d44	5714dbc024597771384a510d	spawn	{"categories":["player"],"sides":["pmc"]}	7a8cb237-1752-4160-91a0-1233d6a786a3	7a8cb237-1752-4160-91a0-1233d6a786a3	7a8cb237-1752-4160-91a0-1233d6a786a3	315.686646	23.1991959	333.178955
spawn-6afcd04b603f943666b7c1304bd70f7d8e62953da8f99b214444cc63c511fe18	5714dbc024597771384a510d	spawn	{"categories":["player"],"sides":["pmc"]}	5b06ff3c-9fe4-4c1b-bcea-8dc39375eb7d	5b06ff3c-9fe4-4c1b-bcea-8dc39375eb7d	5b06ff3c-9fe4-4c1b-bcea-8dc39375eb7d	217.116089	18.9521942	-328.6175
spawn-6c05bcf53cf2b3010ba88ef2f1ef73406bc51905b29b858503a347138cabb779	5714dbc024597771384a510d	spawn	{"categories":["botpmc","player"],"sides":["scav"]}	ZoneIDEAPark	ZoneIDEAPark	ZoneIDEAPark	398.5	18.2500019	-393
spawn-6c375779461d76df631e0d1b946dc4482218a3fd3090ddab09c8a238997ef70a	5714dbc024597771384a510d	spawn	{"categories":["boss","bot","player"],"sides":["scav"]}	ZoneIDEAPark	ZoneIDEAPark	ZoneIDEAPark	-76.798996	27.1200027	83.478
spawn-6c93a24fe0cd4e79e11293611e8c45cbf3e2ced1e35c299412362ee0ce73b9e2	5714dbc024597771384a510d	spawn	{"categories":["player"],"sides":["pmc"]}	7eed3827-1ad7-45bc-889f-93bad6b79522	7eed3827-1ad7-45bc-889f-93bad6b79522	7eed3827-1ad7-45bc-889f-93bad6b79522	93.02002	21.5621948	-414.4099
spawn-6cfb610268fdf218070a2c2e23c8c028b44842c4724b9c071930d21e508176a3	5714dbc024597771384a510d	spawn	{"categories":["player"],"sides":["pmc"]}	e85c6322-a6eb-430c-844c-17d0dea510e9	e85c6322-a6eb-430c-844c-17d0dea510e9	e85c6322-a6eb-430c-844c-17d0dea510e9	-239.7298	19.9631958	16.6153564
spawn-6fd045b6b0f2e70ed9e12cdb7cd72f3f50795fac4af21de5e1a262a21a56fb97	5714dbc024597771384a510d	spawn	{"categories":["player"],"sides":["pmc"]}	161a1ffd-5982-4dfc-80ff-ff8e0fe85503	161a1ffd-5982-4dfc-80ff-ff8e0fe85503	161a1ffd-5982-4dfc-80ff-ff8e0fe85503	-199.004578	24.8213272	272.27417
spawn-712a24285c685ce4d379d141104e97c9d1050f594ac95815bf2984f1e55417ad	5714dbc024597771384a510d	spawn	{"categories":["bot","player"],"sides":["scav"]}	ZonePowerStation	ZonePowerStation	ZonePowerStation	-24.221	27.119	-0.748000145
spawn-715f20e3074a5087309422253a00636cfa39228ebdf2e3334daf02f203afa9a8	5714dbc024597771384a510d	spawn	{"categories":["player"],"sides":["pmc"]}	e4834439-c939-45e0-beff-d94805204504	e4834439-c939-45e0-beff-d94805204504	e4834439-c939-45e0-beff-d94805204504	-197.7865	24.4930649	270.420532
spawn-73f4c1e0e14efe0d1c7bd583960bb3a15eb052914a4ec2c624952ae2cf83d3ff	5714dbc024597771384a510d	spawn	{"categories":["player"],"sides":["pmc"]}	dc76e355-8fbb-4dd0-bf93-d5b981a8275d	dc76e355-8fbb-4dd0-bf93-d5b981a8275d	dc76e355-8fbb-4dd0-bf93-d5b981a8275d	280.139282	21.3254318	-15.4509277
spawn-740c5d6b697bfc186bdadc2107033a72a330d0d1b189ca9cb6037fef21eda635	5714dbc024597771384a510d	spawn	{"categories":["bot","player"],"sides":["scav"]}	ZoneTrucks	ZoneTrucks	ZoneTrucks	-158.596008	27.1218243	-84.05499
spawn-7444958020a46354f19ac46401ac523239279a288626e1f8af3667eb4879a8a3	5714dbc024597771384a510d	spawn	{"categories":["botpmc","player"],"sides":["scav"]}	ZoneRoad	ZoneRoad	ZoneRoad	-260.36	21.4300022	219.11
spawn-7454d97e72ad601d61a7f90cbf15a7453704e89d9f704e502bab4d03ae17a250	5714dbc024597771384a510d	spawn	{"categories":["player"],"sides":["pmc"]}	690eb447-8f33-408c-b7b7-d97bca64cb6d	690eb447-8f33-408c-b7b7-d97bca64cb6d	690eb447-8f33-408c-b7b7-d97bca64cb6d	94.06995	21.642189	-412.130127
spawn-75f58224ba3c320bd22a1ed0fd3580d114652c80819ca424b095852b4ca61bb4	5714dbc024597771384a510d	spawn	{"categories":["player"],"sides":["pmc"]}	7c9fded0-1c19-4b34-8a91-860328eb5e0d	7c9fded0-1c19-4b34-8a91-860328eb5e0d	7c9fded0-1c19-4b34-8a91-860328eb5e0d	94.46997	21.7121887	-415.530029
spawn-7758ef059267293a9bee5c41eeda9cad7254bc5825d0c422608034b9773b752b	5714dbc024597771384a510d	spawn	{"categories":["player"],"sides":["pmc"]}	a5f9cc9e-b38c-4f44-9b8b-01c3ff210d5b	a5f9cc9e-b38c-4f44-9b8b-01c3ff210d5b	a5f9cc9e-b38c-4f44-9b8b-01c3ff210d5b	157.669556	22.22219	378.235
spawn-78600abe554e49d31e6a5f57c1ba57f7830e27badaf85e3cb187fd0a2423abff	5714dbc024597771384a510d	spawn	{"categories":["botpmc","player"],"sides":["scav"]}	ZoneIDEAPark	ZoneIDEAPark	ZoneIDEAPark	-3.50999451	21.5100021	-399.28
spawn-7919ac413673b3634125f376bb2c41d1d106802d9e1c99b5bdc7f78a37a72a23	5714dbc024597771384a510d	spawn	{"categories":["bot","player"],"sides":["scav"]}	ZoneTrucks	ZoneTrucks	ZoneTrucks	73.5639954	27.0864677	170.887
spawn-791fb4d3f891ee73c16861c50b5a8b1b9ef70268bae9edad2e0220f8c71039c4	5714dbc024597771384a510d	spawn	{"categories":["boss","bot","player"],"sides":["scav"]}	ZoneIDEAPark	ZoneIDEAPark	ZoneIDEAPark	-93.382	27.1000023	139.597992
spawn-7af148f2342b0f61fd94de34a1b14e14c997bf91aa41abfd398448f86b3f9c8a	5714dbc024597771384a510d	spawn	{"categories":["player"],"sides":["pmc"]}	97b1e035-65fa-477e-9f34-1b4dc2d6bc80	97b1e035-65fa-477e-9f34-1b4dc2d6bc80	97b1e035-65fa-477e-9f34-1b4dc2d6bc80	30.1732178	21.232193	319.6046
spawn-7bc14bcd6e8dac392ae9e3f123fc2fdc135a26a6ce42e8dd17f93b4ba35289a5	5714dbc024597771384a510d	spawn	{"categories":["player"],"sides":["pmc"]}	fb16c236-0d82-405f-97d3-1311a6c55a1e	fb16c236-0d82-405f-97d3-1311a6c55a1e	fb16c236-0d82-405f-97d3-1311a6c55a1e	156.0133	22.032196	377.500854
spawn-7e94b619b5e2fb9ac0ec3d83401b886e2421c2bff5daaeead60e1f009671930c	5714dbc024597771384a510d	spawn	{"categories":["player"],"sides":["pmc"]}	92382915-b0b3-49c8-a0f9-ed27081f09ea	92382915-b0b3-49c8-a0f9-ed27081f09ea	92382915-b0b3-49c8-a0f9-ed27081f09ea	-334.114	19.8121948	-6.84960938
spawn-7eb4175723a6f19a83fe9d91fd45398918f42bc4dadb123aa0a863ab19539248	5714dbc024597771384a510d	spawn	{"categories":["bot","player"],"sides":["scav"]}	ZoneCenter	ZoneCenter	ZoneCenter	18.861	36.58	-81.736
spawn-7f3f80d717d404e9e3bfd9caf741ab1c206bddfd26397882da975df5a5252347	5714dbc024597771384a510d	spawn	{"categories":["player"],"sides":["pmc"]}	ceb7c0d7-53bb-4fce-a43a-56b0c692e5cb	ceb7c0d7-53bb-4fce-a43a-56b0c692e5cb	ceb7c0d7-53bb-4fce-a43a-56b0c692e5cb	360.229126	17.9621925	-192.535645
spawn-8085c24a0a7d326b8f296e0af4abfa923cc4d453cef0fda6d03e6442d7d11277	5714dbc024597771384a510d	spawn	{"categories":["bot","player"],"sides":["scav"]}	ZoneCenterBot	Center	Center	-55.034996	27.12	-200.538
spawn-82fd83b7cb7cec6244001b7d9d6a1a5ca72886fa6709896e8852c8eae9b9b5d7	5714dbc024597771384a510d	spawn	{"categories":["player"],"sides":["pmc"]}	7ec1e09c-a4f5-4eb8-b135-0ec3191380d9	7ec1e09c-a4f5-4eb8-b135-0ec3191380d9	7ec1e09c-a4f5-4eb8-b135-0ec3191380d9	216.040527	18.9021912	-331.458618
spawn-83833302453a295dff5ac07d3feb583b35cba9f3331301b6cd7ca7ad94351c8e	5714dbc024597771384a510d	spawn	{"categories":["bot","player"],"sides":["scav"]}	ZoneOLI	OLI	OLI	-26.2800064	21.455	81.5799942
spawn-8403eada47f9d7b1d50182e26e13b80f4e96774c1c47685bbee2a2f222f35e06	5714dbc024597771384a510d	spawn	{"categories":["player"],"sides":["pmc"]}	20a509ba-00f8-4242-afb3-fb1c25ce0733	20a509ba-00f8-4242-afb3-fb1c25ce0733	20a509ba-00f8-4242-afb3-fb1c25ce0733	384.809326	18.47219	-389.544861
spawn-840b065fbb9db24ef529bc156ba07288510358519eadb9748e1f2ef6a0f11b1e	5714dbc024597771384a510d	spawn	{"categories":["player"],"sides":["pmc"]}	019d9bd8-411d-49a6-84ca-727ffb38e57b	019d9bd8-411d-49a6-84ca-727ffb38e57b	019d9bd8-411d-49a6-84ca-727ffb38e57b	-317.720581	23.72219	-104.650879
spawn-86113a1d4f87d5f24fdba736c1e8bb59d7923ffdfa1a0d5ea6174d7e1120845b	5714dbc024597771384a510d	spawn	{"categories":["bot","player"],"sides":["scav"]}	ZoneTrucks	ZoneTrucks	ZoneTrucks	-69.872	27.168	-26.6200027
spawn-877fb52edd077c7b5f74d0d39f7b5006ee28e31c596ac16d6abefc14ad82a278	5714dbc024597771384a510d	spawn	{"categories":["player"],"sides":["pmc"]}	fc5ce718-9376-43c8-8ac5-336ce18e688d	fc5ce718-9376-43c8-8ac5-336ce18e688d	fc5ce718-9376-43c8-8ac5-336ce18e688d	359.110352	17.402195	-190.882813
spawn-882aaef989a32e026180d71ea3076cc37ab295f029208def6dbf6feb05d7ea7d	5714dbc024597771384a510d	spawn	{"categories":["player"],"sides":["pmc"]}	f619410f-4c28-4b44-98c8-bddd9638b12f	f619410f-4c28-4b44-98c8-bddd9638b12f	f619410f-4c28-4b44-98c8-bddd9638b12f	289.5348	21.5521927	108.773682
spawn-88d14b66881475b53b1c4bd90bfda80e9deff047dd6c24f294d496c73b4503d6	5714dbc024597771384a510d	spawn	{"categories":["player"],"sides":["pmc"]}	3c562f86-d313-4272-9697-bf19044102f2	3c562f86-d313-4272-9697-bf19044102f2	3c562f86-d313-4272-9697-bf19044102f2	-289.3507	23.7421951	-188.291748
spawn-89680d4ae802a1515fd69a37cc88d4f243ffe767662ea9eb50097ba31fc57a01	5714dbc024597771384a510d	spawn	{"categories":["player"],"sides":["pmc"]}	3811659c-c8c4-4465-86f4-8c926517dfe7	3811659c-c8c4-4465-86f4-8c926517dfe7	3811659c-c8c4-4465-86f4-8c926517dfe7	153.4823	21.4921951	279.848633
spawn-89c2198a00def2ecc21d52c512a993b20e23f175a101746a3cc8865810061bad	5714dbc024597771384a510d	spawn	{"categories":["botpmc","player"],"sides":["scav"]}	ZoneRoad	ZoneRoad	ZoneRoad	-64.834	21.3810024	196.823
spawn-8b245ba6a2690efc0a75eca643ea1b31a215dee2963ed0619a6384d37653ad03	5714dbc024597771384a510d	spawn	{"categories":["player"],"sides":["pmc"]}	4583acfb-6700-42d9-a9cf-24f08b31d3c7	4583acfb-6700-42d9-a9cf-24f08b31d3c7	4583acfb-6700-42d9-a9cf-24f08b31d3c7	411.167236	17.6021957	-287.635681
spawn-8c70aed43c74159732bc2cdab1ac0bb919b6ce67cdc91de26aac2d34b218fe36	5714dbc024597771384a510d	spawn	{"categories":["player"],"sides":["pmc"]}	b8748215-c5ac-4f4c-9c8d-088f9b6d7bab	b8748215-c5ac-4f4c-9c8d-088f9b6d7bab	b8748215-c5ac-4f4c-9c8d-088f9b6d7bab	-88.82312	22.6921921	282.749756
spawn-8d77390115347920db583a6fb93bb754d1d299a611217660a1701a859d49e13e	5714dbc024597771384a510d	spawn	{"categories":["player"],"sides":["pmc"]}	719af8ee-f647-4d8d-9736-c620e5f21f25	719af8ee-f647-4d8d-9736-c620e5f21f25	719af8ee-f647-4d8d-9736-c620e5f21f25	-288.567749	24.1021957	-192.1997
spawn-8e09a9906be5f5054fc6538068cf9b2de3d2bd54a3342fff77c16b73f64334cd	5714dbc024597771384a510d	spawn	{"categories":["player"],"sides":["pmc"]}	a54d342d-07f2-46ed-9476-742aa246d6e0	a54d342d-07f2-46ed-9476-742aa246d6e0	a54d342d-07f2-46ed-9476-742aa246d6e0	-92.2166748	22.5021973	280.939941
spawn-8e2d154e53cf9a22abe97058cd4b8dfd3298219cfa1581b96d9860fbcf88a04f	5714dbc024597771384a510d	spawn	{"categories":["player"],"sides":["pmc"]}	4bd264f8-67ef-478a-857a-408fe33d75b0	4bd264f8-67ef-478a-857a-408fe33d75b0	4bd264f8-67ef-478a-857a-408fe33d75b0	413.4386	17.8811951	-288.3379
spawn-8e966e4ae4fd94bb5257bae34d4f016038ac26bd634f05bc2e9a99048c0d3ba3	5714dbc024597771384a510d	spawn	{"categories":["player"],"sides":["pmc"]}	bcf2c1cc-e07e-4336-9f3a-15863b3d1918	bcf2c1cc-e07e-4336-9f3a-15863b3d1918	bcf2c1cc-e07e-4336-9f3a-15863b3d1918	26.22229	21.4621964	317.786743
spawn-91ee3e41fb0e17d36c0e86eb5352d7157dc633ecc78264ac76d2322aa7a798ca	5714dbc024597771384a510d	spawn	{"categories":["player"],"sides":["pmc"]}	a941f0c7-31b0-4bc3-ae80-3d44ee69f69c	a941f0c7-31b0-4bc3-ae80-3d44ee69f69c	a941f0c7-31b0-4bc3-ae80-3d44ee69f69c	382.915649	18.47219	-393.8429
spawn-93e6596d88d38a57e12df112f6f4e34291725b50d99a92e28b6a0a6606da000a	5714dbc024597771384a510d	spawn	{"categories":["player"],"sides":["pmc"]}	d1ff4163-c16b-42e2-a81d-f1445bfd14a4	d1ff4163-c16b-42e2-a81d-f1445bfd14a4	d1ff4163-c16b-42e2-a81d-f1445bfd14a4	293.117554	22.0221939	110.661621
spawn-9642b202b6edc2ae1a94c259cb67ecc98190b36c1d4d8218a2965da9f8ffe55a	5714dbc024597771384a510d	spawn	{"categories":["boss","bot","player"],"sides":["scav"]}	ZoneRoad	ZoneRoad	ZoneRoad	-131.069992	21.3502865	130.480011
spawn-96d9afa55981bce0a67d1bbffb5eb71be26379c6ee969b03b5ee22981cb2ad76	5714dbc024597771384a510d	spawn	{"categories":["player"],"sides":["pmc"]}	6717239d-281c-4df2-8d6c-e6c76470596e	6717239d-281c-4df2-8d6c-e6c76470596e	6717239d-281c-4df2-8d6c-e6c76470596e	316.773315	23.4131927	335.1808
spawn-9726fa49b1d695c9fa31686965b64a02b59deba912af0f5da7f5c9756189c6d0	5714dbc024597771384a510d	spawn	{"categories":["player"],"sides":["pmc"]}	03b999f1-ac1a-4c44-ad73-8ef61626863e	03b999f1-ac1a-4c44-ad73-8ef61626863e	03b999f1-ac1a-4c44-ad73-8ef61626863e	-337.842773	21.38581	261.475464
spawn-97697aa3c8f878e3ec92184db6dd89fc02f8b815d52a227f7f10a6fceeea637e	5714dbc024597771384a510d	spawn	{"categories":["player"],"sides":["pmc"]}	875358fd-dc4c-46ae-b9ae-e15ebe19d65a	875358fd-dc4c-46ae-b9ae-e15ebe19d65a	875358fd-dc4c-46ae-b9ae-e15ebe19d65a	291.403442	21.7021942	109.057007
spawn-98df0ddfd21291536e87b1639e099cc75a56c2b359fbc86445618c587588377a	5714dbc024597771384a510d	spawn	{"categories":["player"],"sides":["pmc"]}	a4db4d2c-8fd2-48a3-a81b-4b0e00ff3217	a4db4d2c-8fd2-48a3-a81b-4b0e00ff3217	a4db4d2c-8fd2-48a3-a81b-4b0e00ff3217	-239.453613	20.1881943	12.9597168
spawn-9a12268ef2f6d80a358445b498885a234ac671f95251c86e9d7ad9036df35c10	5714dbc024597771384a510d	spawn	{"categories":["bot","player"],"sides":["scav"]}	ZoneTrucks	ZoneTrucks	ZoneTrucks	-69.982	27.168	-27.945
spawn-9a17b475361044936c6a33fdb56ef877d4b3f967a8e3b0b31dc77ff8a5fdbac4	5714dbc024597771384a510d	spawn	{"categories":["bot","player"],"sides":["scav"]}	ZoneOLI	OLI	OLI	515.75	25.3300018	105.78
spawn-9cddf940290d339b657da9588c77f80539e17a0f8cff79c035dc31ed65093d04	5714dbc024597771384a510d	spawn	{"categories":["bot","player"],"sides":["scav"]}	ZoneOLI	OLI	OLI	424.401	27.4830017	171.551
spawn-9d2475abe2b59223a42db7c942e9121a0e4fbe137e019ba2733d0713fc634d34	5714dbc024597771384a510d	spawn	{"categories":["player"],"sides":["pmc"]}	805d1444-d269-46f6-9e3b-6cef6dcd2dad	805d1444-d269-46f6-9e3b-6cef6dcd2dad	805d1444-d269-46f6-9e3b-6cef6dcd2dad	338.0304	19.1321945	-110.43042
spawn-9fdc0a9b5a6b5f95a092d6fd30a0047d185d37fed08a7c423fb1ca2d2c4bdf8b	5714dbc024597771384a510d	spawn	{"categories":["boss","bot","player"],"sides":["scav"]}	ZoneTrucks	ZoneTrucks	ZoneTrucks	-87.519	27.1000023	140.036987
spawn-a20aa0e13aa436e1793bc971c00499c6357d8bb1968cb9bbb0a6a81b7de82f65	5714dbc024597771384a510d	spawn	{"categories":["boss","bot","player"],"sides":["scav"]}	ZoneIDEAPark	ZoneIDEAPark	ZoneIDEAPark	-84.05	27.1200027	77.84
spawn-a20fd570b972215401fa37e0c713f6396389e428e30aed30ed48bba6c0d34060	5714dbc024597771384a510d	spawn	{"categories":["botpmc","player"],"sides":["scav"]}	ZoneIDEAPark	ZoneIDEAPark	ZoneIDEAPark	304.99	18.8800011	-302.77002
spawn-a2b267cbdf0c5ee3d856f1fd9a57eb3a90baf9ae70aaef236dc5aaa866d6c33a	5714dbc024597771384a510d	spawn	{"categories":["player"],"sides":["pmc"]}	67a56f87-5b80-4def-8574-2a64994fa38a	67a56f87-5b80-4def-8574-2a64994fa38a	67a56f87-5b80-4def-8574-2a64994fa38a	-274.2453	19.9901962	-309.079468
spawn-a631c6462f47d26beca217bf4c6dfae0e3fdd5c55c6bd1de4f86009d32f142f4	5714dbc024597771384a510d	spawn	{"categories":["player"],"sides":["pmc"]}	d30b1c3a-e98e-43bc-b875-82e3bd2c5ff0	d30b1c3a-e98e-43bc-b875-82e3bd2c5ff0	d30b1c3a-e98e-43bc-b875-82e3bd2c5ff0	-337.586731	21.3254471	265.838745
spawn-a7c8fdd172e18e87c96b4c363c0b1084e1085399b4f9ef758a2078684d3c04b0	5714dbc024597771384a510d	spawn	{"categories":["player"],"sides":["pmc"]}	2dcba591-3692-4fc8-90b6-5fb092309d29	2dcba591-3692-4fc8-90b6-5fb092309d29	2dcba591-3692-4fc8-90b6-5fb092309d29	254.514526	21.4321976	-433.563721
spawn-a905665c5d36bf13ceaa8735089093571c14a23237172a90a0f42dbdaab68aa4	5714dbc024597771384a510d	spawn	{"categories":["boss","bot","player"],"sides":["scav"]}	ZoneGoshan	Goshan	Goshan	252.91	21.4840012	15.58
spawn-aaaa54602977386bb941c99018b22c563ba1ee1850cf8e4e22d5e7d873af7443	5714dbc024597771384a510d	spawn	{"categories":["player"],"sides":["pmc"]}	77a017b8-494d-4e8b-8ea3-a052e5817bc7	77a017b8-494d-4e8b-8ea3-a052e5817bc7	77a017b8-494d-4e8b-8ea3-a052e5817bc7	339.390625	19.1521912	-108.560425
spawn-aafb5281fd835d5cac16f129cf92ba900c10ffc35c9b0dd300ba3b0bcc7e24f0	5714dbc024597771384a510d	spawn	{"categories":["bot","player"],"sides":["scav"]}	ZoneTagilla	Tagilla	Tagilla	-70.54	27.12	-286.789978
spawn-abe71b2fa5df3d66a7bd4147804463734736b29659535060c53a5a0f6cc6b914	5714dbc024597771384a510d	spawn	{"categories":["player"],"sides":["pmc"]}	7b7bb357-3576-4d01-9a18-07fba5d87c2f	7b7bb357-3576-4d01-9a18-07fba5d87c2f	7b7bb357-3576-4d01-9a18-07fba5d87c2f	292.19873	21.8921967	112.903076
spawn-acab5515f3125b5cf0aefcc71be2d83ee509242e283dfcd92137c4c02a5961d7	5714dbc024597771384a510d	spawn	{"categories":["player"],"sides":["pmc"]}	33f76591-960f-48a9-b6dc-7c10948094a8	33f76591-960f-48a9-b6dc-7c10948094a8	33f76591-960f-48a9-b6dc-7c10948094a8	-277.661133	20.0101929	-307.6856
spawn-acddeeddb5aa81dcf933c9f3276d45a3152c5c7e0994f2592eb013f837def9ad	5714dbc024597771384a510d	spawn	{"categories":["player"],"sides":["pmc"]}	f9c5f978-ab8d-459d-a7d3-653117c47a39	f9c5f978-ab8d-459d-a7d3-653117c47a39	f9c5f978-ab8d-459d-a7d3-653117c47a39	95.8900146	21.6721878	-414.839844
spawn-ad04e6ce363af6633fb0de50fedd19cc517ca614d0191f83aee28a3d75255169	5714dbc024597771384a510d	spawn	{"categories":["player"],"sides":["pmc"]}	db073e9c-ccf2-4a48-8427-25b2b5514967	db073e9c-ccf2-4a48-8427-25b2b5514967	db073e9c-ccf2-4a48-8427-25b2b5514967	290.9973	21.7721939	111.119507
spawn-ad4371fdacd2ac40232e6de4448b865ec060789cbb749ad5738d637048513763	5714dbc024597771384a510d	spawn	{"categories":["boss","bot","player"],"sides":["scav"]}	ZoneIDEA	IDEA	IDEA	59.081	36.63006	-90.855
spawn-adf4a62e2e0e86b4bf8f25870fb5c0cc71e5917a875a91a2af395dbca8184c8a	5714dbc024597771384a510d	spawn	{"categories":["player"],"sides":["pmc"]}	b2b26400-a096-44b1-8f7c-37809a7106da	b2b26400-a096-44b1-8f7c-37809a7106da	b2b26400-a096-44b1-8f7c-37809a7106da	314.340454	23.3101959	329.163452
spawn-b0103a5def7af95169691f9e967889c6d7cdc5b551ae8f3dbc0274301984a492	5714dbc024597771384a510d	spawn	{"categories":["player"],"sides":["pmc"]}	4d4bfcb0-0de5-409f-a815-852b996bcaa3	4d4bfcb0-0de5-409f-a815-852b996bcaa3	4d4bfcb0-0de5-409f-a815-852b996bcaa3	280.049072	21.32544	-10.8288574
spawn-b48864be60557e88bb0ee2715ef8a62082afdf148f4fe8d87cabf62b0dd519c1	5714dbc024597771384a510d	spawn	{"categories":["botpmc","player"],"sides":["scav"]}	ZoneIDEAPark	ZoneIDEAPark	ZoneIDEAPark	273.330017	21.460001	-46
spawn-b4a10810581fd2c2fb3a4bda0ea61c46b5c6ace669745443552a46b61a1e6435	5714dbc024597771384a510d	spawn	{"categories":["botpmc","player"],"sides":["scav"]}	ZoneIDEAPark	ZoneIDEAPark	ZoneIDEAPark	164.577	21.4000015	-69.529
spawn-b72e783be6a5c2617a2957ca8b41cf06cee0d4629603c0d37679cd57cb97fd89	5714dbc024597771384a510d	spawn	{"categories":["player"],"sides":["pmc"]}	db112e77-f0bc-45f7-90d3-3fadd6ea75a4	db112e77-f0bc-45f7-90d3-3fadd6ea75a4	db112e77-f0bc-45f7-90d3-3fadd6ea75a4	280.62	21.4521942	-9.160034
spawn-b7a4ff5dedaaa74beba54842b29096a91f24fb7d37fc0bf06ae011b70c5bb8ff	5714dbc024597771384a510d	spawn	{"categories":["player"],"sides":["pmc"]}	dadceca6-a380-426d-a5b0-238b76e3ba0f	dadceca6-a380-426d-a5b0-238b76e3ba0f	dadceca6-a380-426d-a5b0-238b76e3ba0f	-315.3424	23.4221954	-109.049194
spawn-b89d6b806de81087fb783c97ce93778465815e5a2cb065f1f0a0a116cef5424f	5714dbc024597771384a510d	spawn	{"categories":["player"],"sides":["pmc"]}	3ce23dba-5c1d-4ed8-aefd-9a6a2e2b7f4e	3ce23dba-5c1d-4ed8-aefd-9a6a2e2b7f4e	3ce23dba-5c1d-4ed8-aefd-9a6a2e2b7f4e	-335.62323	21.4487228	259.546753
spawn-b8b154c85b2d81f32a540b2511cef78f79057698dfbf7f1a5db9889335c6e8c6	5714dbc024597771384a510d	spawn	{"categories":["bot","player"],"sides":["scav"]}	ZonePowerStation	ZonePowerStation	ZonePowerStation	-253.06	21.4300022	-378.590027
spawn-bc1cae2e4d64488ec4e8eb98d965b23f2f0c4bd41600986f30c1b0eeb33d1b92	5714dbc024597771384a510d	spawn	{"categories":["player"],"sides":["pmc"]}	6ba857b1-1ea4-4a47-8cd4-36b9721d3785	6ba857b1-1ea4-4a47-8cd4-36b9721d3785	6ba857b1-1ea4-4a47-8cd4-36b9721d3785	-201.242737	25.1452713	273.388062
spawn-bdb2b2a9c1627e2724953400eba5c7bad19f819b343e22d61deea83733904cc1	5714dbc024597771384a510d	spawn	{"categories":["player"],"sides":["pmc"]}	6148785d-c23d-48f8-918b-cfc34d067a7a	6148785d-c23d-48f8-918b-cfc34d067a7a	6148785d-c23d-48f8-918b-cfc34d067a7a	152.111328	21.4921951	276.4131
spawn-c1b6b1378e512988b1aab347aef83d8cb978cea7ac70a5297596fd17579a16e6	5714dbc024597771384a510d	spawn	{"categories":["player"],"sides":["pmc"]}	ac5784bf-9797-4493-afb5-e79fa1e9b227	ac5784bf-9797-4493-afb5-e79fa1e9b227	ac5784bf-9797-4493-afb5-e79fa1e9b227	157.348389	21.9521942	376.553955
spawn-c3d2df46bc63dd100458861a2db422d227558dc20f647e5704ce9efae34970bb	5714dbc024597771384a510d	spawn	{"categories":["botpmc","player"],"sides":["scav"]}	ZoneRoad	ZoneRoad	ZoneRoad	-179.2	21.3650017	109.593
spawn-c3fa877e4c2a4fd5f861e0bc52ca36f6ca1e6c42ecf6622d1403cebe5d5cb82d	5714dbc024597771384a510d	spawn	{"categories":["bot","player"],"sides":["scav"]}	ZoneTrucks	ZoneTrucks	ZoneTrucks	-83.233	27.1000023	140.055
spawn-c473429404bb9bc33bfeb42dca0219d6ebe810fccc7b3824446e453f5a3d1d46	5714dbc024597771384a510d	spawn	{"categories":["player"],"sides":["pmc"]}	75ea0127-0135-4560-a547-6f51d4d32621	75ea0127-0135-4560-a547-6f51d4d32621	75ea0127-0135-4560-a547-6f51d4d32621	-331.740234	20.5921936	-7.203125
spawn-c594612c33a9479fd9e8246e87cb01edd4cac2ab44e9b0820f38cb8b430bf9dd	5714dbc024597771384a510d	spawn	{"categories":["bot","player"],"sides":["scav"]}	ZoneOLI	OLI	OLI	488.69	30.8700027	189.31
spawn-c83009b45dfea351f4c3ff1addc60376472f5b958d6ce8d08c016215a8e1d3c0	5714dbc024597771384a510d	spawn	{"categories":["bot","player"],"sides":["scav"]}	ZoneOLI	OLI	OLI	423.628967	27.138	169.698
spawn-c8a6255add3e58df1bfe73ee4bdca75247cdd4997b41a118ee62a158d70d6d04	5714dbc024597771384a510d	spawn	{"categories":["boss","bot","player"],"sides":["scav"]}	ZoneIDEAPark	ZoneIDEAPark	ZoneIDEAPark	80.9210052	21.5700016	-167.82
spawn-c92b69af95845c25f85386bab0e56741da20821b40e096cd4138ec3c050004b2	5714dbc024597771384a510d	spawn	{"categories":["bot","player"],"sides":["scav"]}	ZonePowerStation	ZonePowerStation	ZonePowerStation	-207.43	21.3502846	-354.62
spawn-c9f83356a936bf7c483eeb0a6dd5afcf6b30cc439e542cc057f351028da6b73d	5714dbc024597771384a510d	spawn	{"categories":["player"],"sides":["pmc"]}	101c89e8-95fc-4104-bf60-09327bd7adc4	101c89e8-95fc-4104-bf60-09327bd7adc4	101c89e8-95fc-4104-bf60-09327bd7adc4	26.0853271	24.5471954	-386.9344
spawn-caaaec625a2b237720bbd3bd408feceb4f88d9a4864d624ba3d9c9c54352bf4a	5714dbc024597771384a510d	spawn	{"categories":["botpmc","player"],"sides":["scav"]}	ZoneCenter	ZoneCenter	ZoneCenter	-22.916	20.4480019	-348.080017
spawn-cafba8d6e634eafcded59643202b68c4bffe9892838c790b3548914d0ec1bfb7	5714dbc024597771384a510d	spawn	{"categories":["boss","bot"],"sides":["scav"]}	ZoneIDEAPark	ZoneIDEAPark	ZoneIDEAPark	-138.05	21.37	-124.74
spawn-cd1a11ee0db9d5fe8d50259b3e762d9e3afe7ca89c46d12e994a9779dfcd9ced	5714dbc024597771384a510d	spawn	{"categories":["player"],"sides":["pmc"]}	3febd6c1-66cd-4b49-9e9e-0c549c559de9	3febd6c1-66cd-4b49-9e9e-0c549c559de9	3febd6c1-66cd-4b49-9e9e-0c549c559de9	414.78064	18.1691971	-286.6573
spawn-cda483a5c1365b8df6abc3b90b50c3ef67efcdd67ff3124ed3f64679c9cee810	5714dbc024597771384a510d	spawn	{"categories":["player"],"sides":["pmc"]}	7b6397bc-05da-449a-b27a-65ea3e08a4fe	7b6397bc-05da-449a-b27a-65ea3e08a4fe	7b6397bc-05da-449a-b27a-65ea3e08a4fe	341.800781	19.1821976	-106.83667
spawn-cea1ce94c6661a4903d5d17ee9074510620a58e7363e968236f76e2ecca2c51a	5714dbc024597771384a510d	spawn	{"categories":["botpmc","player"],"sides":["scav"]}	ZoneGoshan	Goshan	Goshan	242.690018	19.9140015	94.02
spawn-cebef9f150941e6ab627778ab6b053e55f2829c7214f395d4dd34b0f47bb7ac6	5714dbc024597771384a510d	spawn	{"categories":["player"],"sides":["pmc"]}	3825cd03-9684-4980-806a-94bac32e01fd	3825cd03-9684-4980-806a-94bac32e01fd	3825cd03-9684-4980-806a-94bac32e01fd	24.14331	21.6421967	317.065063
spawn-cf176dc727a7a52234ac42ec073f743a9ef65d4353203bda14fb5dc9d6e3a694	5714dbc024597771384a510d	spawn	{"categories":["player"],"sides":["pmc"]}	3bf7afc7-3d90-48aa-89fb-6f172cd127ea	3bf7afc7-3d90-48aa-89fb-6f172cd127ea	3bf7afc7-3d90-48aa-89fb-6f172cd127ea	-241.307251	20.3681946	15.4631348
spawn-d1d7cf78531725eaa43afd0125867731bfb038aa8b45f4c28fcac6538caaec94	5714dbc024597771384a510d	spawn	{"categories":["botpmc","player"],"sides":["scav"]}	ZoneRoad	ZoneRoad	ZoneRoad	-252.84	21.45	64.03
spawn-d4dea73ca30bf53413a408b82b16414e3ebfa421e0fa7922ad11199a4c8fae3a	5714dbc024597771384a510d	spawn	{"categories":["player"],"sides":["pmc"]}	21a81c01-f1f0-4537-bf7e-5f1eea7c2fe2	21a81c01-f1f0-4537-bf7e-5f1eea7c2fe2	21a81c01-f1f0-4537-bf7e-5f1eea7c2fe2	-316.417847	23.47219	-106.765869
spawn-d500db12c152f0423501e29cf31e1d8cbb1fa14da2b317819b738e69bde409b3	5714dbc024597771384a510d	spawn	{"categories":["bot","player"],"sides":["scav"]}	ZoneGoshan	Goshan	Goshan	281.22	21.4098263	2.10700035
spawn-d5486bd3e40339fd581157eeb558d089eb53c660f42bd120445e9d5dfa2aee6d	5714dbc024597771384a510d	spawn	{"categories":["bot","player"],"sides":["scav"]}	ZonePowerStation	ZonePowerStation	ZonePowerStation	-251.92	21.4300022	-375.93
spawn-d574fec130d771250d4bf3489eb978de876670f01a7637a01465b86f0ec9cb2c	5714dbc024597771384a510d	spawn	{"categories":["player"],"sides":["pmc"]}	68f3b1fc-cc62-49fa-86de-1815685fa825	68f3b1fc-cc62-49fa-86de-1815685fa825	68f3b1fc-cc62-49fa-86de-1815685fa825	253.291138	21.4321976	-436.2124
spawn-d7c26bc58bdb69c57b46b09934e1ec5ba079db6dbe319baecc65e57de010cf09	5714dbc024597771384a510d	spawn	{"categories":["bot","player"],"sides":["scav"]}	ZoneOLI	OLI	OLI	515.2	25.2300014	131.19
spawn-d7c37414642b2dcb0e54107e26154d8d0038a5b3452c7b705028c216061d6a77	5714dbc024597771384a510d	spawn	{"categories":["player"],"sides":["pmc"]}	34b2ad9e-127b-415a-ac72-7116d54d905b	34b2ad9e-127b-415a-ac72-7116d54d905b	34b2ad9e-127b-415a-ac72-7116d54d905b	147.687378	19.68872	-412.2359
spawn-d82e6b4e1f90477f7269ff5c288aecdfdde108903a081a7e3e19a9071df012a4	5714dbc024597771384a510d	spawn	{"categories":["player"],"sides":["pmc"]}	8b11c832-a078-4d82-811e-444a781040b0	8b11c832-a078-4d82-811e-444a781040b0	8b11c832-a078-4d82-811e-444a781040b0	374.2948	19.2421951	-394.975464
spawn-d8cf0caee5ff4e332982f0d44bd64f0cd3dd2a66a85f96595b3dc7bbcc948b34	5714dbc024597771384a510d	spawn	{"categories":["boss","bot"],"sides":["scav"]}	ZoneIDEAPark	ZoneIDEAPark	ZoneIDEAPark	-153.12	21.36	-125.94
spawn-d8ff6767363d08f921f6d69781ab5883658cb4f2c2623cae5765999dbea7d28b	5714dbc024597771384a510d	spawn	{"categories":["player"],"sides":["pmc"]}	ebcfec46-fc7c-4ffb-9ae0-cb5faebc4520	ebcfec46-fc7c-4ffb-9ae0-cb5faebc4520	ebcfec46-fc7c-4ffb-9ae0-cb5faebc4520	-329.50946	21.0621948	-7.838623
spawn-d973a52d0473cce3474adb9b38a526b1d91dc721cebccce6c3ba421f2e1db855	5714dbc024597771384a510d	spawn	{"categories":["player"],"sides":["pmc"]}	745ab426-1562-44c6-a98d-a0ba05d45b41	745ab426-1562-44c6-a98d-a0ba05d45b41	745ab426-1562-44c6-a98d-a0ba05d45b41	215.549438	18.7121964	-329.78064
spawn-d990e830606128953bb3a5d6ed3126bfa2bbad0cc6af708da0d38fd71120a6dd	5714dbc024597771384a510d	spawn	{"categories":["bot","player"],"sides":["scav"]}	ZoneOLI	OLI	OLI	-30.0230026	21.455	81.76799
spawn-da0cc0631ee72d52b10bb124b160578806a7554540c307fd90a33e324cb123ef	5714dbc024597771384a510d	spawn	{"categories":["boss","bot"],"sides":["scav"]}	ZoneIDEAPark	ZoneIDEAPark	ZoneIDEAPark	-180.98	21.373	-144.7
spawn-da23712b001f218940b8aadd39f9ad65fea46228f89594394f3bfa3fc6e0185b	5714dbc024597771384a510d	spawn	{"categories":["boss","bot"],"sides":["scav"]}	ZoneIDEAPark	ZoneIDEAPark	ZoneIDEAPark	-173.06	21.539	-120.93
spawn-da5c81d896590d8ac3439d43b57dcf57ede554c3a860f57f75161015e34aa19f	5714dbc024597771384a510d	spawn	{"categories":["player"],"sides":["pmc"]}	357538f3-9027-4d55-8c97-ab33f4af3344	357538f3-9027-4d55-8c97-ab33f4af3344	357538f3-9027-4d55-8c97-ab33f4af3344	-237.2378	19.9111938	17.421875
spawn-dac884b9cad400c1ed047fddb3df5191a8aedb554b8594a8434e91da613206ea	5714dbc024597771384a510d	spawn	{"categories":["bot","player"],"sides":["scav"]}	ZoneIDEAPark	ZoneIDEAPark	ZoneIDEAPark	517.08	26.6500015	70.81998
spawn-dad568de9bd1216807bac7b75872e15ee26803c46b1816bb04be24214c7fe432	5714dbc024597771384a510d	spawn	{"categories":["boss","bot"],"sides":["scav"]}	ZoneIDEAPark	ZoneIDEAPark	ZoneIDEAPark	-183.057	21.373	-130.534
spawn-db154e545d172a0b6b39c0e06169e1763b798b808447b3854104a4bd11f8c438	5714dbc024597771384a510d	spawn	{"categories":["bot","player"],"sides":["scav"]}	ZoneOLI	OLI	OLI	-26.5500031	21.5170021	75.45
spawn-e342dfc7f3f89b4fc9e5701d3903c23eb6146634d144de7f7321b302186ab2db	5714dbc024597771384a510d	spawn	{"categories":["boss","bot","player"],"sides":["scav"]}	ZoneCenter	ZoneCenter	ZoneCenter	56.58	27.06	-11.05
spawn-e5d1b815320445fb0d1993b88bd76d5255346b8e93b30f3b4121588e9e39804b	5714dbc024597771384a510d	spawn	{"categories":["player"],"sides":["pmc"]}	b6dcb022-66f5-4a35-8d7c-d77f1fc38dcc	b6dcb022-66f5-4a35-8d7c-d77f1fc38dcc	b6dcb022-66f5-4a35-8d7c-d77f1fc38dcc	-199.001221	25.0755234	274.497437
spawn-e6a51ee2584a54089325720df1da20a0d2147593f5f83025bc6cfc74775e93c1	5714dbc024597771384a510d	spawn	{"categories":["player"],"sides":["pmc"]}	09b578e9-c71f-439f-a015-ec2f4fc38b82	09b578e9-c71f-439f-a015-ec2f4fc38b82	09b578e9-c71f-439f-a015-ec2f4fc38b82	-276.727844	19.9601974	-310.279968
spawn-e752727b92b9e616ebc28c4aafaa658f40699ee311628b4aaddb104f466019ff	5714dbc024597771384a510d	spawn	{"categories":["boss","bot","player"],"sides":["scav"]}	ZoneTrucks	ZoneTrucks	ZoneTrucks	-161.57	27.1218243	-84.58
spawn-e7d196805f1bb2e5a2d47e010db6cf2f6d7aee40b019132fb4316c7fede293b6	5714dbc024597771384a510d	spawn	{"categories":["boss","bot","player"],"sides":["scav"]}	ZoneGoshan	Goshan	Goshan	280.98	21.37	28.06
spawn-e7f21c65b92fa91900472755d6b91739a0ac289508c6e6f2d686a9bfd11b52bf	5714dbc024597771384a510d	spawn	{"categories":["player"],"sides":["pmc"]}	dd44f639-8868-4e16-9aa1-0036d615c2a8	dd44f639-8868-4e16-9aa1-0036d615c2a8	dd44f639-8868-4e16-9aa1-0036d615c2a8	-58.6741943	22.0621948	-394.0022
spawn-e94b43ef03ee0b953a4443c0908594c541d293e7a5b64666cca8272c1b13207b	5714dbc024597771384a510d	spawn	{"categories":["player"],"sides":["pmc"]}	f12f771f-4408-4db4-8926-47bd2ec53e8f	f12f771f-4408-4db4-8926-47bd2ec53e8f	f12f771f-4408-4db4-8926-47bd2ec53e8f	-55.3588867	22.1221924	-391.088684
spawn-e9663e15fb98657b2312174b9cd64e1933f1d08f7ee2ffc72c2b4092240ee3d9	5714dbc024597771384a510d	spawn	{"categories":["bot","player"],"sides":["scav"]}	ZoneOLI	OLI	OLI	-28.2820053	21.5170021	74.645
spawn-ea757741749462661f4713e79734286185e266a78c66434853f2d61d0468e849	5714dbc024597771384a510d	spawn	{"categories":["player"],"sides":["pmc"]}	889672b0-afad-4d66-a8cc-407384b6f7b8	889672b0-afad-4d66-a8cc-407384b6f7b8	889672b0-afad-4d66-a8cc-407384b6f7b8	361.198364	18.9321976	-194.580811
spawn-ec37cdb11dda877f48fcb828d73a482bfbb7712cad8c684c5a5b4c39be24078c	5714dbc024597771384a510d	spawn	{"categories":["bot","player"],"sides":["scav"]}	ZoneGoshan	Goshan	Goshan	264.680023	21.3412533	-1.15999985
spawn-f0792f99c279e3eb18b7ca67739bba97b5a386b94564b342f74a7763ec2fd6f5	5714dbc024597771384a510d	spawn	{"categories":["player"],"sides":["pmc"]}	e9f910fe-c024-4d0c-8186-0a12253ba0ee	e9f910fe-c024-4d0c-8186-0a12253ba0ee	e9f910fe-c024-4d0c-8186-0a12253ba0ee	95.46997	21.6221924	-412.24
spawn-f13fc27c1fbc6bc6a6d9f1080838de43cee3b01eea8b52be5e4d98c13939ebc5	5714dbc024597771384a510d	spawn	{"categories":["botpmc","player"],"sides":["scav"]}	ZoneRoad	ZoneRoad	ZoneRoad	-164.06	21.3650017	194.040009
spawn-f34d6c59ed5c9d60789538d7be08b6b3283e498354af1f94a4cd33d459216204	5714dbc024597771384a510d	spawn	{"categories":["player"],"sides":["pmc"]}	d456aa65-b5c5-473f-92d5-85f28f55fef3	d456aa65-b5c5-473f-92d5-85f28f55fef3	d456aa65-b5c5-473f-92d5-85f28f55fef3	-335.9453	21.32544	262.837036
spawn-f3eb6c7a6c999cd49ef9d99c8645c8ec1b464381d67e079587cffa53660b8cd2	5714dbc024597771384a510d	spawn	{"categories":["player"],"sides":["pmc"]}	96426e10-91b8-4bc0-bdce-61e0667bd59b	96426e10-91b8-4bc0-bdce-61e0667bd59b	96426e10-91b8-4bc0-bdce-61e0667bd59b	214.598267	18.9221954	-331.043762
spawn-f5ae2af239d07e46f6f073c3b161fb95b0d341cdb7121933169e9b4676a4fbef	5714dbc024597771384a510d	spawn	{"categories":["player"],"sides":["pmc"]}	dc39af9f-7905-4452-b46b-b57b0a9adc39	dc39af9f-7905-4452-b46b-b57b0a9adc39	dc39af9f-7905-4452-b46b-b57b0a9adc39	-276.178833	19.930191	-308.607422
spawn-f83ef3a934b0d7735c498217e3a818ce8f5a4bf0ba2072f1940cddb0d2086966	5714dbc024597771384a510d	spawn	{"categories":["player"],"sides":["pmc"]}	34422ffa-a0a0-4172-9181-b8d011227e1c	34422ffa-a0a0-4172-9181-b8d011227e1c	34422ffa-a0a0-4172-9181-b8d011227e1c	-278.156921	20.0501938	-309.5525
spawn-fa5ae916bdeea4d172ac71cf151c129587428ae3ee5f809dc3a73e3d083758ca	5714dbc024597771384a510d	spawn	{"categories":["player"],"sides":["pmc"]}	4e096ab1-0145-4d18-97b9-f9c727e9988a	4e096ab1-0145-4d18-97b9-f9c727e9988a	4e096ab1-0145-4d18-97b9-f9c727e9988a	-56.18799	22.1421967	-393.5332
spawn-fcff81b3205cd6d8b257c9a361eb27976025c764e0cc882627393440f9fb607b	5714dbc024597771384a510d	spawn	{"categories":["bot","player"],"sides":["scav"]}	ZoneRoad	ZoneRoad	ZoneRoad	-138.319	27.1252861	153.20401
spawn-fd19e77887824e201d54e74f9e1f798c100090efe1ebbcdc8debef9fa9e1257e	5714dbc024597771384a510d	spawn	{"categories":["player"],"sides":["pmc"]}	a9a99b93-d0a0-419f-ab27-469c93e42638	a9a99b93-d0a0-419f-ab27-469c93e42638	a9a99b93-d0a0-419f-ab27-469c93e42638	30.2937012	21.6521912	322.043457
spawn-fd4f3f93a65e30dffeeac0809b08d127f7286d93e764391fea98ea68e8608343	5714dbc024597771384a510d	spawn	{"categories":["bot","player"],"sides":["scav"]}	ZoneOLI	OLI	OLI	507.284	25.6400013	148.496
spawn-fdb5c1de964f412be8069c56b7621bba7c547cb53db75a05c07ed2b5cab99d72	5714dbc024597771384a510d	spawn	{"categories":["bot","player"],"sides":["scav"]}	ZoneRoad	ZoneRoad	ZoneRoad	-163.34	21.3653564	160.96
spawn-fe39ae5414a42e3671ed7c56982b4b3d10570f3f16203d1fa9b95ecd2d0307e4	5714dbc024597771384a510d	spawn	{"categories":["boss","bot","player"],"sides":["scav"]}	ZoneCenter	ZoneCenter	ZoneCenter	60.467	36.735	-29.253
spawn-ff13a1ef932ebb2f6ba5cb3da101953572755e7fdebadc126efe4e82bf3c2449	5714dbc024597771384a510d	spawn	{"categories":["player"],"sides":["pmc"]}	70560317-ee41-46c3-a51d-e0cb84872726	70560317-ee41-46c3-a51d-e0cb84872726	70560317-ee41-46c3-a51d-e0cb84872726	155.4458	21.97219	375.522949
transit-56e775325f9aae99dbe06e0c532706cc7d7284a53929cce878a7c045cb535882	5714dbc024597771384a510d	transit	5714dc692459777137212e12	7	前往塔科夫街区	Transit to Streets of Tarkov	271.85	24.1	-453.65
transit-6348716ab6958903a60940df1e33aba8cf0d61330188b3615673ae97b5cebd05	5714dbc024597771384a510d	transit	56f40101d2720b2a4d8b45d6	6	前往海关	Transit to Customs	280.26	23.28	435.08
