id	icons
container-00338804410dc0593f386f67aa030c73d8673448f6eb145466694abd46862700	duffle
container-009de017cdbaf7bd2bd4912b02f2f3f029f6d2550176f07bb9cd52c151383e40	pc
container-01a2089bb3c4cb7e3da48236c0d2eaf01fb4f432c3b8a8c438578cce8c047bf2	cash_register
container-028f80aea66cfc12a4441c6505f7752a0fb3a852617f2c1f71741f68ac0adb7e	ground_cache
container-03629991a2d4b1a72af4ef3d8be90b321cd116e2915fe0f25b00eca00cad625b	wood_crate
container-03b62c1adc99fd08b3892158fbdcfd376ed57f0cbe683943c9a7d60d7db89d37	toolbox
container-03c58a6e22c93a47aa3f88de9066804f3b471c5896b4ecd8aede432c34a74a69	weapon_box
container-03c81e66c6f5ba2b7a2caa105f10fd3f58a48ca78844fd6f26145bf554aa7214	toolbox
container-0408ee5c73d4f89e795896b2d12462640b26bc617dfbb52da9e81691b4837587	weapon_box
container-04119141873b239ba010d4afa2f3d50deda6e771cd0ec66c1ace364438b180e6	duffle
container-05383fc363403685ae7b1cfe6c1b21e2cabbf8bf4619cdb9b8ca31b37f8282e4	barrel_cache
container-057e0a3ec2557a39b3a64ac1efc2b982b36eb956aa854f8cd385c5becb9f63db	medbag
container-0592136eef50822b77d6e75b76954d482f08132a9011746418c72cc1c0f94c5b	jacket
container-05f45bee397e87becebf6750c7058974e2441af7e26580a52cb131720860b35c	duffle
container-065fb7b69da08c99be5b6a60d7d9968a968d3dd134c159e09e269dbfbda78051	pc
container-066a1921d24b67c7104bd5eb00aa298474571671cccb519376410142469c3b4f	weapon_box
container-06867c496d4e9fbc1f27979a96aec7c7250490e4c099ccfa62bbe311670474c0	duffle
container-06fe6c32c9d5b39f6ef5cb34944662d29553d64d59c5ddfaf82c9a42517163ad	duffle
container-075ac603f6ae312effc4fe28498b12e1ce850b17f2145de627eff7ff8b680564	weapon_box
container-07b0e3b991f7c3cba56c2982e6450d9b14f2dca3ffc7170c829972705e8acede	barrel_cache
container-07b21c0991ae21514c2dc21c9316fcec57c009421a47589ea387d07ed3dff924	cash_register
container-07da86ed24defc65220d93e95ea633f9c6d7fa6cc95ea3c87c3b78ea93b49694	ammo_box
container-07ec8875ffe9354b5c443bb0fe3ff0c2de7133f9cd23561a930041470392e993	wood_crate
container-083d3bb6cf3e6cfd3dcd635c266db862ad7c45b4f8dc5adf409aa39f9a88e106	duffle
container-088485150465d53c15bc350a9ce9e83adfb021aceaf09ebd62913a0dfae4df15	cash_register
container-08dfa0b52070c80093e69ae683eb088b5d0222c3e40f5463d05c338b5956728b	weapon_box
container-08e146150a11f9af55d10aeae4c98b511dab1f96ed546d5c3f22e57e6c59d0e4	duffle
container-090a1ae8f3c6bdbf368529b4dbcbbf1c5cd6e6995a665df75344b2dec9627c70	cash_register
container-09417fc1c24c802a1132c6434faa2ff19540da9be7521daf79ea49dcb335f4de	pc
container-0966e75bc79b44ae91862b8e5543a1b29ccc865de2bef4d7ecbb8219584b05ae	pc
container-097d99297e81c50d254b1e33248cdbbc7e9acf05a3a31800276cb8d6d4191fee	ammo_box
container-09844de60e8dd889063b17688c91c5b878daf798dbf97e3fc1d88627fbf225b4	jacket
container-09f39b77436f11bc43471ef975d9ca571b2689441da22e7296df87d5a1d852ef	toolbox
container-0a2878e4531699d6020cf024c418841bff51a5921256bd0c2f8f9c886fa47d95	duffle
container-0aea5d5d110e8f202270e7b2131df73595fccef015c0838fa0b326d46c832e80	suitcase
container-0b11a4fd265d6f27c3dd9ce1855ff3aa94e9dfc19e742ac0a26cf941306eca32	ammo_box
container-0b15cbecc8d55a673b759a923f4fab3a8547a82ed00013dc66d09ee3716e6632	weapon_box
container-0b78e63c3c6d068e8e81a2270dd1f588a5a38fafb6f1c927d94f9aa82362b3be	weapon_box
container-0be2a8569bdf2c690f2e704c96ded934a4f547b464e5f73599582bb3554f09f4	duffle
container-0ce7d81c05689b9ddc4ebcb064206d4088c6d39d3342ca2429e0de3491e15ec5	weapon_box
container-0d0cef184b7d6208311f612c08fee6ceab1a412b7b7e1df1edac51e57dd95bea	cash_register
container-0d1755bbe34a797ed03c7f9c6ce5a1d951a53586c7c4a394d0786ec80f0530ce	pc
container-0d48503a07508cb8c6e9da851b01ea7448735ac107cdd7ac1a99db778903e369	weapon_box
container-0e2f8f2670a8010860e392bab296cb7695cd65ffeb8238452c7e7e05a010e987	barrel_cache
container-0e6fb14e82f33256f255298efde7297234de4e12a31b2c1950fdd14a8cbd1f34	pc
container-0eb5286a7faad0cfa32b005d64cb1aba26ca004e4042fff8f7263317674f2f79	ammo_box
container-0f072757c952884fa6817093f0c8e9c2fef3b8055e40f1a26be451fa1de6ce00	weapon_box
container-0f7ecc3fb695f8f7447b52a630485a8e53fce69cc7cf72f554b14ebb2b8e2afd	ground_cache
container-0f8949987dc826138d1fccfc721ed67d3eb0c2e457e2d495fa761148536fc662	weapon_box
container-0fd1350cc7f39c7a3c0e5803c4430d2f6c66a53702368024d5dff296c40ff12e	cash_register
container-0fddf387eb37eba0c603f5b87cb21b7c295b80bcaeac57955f0f85da583f3672	duffle
container-0ff59c7c8c9a6c96751b43e3874e09cbd4b3ecd46a8d91bd4db45eb3acb167c2	toolbox
container-100ec174d82eb658d473dc6fc22613d925551e6c0db53b7bbda494757d1918f9	cash_register
container-1074f34d2b2fc5104c11c598375055f6794144fc9e1977821a97fe934cbdd59b	cash_register
container-111eca6140386de5b77dada9d101519d5f7c3a7d1c900386c102ec5ebff9ca36	cash_register
container-1128c588d5ce558d1289eddbc876e8e62f54053bab3aec17fcebfd8cb865db36	dead_scav
container-113068ddfcc2cdde48f0d2ef7d3cbd466c9baec2a2b88c82bcb68acdab33e96f	duffle
container-11a5e83495f6ea6b7215893c905ae58382780cc5f49ccbd436a5b9f17b982c45	barrel_cache
container-11db3126a680adbf85ec318bd4b6974645a5d2f32d3c1d69572a284207f87292	toolbox
container-11dd94f586d01b776e3b46b7bdf1a5874f824e975e1196d94843b472fe465fe5	duffle
container-12135e2ba3c1610b141f3fa64162af37702abbb06e2b31b49b69d5fe05f2bbf3	grenade_box
container-1256d9d38b058d1223168c5838eeab78a7d9ed251990d60e2cf6eaabb347842a	ground_cache
container-12ed6f79c292413b7e2e518e181cd077dac9212f656f80052fc5d45b2d29390c	cash_register
container-12ef5fd71bdd72a8d99caa4f77f1e2a3773e1f05d1864ae5be504d0f3c144060	weapon_box
container-12f33e366aa040d2ad77ef0e3b597e86b46d20605fd20ceff4617c43c1a90295	cash_register
container-12f345e7ee98bb7f29a0244c18a5fdd352cd1303db05cf6291c0d95309a83550	weapon_box
container-13116d48b8bfac6670d85bf509295d415bc073cd459954bb22294596f2492bd3	weapon_box
container-13342de4383f757888f56fa478d29bd1e2b85fa379c5839855169383fc064544	barrel_cache
container-1349c0e2a10084d8935537e562e9a49440022d7ac18b89c4329f60a1a471f4b0	duffle
container-136aac8631d26fdf096bef4a779e6ecbb11f99198b5bbcd8eb8fe4690ef43cfe	barrel_cache
container-13787cc184d7e3a71f599970e022c856f9f84231e9aea4396c4c603e644f7755	cash_register
container-13d68fc39dd92a9f39b2f4f14a6b49dda4c189ddcf599d0861943e79e1428489	toolbox
container-1455b6d5bde6a3471848bdd63f3bd8f9f91ebfadd2a423d50484f3b75de89ed6	duffle
container-146f0b7f17199dbc4e1489b051ddca5750113feff8b5f75e651415438ab33f87	ground_cache
container-1543423b349a5d3f530f875bed6d0c382e36f47049f24aa7b885e42179928469	wood_crate
container-15a06acf71ecd94908b6c02a976fcee80a746cb998be59d5294e563ee5867961	medbag
container-15d2004602ce4c66b53ca5d52c2ba35d71e74fc10a682af5ee830c8797010d4e	weapon_box
container-15fe12fe242225e5cb37dc8e37fb1e19b9c0cbe481021ef319f98e2f5f425678	wood_crate
container-165c753f386a5afabf864f1781bade4bd59c6109a98af027f80997c50594818b	duffle
container-168459ee34953860f6f0ae743815cd02b29e2cb992b86509823208c784561778	cash_register
container-169a66bb4c79db9ae904947ca2f19cf37d4f2f7e0eaa5f082acc774619a4541a	cash_register
container-169ee8f898fe19faf3a875e36b808492e190e0af90eebfb499e69dafd12edd3f	jacket
container-16a451321162c6b71de2e77a0746bb298fedbd50fcb4880b7ebb2103974745ee	toolbox
container-16a99516b3e58259ccd5f4bbd006cbf2f084a0f81eea83f99ab912f1f8428da5	jacket
container-16b9cb07725526022085ec4bac4908928132e8eae026f83278c9f7c39a375480	barrel_cache
container-16e2653177ac4e3131595c8add246002d225c1dd40285f25d0c47d70cf23e382	toolbox
container-1706862e03be0218e6f5da4b105bbcd424723d47c2733777f535de7ae80d5a93	toolbox
container-1722c61c2b7d9b74e4a4beb754738df56062c2145f7a3a854aea33504bef85dc	barrel_cache
container-1746871d1d8c398c3b17815e7a6106c2a48c94c5464a1c08c09ab3410f45a779	weapon_box
container-176bb9ff8797d1aa1f41a31bace42fc2c07780a76f1b4b71baf3d5877dc9e904	medbag
container-17f180360a6fdd5cdd98d2d52822afa8eaae329a0fe10b39a2de87f5edecc60e	wood_crate
container-181f70938d2269e8103f60cee8180d67e5a9218bfe7fcd30d0770b218b6fb34d	drawer
container-1824dab558430b9ef47d8e3bbe014701af00c4a4f88b3b9472d234e734d401bc	suitcase
container-189a2441626f1799826de2770b5fb6ae03bb53ee94dae2f195e6e92b9d714609	weapon_box
container-18cee7f973bfb4e69395e466fcb47ae831ea94431ad294e0bcef20c6dc53ef1a	cash_register
container-18df67cf6beca4ace8731623b3c7ce68e51a012f7bcd18974001add5eb67dac6	medbag
container-191992d1ae0504881af1963a7451a51a34d3a313d2b8267dc71cc71c9d409a99	toolbox
container-193cb5cdad10de1f2613fec18db9959d57e176a29fffccaba615a19f03deb274	barrel_cache
container-197b6b24034b4c389ed0c3c6a061c4f0ad24f9ec5facfa631bd1143055449e09	barrel_cache
container-198c253636dcc7ce4bdaa1d829ef827f210b3bf03b4a8ac646149a22f521ee86	jacket
container-19baae82036f982b0ed9a668ca2e41d19ad358be64ddd8a383860592d0926ea4	duffle
container-1a120952b63f93c9927a71c6bfd9d4254e00d541c67a9dcb60f2bd535aa4d7b5	weapon_box
container-1a9965b6014ba59ae8d731de24db1310c3905fd6420f4250fb2e49f8bd2fa80a	grenade_box
container-1b1002f3b6e722c17df1c5535dcb70102f2dfde74b9a41678fe1ecb0e6efd691	weapon_box
container-1b44b331bf531c97b26b2bf943548a9d6be2798eccb42888070236a516e9db36	duffle
container-1b5d209ff79f9c7c7db21d443b06c25a076b8491965e0437e678e970f6bd311d	weapon_box
container-1bde782ba1b9dafb526a42b434709880d5b8d9d3aaf76f5f8d14e616377daf60	cash_register
container-1c3c47d08b409d6695567ba612669cfb6fca65c4a719065c9fec83c690856b45	drawer
container-1c55f5c809102edaf9ebc0a473f636101a9d78823790516c1f476132f8d9835a	weapon_box
container-1c8459c103401ebcfb421a724550bd30e4d76ed2e36dcc63f064dad183c07231	medbag
container-1c89dfc9efd69f133134e4f093b76e02a5f2d6685c7625a78fe9a9c1a4a4586e	drawer
container-1cb929ee903dbfdaf8068a476fd8f1e1f1c654ad3766b17111a692deb88e698a	duffle
container-1cdae91644a982c8386a1d2ece2527f00c167dc3c16c484bfa26bb268b9820c3	weapon_box
container-1d10ba65e33388b7a420488727fd322fa988f7a51655e4c249b96be8661c7cb4	toolbox
container-1d4564ced4d7cfd0dea864153fa886f9fe8cf078065682f79966f412762501b7	grenade_box
container-1dfde3042c87b6e6e4d82c9e5e556bb23fa6214ad37cb4e6505ea375efe91453	wood_crate
container-1e0c8848ca68a8f5c8ac294632c1d58feb9c0abd6f2b2425296780cdf0381f97	weapon_box
container-1e7bef91789421c754439b37e9d47359bc4d31ce2b6bb839d544afc21868f8c2	wood_crate
container-1e82ea0141c3c6e77992636ffbc7f842d400be6989758b192ef9bc10261273e8	toolbox
container-1eb549fdb02ad3c8a0c291d241a86210f4b8c0eba40773a2b7084c3cbdab3159	ground_cache
container-1eed82eac023f81c2d24990d83ed981555290261a6d4b3a894bec02ed22711da	weapon_box
container-1f68e36f2f7380bffeff683a99630f085c9bf2d392ecd422068d6c74e4524058	ground_cache
container-1f9d82d2d715fd1526ba3719cb2b7c899afdee3da71b1155ead2b9803820ac97	pc
container-1fa8e269c30188567b65c270f219c246c2c5586b6baeb2018768df71f9b61b1c	pc
container-20bcee34a276650b3f115e5c8fb86fa78e86b0f88305d079b4aa36c0d760adac	duffle
container-20e8f4f4aaeec1f91fd2d21a3b0fcb4066ee0aead8bdf98ac8668bbbcb342413	weapon_box
container-221233dff79714331463dd7ce7ed33504c0c6f966a5ca95267dbaf2bf1734812	duffle
container-22236847e055656ed671d1589225e205c7298fca18073fb019cd91370d4c6156	ground_cache
container-22391ca0b55ab4278763387b422167f4d3a4da17f137b50257a9b1ebaabf0461	duffle
container-224018987331af9d316a8044424216fbf2a91f063adb784795f3a57527445b41	duffle
container-2241407b528fbe5638182ab62dc71bd645e1ef2b89ff519fed1f5ae911ec9476	ammo_box
container-22ba8ea70ac7e96841c4defa2c186e9cb1fdaf428ab071678f2f86ddb9820009	ground_cache
container-232c4808d2926b5e4b8811af064da6c68a84efd7b5b4dc2d91300ef57ed64da1	cash_register
container-239a68cd5ddda093649636c22dbac0a3736dfdcfeea050c459443409f5cd07fd	grenade_box
container-24200715e9511c0cd429855a31f0946141c1921bdf93185a3ad3924e10a3a241	duffle
container-2460a4bd400c6d4d79105c896fce9821e867509ceb0c4240c7d96b22dc9a2720	pc
container-250f2d316501b34974a31fa250ad6a290cb15b12f12cfd8f4f6cf79fff1f9c5c	toolbox
container-25334ef16ecdbe4f501c5d90d924a1f7ed5e5586d1c61fb6f05c365b872d47ea	barrel_cache
container-25a7a6187e1fbd6ea366413160767491e130d14db56d8e296632e34d8f853810	duffle
container-262836bdfdf331dfccaddffd71c109e0f228ee0081403fdd085715e453c5d0f6	jacket
container-262ffd66e56ed72f74c50c3a28b35f72b45d20933d9dbbbdbf8c8062378ea5de	pc
container-264093e154d2cbaf17fecb9b20b8434a56e5ef7e108c5da1cc3730ca84c6d490	weapon_box
container-26ed3152966ce9b896c057b2ccc4630898280ebb170a1ccf37687a14e91eb29a	dead_scav
container-270669631ca877db8c627e05add7217685b6b8dd208ac76d4d021cd9dcb136fb	duffle
container-272caaff797550fca097a1d7348c16de4a733ddd307efafea15bb40b860aaf5a	grenade_box
container-27ce1687bb04a318b355ef612466bad1ca734830a2845b1e944d3e9eb72afdc3	toolbox
container-27f90f4e06c52e98fa23966f1723a2e4060d7f0b14e43a16540cbe975479802e	weapon_box
container-28de1a3dc52b187d9ca26bc30d1aa986cc66d8e32807460903e0518c3343f33c	duffle
container-293cce9d5d3e305ca6c3ec7bd62cd0afe2d71669337d70b600fc4dafbfc1af8b	duffle
container-2959e5154c1a04e78073e3b42fce63e009e8c196dae7de22942d1f3e0b4fe751	duffle
container-2993c147cefce17f84d3dc0dbaac5cd578ec5d1c37ffc07019509920e24a58dc	ammo_box
container-299e75ca34eec3d83301ed78774d1cbb1754fa54cecd6a549a49b4d527f3f1d0	toolbox
container-2a9f0463e6b79414fbaf5687f2efea69d3f63dcd365aeda331a58638beab9cd5	duffle
container-2aaab76dd5008280762cf9b63773157f9dd62c3597fc5d91c1d1507d25d668df	duffle
container-2ad7f56371452be1deb26cac6bbfd892638193e34062cb61ddb60b02ee11eeeb	wood_crate
container-2b19a0bcb51fd629183dfad87e8792c1685f3c39c2b8a23e44d9c494df38ae7e	duffle
container-2c0dbc2d309b31ac416cac9d90a522be9c48dac510400cc8af0ccbb63d97cc13	wood_crate
container-2c15ceb6b28b3cc98e2937a8ae7bbe5021692948c50f3505f1c173b52ef131ba	cash_register
container-2ca8f394254b7e781874b0ab5f8b42c690d9d8d02d1c348eb26cf547a3137917	toolbox
container-2d20b5b0f689d481f701247c842e07fa9ebe9f321a6292e61acf49404d788a27	grenade_box
container-2d2dfe98d149df8e4cb9e1407123853d54cd7f98654506e244a6556b94f99fd6	jacket
container-2dc797216af2bdc9214f9fb39fe2276fcac6f17a05620f65fcacea5584b8d0ca	toolbox
container-2dd187bfe979e9ef5c0975e9a09de7f1d1fe0bc2d16abbb1fb1368efcc82c504	pc
container-2df009fabf21fa2933b9ca4568bc3fe94d11f672148cdc11e8abceba478bed59	wood_crate
container-2e23ed181db40dfaa417b65a4d31ef536ec14c1dbf564a5282e23fbf8b162ce6	toolbox
container-2e735fc772146e12b69a97ff4d0fe9a227fb655b58ec1f61dff39410334b6ab9	weapon_box
container-2eb8415607c442857735693755e4a03b7d884cc3ae3c754cdfd6c459e59da830	toolbox
container-2ee6873e4b476e326c0bb2681d379d065b5b6e50bd41e8480fdb00b073397651	grenade_box
container-2f0c29f84be9d8770111e2c44b8a3a72b041f72ae53821afec7516a3a5129ed0	pc
container-2f24b9a0eb4e45e527e0cfa802ffd11a8d31e386ce1279a748729834212f3608	barrel_cache
container-3078749f595e9f71ffd0af468aa1dbbf6f8e5cd70fae60ac27b665819ca5635e	weapon_box
container-307b94b494b443842ccb6466babff0bf7bb264d94d31c5d0c5e1c141dc2e240d	weapon_box
container-3085c4f74cee2cf13ef4967a6c0043c33f2b7b117300411a8a0ec0fa949be646	medbag
container-3087d2010de281a56c1f08daa126d643789549963b29a99e9c6689d89f34f775	toolbox
container-30b02826861097f3afce0b49e5fdf71fc61ccfe4d1d436661b9fb8675064483e	medbag
container-312df841990326fd29a1cc4d2ccea4f8da9efe097ab87fd8a5631ade1ebeee05	toolbox
container-317a78b52140fe3c6685dd3dc84b4eaffbb5dac36618a495dbd2bfef5aeb2592	duffle
container-31d8541571c9693228fd3465e13746a0388cecb5528127f6690ef662f6794420	wood_crate
container-321beafa1c6a5d00706f62d989b8bb43ed3581c1e8b95e678870fab1d447ef45	toolbox
container-32a24b3475790cc7995d0b3aef63f5d74207194697a2f9b1a10eda0a2b4990cc	suitcase
container-32a2e79eebe23f24246daadcf1d141a0ddb8cbe8878d90de9d8672a4e365469b	ammo_box
container-32d1b30124aa520baaabc74282773ad9faf6147265e1c8078d2232957b4886e5	cash_register
container-32d2ef2a06a54a2dbafe357af848e952677088304243a11abbe85cad8959a467	weapon_box
container-3309835f68acafde8f52ad3e6e1e8e04f683afbb68b6885d4c42ee33339e5a4a	barrel_cache
container-337c42322bd4bc7a7f4171289b6ab1549406bb9d071b82d4cd5e6b864a62e797	ammo_box
container-3466f732ab5e6ba194886da09f86291a3f537bca3d3dd404fa672fd10dc19d34	pc
container-34b8d65ee2466fa83f4fbb480fdae41b1337cb76e757280cf741d19595506e82	cash_register
container-35524fe08f442f78f3bc39a0bac0f148bc78f685eb3332d73698f1953e453cc6	duffle
container-357124fc3a8960cb688b83293cde985b5594fbe72de5514cc7e3a3d45fd8fdf6	duffle
container-36395668ae745ae8f3f5f3aaa4523e6ab941054f7b745d38bf737020493d8311	dead_scav
container-363eb89541312ebe9b391f611bfe2e5b11cac741580784dd569baa02938e0218	duffle
container-36c62155643870bcacbad61d0080f4887b30ecafa0e2292994134dc5a55bc57d	weapon_box
container-36fa8bf509abd1de0bd888a8739678d2cd9275eec0f7b5f845b3add3ab7080da	wood_crate
container-371de014e8e05b1ba0f80bfea3f5511ae14d6fc5c1e27a10a629581110378e86	cash_register
container-37853c692a230c51e74d4573f9e49def77faf525f25e6329a4263d353e646a53	toolbox
container-37a13a775eecb38af04b81939975177f20cd6c1f4dcf52fc82ca13fb04b11eec	weapon_box
container-37b721fba937a521ae7b041e249acd3e2e86cd2956ef4c7ca07e8fb420390ef2	cash_register
container-37fd4b36cecb2fc26169b6bde9fe9f7453b7646c3bf941c2407a4be40e25a633	pc
container-381ba8580dc319c8cf85423e87713f0e85a8259d92bf15ef0b60bc6acd69c4af	weapon_box
container-39259c39b081afaf46e1d19954fc1b0449c3b79bda070a85127a1e458cfdd179	wood_crate
container-392f1e8860542196811280ebb6aa83f403a12e52a9c7c7a7a18d49e66e9f60ce	barrel_cache
container-3956597804b5545ff790701042f69877f451b7923ebbcb081d3d7c6e077d0e39	ground_cache
container-39589eb8477d13ed6b2b86ac3d52146fd958a4466306989028c58114fc007bcb	duffle
container-3a385ccb05bafca2e65ee8f590a1c9e5b1c7d5020ed4caf584743efd6b122d43	jacket
container-3a9311844ff6ccfca99534cba0cb5ee27921a6a7c9abe2fb0c69965dee779bdc	duffle
container-3aa42938103dc3787ede7945849c9ac585ebd8d0628ab0e2beb8cc368160f7a3	cash_register
container-3ae63960eb1178e6d25f2faf5eff8e3df2768ee64d8e092455465ada7670a757	duffle
container-3b00e7a1b81e220469a8020cb5a27a6e8bd66907874b1041a4b70e520a91ea43	weapon_box
container-3b3a763c361195c8a2728e3d59ecc5240c194fa0644f7e6d640f8f8bf7bb9b50	cash_register
container-3c2cc1d230ee4c29a4a4984b4ccbf458f54fef19722fdbef42f4382e3842e9ab	cash_register
container-3c5c46a512b88ba8cffbecf447756c33cda459983830eb43b73d4dc4fa834550	weapon_box
container-3c602ffc42cafb99299493844ee8171ccad84bf70fc4f5d3edd465faaa680464	toolbox
container-3c8d2a2d3c66119538698f7f8266a6e94ee86a7a2a3d6b4adb94f5c9c6f80463	weapon_box
container-3cff0e4842c89459922efa6f284b26e8c4e9e70fdde237a4db4e3424f4f76e89	ground_cache
container-3e051c250bd9b001a0fae2132a33728dc0289bad03fd867578c77713c2d26585	weapon_box
container-3e222d88bd10c81ed4b29fe492ada716c1350a7fbedbe500659d1775ecb9e37b	weapon_box
container-3e9f4dfa44bdc31aacc42ece8d5fa50ea513883ea4227623e154366ff11af24c	ammo_box
container-3eb76ef917291c7ae56dda3978448533fcb4230c2f4a5da6e8af0ff450341342	suitcase
container-3eedd4913f5ec27c73609f3364d63f405e31143b4cb5c66abd2678e73ce3597b	grenade_box
container-3f315bb4ae3e451989555f5209b16ef5a9021905634f8d1ffb79f0c418203c26	pc
container-3f3c991fa21635e2708642e4a22b5f6b4c17a2de26db29dfeeea5d43c9946503	cash_register
container-3f76ed5a2783f311d764b0bb030fc75f122f2f60adaa1cfd30def03811462e36	cash_register
container-3fa2aac5af1660841bb588d2e7861ebd3a998051ed061083f7504b6ed8dddeb9	cash_register
container-40023f4bd67c84cfd8bf8c945d84a39f21e5c87a9dddf6279d39442a1ed6f37f	cash_register
container-4076c714d7d61de89f2faa54741cbec2a49c7869993f8b39b59eeea768590ebb	toolbox
container-40d1bd22a1da24ec66dbb7500ed58166a193c01c3284ffe52a0ae86882d853e6	duffle
container-41c1e72bf7666fd06669781426455eebccee248d5e2c584cd42980a0d1f2b4d9	weapon_box
container-41f14c1ff5f44206e221d8480c0d7b481777d3195d47ddd6f84705cde647bb87	duffle
container-423dc7dee36dfa5f6d4d3cea836a90bb434d21d95c20a37caa04d4ade97b0a36	duffle
container-42a82ca7dc978acb43e33c3dcc53609f4a39b2dbd909a29adc8b7fae85f3cf9f	cash_register
container-4391696594f06be57b9def067822b5a9b6ad844397a6965949437eb7e808222f	cash_register
container-43b3a8d7d8fe9c0980ad13c1ca03ceb52b756c887f3b94df81a5ea173b01ed5c	cash_register
container-441ea290aa1a012ef5b296da2b27b72089af45aea39ec17d45fa557ac2c2487c	cash_register
container-445b0e16e6f36705a4f57fea2c8a6270b44a9ad8084006b5306eaedec2f1ec27	duffle
container-4488dd7d06c7e96731c8671e36a3fa00d1474a946d92ff8db5cf713274dd01f6	toolbox
container-44be0bd0168dfad224a28c22260e7105be6f5007aef0efd75d83a8fbc1f4bc46	duffle
container-44cd3dcb13b179ff5258d3c3f67a99d15a6f9f1f5a234106f1ec9ea0e659134c	duffle
container-44defb07b4e28463d552759cde4587a5106ba400e8d4b7ffa32af0dc03536669	weapon_box
container-44f5bf18157c5d0ba07cca98f12d30dac475cb009dbcc5ea8c8055700414bfc3	cash_register
container-46f13b448654a162583948ed718c6e94bb244d6a2326376b516738de884002ba	grenade_box
container-46f9790c224160a7964eadcd2f6a7788eee80b646d2d5abcf532ae10507cee35	jacket
container-47040918f87d1db2d8fb3a6bc1e14aeccaaca186dbd3cfe31f1839ea7133b5e2	cash_register
container-47172f1d37e840f90ac34e9a8d7ada58bc021c0a0d77b92b410cd26121432c36	toolbox
container-472c2c3598563bb2c40223af4dda66d66011a879b2bb872c7c4e87d0be10e524	cash_register
container-474bda705ec6154c274c23a4a6d26b0719e470f2a950393c38b0f21da76509d8	ground_cache
container-4753920b69b24ac3f8d2430790bf294eb128e2841d8af6dbf342f62096d321ee	grenade_box
container-47f5bea4f66057c2b0ac320e9b992227e6b5afd70da053be9bba9779af072140	grenade_box
container-4837977750dcbb7af213d09542f195eabae364ddfd13e6c9669e55683eec9b71	weapon_box
container-483f6b011e00a8e796062778b5e9f135558056288319ef4d8c1db8b462440c85	toolbox
container-49ee97fc4e36decaeceabb80be582a0a45fe024cbb6e613f7b56603d2fb120bf	pc
container-4a1e2470a20b95d3c08d2cf2edcee5156b6de1db3abc290f2e002aa96cf194fe	grenade_box
container-4a69480c891e8c3d1ad00e7695f03a290d913d153431173a1d8a99147e874847	duffle
container-4ad5a291dd02376e1357816c1c3ff8414e9f9d0592eba1da0caaeea88b5d6877	duffle
container-4b443596585ed0c273b3caca99cd9bd2c0c37caf7234d7f4813cb162b0757f73	grenade_box
container-4bc77ceab40675f80cfc814e42479b0c79c4de50b87dbd3dda8051d96242a5ab	barrel_cache
container-4bf795fc54e61f2a6332f7948bb924f25cbe15e4396f645781f8a0a7ad1fea94	duffle
container-4c62aed4e622be5f603eaffdc4d3b7e139e0c0ffd5ac7468268921a8cd880cc7	duffle
container-4c69094b44b010923d32ac6c06260f28cbddfc2561465db28763d0537bf1f890	wood_crate
container-4c9e339d18cf804c59532912d94339a380b14cdad0f48c06dba5640a340f1ec4	cash_register
container-4d6d677d928376c0e6d17f217589d90a5bbe3236bbd1e77fcadf4aa8ed802172	cash_register
container-4dbc834a90d61b15b5ae218b99aa661fc8d4476789c715f47c8f09f2f8e18017	duffle
container-4e03cb539c6e71182b2ad23540c46c053c293d80553c7a743851363827ec85c6	toolbox
container-4ede636d9a970b431769039d42af796b00a1ee5de6779f35058f7beb42e31ebd	grenade_box
container-4f3a7cb35612e69a0b79722de826366fd065fcb30064f0d83107bfbd99c2be56	wood_crate
container-4f50ddd04d334dfc4fe61434f2e757c4b825a76ca103fce147e5c1abd1a45d83	cash_register
container-50499f3ca2865f930fe5c6d18420af0a7071ed42b4168d2652ccedb52a30991b	duffle
container-504d518dec7228f75188b4985a741e8d1e3dd1037a794532f16b39b242a07d42	weapon_box
container-514efdc11fb978a659488db96fa13af8b249ad1d739ae49dfc824f573907a5f6	barrel_cache
container-5180fd6e5f0eca881e4b21b88f6940b73c29aaef46ad6e98318aa933e35d7117	duffle
container-519f889b2cf864882afe1f7d3c7d4b5564b5f8d831c6bf3e474211484b9e1bfb	weapon_box
container-51a0c3f72834f1a328167a1359f8ba9a363221feb42034fabb135719a1f62899	duffle
container-51b560dcd5228ba25b8065da0cd6f89e429357d1f99fe6cff008755c57cb6790	duffle
container-51f6d894c6553eed03e7b8efb5c3b598e9fcbf6000525e94ba18cdf9bfcb65e2	cash_register
container-53305e8b39e178ff4a6a2c802d3f6987a33a41b7bcf95a1902d716140d3252c7	barrel_cache
container-5353f564643c62e4df16d445da44d8d79a6d8a5d939e60a5c7f907b5f1e67cab	weapon_box
container-536806487e00ffbb5b3567c5db92e71f4263bc81b2bfd45c796c2ca94014647c	cash_register
container-53ccc6d047bc4c3734e143630dffd367b8956b9cd74bfc4f741c992fdd25cb52	duffle
container-5447c557e363d5e78a93e56be217459a1b84e8b1eadc56ea4f358c0ba5b0fc26	duffle
container-54a615904c44687949a2594d25dc1d504258265afb86df610205f2669ecc17bf	weapon_box
container-54b19afb70663962dc68d38ba66f3a902edd0435d732f153dd516e8d0475c009	ground_cache
container-55728a6774b9d7b370b1924804059964ddabcf7570b16f3ed4b43cff94e6ca8c	cash_register
container-56460d8d6a181c1cb8b5c19e4c6608228d2584889fcb55be528f65deed90eb86	weapon_box
container-565def7dccdbe3d1f1b3836ac771c106c46539041b9806137b94a34e76c00024	cash_register
container-56663d8dcc77a67374acb46b6307279a86f3c28f532c2d104b5094847a14aa5a	pc
container-5673abd21d5588c2adef675fa2cda6896e3278fe31657bcd4b1f6fcf496ccfd3	duffle
container-57533100587a2541f8ee9ea2bd52ebdf82676dabd7cd5408150ba3954bb6b819	cash_register
container-5786134c6e54cd6c83e4fd7519bb63c5a6424b3921c9c3abdc063daaac3f5fef	duffle
container-5790737cbc6556ea110b1eb725b85e9a89e044189249fe1465a88267831618af	cash_register
container-57c16149e2c6530c3ae51b16bd041fa1f523a2a7f0e40ad176697f3eae52ecb2	toolbox
container-57e8f310c8ffa65c23b46bdb3000e8eae8a5aa1dd3600db53713b5b2284b0391	weapon_box
container-584da8eef712379b4817f0236840c1cae85d7564d565971590a348038acdd444	toolbox
container-58a5419c09ef8334e4c07f586e4dca3f8b24411529bf125e5d6c5cc05213aeca	barrel_cache
container-596fb9e11e8cca4b687308f6125725addf50facb8d2d96f8e52c414427b16866	duffle
container-59851d910bfe0e6d44703d17547775887c8cce0603d2130d8ababda7de7af2ae	duffle
container-5a642d17089fb8fa2e97177393ae8243c65195682e5b8b513a0889d90528666a	duffle
container-5ae0eab562b073ceb19ee7269ad7f1a36bd8b9bf2eb54be106e83432357a0ba0	cash_register
container-5b1a9d9701a42bbb6b79898c83df899d04fd2952cdacaac3bf772d161e98b998	duffle
container-5b72c0ce0804a8ac26f1301c89b65182ba6afc300d87cdb73559cd814a57c1ac	toolbox
container-5b783176ac6d70860aea583fb6bd1bed4c8e4c67cdf2053ed6a9c988cce99c0d	cash_register
container-5c855ecedd2eccaece6e3eea97cc8b29c5d6a20840d50cee775ad87255cd9ec7	weapon_box
container-5d38e3ce3fbbc5378d9038d8d639e3ccab5a2d7936cac033f74fddd0e8b9b979	wood_crate
container-5d548aa0ec204f8121d62779b54059a962b9fd988914180e77b776f004aec264	duffle
container-5df831a8eea38cb768907788c739303fd5e3a4adc97378a8f58e346ad2112f74	cash_register
container-5e411d18e86168f79f8b7d569d8759ec0b9bd0e6d1fa3fd321f9e7ca88495f47	weapon_box
container-5edd7e6418dfecc35fc10052e6803844eaf9e0f015c227bccead2c6fae3006fc	barrel_cache
container-5ee7affbfa96350eda55bafffeb5e856a5c9ee0ae5f64f20ee361c16a2b1b708	cash_register
container-5fff796b740fd5f20a0f14c8167a18e4f8e3aad6902888855886c329fb67997f	cash_register
container-606223a21bfa0767442ce7cf4bbaa00c1a5d7b50aead99b79667cd88f8dee8de	wood_crate
container-607bec47adb5df536a359a51bc539f4b90ee15db2e4f0a46d2c1fbd3dadaba93	jacket
container-6100ab666c80f7f038a586759bd3550c0a7a0bebb43f57cb69ab7b4b134738f8	toolbox
container-61ee1cc382663adc40a3135320ff4e4a7ead878070812d2958151964ef30e0e0	cash_register
container-61ee56c44718942aaf76c4187261d531f8e787f548c53abbbda854ba58062c52	medbag
container-6204a1d549a77011c5e9a836b6a339d531b2c26ba2bbcbddf478193022b023fb	duffle
container-6279dbc95c1da1d7d9c8cd9f9dd8438bf8d70f20077e000dd86e626d65954a0c	suitcase
container-628ad0b0616288a309a95f9385e815b477614feee50f3b5dbb357f0fd8693a9b	cash_register
container-62dc699fe32109a14d9460cde3f1763d429c7f4977881b3e5e318ecfd1fb4135	ground_cache
container-63535ce12d8619ab9f5f6419081c9f3377987f76005c3cc706a64a5daad2600c	weapon_box
container-63a63cc7ad47965ebaaccacf4a26b6fd8e94b50274726da0ae16b34e68238ecb	duffle
container-63a93053d287d414cb78e36074ea17dd1f4c5edd9f24b72b27ef96b042407e85	weapon_box
container-6414dbb80111144514c3fc7fec43d774cd456b7091ac44914ffce003da0ba7f7	pc
container-641d76185911d876be5641130d020c3ce1fa06ffc262d59281a05211c72a838f	wood_crate
container-641f0aee24ce10c1fe8f5e49838c997d4ceef06217edd918fc26a81a7e9c5441	weapon_box
container-652f18d5ab393bc9ad4b9a838804ed036962a92649c13872cfecb07b860556a6	medcase
container-6551dda67ab75d40eea067a054bdb080ff797b0c815bf180e5a3d6d8499ea504	drawer
container-656c0cee2878a36d7d741d6142655d578202088d63dfceea0c99cebc3413d38c	cash_register
container-65c138c65fa90a762c1ea1ea82131a4de9ef4943de55685e6eef6f7c9b4edcf0	weapon_box
container-65d91a8caef23c2d675102a3bf3a2c1dca5acab961d53192df486d409756edc4	dead_scav
container-65e4f17b031819d9c70fa6ee17edb95183d5e8ac5cae7edc5f14e4b276001f9e	duffle
container-6654eaafafda2ca65edab66a50002601560d922fcb36afbb4e6fd6383fa01370	cash_register
container-666c5913955c7bceee6329ead933203fb29cbd707d02cfbdf48ab1b75424940b	cash_register
container-668f59a8b8070763d4e281ec604c62277b2e6cafe59a8bc0292384615f6d7d42	cash_register
container-66f12ccd4ac9ca48b5d12ec7c57a7341d6edbe6161b7653aaf10b9a7686d56f7	duffle
container-66f783069598b8d89970f2ba1cb53b9c20705fe0c6a811f26838595783873787	barrel_cache
container-670b487a6e3335474731aeab5c58ad93957c26b66085e11226406fb9538450c0	duffle
container-67340ce31a66c893b4eae9fe08a85cfec0be51b742734ac8b1fd8ec1dc1023b4	pc
container-676de8cf5ad6b385b8681e452d42658da981bc85f646e94cad397d445a7f6f1a	weapon_box
container-681afe5e309640e97b3b8eaa70a8f643ab01c16d093637f6af2449a8bf22d899	pc
container-683a2fc558855a8854f0e1061ac01f7c786b0dd1547d8bfcadd1ae577bb18e55	pc
container-689139805e2334cb1867eee9318a2592890d0980674069825833425909ff62b8	weapon_box
container-68f74d4d3ff1014567511307163db353f51eb7e4e9eba188fc3c793ce8e78588	duffle
container-690e9e1c8bbc457ac365c2341b4a0e9191888714bfa504975c74c28899a46b9a	duffle
container-69925a60dc01bba1fa0602597e35ba7f15585210a9830a0460d715f48ad99d99	cash_register
container-69c794233a2dce3350e6cb32e941263dfdd5105394dbf750859aced30a03af2d	cash_register
container-6a3fe6be9d2ab77d482f8b3c1734524e0740070c9a49a793a74035a2f5b3ef22	wood_crate
container-6a6f93fe977fa2ef1fd97e2bbb17bed697765ce61fb0040c8a17b39750323a1a	ammo_box
container-6a8dda499df5a0d9deb2754927d8344475a2a33ffa6e1cbb2de53f6049303b8c	pc
container-6acdf1e7ed1171be63310cdffa6112b52ca4077706c3001abed61741941e03ac	toolbox
container-6b47f06b5a1f87e890c6c905ff417018b6eb1a2bd5a7e1ce872725275bd8798b	toolbox
container-6b4e3cf2fb77231602411b37dea68576fd61c15750ebb967a57eac5f7bf586f3	weapon_box
container-6b59935d104b091e20729a95310b7387491c4d07247e3172a848f9e20fdf674b	cash_register
container-6ba281805dadd739f18c267e97c9878f72c3d09bfd588437712f4d01a5c4a2f7	duffle
container-6bd621f72e4183c9dd9db17569bb3dfff4e5704cf8af50fe3834ac02a94aa05e	medcase
container-6c1d2e8e6a5eba32d48dd0256815e90b8bb9183816eac66233d5e3db141e102b	weapon_box
container-6c27e953feeb7ffcdd45c946af62108405604b65d08917ce97a53d6917248ea8	duffle
container-6c74c197beeaab27d6b0a0aee3211ce7d2d0402e93b47d131ae856b1efa842a6	jacket
container-6cb890eb4d798946e332ad880fc9f6ffa6dd5c7b0d19eea119974a25024c13b9	suitcase
container-6dc19ab8d60fbc648a6077856bb52584cbbaa2add885a14131131815b9df35c8	duffle
container-6e1345bad68563e542a29e0805f82af0bb6572724b4c16a8bc562f308d15046a	duffle
container-6e715e7573edf740722ef60ac706c72b45eba77dc7e51fc9505a1533c62fa0e1	cash_register
container-6edd61d27893aad63bc332bd1a1cd6d709315ffbe253a6a7076867f35c2462dd	pc
container-6f5710efc18eabb55d9abd9dde09dbcbf39a1a851245bd4b006cf967e98d3b2c	grenade_box
container-6fbbbca118e12c1dcb4317a5b95e13e65f43e500fdbd75592b8994a8b83a5b45	toolbox
container-70350398ec55e07c212d96f80a22516c285d931df9d403811a493c9af48b9e3c	duffle
container-70d04d90146c2522b29a5e196bbbd35579107b12d052899413e582bec0658495	cash_register
container-712f14782c82dad489cbee96515d16f2a7843652d5115ee0996429f02019e78e	duffle
container-715871778292e74378a14548489fe6a6b1f360d1938627ec24990a08205feab4	duffle
container-716c06a9d18793631b499acfbfd4e65943e531bc17c27c3358ae5f949fc4151e	duffle
container-71b478c6409d6c584057589a89e1485b1dc87d0ce1f4509c9a16d8320ca0bb35	pc
container-72b317f703fcf743e364b8dff9926db2f06749cba26d8d17679c95adb1da2e01	weapon_box
container-72fefce68d688aed5ab28bd61c66bb1ccea5063790f3aab383f81a633c4199a8	pc
container-7309d2d619b7218b0b5972de6a73e411f3f21d33b25cfdc33159532e67e411f5	ground_cache
container-7343ebcc632573308176f0d3ad0c419a12eb39403a1aa523a8ecb26f13c2f05a	duffle
container-736385de4b506298558cfc4636e3be067d08139c8264762eedf61bbafd8a7971	grenade_box
container-73f84e26c9ab978f9a91492ddc6ed826485f4539117e2edf8e40d748ff29fd79	barrel_cache
container-7476e2f45b6a57846dfafd163dd6682afeab2ab84a075aa1dbd26680a80f1982	medbag
container-748e40a17870e3ad1a74f7f0ad240f85a7ca99e7cb12c58e002d5cbbfa242f06	weapon_box
container-74a8e3e7528fa8904d62d6103852273a2a3d54c243d553b08de3885eecedfb5a	cash_register
container-74bb97e4f27e1e161288bae07e9a4ba64a0abb59471f1ffc9d8c4cc38be2df68	wood_crate
container-74dbfb8f9d6305dfac7d49e7f431d2378b0d5120ed72c80bee7a47b3db68099b	duffle
container-74e74979ded5b2ec2c4a998f45c0001c77ad0299fd310cd53734c73a6ee1cd16	duffle
container-75109cafb89df0b6a72dca7125acc40216a4924dfeed77b362efd2905523737b	medbag
container-753e48556d62a872ebad5640d2a9c7128c315ba99f9d52c8493e3d731c8b81ca	barrel_cache
container-75cbea6cd857cd7c31ab25648e28c561d0db43ae03165a56346bc5f3adf42907	cash_register
container-75f51f7a0155bd047f9e06c2232986eda1e366d7896a47ead6346376a404819c	ground_cache
container-7622d93020e94c57b29f2979e429231ba2783e6e9028b8d105bc0c3a006fb850	cash_register
container-767164810448bc94927fc031b3eee767acff2f224d64692b5e461ca8ce0e95db	duffle
container-76abcb816ce629c2840102b2f62f6fa55288f1583547fe4d4477bf11473bf741	weapon_box
container-76b239571b2ec73eccdda9f89833e92c8d60e9209d0c7505011b597edb41c89b	pc
container-776b424c42e5b2a602ebea228793be395ec42a7e28f6e2032dfb0161b402c349	barrel_cache
container-7776476f531a71538412a1c38a41ed2428b9fa58c318fac701c8926890447c24	toolbox
container-777c9c734ede3f694e390d7b004e57313087bfca7e50eacad32d680f6f15c54a	ground_cache
container-779837ceea97bd1f1bf534843873da0716caa5206f84989047a24c85e4614b44	weapon_box
container-77ac3e975ec1b2e809119baf353d64c1469f6dd891fcf375c15cdfda3df8fb68	weapon_box
container-77ad4ceeb4799a639601ff6c1d996284e407146bdd3114f0925e05feb266dd06	cash_register
container-77ad58bdf1a42bd83c26b6ae45da18754a32217e0230f9f00914f4020a71bc31	weapon_box
container-78a461b51a340474e6a00b978aaa1e24354627f5e3904131d79007e5c50a3896	duffle
container-79b222eacb1b41e3a25004cd5b75b479269e29e3940cc90228d418759c46d050	wood_crate
container-79ceeb928a67c99755fc9638b6f4cd5e21a0607d99ee840b8c0055542286036e	barrel_cache
container-79fa7e3900b5d170194ae3b9809fa466379f619aa6b6fb16f8f9bbb34bf6c9ba	grenade_box
container-7a2a6b17ffb42be3011cdb1f9226144d7ce30a97dfe17b40f4acf95a5860962b	pc
container-7a3a8e8ead580345f37f96f947cb3e069d889448d90452df769100bc9e16630b	duffle
container-7a76e7cfe4385e2452493ca2b42cd147ed67d75645b491e5bf2125abaf59a562	toolbox
container-7a9361c5287d4e6e67aa5675ce47612753bdde02741519a1f4f83c6bcb7fc888	duffle
container-7aed6d328a0958b3bff654be352e9996174391b8bca1e7860d149c04fd5f628e	wood_crate
container-7af026b6edfd91aa1e761e5d664098ce20bc19dda9fdc4dc2edd459f42dc829d	duffle
container-7af10b0314666fd3a4f14e208ca439b587a646bea38713c1935556d6135e5b14	ground_cache
container-7b533abd8ad85e3e5f1bfc36c6cc4020a5eff59a2f127f20838491744d0340e3	cash_register
container-7bb5a5ce24e24afb8400b99dac68086c08557c50cab05084a568732b4873990c	ground_cache
container-7c251150bca20b6aafb156defe75f4c945a2d78b73f19405e476ac33bf53615d	toolbox
container-7c56a89a1439c026ef6bbd58d6318576eb2cdfba993d6edad76bf20bb69d9be3	duffle
container-7c7b178f48825c0583d333042c3cebe21102efb2050f778943b676e2358bc0b0	medbag
container-7c8cfb8f16b13337a34806b2b8c4623714c50532502557a4486f0f903b01d185	duffle
container-7cc21c6c1d20ec615c200fe90e05be4d865b4f3c3e70cb9137864afbd81341e2	duffle
container-7d25f55c305818cb720569a1719f552afbcb0f2af1912eb123dadea80dd1116c	toolbox
container-7d88d7f76cc985ace29418a21a28e80e9d7142b1611497ff5ae772d6ba635d90	duffle
container-7ee4c392b70d7fc24be5830335f6212acdd8d48306f635b4084f536063d874e0	toolbox
container-7f3555c44bfd82d6015fb3e6fd037ed83e592d3ed0cfee53a9982ed59a2e9718	duffle
container-7f3e66252705d2e97103453beef3ceb147c24ff096a64524960d1c55dcc22784	ground_cache
container-7f7b6175b83f896b07f960fb60f4c742c8acc2cc36663b312c42ed1304ea2671	weapon_box
container-7fa51506400f3f5fe06872353412be5cc93d56a508b6205b73b9d5329e7572c3	jacket
container-7fad34c97adcaf5a25eb88e693db493f104e307e8f4e09e4e6b0d465c910e956	duffle
container-7fcabb32d300568c720c37024796f3288753a4999b96d81fe0f62026c30f3c99	weapon_box
container-7fd90d15bef8612e2313e60ad3d32e8f93e5c97edd41bb9c2da9cd15126f01b7	weapon_box
container-800ed95642c3816b4c91214720b4022354aaf689bb22dd67579ecb2904525411	cash_register
container-8028932e4b1657d28f3aa357974bd09eab4b29bb03adf14ecc61292d58085f52	ground_cache
container-810e197ba690be8b485aa4f39a5d18d8ca4fedcab86edeeae980d0c7dc178830	duffle
container-815a07b01ce67b01503c4c92c40c620267fba1b8b83e3e614bc0afba385eb37e	wood_crate
container-81762c49ac6bdb443af3bd04448416c548c6c037e762a128d0b31f569cbd2f5b	weapon_box
container-81e450b48f519d456187c699c8034459cda1885a837902988dce3651d2dee282	suitcase
container-8274a027843125b26b4137c7f0ee72365d981774b3a1f13393d9b73495f065dc	cash_register
container-82b6b8cea9cb9d9a299b6f2989f07e0fb84c0960a05044492d9a01d30573a336	cash_register
container-83806ae43bc478a70b8c5b4400d7e51b2b96b42a6e9cb023e0795f8dda25b2bf	suitcase
container-838472356dd2bb67d5740980628263fb621e62ba911c3be3c9e0cceb9ae60bcd	toolbox
container-83b9d0b331acab01503f3991706111ccb49b46b969564d78e848f1bcefdedf2a	toolbox
container-848486964ff34bd2decd79113a37bc91e2c4febc800144bd7a7356be151c7851	toolbox
container-8503b8121a2271e1029dee13edf1e51e4cd768ae445ef7bb68a7f493193d3bbf	cash_register
container-8517a422247579edc821bb9a72f1e39c01da92a2d457bcb35a82dcd6c65289fe	duffle
container-855bf48ac87cc0605f8741d2c93dce448c3d93498142d6d252ebe13469d85656	duffle
container-86aa6a3ee2434b7fc79b76c9846abdedb3927af1f0b4cffc313a73ac44a93f41	toolbox
container-87288e9591934e47fcfd24ddc5905731e7aea5e6a6dfd0bc0ad8ba5f612094f5	duffle
container-8749cfced4d3660abc8f06be8df4b8b48414b451797462b01d166759869c6635	duffle
container-8854a3698bf77f61b6392bbac5002a1aab167238918637967aebe406de7713e4	cash_register
container-888dc4a2931c51a16f1c5e5deccaba8d48b834d9044a56fb012568a0fcbee603	drawer
container-89ce154c8b67a8256ac1b160798beb598997e149180a16a73a14963fdf661014	duffle
container-8a078d16b8ef9463e7cc736959890b44cfc0b95348b5e17443a4aab43c6284ee	cash_register
container-8a6ae2656b29ffa75c3ffede642161b40d6b0ed3dd3868e0d73878b89746e599	weapon_box
container-8af76b336e6d735c0df37724b3ce2a6120dd98a3e095db15228bcd96b2dc37f3	cash_register
container-8b900c5265944e4b58e2f5b6290f1372fabb24d49dedaa78a6d13d9e3afd0079	weapon_box
container-8bb68351363fa30ee5b15ff06b72063ec944cacca3dffc8e7dd80793499a4099	cash_register
container-8c846c7ae2c17adc532f82ccd24456604860da0583fc07f670b4407df1369b08	duffle
container-8cdaa1c82799633c655d0e44e95caee569d8116a332c69311b2158e58001c514	weapon_box
container-8d77988122db1d709a0411941b8e922b2a9d8d74559a857cda729800736c8fe0	duffle
container-8dcba7a0b1ebfb087b9fc6711bf79007d54823fae2c5a9d4fa7e217a38e907f3	duffle
container-8df08fff8e16535d95a70c8305f175f25c3d52f1742ac026e61712e861558c4b	cash_register
container-8edd52e75adf950e02db6df3a3380840285b43971dedadd7625b3173e16bfe1f	cash_register
container-8f1821a4a650483a54503a5fd815bf53fb5542cdbaa1e8990e716c11af3c974e	jacket
container-8f1ffbbc86d9d922c3e2f20369635aa46285cf131b628f44bae41bc07df2d3f4	duffle
container-8f4acd38fe447d315b982a5db3d12b7555000e37152da6743449cc3083f97174	cash_register
container-8fa0e090a40ba821eb781f83aa6815de863f8084fa2c886f13fda64ec8930901	barrel_cache
container-8fa46348a31ae6a63fb6c2833c3939a9d12b6eb69ea6b5bdcf03a54b7bcd3caf	duffle
container-904c3923e7288bc5e6caeb5cd6e63109d258ee7317935ae3ea3a5cfe364d1190	weapon_box
container-90c1e4a9f9ee2906947e8cee6ecf103940c9eb9c1a766cedf2a2afd92eb43807	toolbox
container-9219fed55d6fd8bee875826e9dab1cb4d13fec41aeada098fbc3b8d2dff58ecb	cash_register
container-921aeff659d25bfc4379c03fbc2322904ceb9e972e31ac071c6c46609af2d636	cash_register
container-927e4e114807cd12139fdb2494ce3174fc3ee1ef83d52fa9143e687b4b3db952	cash_register
container-927f8022a3ac64e595608cb5a9ad34b2024687b189ec58a0ecf0bfdf61431177	duffle
container-92d4627dbc28d10dc09cd95e731f481b0850dae5f9688492378ada1954bf05c6	drawer
container-931f4426eb376f14e191e9d957d2f406851b8cfbba9dfa30d6a75ba8ba1bd570	weapon_box
container-93f3ff4851d6460559e3ccb21d76602cc0a3330e401e1a47cce259dac1a7bb28	pc
container-9415a0533a0061866b8b7fe1a68cd98afc70b8298a8e8c5ed3ec98c6330725a8	duffle
container-945047d665d2f68cfaae2f4bdb437c25f0ed421fd37de30e1e3dcb624e669dc4	barrel_cache
container-946620aec0fcba8e3fdffdb3681bb55a4891e6db74fb2a89179f3da8606d4dc3	dead_scav
container-9507fab1b76f58bd5ef2f4358e53aef93e03e2ddb391542eca6235d7c3bdb0ab	cash_register
container-95229fcdba436f5070020a1d0771c7deb2001d27517fa8e76b2e5b98116df7e6	medbag
container-9532591da2195820d0c795d5991ceea5e0d8b27f72ecb165d881c099d6f85b39	weapon_box
container-958bb8731cb4c362cf5a7eff36b5ab255dfce1168947950ba63b3552db0f8839	duffle
container-95c58bd4a7ef470de07eb04d01a38fb3e3d563690fe5870144d700c5df705761	ground_cache
container-96187268410246fe4424e836ce8006ec1fe845dbbd80ad59eeafd20809fd5014	barrel_cache
container-961a1e596733df3e1615f7f0bbc0a8b25969fcb270c3cfa067b6cf571a0d4429	duffle
container-96d3efaf23ae47b0960db0927381b6a6403692ba23c854b247a900f54cb9d27b	medcase
container-96f3289b5954a951dc117836c2749aabbe51eec74bfd19a1abb310b4a417e28e	duffle
container-972d2a077edc66e68c15e17e4395d5b83be28ee882f0d921b8bed71f801517ae	ammo_box
container-974a5bc235336d525358db53e071ae57af4bf400fb7d022ab5168ccefced9a60	weapon_box
container-977f1a55b02a6dfb27a1f5e5d473f4625d8c4f5292a77f71d5cb567afbe491f5	pc
container-97af7d21b9853382f2acdd5055fa5d5108fa9a16b21047217e56bb2fb79a7d76	weapon_box
container-97e2161805d576fbf441b0135a1d06ea27ae77f12ed61d0424def0664564de52	barrel_cache
container-97efe6b003c0d5449ace9e7a03b402c5d3fa96eea8a8dc1f23edf1092aee9259	toolbox
container-98c09d603150d15f20163710ebd4b4fe97a95ddc75e6080b81250b59709593dd	duffle
container-98c661318dc5fbf5023d3b76ecdd148aa628906888ea0c9e557ef74d167ac1f0	duffle
container-990f2fa803291d864d1e8a6f936c5b5a03fcec4d3babca9587319bf5e6a8495b	weapon_box
container-9923ffbc55c7b76b477cd08672a728a26dc0dc3ce51934c33eb6d1081ce510d1	toolbox
container-9954c5ec6ca8c82938c2f3e35af9122fe91e7b8b8db1bd68ec512f6b0e5c9fef	jacket
container-99984bacee933a8f5d2f5d50c13fadc8c69899518fffcff698d74cbcf3b28af8	wood_crate
container-999c168625c2987757b8cdfe5a41227e086b27d20bc2c5876b718303c478924b	barrel_cache
container-9a100869f8b63632473442dd56cf0db71c4bdc2ef58ab3f72184cc0cc6eab7d6	weapon_box
container-9a3ea3ad18c95279d865a4d6a217124da1607452facb809fd6af1c50444bc35c	toolbox
container-9a73b0872db24711fa2af7a2fc9e0f776219fdb1a8631ba6ffd0300f04ade23f	duffle
container-9a9750e37436152edeb28a86ef4786bc5fe4fffd515ff2a8671b71294514d45e	cash_register
container-9ad5eaf19811198133bdfb0b2b2c94ecc2f4cde9f8f1f7d85b83fafb735528c3	cash_register
container-9b34e0e4f96590f39e28e6d76201a7399a781fac970779a772bf8cce292e7f9d	cash_register
container-9c0c5dbb76ab709625f18cef3ffb951b06590917336bbd47c7186fcabacab960	weapon_box
container-9c36a432493e11b1101f2ce06bc2069fa2260a5cd31ae791acb2941c98f0a0dd	pc
container-9c625677ba4d45b14f7ac23c30b63e993008994b73d7d6841786061ae6817370	ground_cache
container-9c7ad117db0b0054caff8aaf74254ddaa8f82c08a44a0ab806d6b4191d4eb4f8	barrel_cache
container-9c7be56beba427453a117ad1eb0e115e92db3c53f2c17efb68788270d5433f34	barrel_cache
container-9cd2716ac28be08a4aab6dc104bd6541492ae8c9af6af91a5376eaf18e470154	duffle
container-9d38af4b9dd3a29d4a615ab2362d6ae4e4c6a4f0bfc559a1f3189fb844a80a7a	ammo_box
container-9d56dc8b769fdc4143cfcdb5a0cc3fff7da4ce1edba29f55e0c89b39838953c4	cash_register
container-9e28b7df532ee282ece605fc109f91d751f680201b20a9a171e8e90e5cd73675	ground_cache
container-9e773cce87bb0e36b5c05809d11c74388be1e5248bbc9f7ebae13e23c856db2f	weapon_box
container-9ea123bb441fcc998d7d10f0319f00704b1fff3f66d2c5e3708ea320300ae7ed	weapon_box
container-9f000a9016182300f7672fd2cd4f5e80e33dc3d41a2c2105ee1e0af34ced0192	barrel_cache
container-9f0dcb17b3631bc1d97b5478b28fb4ba37fb0bc666e6737e44f1aa361179e118	weapon_box
container-9f4d2c167652bd301bcd2c8beae5a499a9d37cff34d1d25ec455747ceccc76f2	suitcase
container-a010db7b8f5a53c98ca54d52cd1a77e7b7b6abdb64a6e1925bcf0782b4ed586f	duffle
container-a04e70bcffcebd3b3c3dc0a8dc352683959259bf67c9d1560539df0aad96bf98	weapon_box
container-a1154510f5f2e0e51380e0d97b65013f4aa4f5d7e4229834952ad06f368cc649	ground_cache
container-a15bd6c7f68fde00aa9fa0b2a628b932ff062d13f398d871b7d943c79abff6dd	cash_register
container-a1a8348dc1a65dd207dee83b039d60b32e64073bc60e40dba2de620f72a35f27	cash_register
container-a1c0b571536a44fc86d81033498a7d837b9e964080b419babb5c990494ccb46d	weapon_box
container-a1fc6e05bbb7df23f8a0af1a174163fc5d5a35fe878aa8c957bec88986e8750b	duffle
container-a217e4a8020848ca9e31bbe816ed8638bbaa731a6bd37a027535d90af62eae2f	pc
container-a297b2a94b03e943a7a4796799e5d4a016fd694549ea2367a9b11f9dab16ecab	duffle
container-a3598e8e499f81a3950223a1c2c5f3a3fdb69a8e6affc3d4251b3f9d22c1f01b	duffle
container-a41e7ba3408366b603699645d21a4986425ac4262950b9a0908e848cd8a7ee45	weapon_box
container-a468b7bbc60799e09be847b64aa56e629ae7390300bf14f392b7921b8ab5a969	weapon_box
container-a52fc784328dac76e8abc580e5e201da597b0af13e494dfb12ec3fc2b3e0484d	toolbox
container-a530add8e0c7eebe6d0cfef81042d605b119a590e77a65a2b0f972111ea122d2	weapon_box
container-a5a806ae8ac3c53bd5ebb53e40ffabc9a2f8070a864aded54d8e0639d93098f2	suitcase
container-a5e718966efccfc3073b5cf81beba62759977c348d82e17f66c508b148baeccd	barrel_cache
container-a5f660aa9a207fba34570b4aba3af8792ce774d8460f44d58b659a7e6146059c	toolbox
container-a64ea9e7e2af3bc9946b5b078e77c46d5d505a76163917165fd5f67bb551e6f1	weapon_box
container-a65b418cac417d59a9740bae7352e11641de9b82243c5133d83c46642d6129c1	weapon_box
container-a6afb79229d56c799a2255f499423869204df15f3af62caa94dbb71a33d24c62	cash_register
container-a755a8db3538af1be731000a0a94100fca4ed67a33bf0996739c666ca299a2bc	ground_cache
container-a77daefa2b19d8617fc8dcb5804440f2a615add7e05e00db4d6f2b042bccdcde	weapon_box
container-a7c3fe897029dc90800a40af2c05aeb674a16bae6b9dd44bbecbef6ba43fe14c	grenade_box
container-a8b5f00bd31065c471e643af4c40bd7d42bae73ac6795d8b4fafafc50eaf3cca	duffle
container-a8ba97ed2c76edffa7f0e2ee79bfbd9bc16d9fb3886c325894cb7089259770a6	duffle
container-a936022fde5087837f5bcdd6374b81da2485b700c2057a4968a510b147ffa2e2	toolbox
container-a97a4266319db289cbefa0a23b1701283023af8720cc332629a1656651fab084	ground_cache
container-aa8b80993390a10549e3549086d07c2eba3390c6413b7ab5ad8426af2a797afe	weapon_box
container-aa92c70b2059d006c83d27c5a54787b6c79249609d47ae2682797f2101510d17	toolbox
container-aafa75a77ccc1c182b23e7f6b2e7b6881457766a6f751c2d2f97e4c361ee8427	duffle
container-ab257a436081377898ecba39f80ccb23ae2445bf93ddce922e61372e5216d3ba	duffle
container-ab30d925818dc925c428513ad120b64326a6741f380f86cc5b5085e5aea0dd44	duffle
container-ab39534f3b55c726f2fef126d760c8fee02e14d12ba5f715024640a38517e776	ground_cache
container-ab48b44a10917023cfcaba6a68f9f3773a13dd54f2ba01b9651e23f9314d86a6	barrel_cache
container-ab731cddbae65d94e33805a6060f06be0d112b928a2c114907f0e7503a5e38d1	duffle
container-ab740245c37e8bcec88a1945c4184a277e85cbe9bbf04a54addec0e1e827fb36	cash_register
container-ab7be60ee51ef5292ecd60847f17bf777967150531ec479607e3fe3370069443	duffle
container-abad83ea55932082d32d72cc8552bf33075d99f037fb105c9edaece4ccd59311	duffle
container-abc4e36f505750980405f86dd195892b33cff3de9e6eb65f949e2a3a1b4fa2ba	cash_register
container-ac2c55bf5f518e9efdeebdf81669b6ac1899a35802e3f53441a9e4ba68190195	pc
container-acc71b7203fbb6dbc491de4e0ddd2bb1fa13fb6d167d8750d70453a524ebe6fb	cash_register
container-ace8a8f1a0cde1d7611c7ff38edbedb3a69d1b00c50e2f704dbbe4e986f5931e	barrel_cache
container-adc447fba96020d9b2c6902139c86417f86cdfcaaecbebc9e7ff0d61d7cc4274	weapon_box
container-ae71b0eaab39514c8870aaf66022649a6b09ad2983f360b62860880a57744385	duffle
container-ae81137910d5f18a429d4fe5cc02fb84a22c58cd2080667427d49cffa3f201fa	cash_register
container-aeb64ba6c7796dcac41b245d9d73ebcc9105c38cb2f3ceb94441c3cf351efb09	ground_cache
container-af1d10a20ab8d8199631ff2de3c6528d442416bd24a6dc3dd8fbb9eac45eb75d	drawer
container-af6b0fe5228f8fe679bb44a265ca65c0ff7e993829a76bce06104861898118b3	medbag
container-af8544b3518459109e310fee6232f2769589832d228dc1978d593ea6532af3bf	duffle
container-af975de14ed46c46d9f9f10e455e44f1a68b4640d68a778ca656489a486ed1bc	pc
container-afb8808d4d9b0707a7a6f422e1796305e47e167b3cbeb6dc3794cfede0a1ea9d	weapon_box
container-afe68e1b36ca2b9c8ade91206102d3fc8ec56d9c792851bb754e1382f020652f	duffle
container-b05d91223dbed1b236e0a828cace27bd86012a545a837d2a3021c2aa9631abd1	cash_register
container-b0f4e2545d25e00b5facd55623c46734f0669b0712f8caec57db40e3fd406be5	jacket
container-b12f37be99c04b227dc24b04d9c11ea0627725cd0e7f786017490c976920a6fe	barrel_cache
container-b15c9ee33a86882c1207508664e9cdd7f9184fc6714f52e786f4b772914e30d0	pc
container-b167afda06494180dacbde67283e576e5e967573b13fc8d779ebe2a516b6d35a	weapon_box
container-b1858a0c2e98e27ca6ee8f45533d47ebd9f5f6425a9c69acb4620ebedf99c2dd	grenade_box
container-b2626f72d0a2afe3146d9158a18857c086cddd53cebdbd05b46b1f2a572c6c3b	weapon_box
container-b2a373430cf7eecf027feb7d99dba7be90e5288488218fad26736d037a1f9eac	pc
container-b2f26195b10aac60b8a8487ccb963f54c2d8794751c15d83cec9279251673077	cash_register
container-b44637244ecad74f077f03668cdf999557fe46f47dfbe510a2d9e97704eae054	barrel_cache
container-b466bab2aa57ee7df6a280df02280c64bb99bce33ed99a6769184818b14b4046	drawer
container-b493bdd54b507725fe4fff8e67bb6b4caeff8ed64ef00139f24c4fa510b22e0c	cash_register
container-b4a8c36ed9387c414342d5ad470a84b5faa6b61b91a850d7f2b2e2901e0f2847	weapon_box
container-b58b5fc941316b2709e038920bd8ad1057cf92cbe1e210dd51a2ddf17cdecf0c	barrel_cache
container-b58ddd0463f0657f5dc26d8ce9b91d129cff227c73203ad6141858b5470abbf4	grenade_box
container-b59d0bd07eb8abf4366774a84f3f52e8698ef9a1cb1c83dfcbe6c1ff0ce5c689	wood_crate
container-b651caf3d6bb268dfb96359504c6c2b8eccd4baa019f67a381bddc9e744378d7	duffle
container-b665d05ac9043c70ae4fe8189293d232bb07fd09cb3e15402240e55841ceec63	weapon_box
container-b66a43c449acc14f5661b91172070fba6342017d54ce88a718050a3f02348f6a	weapon_box
container-b6c0185ee3b743ef6550190d69fe2800c2b10d731cd734d57c64729cb49c4972	barrel_cache
container-b6d50193c7501a25788eff1291827901ad51071257f38518494c8f790bdf46fc	weapon_box
container-b74749293f9fa2ee6e422714249d27471028e96259551c5d1e587608894b9331	duffle
container-b7c190fb4ee6cade59157084c4fda45dd6a4acb89fa4f2f160e23cb025f12bba	pc
container-b88812405a0a72c77a2aeedb52e19d282ce0536186ad01be8601b03db68919ca	weapon_box
container-b8f653da3c6243c8043fa1c1a9625410612275023919f66d64d911a09af45b1a	barrel_cache
container-b8f6f2cb746ee461dde3af954f981ea8b3225cd471383362fe06139316222294	toolbox
container-b907b040bbd799962ba19d237036011506cddb44598128ffe67c3a9b525ad9b9	weapon_box
container-b967165a35a7bb6968b6462aa4f534db4fdd2d121f3c6a37e991c582321d226c	cash_register
container-b98bb11bba10e99c0ca2ed01bb6ef248411e726c959dcc7daaeb4c79605c93e8	wood_crate
container-b9b2f3779d922fbd09400b81c0bb033c79c4807c0dd5e3772544e8841691ebe9	cash_register
container-b9b805bb65b847476d197a036b41d97f1a8c92e128e64cdc644d640b9cad6e6d	barrel_cache
container-ba11755323861d796c69a7bb8bc7738862158c6c6d7e5ebfb9d2aa509c3e275f	wood_crate
container-bb32eb9db06449912b31c40c866d57649528fb333dee387b1cebb4a2a14e82c2	medcase
container-bb680cc002d6684ecfc0f64320a9c6228cfec23d545d1d0ba7fb773fcc516598	duffle
container-bb99bec4f92ab3fd0ebedde245aa0b1bc6c480fcf0dcb74c763c2c9afec8241a	grenade_box
container-bbab201e46c8fd035df501095782b4d28c15f8b4a2af81dbfe55c76c3eff0744	pc
container-bca7bbd1e80b664b8966fdbb34dee25cbd89706bbfd14c5c7c6a3b359410fafd	duffle
container-bcd369c9ca1be6d935449f668fe8a18ccab9cf8ca343f2597563b040f3e00d83	weapon_box
container-bd0355a10eb752e30aa136b66bebbe2945423d7094da9a1c4a613acdd7c62549	duffle
container-bd49ae243aaed03a9ac298041b6bbd66c2339b6cd6874640a6b375572fe8939b	pc
container-bdb210e0e03c25ed0bac5fe633e1253b197e8fa56e128b24178a4bbcf9ceaea8	wood_crate
container-be1b02a7424bc24bba6032d4ab78d1e82d78418796ee4f9a5b6068af62044745	duffle
container-be264c24620396c66c07485dcbf149db58789069d1b08e441f70fff2a3936441	duffle
container-be5d12919de808ac6898f671fc25c30bf8706e89a6c17218b74e142029c5bec1	ammo_box
container-be8fc81ed2eacfc3c62981c59762004fd075009036d228796ed309eaac5fc74d	duffle
container-bea0268ac3c25acfb8e91d8b2d4e85a71b7c81f029f1d7c2ed9ba6097e69bdbc	duffle
container-bef909ceab7a3e07bd4b75d1aa36762e2fd6ea3fdef8abed6a74bd835dd7bbaf	jacket
container-bf1d006e63b67d470a8bcccb28fdad26f19183d824e6adba2b6c902f9fd2cbe6	cash_register
container-bf3a32fe90ebee96d46f456e1b429463520fbdb8dfbaa259c0cb0d180fe6f541	weapon_box
container-bf402e3e708ea2233ac7f5d14cd4f70136257888035a59f86972a8548ab0e4a0	weapon_box
container-bf5a6c1e2644a9b37194a74dc6d09859fd67f27fcca39999f6afc9b417145dad	cash_register
container-bff219e60c1d8c60457946425763ddb53b135e7e2c43354007ff763e8908441f	jacket
container-c04ea59fa79665b3700950e3361062a6fd6fd5d62cf0bbdd524768f67db7d10b	suitcase
container-c0587a5ba1f4a1b2f5a1dd95a1f9096ee27f45e0cfbb5dde74d8802a2f68caaa	weapon_box
container-c1624a5f69f1d600a4e9fcf0599156cd01bd2b475b09662d1dc287e2f81ab07e	weapon_box
container-c1f9c6819dcd455713969469231561220753e308e7313a9e67e204a796376a50	cash_register
container-c25b00c2968b23aafdc430fee5fd931e8e2c6e04820d45e51fbb5eaf8471dd17	toolbox
container-c26be04a3897ad9813035a34f70fbe58258a12a59e098be1f6e92bde86de70d1	weapon_box
container-c2bda8be21667719e1044bdb832b9271ecd2ee3d2324e774531c3756a0a6f823	barrel_cache
container-c2efc928f0ef43a6d98fd315c2b6bc7d737b69516a3b40d76d8750923358ff89	weapon_box
container-c3052ad954da0e04425118413a5c98cb4bb7b445247c8e115ae308f46ee3338a	weapon_box
container-c339fcdbf7421c00c626d435aafa22c3792dcc01b8adaf3bdbd1cf63f82d9f90	pc
container-c37e4ac44132e8559d329e67ec44b17c5ca92173248cc6c74e8fcf47050b9dcf	duffle
container-c38f1762c8aff4dad3457ab3de1dca60d9165d4856d95412ce09e5166e7a5762	jacket
container-c3e61201e33a32d9d6d18e98af549377fe85f0ae734edbb486974c48f211209b	duffle
container-c450d241976714841aa4ba14df62c74ea2560ec3e4b52025d2b31d536aa94b7a	toolbox
container-c54740ad50747da5c4f74672db72eaef854987cb9d6a11ed03bf8da78fb2cbe6	duffle
container-c55149f177162f29dd57ed8cd5810f8da60003f24efc3f0f5e7dba98ac134289	cash_register
container-c5fd512a58cbb05313c1a80f8c01c85d7f412d3b329c85e3f061a45877543639	weapon_box
container-c64480e9b842494fb44c1f3c1c7efb86a3e918dd96424ef110c563a602743613	drawer
container-c77e252ae0f6ff30c01e74abe6af31b0b7eb1370bfc390e78ad51d29fda740ba	cash_register
container-c819fb9efaa8d62d632e7043ea8487b3ac2dfc1e2295adb67741aba8a9e5fe46	medbag
container-c876941d44e6335da54ce946247046545d837f3ac6bc939b8bbefbd58e84ca10	duffle
container-c8a780a1adc6deb12846bf918c97f561de5851ec835ef63bfad1248817ae0869	medcase
container-c9174ffad9b1e77ee0189641dfab886580ca23c9218a68801688ac49f71e8520	duffle
container-c940b93449dd4835d36edcb70d99dba4bbc87e98eed45ec1d7c0167d1f68dd50	barrel_cache
container-c95190f73b4c0006e16f5a42e48e542945ee920a49ba2e1147521e680303d56e	pc
container-cac796017dcd85510675db86173e114d805038c41628f7739130630c0ef940a3	duffle
container-cac860da91d159e55dbcaa41a2f473ee680911f5a328f839016b2bee376041a7	toolbox
container-cad10609623dc4bfcb2d64e3032b07bb232ffd8b96c553416958adac080a3975	cash_register
container-cb103fbc0842682d58288f511429ad5fb5c9d37836d11b24598a26ab31b47239	weapon_box
container-cb3836505fe8b7dbc4a03530f9c6395655a701d50fe1bed362e2df249cff6d30	suitcase
container-cba778e1fc9710514bbc8f8b8f00eb0e990e4a0af50a3e8aac11bcf442149678	pc
container-cbaa9568d8dde5f9615e39cf0e1a3edd0cf3d45ab4006d2ec5e25cc63c4d9499	duffle
container-cc0efffb192698928755f3e09988776494c30b602215fba23f779aa85ca87561	duffle
container-cc2979e1933574df2071b06f756b43dc57e4ed0ed628db9bd0b4a7a0d112839a	wood_crate
container-cc5b48182d6f889f2085c47dd6a3dc41d3248166d8e8a8a2b89cfb50e66603cf	duffle
container-cd2abf71b9b41439beea818b690d86ca19cc78eadcc4adccf38bbac7dcb43b62	barrel_cache
container-ce3b53a2cdde086b5520d350367897e93082c0b9c0d74646cffd6ec1973f4209	barrel_cache
container-ce8ee1e2e13cfb6559db1eb39fb156f8f65304f65929c0ed1efc1054be74766d	weapon_box
container-cea37070ab763146e82d240293e26e7847e93d31d581ee8ec107b5d5e5d49466	ground_cache
container-cefa7d94a0278582fcc4bb49812fad0a1ed1132af2410f8a7aa1089005b1d02f	medcase
container-cf6d917b68beb47c40e18b95953db28979c506f0cb758c17a290ba4dc4a7cef0	wood_crate
container-cf8d1f62a691b38f217ced237fa3fc887a15772d1df2d2f47daae8f8771c0221	ground_cache
container-cf9e3067674009d63f42adff328f3df8ac63bf6f422df2dbb8109322715eb785	ammo_box
container-cfb061f58d14cf04cb12774d2aaed732f22859bda00d25c4a80df55525aa7ad8	cash_register
container-d02ed15d0a172322e96ad17c1af080cfa55a6cc91493450cfdaf7a3890593aa5	weapon_box
container-d050551ad1c2b99bcf2d494fae422142abec8142af729d7587dafce586be16e8	cash_register
container-d063002bd4736a3b0c70efdf1791aae59d11cf4cae52eaeafe65579f211dc4a3	pc
container-d0cc3fb06b136327941d136b0ace3798a608129f7d09b49f52ae8250315e61b4	cash_register
container-d0cfb7f674dc732ba92ca37116394ced6d1f6723b90c1ea8ef97b268386da58c	cash_register
container-d1196afc052a5030d4461dc72eb57a76d08b23258aef24199c99647df6563c33	cash_register
container-d11e275aa18f96bc2d2621d409de55866fd08b3cd827e24eedeeeb5a2b6cfc89	pc
container-d131e3d7cd008de58ad52ccd67199419dbffe0e9c256322c0c2f6ea4df73ab84	weapon_box
container-d16a8bade8b35b7f18d2fe59961ada0a9cb59432055aa38e47b6cb0f94f81a84	weapon_box
container-d22ae5f2d59249a900595d9f7737c4858a51c2c7fd44bfaf3d4d60108326a6f3	pc
container-d24c81fd716fd598b8f91a28f577ea59bcfa5b742cb1020ad5f73be9fea34ae7	dead_scav
container-d2fa90d194a2bf09b1a89ed804ab567c00dcb2bd30a8e1e1de58e5e8ed73791f	barrel_cache
container-d2fc55e96f729895cd160e2298a815d2157ecb36754ae55611863f3872af1392	duffle
container-d306bd4c3a30ad96e9f1d2b94e16e1bf4b28ccf5be9931830a58ba67b41c5787	grenade_box
container-d36b22cc4c0c6634e617589cd909ee5b2f7db047fc689e60a7ac4a61aad90fed	weapon_box
container-d415e0050f0c89f5ee58ddbe0ec3db223c10327fda39c3f043339f74afc6618c	pc
container-d4656ce7f9d731ae99cdfcdf0e389c4944399815e6c700b122e03fad838fef5d	cash_register
container-d4fd87e2e017dc60e689fdebbccabbffa959653f7c48425f430aadacd0a6d905	duffle
container-d56617e3fed6732b7a4b297ab915431d2be0b4ecbea2e4fce8490c1b89c7212d	weapon_box
container-d5acc40c9092dcd757a6612cfd38a8735afa0749a6414330c2e8ae2cb7d35bcf	cash_register
container-d5ddbed0aa21bf69702110e490b4288e5f5ff5ff6d63f98d4530767df3cbebb0	ground_cache
container-d5df51d7fb6f8636c1c71443ab1ae598adf9ad6f49b27179ad2a536f80b02a58	weapon_box
container-d6bcfad10373253ad4e2ba3437a012a31a6543241d5909873d446db0fd114356	cash_register
container-d6f8c752c5bfdc2ec7bb3604947b52acd9616c12b15018e1124c60a20eb3efb8	duffle
container-d717b500743d484f69596fffed9654fa1a94791169e0cf513c91eb63f8a00895	jacket
container-d7a9a69d5edb666435abf4d0ebe03045b5163b251f08de12b9e3ca0d96d1ccf0	cash_register
container-d7f76649efa2aaab4e9da1a7ca5226464ad534338ad23027132c440845c1a635	cash_register
container-d8b837e04476a02b3022f2271022c97f5bc25ae145a313575d108fb6a35d4521	toolbox
container-d9183df32f581d74ac0069ddc4b4cf1811b1fa55123ec34492f5bde8ac030977	weapon_box
container-d92386a288059e07907f98eec66d2f54afb0985ab9571532af0b8d2b7da2bc63	duffle
container-d98eef7841bbe6580060cf4f12a47d203c82cf5665c3e09e6fa84b20bac3e371	cash_register
container-d9a2b64f5393c0deffd22a1c69539e92fc0129c9162079300705576c19368838	toolbox
container-da91bddc290d09f18c8e284dd689992ff542809b7c44f07f4ba7ba5748200002	ground_cache
container-db8b8fa3bde2ca0fbca7f3e64f24ea41546eb4e6382f03c6925fbd5be3cb807f	pc
container-dc17df43de20fe4aa695f4650987209e133bbceeaab72172356e213fbeea3a50	duffle
container-dc6387b685aaab38e95a1c24ab6cd91ddd99ca0e53da935c32e74993a96f2d34	barrel_cache
container-dc7fcd906c32510bbced43f834643f2b1f45771483d4056330d7d23c2ffa11f4	pc
container-dc8a4e2a27f25a6a2011898eb254b492b3bbcb073e59192c0a6c7b3ba745ab39	pc
container-dcd963281927f012ba989b274be6555133dd867f31488f4ed621bba367c49e90	toolbox
container-dd8b1939f51536c8b464e5bc192d21731ea52310d1ac1993840dbdc9908e37ab	weapon_box
container-ddbeb78fdad36095ed0bc2135ee2ff544a3b1cd0e37053e4a2328dfc97c37844	wood_crate
container-ddc5dce0c78ba38a9b079dbed9f37c9527598bb95159d0fc3d1b103af92a9676	pc
container-de0e0466e672ced86ab2dcd65e3f8f88d39af36206b7a7407e10ddad7dd7fc91	cash_register
container-de8bd658a04d1f803d72a3761dd042b3cd4ee500e5f93a3323be19a91db2e1ee	duffle
container-deccdea4b9ca96805ff42f3d275807c72865f3bc8dfe071d8e8b5a131d43c040	cash_register
container-df828390c8e2cbb25035e7e8a063e89653135a70e954ff9f879cb64394210376	duffle
container-e014dc09bf0e6c2a90467c7c0ae9f357438707eefc140c6cd46a873c7d844a5f	toolbox
container-e04aba2534dd6a29695db72dd43e3e52cf921e086de2e86920218f922bcfbe31	duffle
container-e04dbb677d8914c6d5763ee0322b88af379156e1cead6705d1205d5633f2d2b2	toolbox
container-e0d3220ca1fb40d26e40b1d0e1f5d52d0b8ea8099417a3e098d52eb6a4ce9619	suitcase
container-e0e4d5f7a7be5fff515765d83c73be0efc12465dcd705bee43b7e1fa290d7bbe	weapon_box
container-e32649bc31d72766b882c81147fd0fa1b91a312b04411a7a82f57ece18908649	toolbox
container-e32e5b7e8122b8f8cf06a5f717c42cec723d60b49cc1a25d58257f6650117a6c	toolbox
container-e36af35bc96e08fe686c87ee3a234757215fb953cf812cfe30538b990d4bf7ae	barrel_cache
container-e36e4536a3571224a06fac688c516a04444343b62e2c66cd8b8dfc0f1b168c4b	weapon_box
container-e3b5049861794b545372c74af5cd6b23fff0ee22d92152a2ca3ebf731b86a149	weapon_box
container-e4e0a20f66d16d26bb4ec94ff79d133c59ba66d65060fc96bede981d742de8ad	barrel_cache
container-e4f6b5809ca1c2ca17cb4d4b6afec753f017bc82b22193ed6ef6ba5c515e3479	weapon_box
container-e53b3e5041900727b34de89e57ffba9defcbb289990846485447b12d6ed1ed6f	pc
container-e541121e2b386ca16523a7116ed7effc69d9a79c42de4536e479b79a4813bfc9	suitcase
container-e565814714d72bdc916a0ed397890af9c59f0905154bafe26207d6161d1de31f	weapon_box
container-e5af7e1cfa863c28110e258735c60971cc4be54b3c3a06afc2b47c30d220de0f	toolbox
container-e5df1383d25a31771f20f46ce15e60aa7d4dd2c6a6aaa148367184b631dfea87	toolbox
container-e5df2c2775f84edc2d255e518f0b6b1b5c8100071d963c903ccb171e8ab72a11	duffle
container-e70d9fb6a0a23ee427c87a8de2f4f76d0d665f7c3f05bfd911cfb55ed4027c9f	cash_register
container-e732d25f00ac52675f3339f530d1f5867c118a911dd9408c3275f6c695a4b1d1	ground_cache
container-e76b28b18e2c3681837cbe69a491b697ff09db247d5cc5a7563fb9a1f6495412	weapon_box
container-e7a8c1c21464680c6766feeb9d82243329a74f3f763c842e521633041103b8c1	cash_register
container-e7e1efbaba5fec33df6d70b77c7ca4811c0fcd4c5d804711db68c5d1198ddc2a	jacket
container-e7e6584fd546fedf747d318f9732ffa7c23f838511559d5050749619d7217766	barrel_cache
container-e8ac55d37e02a3395ea9ff271d542242af22c82eb0d733a97afcb990cddc2a08	cash_register
container-e8b56ef2315210ed0577350db92a0b1b15443e23975026b77afcf9c4da315282	duffle
container-e92fc8152df0b4dcb6b262346a5373b7585a4cc3054e3888e30bb1cc6e873f54	jacket
container-ea4bea2949f3ba168ec6231c79a0b38f34fbbbbb0c050359376c84228c6c99ae	weapon_box
container-ea777a77dfaace9def1eb3e6fee342634edc3b3bed6a4ae437bc21412b20c92c	duffle
container-ea8f61f06e41b98726c5f531e2aac933a417a214dc8667be9555d468ce028dec	duffle
container-eac3bb04777e00ffacb083b64d367876e587948367ec0542a0c111a79e130b53	pc
container-eb359d2e3e7e27f2ac1356db5d7c699a8aa9108b66e2892774e064b028c2641d	wood_crate
container-eb9cf82f883e7580574b70f618e566031c642e407460fb2912282fad2a9f50dd	weapon_box
container-ebbc85ca57e1156a2439606785d7a9089c841fb86ce0a22f404751aa8b766c0a	ground_cache
container-ec0bb611fe2e77ccda098fdae5354ddad380ace2dc2034411bbcd190ec17c540	weapon_box
container-ec326a96c67c079e9afee266fb42f25737d4edc7ce7c1ad1cb15807833c8ac3a	duffle
container-ec60e86d0f598ba954ca097d02f4161594b483a56c2bbb560c7184caf0b48617	weapon_box
container-ecc66e6acc813165ac304f420e4ff939a35f54eec0a6ca5495d11ada650217ab	weapon_box
container-ece05d7528bbb90392e3aefa5cb29eff9256540fb88d10601cff564051c822a4	duffle
container-ecead54526cf58585a9c8663bee1df6ac68907ea00e1ba27ab8a34779e336a3d	duffle
container-ed2e70091a37e2b1fb710d3a4080b0f40616d3cfc431a70c52dd46bdd25e274e	ground_cache
container-ed8ba2c7995e37938243787b569c2f65a90859ff9eaa9c6ad2f0cdc3d2f0c490	duffle
container-edca33d036cda3399905d552eceadc666f8d6be5ab81bdf9ee79b5fba7c33b7d	toolbox
container-edef9991b903e00828e30405eaf37930a0ec8851961f1969fe4321a20ab835cb	cash_register
container-ee1f31de80365c195ce43537339806c52182ed3807e233c10eaf950c7a06a106	cash_register
container-ee9943a040c05438330558c89d7f14c2080ca17e997aea6d5fa586b716a04417	cash_register
container-ef3cdcb46075347e6e34804ca3371f04416709aab52d488d003878fd67fc305a	weapon_box
container-f07c29f7bf224396ea7476739efed3b4fe63c20ae323ade5561758f70c64b2b0	wood_crate
container-f13638fe57e391057072c2556117dc9ebf33ffa567cdaef99969e1b46f2ce250	duffle
container-f1f46f397fd3fb5b48d3aa1c6df9657a5fc8c47446da618d91d39b99d675634c	weapon_box
container-f27c61f8ff6eaa959ebf51142bc62ea0cef674a7d9db069cba5f7f8e419dbc68	weapon_box
container-f2d502127e8844f0835e525a5c2864151bddd500bb8a7f6d224b49e81713657e	jacket
container-f2db340b7482e6cd8719eea9b006a04abb3dea75b559e1abd40e21c0adf98c0b	cash_register
container-f2e29f6cc513497ff4867bb706001d0191f080bf5fb37db944f214780b4742a4	duffle
container-f30ba7f48c45dfdf2b59bb73570538e9352ab3b8b021dbb4307721e8bc529aad	barrel_cache
container-f367c93c4c7092dc70f0511ddd459b549b0762772d2e72c9b5f47af291ce4026	duffle
container-f4a36ee1128363869c4ee815b014bd00d09708efb5d83831accdbd6991c2d9e9	weapon_box
container-f5151c22e16738f58f2472ef179ddd431828b0b7abfd7f33addb71108d2cf3fc	pc
container-f562c50a4504331214ffc85556dc611ab5f340aa7ac9974c4fb45b654c5062bd	toolbox
container-f57d237f15a83cb913a78f9e0d076e2b735db6db8d21184fbe65cce2de6c5623	barrel_cache
container-f58abf1ecd9cf6e88b7957ec01c396f68e534f7a0065b86e2634b862a0427f9a	cash_register
container-f62fad1eae03be41f3e648992f63181454936dedf9743a17eded57491affa872	cash_register
container-f7dc0f71b4ccd78e54d9c7bee446b9dfef5c7b603f39a08ca52ad5b13abbe5fe	ammo_box
container-f8040ddd017fb49e067e7ccb1d6d9a93479c5a315337a779528d70335155f07d	duffle
container-f87f2d7c16967353eccf12716df830ef1373de11c910c1c1574bd27e3462d92e	jacket
container-f88e7d23aa0a8efa310af04d668173aaee0e8ae6a970c073d5b88663c085d20d	cash_register
container-f8e7cab3f8185d13093d4523b046cb3f8c48f977822e1c6cb656bb33c7ce961c	weapon_box
container-f91dee50a6970410860765aa6bebb872534234f016d81c09554da0bccd278e82	duffle
container-f93a05b35a4f2a42ea5578eae82426c546eaa3d2d510e07f483857d625d44a6b	ground_cache
container-f94dd7792ef4d76573b9218a9cf083896f8c6064c7bd246fd32de8b29996a511	toolbox
container-f9aae82faec30a1d2d4d4bef8c3a1aec3461a38b5a8acc670a00f18177ec62b8	duffle
container-fa4042d1866b0034c29ade197d9acb98ed73726ebdcecd2b99a1ab1e34f2228d	weapon_box
container-fa710873df50da51cdd8c95e284fd3182b8632419e1a7f6d067c56083d2b472f	wood_crate
container-fadf1e3c9ce488561307a177f3b02c7aceadd487addda570d9b308c26b049911	weapon_box
container-fb0559d652a57f76d9017746ed8300c6f531a96d94a67722f7d419032ed783e5	cash_register
container-fb2ef6568b0b44e459215cf06e192119f32ccaa3b269cf2ec9be705b9be814d5	pc
container-fb3a4673b3c1a2f961d5975fb4ec0ae0a2d9c62f71bf33d0435d6a935630edd8	medbag
container-fbe49d30ce64964d871acd819aea9ab09fad63daaa5c693acaa52bd569c99f93	weapon_box
container-fd492d628cbeebdeeec913d1416f0ddb2f347b48252cc97f3a54ead2ae671031	cash_register
container-fdb1d54b00abc5ec083594c11a8a044bbaff88e4df6b706e355b6def81948947	weapon_box
container-fea9b807418138001aac1d8f7ba052d7a38b17d2f1edad10eae5b6e38b8009db	duffle
container-fee001094e8190beae5b7a84ab3f8c041af60fe42dc0c0e912221375cebf1957	weapon_box
container-ff1f59e550e95838a1b647bc34a271d1ad4cdf3d9db07d9da402440ee1298ab7	toolbox
container-ff54727944204e76a2ba97cca71fc95ebd75ff63684f040daa081cf21d9d5a80	barrel_cache
container-ff5d65fa345cf4abeb1903abd93dc2790cfc5f7f687c4f8df32e2125d69dc60a	cash_register
container-ff7775b74dfcefdaadb987f70fbdae0b862a19005a090870a65b4c7bd6c34098	pc
container-ff84c63aa559b948ef5bb189b7185a18756528e4deeb1ebbd0053f1b12ddd7eb	cash_register
loose-00989c11d67d44453c01cecf669d6f275749955c2052354a3f30359c2ba94444	valuable
loose-00c5f5139b57d9bd37f22de398a4eeef9d89563d2e2acbe0795ff0bd6f4f8c5a	other
loose-026257fb15c9eab44e0d776f0cbee9a3255c6eac6481874a9509c0c3243204c5	drink
loose-02c06787a3c6dfd314d30aad78b295be56b3b80edc26883e758ac5f2678406ad	energy,intel,other
loose-0436f198f1c2838776c8f4da39de705ab473f50e27aaba71792b83dc45ee1794	medical
loose-0485ce6c90eac63b4320ae9a4b8c6c8d3a6d084d1dc0499d80b3c9237a6480e4	drink
loose-048a71f1f4100607a6d160a0c7d9a9e44704fabfa3050ee4b14d95d6b1bae57a	medical
loose-055358bab3a14fb493f7133260725fa9393cbfb266ff7daed0e80b97469d44b8	intel
loose-05cc306d8387b5be32a0545ff6605b5c53704fb6a37106a19b235a9db8bbfd8a	valuable
loose-05e663fdbc12982d3c67220c6142540b09fc97a2786cbb993dc4d78bc4f90925	valuable
loose-0641345e3673536c1442a9219a3009f75cc743b022d8b83754d39d41bd6ad390	medical
loose-079b1d2c902a6c50877c56f50b92ddb7f7a24f42a16d3ef4e654aa93b09d652c	other
loose-08337568ff1cdf8a471ff731a2fb052c5e7ee5d52cc7a629b5f2d63a8778a24f	flammable
loose-08d8e38ac13adc2a0ceccbc3ddef05872845374db445a57bb576f9f67ca2232d	energy,intel
loose-0988fafe9731178f14c937a74067abf16ff196fc97906233c1abbff8f908bfaa	electronics
loose-09d8d795d9cb7b0674b89eda3b8aaa055534b7be0be32654c8e62fa083c8855e	flammable
loose-0b249751fd70d223ae02f7db59a45a399667d3f389c139da6a407c883de6de79	medical
loose-0b3725e51cb816b8e2acd492dce070fa58426478e6a4e4d2ea3311d7472a0044	electronics
loose-0bbd42a054a59667e844999b44a5da58841c97f40b07b308eac57ffe7812dbdf	flammable
loose-0c2007337b049bb1e0fed872ab099fd194ffdfcb1390dc39681acecb9da437aa	medical
loose-0d39646b7da9802ff3e4be8f46dd8ee2effc658d49d2a6960aa628ef05b668fe	medical
loose-0d8c24c1878edf48789bd388a8fad0ca52cff2f960fe22068487f530cfd3a9d4	electronics
loose-0da42963af7e3c4d30a0587da5875f1d2beeb4f5e5c34bd152e425827c10b4cf	medical
loose-0df09954171b5fb178396e1dc709a6d43be4bafb6d6e4f377e23f72cab935042	intel,medical
loose-0e82d63836a193fa1c399f0716a22ee41daab2a26450092ea7f265ce0775b3f2	valuable
loose-0e88c1ca868ddac2dea4be31f97587042a9e9a1fbb04500276ff239cb992a897	valuable
loose-0ea762a0997103d21685a74dcf10c872c5bc9017fe68c7c6fe33be428149556a	medical
loose-10193a318f14c0f4e65b36d5a74ab148e7711b7ee3db9f6d52149fc6ad33dd8c	medical
loose-118deba31e39951e660e4bf1dd2ed224d7115ab46a27d407c863379e55ed3430	flammable
loose-11bcd152216a7aba245639f7c3b9d9e3f8b96c0fdb492cb5873a32b78fd40e9e	battlepass
loose-11f069f7908d324c2d73147b4e3752b31107b108138aff49d16c05f21ebd538e	electronics
loose-12037d05763b09e357f867e5a7db8b31c272537e5c9fd6029de743474a723fbc	electronics
loose-130f8aa4f67e8176bbcbb1633c44cf84489a9cfcb3d60a1a34aa464453f41aed	energy,intel
loose-1349fc4a1e12b518d6e06ce42fed057fa86f67c3a71378f55a7c06b1926ccb1a	valuable
loose-13d8c433d366ba8b35d7d5dcb8cd9a0d42ce760f78e52850c572da5020c79a26	electronics
loose-14474c8484a52bd2cfa1d0b39b284753211d33a55b7a44ce458da6c0e97e02ff	valuable
loose-159d836c1fee4779ca8e732e673e9625461c9a8a7d2f1636d0502bf734b50a68	energy,intel,other
loose-17b09a8ef9eb3eba48b8f775751d278a7eab3768a64ab7e8198d00e4982c5f05	flammable
loose-17ef1f1d37c08aef0b3627c5a2a5dd141d98c848e684c80d79c552d8766fd5f7	valuable
loose-1852abedc70768e673739d0e19eca9684679722f98a7afedbb5e31b05eae5ef9	flammable,other
loose-18d1af8e2f81de46752df9828843f7b1e15e159c8696062e75bc4cb40f309ad3	electronics
loose-19557fb0cfe82b2ae46d4b4154a081c9bcc983478bb3dfa40214af98df5092e0	intel
loose-19581e016f16fd1fa7254d4db0caa6ebeb35e34871217a2431d51a7cd474a777	valuable
loose-1980e865a04202ff8f0d2ba2e1b541c23cdc9a7ce179fc691ac76819cb2c5322	electronics
loose-19a02e73d2c6c4dcefcedc71d2e3c0dee990bf45c588b60bee00a6ba619cbbbe	battlepass
loose-1ac037da08625377118eea36f08df984e1f13a509ad4452e7b82a14010fad4da	battlepass
loose-1ae2206c4527932e3533f43151292db0ef36c523fad68acaf552a603bb17eeec	valuable
loose-1bec5dc874d0307218cff135b1a13bc5cc69772d59c5eab48e1ec29271eaf820	flammable
loose-1bfe0d8399cdd3414faa5781414af6271c0fa86c2b8c32e90e1df57316e93093	battlepass
loose-1c266c5bf290f34b54f0dec9b6a5c4a0ed7d71bc758e6974c9e04f0289948428	battlepass
loose-1d2e70afd2a7390d26f0892342981bb0c21aca096286c0441e08120c75913a65	flammable
loose-1d403118a856b0e5dab04a65cfd9ee4772b9b5a14f27a25bdbfcd2927c36befd	valuable
loose-1d6ab9344dcbfcc5ef3c5c5ea03d13389740f03bb36ae0b83bec0ffccfa46675	electronics
loose-1df06008d05e1520a33e83153020c6cf7444dde878f2ef51ca6817eb671a8154	electronics
loose-1e3f264b26b8d2228785ad9b17b387e406dd2b2ab4bf76e38014c9c0c7951eb7	battlepass
loose-1f3ef6434f29bd6ac76fb5582b8c18adfecd71c8ba2fb639eaca6182198a9312	battlepass
loose-2121b3bedc68bac219263a33c5888239d283192949cd1d02a9ad2f661fddb8b9	valuable
loose-214a84a968861df01417eae6f40cf1a603737284dacc8e38026f266731946d24	intel
loose-226952143135dbe5d5e343af5c2caf9c40798caa624756f1206f72c994e1d8cb	medical
loose-2292a8fde34de43f4359c6b96d3cb964d9e6d36690e71391f9f7d5b6ce2be57a	electronics
loose-22ce5e6b3009c568649ae0a2f1e2cf057ab4264b7745943604a643e9ee6e79a7	intel
loose-234b0c07d84e65ef3fc986c036ff399838ffd0dbdebb91ad0b968f4f24def8b1	medical
loose-23786728e1836eca09aca87afa3336e768f4818012798f13ab9bee154ffbb8da	valuable
loose-238bebd2dae59e71b546dfc721d2de729278cffe8d024ab10ec6fe4d8dc1bd79	flammable
loose-23c452cc326c15d7b2cbc6899726931dad913d5e3b57aa309d966fa028263606	flammable,other
loose-2419817b7727b34f73457b13e70a1ba18d638d75aa5b14ef68098f466b384928	other
loose-24354a8dafdd555dc5497304593f6f1f882cc1cd83c51d7ad863c9c943e36c76	electronics
loose-24445f78bfceeaed9321168b0e393c0047fb40e6757bc6cf7497c713928b5412	intel
loose-24cc8b3ae90faab57634bf417181d6fdae7acd8c02cbc4f13455025ba21d34a5	electronics
loose-24e458ace45c90e4620905bedebef0f148736ab01624b8482f076a9bb227f912	valuable
loose-24ff9efc919bd05e0f04c7f89c83242721539d0dd3cc7b3710650a8f71495e30	medical
loose-250731edc8d9be32d4953744cea337ea6586bd713cea2a4dbbf726e52c2c9402	flammable
loose-25eb8ff68a166080d596c4e18ea392da62982a138a5dbfd83ea86294c3e9093b	medical
loose-2640468e4e9e7368504050d10d587a79dd727d6508eba3ae9b6f21495395fceb	medical
loose-27cf0beaf93b21019b68973b2475c923f26400441d9bc2ead976cc5a3023e0d8	valuable
loose-2879bb54352ff6cfb83f3d47de3b255a42b6f4c2892298145335c84cdc55fada	drink
loose-29c0e85650297000ed4e84fcbb6d41ff35deb7eb48fd089e74a64d728174baca	valuable
loose-2ae12bd0e062b41bc6b57a5970386f5cbb9f3bc6974e445081571f520c63a22c	medical
loose-2b2f218eda069b1c3fab57f7c0f5281b3863bb2af067a0d6f20f551bb0aada04	electronics
loose-2bafb79e13b7a913d24b6f4eb48b1f2eff1842aa79a10fbd0bda3e07ea43b9d4	medical
loose-2bc4153fdae5ddc289183f12830bcb799f130dc434a3e626866f2760c2c7fcf6	drink
loose-2c19a020b08b6b67a4c29f0bc6b4ef67424d5197adf94b45762fce3d96106dcf	other
loose-2d42d78c6a523d0a039ce731dead6be079794d809d20608ae3591a05da330427	other
loose-2d8d953ad538083d74d05758f1ef808cd286f73c3d0818377ec711acc1a99398	flammable,other
loose-2e32b1e69f0d1c5cb39097a0af500bbdbc23198da1504992188e54cddc9635a0	other
loose-2ed60f6b67eb48781a4592cc77ffb0af5a335a41ed6542ef4e4578d0a5b6b9ad	medical
loose-2f945d3dfc0101205a9b148dcca26a45235f78a6bd0e51e6eb2317af1971407a	medical
loose-304cd73550869d1666fa4640cf2597e179b334d4cf552770c6d2005b7fbd1cf5	flammable
loose-30f721db433633395e4d731e98fb1ebd3f690649f610695003b1baa0831b6409	valuable
loose-310434ed3272427e5fe4108ef88bbab8b02dbb0d37f4575f09344d7cb7793f0c	flammable,other
loose-312719df1ac0bb80a25cfeaa2b7b04ae6e2b1a2b5d782950a585319b92e853f1	other
loose-31964da824cdc00ea7f0aa46f2bba20deab682e3626b4f44c77d64cd0b486083	valuable
loose-31b2273b1fad046dd8e06f1ee835a7de58185e6e0c1e28465d99592657a3faca	electronics
loose-31f802b3119b91b49a5e34d7116887a3d47e93591da952dceff6824d1e430620	battlepass
loose-3215210f54ecd9ee23e08668a7d1766b5f8115161438be3cc15e20648ac62df7	medical
loose-32ea7ae7773a43333fd18c418d17598cd6b9e485610264e3cfd5b2f7aa136b10	drink
loose-3306fd5dee1b3ba8943e226f3ed0b2fca48c146b82ee54966e18dab176214b45	electronics
loose-332853c15e14d5af519eddc5a0d0aa06ae6a8d3486c75fa5a75b0bacd237b4bc	flammable
loose-340fe2a63862deb9d653a36aa215856a306845bb4266610eb1995c2218dc76df	medical
loose-345d191199091a183983dbde4987f5a8d23047c13407efe900f9ac1643cb4bae	other
loose-34a8e5f7dccfc81eb0662964bb882585edafaf522636950ee6f7a94ae987c66b	electronics
loose-34aa5f4ddc1b6b670798a877863a21d72edcb4ada9d15a4f2099b143dfe18447	medical
loose-357541a7eb16f4f40129aaf9099714e27bf6e216af6500999cfb854d9c8f53ac	electronics
loose-35df3200aeb087259be9de23c1f10293c1e16f81104b70d170eb839a441195a0	battlepass
loose-36dd934d2592eab81cdf3ded1cea032cf83c01beb75d9c0141fadb37a52ff171	drink
loose-375dc70de8c2c06051ee674721da3cbdec378dda5b7f7307755ec66c788c42db	intel
loose-37d1a11139ac22e761ba3046a902b41f0b9045c1304edf54fe3afeaf07bfe1c2	valuable
loose-385509725d0259bf24dde6ab8d2377a909aee4e39d827847ff790e01f1473570	electronics
loose-38e41d6d4a0f833d498f6d440028a4cd27fefe25fc1afcf121f46d5c13e190b1	electronics
loose-39839a2daa3a9fd8efbfedf14d5bc7cc6105a33339bb6135e587df58420e42b6	flammable,other
loose-39879dce2ce846189539c476b27e2c95f4943d004f9b2a71519b0921658d2e69	medical
loose-3a734c21a8dab1852294377089606a59c4bf3e5beff52f5877c3cffedb2d196d	other
loose-3c25b9815ff29915f766518c9cd28e167c539d8b7ac8580a8005f40fcbb825b7	flammable
loose-3c6943dd399a93dd827182522f66290a0ca6e466d9bfa1628b31dbecbdd52995	flammable
loose-3cd251fa4f8b85913619c19a09e3469d1b078e12e5f44ea9d2c7bebbb8cd44c2	valuable
loose-3d387e309fd03a5f6329b501b549243f4811610ba7947621f81b24e32367fe2a	intel,other
loose-3deb805a37cd17fd5bc7f399cea421c672d48fe602d9019740975c5ba088c001	other
loose-3e0b26b05b87a43f4809144d34e7eefd215a42c25f09fc70c4ae587a4b7c3496	electronics
loose-3ea40d584bc3d1dd051b7ef1eec4ad553753234822db5264d073f7eaae8c8368	valuable
loose-3f1f9575e2eed61b5cb55ab78f121df56bce1e958817cecd125ae5c535694f0e	electronics
loose-3f7b52cdd909551b5b74bfb0f4c59f476c55115560fae60971964261433299d3	other
loose-421af6966628f80636f5051a7987154bc390a0a51d0c1a6ad7a5021cc890219e	flammable
loose-42c0194734f22dbdb1392fccac9d2d82ee327713b70364aca541c24c3bb0f3e8	medical
loose-42d50a4976bf77f8301f03bd17a982469b79f4b4cb885c72ec7e71347010ad7a	drink
loose-43438ccd4dcdb1a1c603ddbc7eb6fa9eaf4df861e03d90a5971f72495a5771a5	other
loose-438f386f2fbcc47eda60b8cfcf2a5072b0155a3f5275ccca13f5e8fc19a2eca7	other
loose-43d887a2950aff892c09fbef6daeccc3b0bc65ad407a95b2bb940c64595ffab7	medical,valuable
loose-4414c683592df77f55cb3df951ea3fb260089876d0824d1a57096cd2d5a5cfbb	other
loose-443d3f4d374ac61020e09433e57de723d2d2abd6fb18c58b7818c646c2aa5300	flammable
loose-44bf8a89d2630172a0b29ec88bdb2b6c743e5b1ba7a48298ed46e1fc8fc787ba	other
loose-4546c2751c7f50f6953bff347ff12d3a7732e46f700045353bea48864794cfcb	flammable,other
loose-45a10b1a8f1720f501b375de1d219c4576504aaa07733880e5c61842fd401582	valuable
loose-461bf1170fb7225e31ca81f207acf597776e796228bd8f6865be27c3d327e56b	flammable
loose-466f9f23ac5ea7ae53c8811bcd7ef9dc42fd86d856d76db96c90862204c5b841	flammable
loose-4737ad90712d379ceaa784c08466a3b77d3dc2f80c81aad8c2dae75ce2e02771	other
loose-480a51e354ec1947881b130a42e88c63d7c61c669a239cdcd9edd95cb1088f72	medical
loose-48c03511504516140236474c049be78ae035ce0375367f3498045ac031d6ed33	medical
loose-4a10ecaaf9bd5b9345b4ae023311238ea1af02cf946a5374c234f33e79b04627	electronics
loose-4aaede9ef5ae121f5cd32d0f284b3d285e5458c04b18f74be40aeb4472069e37	flammable,other
loose-4c088dc70102a65814809213a5de1eeed69a9e446252498a236642299b3ade38	drink
loose-4cd29a488c6a0909de7ae05154448ec8cb7926e1c085a028306d6cce4365e7eb	energy,intel,other
loose-4cfb5246ff5e9514d58304fc6a8c6a0c2e5667ddf3b99591b8df676b7a0d1fda	electronics
loose-4d6aa914ece4a517490972e5fa2909dac3dde9ffcf965e40a82efae1a09f84dd	valuable
loose-4def9690d91c29db7406e6af5aa9ebc284fedd5ea0c3df308bbeb7da099de2e2	valuable
loose-4df5d26383ccc7d5466cea0437292d2dfa58bab0937cab488582174d94e372e4	drink
loose-4f145838237b80517dbb18d071dc3ba0ae54f1b879c848c8e62682e3c9483ea3	medical
loose-5055a2556aa1c4650dd93a038e43c228624fb19f45d4634b2217113d0a80a3a9	electronics
loose-519bc8c7c6b1d07d0037b26b0c4ff7f683aecf46ef27c2401c705f08d2c8b8ca	flammable,other
loose-52ab5f3e74e1380fcea07602be4bec43fff41ff4217827866b9b5a7fa89e2322	medical,valuable
loose-55476113e5de3549dbbe9906c0353a79b9175ff3c36ab98548e3333479671f03	flammable
loose-5572089668dfe81e414fe5ee59553de73a66e79fb55189d0e83b8a9e239fc81d	drink,valuable
loose-558192a3472f0b225570970405d4a63268c9cd4f0de50b1d0d210497be0ae6cd	flammable
loose-55d48e49b055cd8c66840811895bb29440aaf5e3a65209425ca2e95b04047f91	other
loose-5654385d91e9e283c551519a9046007fe656e1fd795543befe1f24bce73f26c1	intel
loose-56ffb41a5d7e894a940465a30c84ce47e4fb602d526ca31363423f6801cb2a56	medical
loose-58a24c70dd6a588e48c6c27f15007395d32386c5c5e420e32fbc36ea13589659	medical
loose-59482f86a882f56a5fbb11e68ff7701cd298dd6081cf0d121e707f4803faabe3	electronics
loose-5b172509993f1a87f6a8293c501c6cbcde61ad01fa08f51ca8ce4073a65316e8	other
loose-5b93c4afeea972db18a4287062d7b92277767f33b1c1e7d382b27eceaf235682	medical
loose-5c2f6b436a27158e811fd61748f22bddbce9fb280d4e2da3164646d6f8c8355b	valuable
loose-5c41273500b00f3f6143d2f887b957f6870c5933915567c092c625807dc3407e	drink
loose-5c6a92dc8f8304de327b560ce7c2b4f800a1adda7dc497b80b4d21710650b9e1	electronics,valuable
loose-5c970103b6c9d40bfc0479572a6ad56eb7d09431e7fd1b4e9c97df24ac165d44	medical
loose-5c9ecc54211b2106a273e19f46034da718c8432f35b0848aea10c470591d886d	medical,valuable
loose-5d44f0bb332db7200a7b83559f611e3409ed660b1e1f1299f9c14ca7297b043c	other
loose-5d917f8bec2de34563618677994a60f257fee677f38d1511e9dc038259c99ed1	medical
loose-5db61d206b6228eb8b9532cc77001bec427cd4b138c14bff3d475bf39a5ebd76	flammable,other
loose-5f3305afe53972c15dccb9b0244af8e40543dc3a8fe36d1cca549c46fcae5225	medical
loose-5fec8adc71493d64df3783875f2149f3a87497e6ecbf2d7f8eb93015ed58081b	battlepass
loose-605860a58bfefba90432696e9ba52e75781e1762cb943b9c20264c5d27038064	drink
loose-6132232e77aafcd767b11a9176ab621cf9992e057de3638dbe64160baea4d943	electronics
loose-61690883b4bb05b8a98923d239174c198cdf6519a2ffe51a6a3429743d948ac4	medical
loose-6197c058440b5414754258e4148939fd69d07ada0e0f0124000f9720ff7a0794	other
loose-626f1335fb971849082fb490a7462d8d6b96888588c8cb585aac0686a46275ff	flammable
loose-6306745a56a6eede1d76331d8f55051426e8baed66b2eea5578a833c6edf0f23	energy,intel,other
loose-6309715f7436d66a84dc449e4aff45fc2935706f4465f73dd886d600ece9bb8a	flammable
loose-638e34cd462a32da6d19ff23fc9ce58b285be16a7106d60fc31323ffaea97b8b	other
loose-649d816be8f52ec90055eca4365da8d3f954c307d02c3300779f6c47b087d04c	drink
loose-659d2193dd94515160bae3f866b827500abd1963e0243f26051a21dfe43e0bb8	flammable,other
loose-65bea151284fb928242737afa2d5e2a53e24ea1cbeb9e05b715dd13d35465da9	flammable
loose-66375bcdf8034dff81175bd41eda26e93fe209c440ec3373c72ab6e9ef19a45d	medical
loose-66acc8f31648d116383e1b5d36699dd680daeef8792cb8d88b52df70ad78391c	battlepass,drink
loose-671a3fd07b8898e35b8fd6b8031ff2899bd4fa209b1483c1d66c9e83ba6ef3c6	medical
loose-67bc11515be4d575cc39b6ab99149d1636d5106e3d437e29f23a4e9cee6de430	flammable
loose-67f809e3ae4f6b176af54557273e622155ae72bc075beb663990cde4ff175efd	drink,medical
loose-688bda49b04be858a24cb86c463695e564a3984a1642e1f5f461fdfcd53c6358	drink,intel,valuable
loose-68cb9dc0d1672764447f52fa4c0fd657c19326b3d9a93737a226dc0fd6f1246c	battlepass
loose-69951e049153c30e350d15c7688c243cd882775c7166f90c0d3d97a14a11e4ad	flammable,other
loose-6a17503451e8b9c63111b121121635c11be891ba7e3a2781331053643d5915dd	flammable
loose-6ad6b935a6d0bc5f72c3106282351cb98c89e0375838711f155a26279def82cb	medical
loose-6ce178cce09c8f10243a75b0a985f0923b83c024abb0375fe8ca08234bf5612f	electronics
loose-6d04ef4db3031dabfa54c50e8a649f94cef090ca1a9b448439195feb22417da1	electronics
loose-6d3d82a68a0ca9c966d22791d296865cd8b705df44ffe684d04088b6ff3e0d2b	other
loose-6f8eed2800784d3b70309e45684a5bbc9e43d2b420b2c08e528de588e56b5a20	medical
loose-6fecb703b3d1c5141a282f5f6fe11f221d96ad66c61140bbc8d4850d52b61d06	medical
loose-709cadeb7f74051734383aa2a7dfc1639b68459b24e83db6bc1aceee4213afac	flammable
loose-712080d358d59ce817780f475e103694644614650b7f014bae335a473cae5c35	medical
loose-71caa2608e635f15c499dafb85438bb08b607fa63212da2f110c2f00c76f968b	medical
loose-72ab3109fda3a1d63c2f188d92855f5abe760055063dc7a49fee398898b55eb8	flammable
loose-7321b47b73d69d70893728c83e4aadb92dfeb2992c246847be4ac69a95bb76a5	medical
loose-733e8ec5968aed827155085356be6258360ef7cb9ca0eb11751366139fdfe610	medical
loose-73af95f0272cf68698532d82e3aea3020f89a52a09341cf0625a8b52d884cd72	medical
loose-73b709f6eb160de8d594394f38ab107277d2c2d081498796e4a7145f7c436e74	flammable,other
loose-73c06ead95dbc60eac08ef018b4ac171e7fd21b7c4785a5c5815cdde657381f4	flammable
loose-74393246357d0ca2c512032acbb8f40860db8a93dd1f48a50841be6fed890a7a	electronics
loose-745d89d4c703771df3bcc85b41f26d3e77d685c982412862d7745b6ef7e4fbfa	other
loose-7461ed012c2bcd71c091e703638953d89cf4ee32397edabb6bc09971508b13c4	drink
loose-7491e3304fdbd69f2c4fdd86257b905b45496504050edc7e614148d2520ec299	flammable
loose-74ae380d561a1e447a07e3767cc9e69b04e4e0e6bda4d58afce4fbc42abcc402	battlepass
loose-74f3f2913dc1b6ea09b2d65c45c722c5fd50d8aaca803d8b7493a46d5b4d4ba4	intel
loose-75396c93431b0ba9311d978786277db7321352b2b1ed766eff2199091e3464fc	intel,other
loose-753d9ee4276a95807d3ec67e0ffac6b52ecf3d91b2159fd47a70a02204fcd5cb	valuable
loose-761883bfe3bfe355104ff36b754c1f7c88551fb138cfb9ffe1197388faf45bd4	valuable
loose-76a302cbef664b42e7081e7866b09b4d55df4c61f4179024561a23ccd507dffc	battlepass
loose-771d75a360d2cf746a3e3bccf61a3af86877286eb4b5c36725e8b7d3bd071033	drink,intel
loose-77ef52da522947a746e31f72aebc82414e7b89b20862de4ff643c53cd04cd439	medical
loose-77ef971d47a140a23c88e76edec72080d44e705e248a145a6c082d24ec5fbfac	energy,intel,other
loose-781688023c22956f76915ea9c509e0577e47761c7821015bbc84de83d1ecb8c8	flammable,other
loose-78a3639d1d1d78eb777dba79868c980800f72891d83de58ea389fc3fb07f151c	flammable
loose-7966a722a859ed61a6e50fbd8cb39053f5b4d3e1b1b7fd6e9a82ceb449009992	other
loose-7984312e3ac9e303ce447a24d79d1c0ab30a41dcff43664bfddbc826e6b26a77	valuable
loose-7a25f86fb2ebe0f91300293dda1c7b2135ee5a363c53f482c8c567813dda8eb1	valuable
loose-7b2d5e18b8e5d6dd503f8579003e778639cf53a2d2ab27f16ff2d8fc6879835e	medical
loose-7b905bfae84fb5f2619c71b0cbf30f1462af043038faa22a1ff077eaee6ef22d	other
loose-7c0179360de7892433ff448500ead11752e9f14a0d49edc5337f396cccf9e212	valuable
loose-7cbebc859b01a9065d4e875965d94e4d316967367b1ff97cdc36bc13bc657e63	electronics
loose-7da2e205dad76945a46190fda2629cfad99f6857b4112171a38777033f5753df	flammable
loose-7e45cdea3786a54ac49a572b9a25c0b8440504064862137c3f9b10eff50f9ded	energy,intel,other
loose-7e672d38a765039fa153faab2f369bbfd90e60623af1ec43d60a7dc157a498b8	flammable,other
loose-7e7fcf0d729b6de71c13eb5b497dfbdedec79f66e3687066accdb73feeef67ec	energy,other
loose-7efd1accdc712e53bb7901dff2b838e764788b4cf5a454b6238ad3a7a2f81b8c	other
loose-7f24ef4760f458eb4df88bb86ae9a61358fc6e4c6ef1a888616f332de7ccf1cd	flammable
loose-7f6295b333bed09c8d74f1ccc89df89b6f424fc9f95553acc920caefbb3a2ef2	electronics,medical
loose-8014c4e6a88af777b2f16e5e664b5d6fdbee37df88b633a73eaf2a32108ad217	valuable
loose-80297c65aab4fcceed642c2dc22020d8c823950f0328a7d4f577882e1a387a87	medical,other
loose-8134578c73fe0ac4f30f6dff6bdad2844ca2aa83780c2a960be70fcd2bec28bd	drink,medical
loose-81b916ff1f66a1ff00e345223bea0f463f09552dbf6e4c22db9d8eaee4a2d9af	battlepass
loose-81bcb068d75149efd84fd2a8e4efcb27236fdf581d33a786bfb17e75e14c43e8	electronics
loose-829328c03c916261bd5bce44a789531f9b732635a8fe1454df7a933187b37de7	other
loose-82d5239fa73fad2f92602421b1a67cb29077248e500c3ee796db8b5f8c1da688	flammable,other
loose-8370dee346460a05e5f64fabb3371505a4ca1ff49924731bdd94d38e84c9fa1d	electronics
loose-844f80242e79058eef1eff3f5ba04fd8c00ede1d9d1515585cf9bb2b2325ab9d	other
loose-858442d2ef95c725a103404cc926aa66e6ceb5bc82a951ad61531e0b1f038573	electronics
loose-858cfd9569963d24322eea962e9cc4c857921c3e755828f4eee84f9c5ec683c2	electronics
loose-85c8471ba2541ffc14c2b950dcb96f204578b98337304f8a4ab0ef2965c0d836	flammable
loose-8606cb8212d30a6446b77f005ba188bd209ef2c940c0f020a3c4f4059234eb41	other
loose-873b2ff41ce25ffdf408afe3a15db011c688185f8fa3e53d7abfbe971b087c62	medical
loose-874634d664b38f8dcab7c14e7d4f95ad2e0cd21ef99a7f4cc12c372633f608ae	energy,intel,other
loose-88fc87c067304cc613482e795c03b6ecdbe0b7cc7f1c8010333f55b4a2385614	medical
loose-890df133ecedbf15c398df7307acaf425ac20f4771846c3b2371411454d72830	drink
loose-891ab3b98884d47d8831f74ab51d169b3522cde9e2c5adca79395478a4e02df2	valuable
loose-8985440f71da080ca4a8940c32f96a41315013ca2b452ebb340a5cd93de61edb	drink,medical
loose-8b3962af4c49df25eb9b72a372397beb5b910ccc8bcb3a88b90a40f8d6fae3e5	medical
loose-8d27e2d9b8271c8d8585d6937463a6c4e35a96a31645706f2e7e29cd24bccd26	intel
loose-8d9da79f4638be36dc44bffad87150d1faf28ce5a5ea6085e08e4177637f3946	intel
loose-8e24af8fabdeb72fdc396eacbe32194bee55e58726013fc020daf42731ccfb7b	flammable,other
loose-8e515c1ae533c60d8c8b557d83dbd5745f6199569808ea4abb808ba2e96d5749	electronics
loose-8e8fa9ab022ab57738585d681af2c8c795b2f75a79920390681cfc241186f2a5	electronics
loose-8f0cc345fc4df293ddf61263aba07736d0f6feccc69e14f8cbba19886c77537e	intel,other
loose-8f5aae00547e9db35ce77a1c38f590cc105d00d4808db3c47e8b1397869f9a7f	battlepass
loose-8fa28bbf1599709054fe3cecfaadce7772186853d29f6388b87b4087ae880f4b	other
loose-90adaf7e3728e29e7fa4d540d624a64b4163d17bdd0fb5cd2bf8834631f99bc3	electronics
loose-914918761d4bb0bb542dcf62c44eba40fb9c1654665eb8c6187867fb85d94ef7	flammable,other
loose-9247153be0e9b73d5d92c69060ea82ec6bbcdfd2ad1829be61f86f7ecae3b834	other
loose-9316a6e71a8db8ca4a1b4ed1ed7b7a0532ef8df6543a217ba308a48a537f0670	other
loose-934175ca9e35a06a968bbdfb268bd50f31d87fcd68284e85356d63b81ed94d27	medical
loose-946a1ad4d1fdddf1d770633a45ccda2e1aa30ec450c835f8f5b9131bcc5ebe11	medical
loose-948c262fef13c5daffa49feed77444cf57610f8c8f4d025442cf0fe83629be82	drink
loose-953756fd224a76b83cf3d91159bdce26b16d7603fa8fc3ad62d521ff9876e91e	medical,valuable
loose-95dc7fb25073cc1060a09ae9260a2933a42abb2bd0f274dec6bcfedae448805f	battlepass,electronics
loose-95ed096b88d0fc2a54af2ea0d50aa341fcadaa2354ed5effae5084249520953b	valuable
loose-96b909825f367741f1a10de6a1276e6ee1e4b235779f3bc3a73ebb535316d95b	electronics
loose-96f6bc550ff07fe6b17be42da9a107a42399202f9c48aeb1f332bcf58359ad1a	valuable
loose-976b6f873c4d1fa26860493451fb0d1cdff619744d2a54aa116fc0428895b48a	valuable
loose-979ebaaa44d312c177191ce64729bb5590a55f06cadc369718d39412d671a113	medical
loose-97ce1eaea5e4f1b85da522d0fa094c65364d266c39b7ddebabc5bc6d084cf60e	medical
loose-983a6953959c5fe59c9e642c4fd7a4a4f2e5bff056a55237b7e8af142f69e7d6	flammable,other
loose-98d2acc82facd5ae066076a2e7373a3dcda0205733c8e8dbfe3a76fa44901da3	medical
loose-99028f1113e5a8b0087c5f6c34a7e2391a8b6648e11904f4c300b1c2943a6d4e	valuable
loose-995de0dfcfaaf979b5906440361f66cd6e3e391a7c60daa58c6f2d7c359285a6	flammable,other
loose-99ce23c63414dcec2837c7ddc400d3c3793ffbe476733e6bd726b51d65d90f3a	flammable,other
loose-9a8b54b036be94c22e8c982352df35b05b0a67b0ad4c70609647a8397ebb61cb	energy,medical
loose-9af846313960defbf91f8694337fdcf81798a262075432bce27ed642f799a578	other
loose-9ba03b768943560bc4278f9aba86df09eb13896276ed0304a06fcccbb730967b	key
loose-9bddd4632f827b159e365905d2cb8696c77e3ced16d80224ba343bb3dd6968ac	other
loose-9d26490fa464cc1a0b01aafd98e28412dbd573a3c99b7b06400c7e119b1332f9	keycard
loose-9d7086265264f5178dc229f225e0bc74b40090f2fc01272e213b090c27968960	medical
loose-9f693127c3e57e17615c418da8bd8a81d908f515a40b19e14563d868dc956389	drink
loose-a0c5a9dd89ae2feb1191e66f24fe338a22e1a3fdfddd53adbe91172ab09c7f2b	other
loose-a12a94e8b6a3e92f7ca07b3787fcf93e7e73aec1a448d550ba1b1efc851c1924	medical
loose-a1811538ea21d6ffd4b5364965fbe5292e711b3b0aff38a2ddfe1975f99521fb	medical,valuable
loose-a1953195e6cd333dd26fbbda8ce7cb7a79f89e2b3655ad821294c9a73dce6fc7	valuable
loose-a35a00100fe1514c28f8c1c9770d943b73b9759cbd47d82fdbb1aca3812c5a30	drink
loose-a3ecc6a392053401218c4c9e833ad5b41ed05b65a8f6b71f8ba43968eb42c9de	other
loose-a4fb54af213b86de04c318c8771d82e9fffe85cae00d16c87fb8d6dae12ac2a3	valuable
loose-a530bc2e54fab713d6a177f3cf721958b95a9698eae7200ef07f4b4fa1ba1824	flammable,other
loose-a64dbd2c807c9ddd341b1d6911c1accc47c819c306df54661a49c38d8633df31	battlepass,other
loose-a653089320fcbb8df3122a229f61b32749da635047f806c7db9220a56ca39972	intel
loose-a6fdb4bf596e6fbd0375f19145f073ed9f297d5a36ab5394cf670a0b98c01598	electronics
loose-a706a11cbcdaf82b884043bdb3646ca896667be439892f1eefc7daf182221520	electronics
loose-a7a3bdaac4f6c3bc201aee7b8cae349eb2a52eb56aeb7ee1df8ac409a9a2686e	flammable
loose-a805c5facd2f0e71267a9c8af3933d64623f714ed0f06ae2c4ed142768336f7f	other
loose-a8242a17f6ab14981e3a484413cea913662dd05f6274fe00bdd7b65fcd01c6c0	flammable
loose-a84482d18877448b3765b5b92e182fcbc6a361a02d16b90d9a6623643f61a990	drink
loose-a8893a39b4dacf39fc051d1054ef3c061123cf2cab830e3579a4aa984c7784ae	other
loose-a896fc3cd62e76ded95163cf235050ed0577084ff4c82dc48c57014133158cd0	battlepass
loose-a8f23fb527f53357ea152158166dea00b5fbc42d655178186037811801882687	valuable
loose-a934b51268d4a79820c7ec5f83490ebb5dd10e3e99cc0a2d84c0be6686b76f38	drink,medical
loose-a9e02974db70953cd3ce2afd0f63511eccbb2842e750f15597cd865fc78694f9	flammable
loose-aa0bc20207152a24b17cdbd4c1f75f61a14817e18e554568e0486873a621d770	valuable
loose-abb48f3b9ae94e293e4021e611e9eac3913cad17110a3a89a371b827e2216257	other
loose-ac29c3e1270bfe89f4a1a505609aa55418538eb7b52b99ea6627926e78434790	flammable
loose-ac683ed99388b6af1a928dfe7172dc303d584f21ddc6005b23dd9aa26cfda151	other
loose-ac9f330524e1743baf3991641342c1d8dc64149101221798dc40670c1db13f66	valuable
loose-acaaf3495c9655e79924d798674a366a4ec93499b047cb921df5fa3a053c634b	battlepass
loose-acb9865f98595f074dfb4740ee7215422f799289f97fc85d7ecf5f4a12bf23ee	other
loose-ad2cecd3b73b6fb1622336bfc66c5a6d13ea3e66bba775faafdae9226a79928f	flammable
loose-adb73091946cc98c55fa4a68184badb9bd1a97249ebf4677d606946eeb137df2	drink
loose-ae87613371b01d4e6ef3bc14a48b6d6cf47db5fc7285c50f3e57a00ae705074c	valuable
loose-afe6a0f8c0a3dafd73ba630379ada38bc6c46635db918c89c4849f0dbd6da4cb	battlepass
loose-affdbb4e80b5ee0103f75830712741dffd290b63bf0c573e250e523ba4ae22e7	medical
loose-b0498f4b8ccdcb432da469e62925cc122045ef45b334fe849452dc101ba67275	drink
loose-b0508d3fb93e0bef7dd67ce94e3b2f32088160c225d1eecbaa1dd107b03b1695	electronics
loose-b0569e2a9150cd58fe619db47560ef7fd7edfcd26ae6d236656be9ceba2606ff	flammable,other
loose-b07911d662fcc1c81643199237db2e60899811af1c8b8b240db21a3a2084a347	electronics
loose-b07e911a78f7b378b2552bec50d631961a9278fed5d8a1834a3aca886c2fcb77	energy,intel,other
loose-b0cced9f3ed6dc78189c6f093e2258874e4c519eff0aeacff615726e4c54343e	drink
loose-b0f74fcd7db12fc917fb74bdfcb89c271e69c0cfc58e359aaf8e9cede0d37007	electronics
loose-b1bdad18ae4229b62cd483b4d608a8cb679583b1ac2f1c3ff6b319812c3a3942	valuable
loose-b20744a4cac4cdbfb461d8e4bc1a3bde1879654253fa0c5b672d9bad7e8c9521	other
loose-b2b06827b40828c2349ee9941cb601561858e1db0e89c1f5a0878600af9c4322	other
loose-b2fe7d87cb0003e71a97adf169f1f289509f8a94c7268f859f456b020303a3d1	battlepass
loose-b46d4b5f6255618d4487ffa3234ec182b5d32658462b386a52fa5e19825bd4ab	flammable
loose-b4819ef3e585bb3b48a0f5ad0f4b6874ad43909bdc1200a8eb3562b2e26fd4af	drink
loose-b4b45a9aeed60833705c4123b34d0928c2248bb1d811af814222dfac054cf456	valuable
loose-b5a5c1040d1529f51a19e51a0e530ebc890422ae4a2be3a681126a1929a890a9	flammable
loose-b5e973ce4593110bbf2dd1d19940a15727c810ff1035ce2607f0b7d3b08ac8ce	valuable
loose-b5f1c4dbbb7c76c8533277e527d2d0acc673c56d667b228149e2244bb0b66eb7	electronics
loose-b6db0cc769151c6febbd03e9e6efa2a2208812d588579b9cdf3454654dc576e8	flammable
loose-b75a9bec970625f61a1081d13866ff911fa98908023b703672430f5a78b7325c	medical
loose-b7bcc61111a240a87593352e630ea2866705660b1869f1eec019fb9134a23371	energy
loose-b7f653044e3e176da73dc1bfc06212467349dbf236a9573a3483e8e8928111c5	valuable
loose-b894a9cbdbe889387fa20060f9e68131500d6997612e689b660241cd63ba2d6b	flammable
loose-b956966b9b1fea2791c47ec0eb312a4764e34c568d1193bf5ebce0ab9b4e7cbe	medical
loose-ba605e951a5689ff0a3c828bd3ff7c496d92daadda6bb1ef73e051e3621cbbdc	valuable
loose-bb41f93cd70d1c586d19a8c0a7a92441a9b4fb7fe9bb22addd8eba93676ce701	electronics
loose-bbd9c6eec8d9b4552cfe74a839f48750dc95e1f0dc743797cb33bf5675b1345b	medical
loose-bc6073894a8f19e5f5ce15690419b113822d9f161307058aeb661fd2d8d0fca5	electronics
loose-bce06e36f6ff44819085e09fdcbf0827f11043f1ee78b55e5d1664a33d5ff9fc	drink
loose-bcf5d1523af3743049dc75bb2a326c9996bd3b1f2108b32ccd6d421aa3a19ee7	medical
loose-bdbf2227200ca5547c95a9932e2c7bb8d96c77d0bab167c923b0579e1adbb623	flammable
loose-be9b6c9a34a87925379cef47ee9cc30b67610e496e4155cd2211da07543d6e44	flammable
loose-bf122d978c936add4132cdceea2ecfd2a7cfc60974f4c33bdccbfadb3a0cdc7e	flammable
loose-bf45bcaf0e24be86fddcccf22a96254707db7d8b19dd095a964de43435f84a5a	drink,medical
loose-bf641634d74287ed0a12ef40d7479397735505efec8c207d4b94f78dc9ce0a72	other
loose-bf92a5877bcad342c67272e04ad1ffe603b5fb1b4ba9de40e95026ed9fcc7bf0	valuable
loose-bfd08efd0e8de0bb2965f61c411059133edb6c61abd0f2f9ffcfa3bbdecfca27	flammable,other
loose-bfd60040678135bd20e9c8ff514377cbbbc31e8ce3a4a358927b05a066cd0dbc	medical
loose-c06dfc9ac6cdb36594a4211f7bbc415ce350b08d82566317c864d20c365092db	drink
loose-c08bdd804f280fa4a310f5d036d4963fb276eb3d7b57c84b7255f05ee22c7453	valuable
loose-c0e75fdaa5e834fefaf842cadc4b51dad823b738fe8e6ddf92a22f845c01f7d1	valuable
loose-c22219ecd5c1a4e91d661a879554143a486438872f14d633b2c7fca87c1a2335	electronics
loose-c26a6e1fd00d61281f3cad2d84defb94e00c59a8ce9f480ddab2c41cbe04b1c5	other
loose-c2757f184a13f32d9c4084a4b8c728b36f23d14fb3bc2ec3d1bc462dec8edf0a	electronics
loose-c30fc7d95ad00efc43b89ac7e9f067d5fe09f520ba14b99f972764a0f471ec19	other
loose-c320b14a798d00f4d958d516c50e691f7963504a9323099ab0390be56c830685	valuable
loose-c3beace3b37b71bc3f1fb6c59daec65a2b078b49c2f0c35891a502d038ad4bfb	energy,intel,other
loose-c46dd2cbe03bedd13b04f4704cdb9413fcba4ce837f1a5dfb49f862992eba394	battlepass
loose-c4898249d7ebef795f670610219c3847761af908c412a8c8e2186f20695f7d44	drink
loose-c51ab383bf6fde7c5bcfed4aebf420780ce95bbfc2244ab59286386c5c42c7c3	intel,medical
loose-c541cfe788d3f9e038927153ae30002959b67c451ad559fcaa7c22b1700d8a9d	battlepass
loose-c5dbee2f071a84f96546f68a2f3789dcea68f754fb25474da59453088cee2746	electronics
loose-c5dccaefb187268fc0d956af21633b0d2327547bdf6ebf844fd69dd1c8caf762	medical
loose-c5dffc9fcf91a8eecce94516db37e0477a54b63bb0bbc6b1bfc6e417991668a8	flammable
loose-c668da660dd0dbe141e40ca8aedc07787e774931627314cf20df89f31b25bd3e	flammable,other
loose-c69d082afe36853c0a05a3c8051de708219e7dec610bdd18a5fba6c4a5a94f6a	other
loose-c69f29b6caa726145f7dd8cc8ed18f30b27068b80895601d65027ccc33334afb	electronics
loose-c77f9a4b1e1cae330e3d0552bdb698c8c7303a538b5b82543adcbdcb4f4f0581	electronics,valuable
loose-c7c08ef371cb0d488d1da2d3e17d8854b89bb68311be94a4c67d353a264cdcff	battlepass
loose-c87b03009b6548038db4e4d27f9ae88f43e70818328b6e6375e28cca03532957	drink
loose-c9b03edb86aaada03397e5f81a005ca7c3ad8add71f9ab6170a6d39eb8c6fb93	flammable
loose-ca29076c4947116590441dea25dca3d6b8050fe3ebb9a563d6fe747780ba15fd	flammable
loose-ca531460a039e0ed0c300b104adc2e11d8322482067d4ec838dfe4c789da43d7	drink
loose-cb19a317cc7ceb252cc34760f3a14dc6b1c3b8fb2be921d5d644a30797a44dde	key
loose-cb502fae43a90f3f01a6a3af9cd6dcbcd4958c50101d36c7c00d78fca4bab667	medical
loose-cb7a8665da2bcf3f8e19acdc65ca2cbcc76660f986a56502ec8789744373a380	medical
loose-cc1b14d229b5f838e440b157af012618af3acd6f6066c2846a8270bec72b008a	intel,other
loose-cc9ecd697f218526a559de8b69f1e8eb8da54d803264be8b2173b132eee96d64	other
loose-ccf49725f0d81d024d0f6a238f8d74f2ac2616fc4fdaec9b894f3158eee23ec4	flammable,other
loose-cd1a960ea93ed3f3cb8198b91d079dc08bbc87219f0a9eeb7d9e3bea3f0c432e	electronics
loose-cd2e154949dd8fe9b12fbb63af483a40be556952d0e95d50f0cc56056ea4bffc	medical
loose-cd7f92ccd12567b5059db2e828a7957eebcb06cbc6349bb98349f5c268c7e0f5	electronics
loose-cf4172770b4194600cf59dbd55448c7368c4ca1657e6df7452bcd8625b1c7997	electronics
loose-cf67709a0af6471c316c0ebc27d460e150d9d8219a9c34abc4723c013a5203cc	electronics
loose-d00b3c55de64be4242f856a161475909921119789c60a9f94cee71a8de4138a6	drink
loose-d04f22d436f38736d017cfe2bc902bd1a7ac993e2c2fd2165edc47392e949987	battlepass
loose-d089724d98f6843d49ba5ee791c523d69d615c2cd519e348726455d3fcf9433a	other
loose-d158bf58ad7c0b4e57eea58518082e6869215da64c10436c22d33f929344f471	flammable,other
loose-d1faf9539fe52203eb0923df9617e639ebbf387555f07818e2a9d92d18e759e8	valuable
loose-d22e8d8c03e1379c4776819cbb1e9a4307d7a7b14a29ac01e9cae3e9275e9dee	electronics
loose-d37a7c79b291205b97365d84d4b6c1b0c5f38144b231963575af7ed3fa532664	valuable
loose-d49442a02a976c998e2e897e3080369d8637913081287592b71993bcc0328c5f	other
loose-d676eb2b7674f38c6b563e1a718e784b3a9ae7bbf0e67c36c94eb0947e72d1ca	drink
loose-d6a4f1a54a01d534dabe11d0cd71a77597ab9af01e9780afdd887718f64d8d71	flammable,other
loose-d731fec67e9aa88adc9dd897ba272235f0aecd75089128cdd3a29abf753b4959	flammable,medical
loose-d8e55121a4fd04ef88376d22a839dec451ae16e9ab03c0374980c9fe5b3364b3	flammable,other
loose-daddcad27fffa1abb645b5dc8db9f5581b84759ca3baa9b2c2152c0b3c8ed643	valuable
loose-dade473d7ac5a3f52c6b757e48b9ed19afd641fd3a5f1b2aa6c81d215d30fc8f	drink,medical
loose-db54f73160dc04656b221618a0d3c42089232e25efc8f046d976cce1ef81536d	medical
loose-dbae1edf2ed33127f27b4f2fd24374b7f1943617b4cf889d911307062261d0fa	electronics
loose-dbf9c5b3ff11bbc278641852dee614f7b0c137843c4110ec386e27f5ea9957b1	flammable
loose-dd823f6b52279bae7cfb6f7a638b6a419f45e35ae2ec80c04f03105b3e69ed84	electronics
loose-ddc16f71318694f195aef59b871e944b83b7f403696f9449064eb70f962bf12d	drink
loose-ddff7254d20fa427d2b818d3a7739ff338860a43c4e734794409633abf93c480	other
loose-de1e401cee5fafd7f4fad9655bbebc4eafafcaad4a918bfa171f19e6cbc1e92d	intel
loose-df04c6f622cb3fd49d1a9de7e1e4ef95391b8c3cd06b6f55265b52271fe002de	valuable
loose-e1245695e085de58fad4e19600dced092644986b1bd7f5c10d22f44d24d3bea4	flammable
loose-e1c2e0b6f2155379c16b5417f21cd7bcfd4d2ba5cfc09406072985005283c3ff	medical
loose-e1e5503fd2ba86c06aeba3ae1fa9dd1b7bc3ee0b731e4f473a829680cf7e1175	valuable
loose-e24b4d74ac6d1ff095038797067e067a86a2482c93c3af9257d930c4c3499802	other
loose-e2839479f00b9f295deda4722657f22ac46889b193e0479df3a2b921cd01777a	drink
loose-e302d794104b9505bea9a76dee871082f414fc0505c28feff4a9864b9026c386	electronics
loose-e37a85dc914a0749d8e821b40dde8a4d0080b421ed947743f6521c47811c84ed	intel
loose-e37c2a9ab7dc8557a97ba0883921980dede3ead7f9d361f0607240595a72db8a	other
loose-e533d991409c7596e3d900a5657f7d109e6d0671f9938eec871a6e4b8c616221	valuable
loose-e5714849c293799707b927313ae470a06473fe1fead6a2c8fbcf2882ae79d615	valuable
loose-e5adc071d6ad5711d0ff808bee27bd0a5a59852c594e80af2de5f8b00415e9fc	flammable
loose-e5f7dc7a36176aed2cfe1ba7826a3aae8603776cad00cbe45118e5e6b3605f85	flammable
loose-e6580fff7d4926f31da7e3e7e11a2adadbba82c865ada8ecc20e52eb258f8e36	other
loose-e693cfab82bad0bc6d8dd1cce342f381086d8e04f6d8b5d5ffcf52917e5551a7	valuable
loose-e72a7cfc9f06e157e23f469470218cbbf01bc0280416974b9c930911c79fbc2f	battlepass
loose-e86ab172ad1296b5da214a08dc21e210275704bb6cbd3131819ec689b3fa1bbb	valuable
loose-e8bf1e4fb61915630b7f671980e7b8a7c03fe865ebc8921e03f96ebe39ce167f	electronics
loose-e96a5d2a385dab022af6018087a0abab179922ca0a711fb829790f02ca756209	valuable
loose-e9df91b89fc5b145cc1bec3d2613fd25a5072b81f669a4c8360e99e436652a4e	key
loose-e9fcd24c278598061c18184bbd5a44eebec012696ceed1df9440b30fe426c583	drink
loose-eaa0f2184b9ccfe8b450b76f5609a94ce25e804bc83a5f019a6b6ee8e12d4c96	flammable,other
loose-eac454558d1a3c09f9794599886141f09b09d63d0c8612bd5d4598297ab42ac0	electronics
loose-eacae034aa57203e42862d5b10fa65e3e2c25484ff3c429225061553f18d252c	medical
loose-eb44e804336018f36f2fc9e10cf8e2e5f141005b9c099d209d76f3ed2783fcf3	medical
loose-eb60b9e8742325dafaeb4c404c4d28b6ba5d7f9aa926978f898aa6a7e1df9c16	flammable
loose-eb64f67fb088bc46de428c09bb4a8a33dd85620c22163dcccdf918d258249f82	other
loose-eb6cb5bc84d77e22dbf6524b999dcaf60fffa2974ab7d83c77565d229ab721b1	flammable
loose-ec251f2b6a00319f91d6953c8cbdb9f5730a7ee75e116655f9b9e0d8321fbb0d	flammable,other
loose-ec9119816453d09a3d5414c33c0c44b4eae4c8bed7fc9bb1cda02c3bed7c01bc	electronics
loose-ece27afef450ce1e4ed3d43a3532fc088bb9bf8c7bc7ae75fc6f293a62573f44	valuable
loose-ecfc4da7e9cea3478d329c52ae0b57e369be6a4c4047b74304e267a6867ae3b2	battlepass
loose-ed6058ad6cf596e3631278085ab46b642058c14ac239433fbf38e3157abf3c95	medical
loose-ef1cc911b25f4ce652875414d8b9819225722114adbaa33cfad5ec98d47cf331	battlepass
loose-ef5cf40d68f32d985c0d91a83d409a8dc7e9740b1aa059d52592c19264584a5d	valuable
loose-ef6a2922c8235fe2d99d67a565957bfc89afe4a27e68beefb9e238b83779f2ef	electronics
loose-efee88dc74530b21a2876f1981fd1c963deba5afdcabc691f7b30055a49412f5	flammable
loose-eff50b179faec59ea69a177696d79f3659052bd72ae480d21eb5c32da0c5adbc	energy,intel
loose-effaf6783109200fb06d0a1d10ad0f4487cde682f306a991108afa9114358933	other
loose-f0ca2729339b63cdb09dfe4a49360fbdd7ea055070548acd8bd511444b21b4cd	electronics
loose-f18bed4022af74d3cfa5b95eec5faa5f6b0ec5921c941df48c37f709614f168d	medical
loose-f2201de5b82dec83525ea46fc07831ab249078d7ba12d7725cad8a63a912e6e3	drink
loose-f3496e99753ef60b4ceda3dfc6bbe1d9eb54a20f9fe364d4bde81dc1f0702515	medical
loose-f3663808657b3d720a7778fe6bd55d60700a3f1d6cbdef639f57fac31a564b49	drink
loose-f40d5e54155758cde324b0f1eb1cac68d7be48d7eac46f614b01552dc9432f88	valuable
loose-f4425039b23b8e9bada03889aa8afff573653502632be8b8e16bbff941ac62d0	valuable
loose-f543af11b44b47197b7478a4ff21e7050805f0ca28b2bba817c11800c6c141e5	medical
loose-f6025e1581ab796d530b3e61b77e12404ca0ea21a3e3f96b9bb1866b5340d86b	medical
loose-f653a1ccfc09b004cb57332e7be87b948b78cc34ca6461ce52841e8e50584eeb	electronics
loose-f66217b482067856a1824363786e352402a3158691f5710ebf8571391904f6ce	drink,medical
loose-f7a716a37c0c51e9c572f73152bf50f620e21a6f87dc29805157a39a14050333	medical
loose-f7e5eb39d25b97f4f6a9ff66e0ec100201344237d5977329057a6510ecd3f9c9	drink
loose-f8547cc47d922176411661afc1c91b322fcb2afc68bde69d40602f268a3f49be	electronics
loose-f8a5154fc0c8ff6e374c4850ce354dc18bb5b26f00730144f66c199111b29a01	flammable
loose-f9d36ed19b6537d6e991d257bff10b258a3c9ccb28ba0c5555699a6f9f6d24fb	electronics
loose-fb347701c0ceb887d499d1649c34bc19157c144f048b62a0425aa894d970e594	electronics
loose-fb3d35f4ed58bb79a2cb623d59e5210c8b96b569b7233eb159e83069fa17addf	electronics
loose-fb4cd73aee7becb619e2eea2cdbcffada8b12b494d631c97dfdd713be3e158ef	other
loose-fb573d7e28d8e4c6635f73b836ef589d4e96cb952b408725dca681e0d2ce1e24	flammable
loose-fb7719d99522ed76cfbe03ea699b27c68787f88824c4ffbb542287204959b3ce	battlepass
loose-fcd4547d30902c579555f36fb0dc985ba55181679e9642af988cccd70e609b01	other
loose-fd8f8def59648db08caba6556b5db4ba35a1a3a4c9f011cc178d61a20e5ea63b	flammable,other
loose-fd9b76fa1a0ad79d108df42950535dea6d63af15f33ba1c4eb550fb55d463bdb	other
loose-fdbade7891261c46c8379a2302c210322537323cae5e880add06d490c2abae4e	flammable
loose-fdfb089db42a00db79a5031d8f73eac8f3614148be1b8367347da82d35f7158d	valuable
loose-fe44ca35cb624d053858998d2d1355e2dd360f61f145cde8d637b392fba829ee	battlepass
loose-ff86a183810c433bf3139f171aaee5fa9ac6172d1a8a943fec6187f25254e0aa	flammable
loose-ffe236810651db7c6a4e43ee06959e28a44d0eb5306aa9ae4b1b52d7b4ac1c35	valuable
task-05f6eccc18f3fed3ad4e8f050f04d9cbc791e0976c5f614bd1cbd4354ec260d6	task_objective
task-0719c221f821c62df6489db51948422fafeb0b7a91216c560f85fa076c44a8f6	task_objective
task-088e42fbc8b8ff6c0d0f1e51d1579479097dd02ca8dea0cd7cfcc4461abad4f3	task_objective
task-08ed97cd17362c800cd44b73ed76c89c5787ca3d859115ffdba2d63a83e80f7c	task_objective
task-15a654af759329717b7b58008b44027a9b9f0477aa3a7d4949b5416d8889eefb	task_item
task-17dd6bfd8380050a4d4d69559d9ea59a4f1c9eaa931b63bdba22de8f3c922f4c	task_objective
task-18da0a4c64109fcab8abea0008af34ddd7e9c3a1f751e150f1b7fcda3bbcfe7c	task_item
task-1bcb7cb4662e874efd66782edc67070ca6d4d687b63533f710558c4c6b237e50	task_item
task-251ef8a9d83094bdb50d0595431bb67e30d8bf7e29287b115f46cabf950ef72f	task_objective
task-293f82b9e31905505ff3bbd318339ea570fb7e28cb52248256ff85c1c28c2ee2	task_objective
task-2c4f5ba713afde59f26d333a05b839069cf92cddb66c8db6ab90b25cafa7e607	task_objective
task-2d0749359b35b4961d9a5d6d98f5d2880d0d01573e779917d1211caa343a8304	task_objective
task-344fd8a382e8eed8896eb9d1c032e048fd776e9a9993572353ac5cd6682205b0	task_objective
task-39ca9a4f9a136d383fc98551209969dce5b3245d3ed2c1fd63f497684b9d62a9	task_objective
task-41f585f9ab40d9572c54588e84c723bc243772c3ce0c21c2fd483a498362a622	task_item
task-48133504cbbf14293586278f3dd157eeb7df4bb2585a7f2e09c818856d561dc6	task_objective
task-4df5d25c498ab3bf8727a3945ea198100d4c5f32771751fdb8203293bd2e552a	task_objective
task-5442251f89ce815f9bb7d2ec9b02ccb1564a5712ba58a4228fb2a65404da3818	task_objective
task-558fca6f6c38a92d271a0205e37e4906d3d38fd5605a5a5f8fbc6a72194cbf12	task_item
task-5930280ba9cc7d3c2d96e226c98c2bab55876f4b21a380d39f294f145d1b97bd	task_objective
task-597cc086b9d12650feb9749c53f2a041873ffeb1197925d6f3517d805474a559	task_objective
task-5bd3ccc2c7cbdf34c02e6fe7a88e34530646b3fe08e8557af78963505493d584	task_objective
task-63937b51bbe2798883e154d99d6b0beb92f1351806c58c745fe3cd5631f115f4	task_objective
task-71413585f3568fa2379353bb88db83e67c17e01b22c748901fc7397ede9c6e4f	task_objective
task-7171530a8735fa72357c98e0b34f5c3a80770d6c61b785270ef1a9b162f177d9	task_item
task-72d3b2a9f6cbd840a95dccedb518ca2fcb7e5a53bd505e496cebfd64f557cf3d	task_item
task-76a57dcf7579d6e0a44861df876cb2b28144dc64536249788b1231d9d7e13792	task_item
task-7bd633e6b5c1d5739d03739376e5a41ed1299c85f1433f93fcf9126428711b60	task_objective
task-7e243d635e4fde010739e73f722ae33b3cc4867c997f03ecd289a57989ddfd83	task_item
task-868f4f1ffcf84cc0d310088397495e81a006e7d9357ba26c6a8855c7c264f863	task_objective
task-8ccba9e9b1e52ec91a5478d9519a631e5ca6cd20f96e7ce0f6f3dea8542d95bc	task_item
task-9d98aeb2d2c6bb1214ab7740ca23184bbceed9317b42ad825a6d8d09e64de7ff	task_objective
task-a6df952b0d261996885c2de7f959b4fa2461d2a1339657bfd3a011b6044f0fa5	task_item
task-a96a51f4ccd2000a5167a5f605669049f83d3ebd052be7fb29d828cb95e5926e	task_objective
task-ae6ee524388c379c369fd9cf42792b567a1965c6f4ced676a848212ab1fcf71d	task_item
task-aff746592077aa87e54b7b8fb7b5f5e9c94753f387c4048deb06ec63a0b437cc	task_item
task-b358fd50aa0c19a419c869200c195517f4813fed9d1a3e30de3a1fcac1bb761a	task_objective
task-d1b60223c8d197d2535cc8b10207c36f6029ca38d1e2632260f5b240fdc0b53e	task_objective
task-d8ab3fcad5dc85bbb712acb84f7bfb29559f2ae5b085b518e6bf62123230de74	task_item
task-e492d05bea06033180c923e27d43a1a6598b457e08c03d04a9c04f7c8976ecb6	task_item
task-e821bdda7541b294639902718eee091bbb02c29ce8ae9d12dcd7a290bc3dd6b0	task_objective
task-ebc5cfdbe3f13aefe935f68f926c798dc88ac5e0973216b772a748d988e65519	task_objective
task-ed3dc6ff1aa19dcf3522defa262a7a249bb883748455003bcbf8708334f71308	task_objective
task-ee129bc8a7c3d8d0ef2fb4798725dca43ab84c8f5bdcd86224f01ee29fc1e7c5	task_objective
task-f9c95e0e4506501774427fd6795823ccd2c47387df3eab8c81c58ba448a0b16e	task_item
