pointId	vertex	x	y	z
extract-007047047e758e2db4f28f1989b762560aece8962c2d85856bbbd5f1aec9df72	0	-516.31	-6.91	280.58
extract-007047047e758e2db4f28f1989b762560aece8962c2d85856bbbd5f1aec9df72	1	-516.31	-6.91	295.88
extract-007047047e758e2db4f28f1989b762560aece8962c2d85856bbbd5f1aec9df72	2	-539.44	-6.91	295.88
extract-007047047e758e2db4f28f1989b762560aece8962c2d85856bbbd5f1aec9df72	3	-539.44	-6.91	280.58
extract-05970ac3830cba2c35db549c88bd73a1069c6fdd4775bd6b493a423852ee329b	0	-150.42	-0.65	-240.06
extract-05970ac3830cba2c35db549c88bd73a1069c6fdd4775bd6b493a423852ee329b	1	-150.42	-0.65	-197.67
extract-05970ac3830cba2c35db549c88bd73a1069c6fdd4775bd6b493a423852ee329b	2	-190.55	-0.65	-197.67
extract-05970ac3830cba2c35db549c88bd73a1069c6fdd4775bd6b493a423852ee329b	3	-190.55	-0.65	-240.06
extract-0b3327720f89fbf795402a66cae648f65aa839cb5ee7d90735cc5d675c119572	0	142.22	22.62	-106.07
extract-0b3327720f89fbf795402a66cae648f65aa839cb5ee7d90735cc5d675c119572	1	142.22	22.62	-88.85
extract-0b3327720f89fbf795402a66cae648f65aa839cb5ee7d90735cc5d675c119572	2	161.03	22.62	-88.85
extract-0b3327720f89fbf795402a66cae648f65aa839cb5ee7d90735cc5d675c119572	3	161.03	22.62	-106.07
extract-0d8c9eb3ecff55aa9000d96858815c6677d037543dcc69f516b0b099b2c2e9ec	0	54.87722	3.17233324	57.83811
extract-0d8c9eb3ecff55aa9000d96858815c6677d037543dcc69f516b0b099b2c2e9ec	1	61.98722	3.17233324	57.83811
extract-0d8c9eb3ecff55aa9000d96858815c6677d037543dcc69f516b0b099b2c2e9ec	2	61.98722	3.17233324	68.75811
extract-0d8c9eb3ecff55aa9000d96858815c6677d037543dcc69f516b0b099b2c2e9ec	3	54.87722	3.17233324	68.75811
extract-0fe1cbcf80123d1faf4aaa67b1be557e8ad35b9e803ebb605c1b9b26ef8a1f4e	0	70.1951	-3.2876668	-32.29824
extract-0fe1cbcf80123d1faf4aaa67b1be557e8ad35b9e803ebb605c1b9b26ef8a1f4e	1	77.91415	-3.2876668	-31.8869953
extract-0fe1cbcf80123d1faf4aaa67b1be557e8ad35b9e803ebb605c1b9b26ef8a1f4e	2	77.5933456	-3.2876668	-25.8655338
extract-0fe1cbcf80123d1faf4aaa67b1be557e8ad35b9e803ebb605c1b9b26ef8a1f4e	3	69.87429	-3.2876668	-26.2767811
extract-0fe9ef8c05c31cb9b80fdb11319fd257feb1a50b070de388dc6a2286c4601eaf	0	-16.91	22.5	110.33
extract-0fe9ef8c05c31cb9b80fdb11319fd257feb1a50b070de388dc6a2286c4601eaf	1	-16.91	22.5	119.56
extract-0fe9ef8c05c31cb9b80fdb11319fd257feb1a50b070de388dc6a2286c4601eaf	2	-22.12	22.5	119.56
extract-0fe9ef8c05c31cb9b80fdb11319fd257feb1a50b070de388dc6a2286c4601eaf	3	-22.12	22.5	110.33
extract-1222da75a11b4ccfe9a278e56c4bc7ecead3087aaca4f81e6bc7fed5020b356f	0	-18.97923	-1.64766669	37.3606033
extract-1222da75a11b4ccfe9a278e56c4bc7ecead3087aaca4f81e6bc7fed5020b356f	1	-12.1788731	-1.64766669	37.7229
extract-1222da75a11b4ccfe9a278e56c4bc7ecead3087aaca4f81e6bc7fed5020b356f	2	-12.45233	-1.64766669	42.85562
extract-1222da75a11b4ccfe9a278e56c4bc7ecead3087aaca4f81e6bc7fed5020b356f	3	-19.2526875	-1.64766669	42.4933243
extract-12a167c1507e8f880afccdfae200c6dff9cdff32bfe40822622702869b62a1f9	0	55.154	1.59233332	55.40811
extract-12a167c1507e8f880afccdfae200c6dff9cdff32bfe40822622702869b62a1f9	1	62.264	1.59233332	55.40811
extract-12a167c1507e8f880afccdfae200c6dff9cdff32bfe40822622702869b62a1f9	2	62.264	1.59233332	66.32811
extract-12a167c1507e8f880afccdfae200c6dff9cdff32bfe40822622702869b62a1f9	3	55.154	1.59233332	66.32811
extract-155931b5de15724d5e0edeb3be5633cf7d4ab0c74f58a3ee3926567aab391aaa	0	-26.53	-7.11	-187.22
extract-155931b5de15724d5e0edeb3be5633cf7d4ab0c74f58a3ee3926567aab391aaa	1	-26.53	-7.11	-173.02
extract-155931b5de15724d5e0edeb3be5633cf7d4ab0c74f58a3ee3926567aab391aaa	2	-43.99	-7.11	-173.02
extract-155931b5de15724d5e0edeb3be5633cf7d4ab0c74f58a3ee3926567aab391aaa	3	-43.99	-7.11	-187.22
extract-17f3705613ba5e23ced4f3c3cd6033ae72bc133be7e82500a3512c4d71840800	0	-299.86	-9.16	-103.63
extract-17f3705613ba5e23ced4f3c3cd6033ae72bc133be7e82500a3512c4d71840800	1	-299.73	-9.16	-98.02
extract-17f3705613ba5e23ced4f3c3cd6033ae72bc133be7e82500a3512c4d71840800	2	-294.03	-9.16	-98.15
extract-17f3705613ba5e23ced4f3c3cd6033ae72bc133be7e82500a3512c4d71840800	3	-294.16	-9.16	-103.76
extract-185a7ce116783c66e1eea7a10971a6427a3233f08ddf2e99b8b88d24c5b8bb13	0	-121.63	-0.99	420.9
extract-185a7ce116783c66e1eea7a10971a6427a3233f08ddf2e99b8b88d24c5b8bb13	1	-121.63	-0.99	426.96
extract-185a7ce116783c66e1eea7a10971a6427a3233f08ddf2e99b8b88d24c5b8bb13	2	-126.62	-0.99	426.96
extract-185a7ce116783c66e1eea7a10971a6427a3233f08ddf2e99b8b88d24c5b8bb13	3	-126.62	-0.99	420.9
extract-18d1df3db3044e252662835cd34ba68209a09f35bf68106ba3319a64c81b71a0	0	-140.38	21.01	-179.04
extract-18d1df3db3044e252662835cd34ba68209a09f35bf68106ba3319a64c81b71a0	1	-140.67	21.01	-171.33
extract-18d1df3db3044e252662835cd34ba68209a09f35bf68106ba3319a64c81b71a0	2	-136.68	21.01	-171.18
extract-18d1df3db3044e252662835cd34ba68209a09f35bf68106ba3319a64c81b71a0	3	-136.39	21.01	-178.89
extract-1b2741ef3fcf31fdda742f52c872bb3faab85b91d6d6e7ec5a3cc6b8927d6a18	0	649.37	0.22	122.42
extract-1b2741ef3fcf31fdda742f52c872bb3faab85b91d6d6e7ec5a3cc6b8927d6a18	1	649.37	0.22	131.32
extract-1b2741ef3fcf31fdda742f52c872bb3faab85b91d6d6e7ec5a3cc6b8927d6a18	2	640.38	0.22	131.32
extract-1b2741ef3fcf31fdda742f52c872bb3faab85b91d6d6e7ec5a3cc6b8927d6a18	3	640.38	0.22	122.42
extract-1c25c0b106ab235319f7041dae5733fcb4f8643df9a2f8e40af214e638938bbe	0	-505.79	7.1	141.46
extract-1c25c0b106ab235319f7041dae5733fcb4f8643df9a2f8e40af214e638938bbe	1	-505.79	7.1	156.92
extract-1c25c0b106ab235319f7041dae5733fcb4f8643df9a2f8e40af214e638938bbe	2	-530.07	7.1	156.92
extract-1c25c0b106ab235319f7041dae5733fcb4f8643df9a2f8e40af214e638938bbe	3	-530.07	7.1	141.46
extract-1d6189b01e280ae944d117d27262887f0b245e9d9724ebba88b5ecda29ff27e8	0	-281.35	-4.25	-336.77
extract-1d6189b01e280ae944d117d27262887f0b245e9d9724ebba88b5ecda29ff27e8	1	-281.35	-4.25	-332.69
extract-1d6189b01e280ae944d117d27262887f0b245e9d9724ebba88b5ecda29ff27e8	2	-284.03	-4.25	-332.69
extract-1d6189b01e280ae944d117d27262887f0b245e9d9724ebba88b5ecda29ff27e8	3	-284.03	-4.25	-336.77
extract-22d15c524eead297469f18c77d51db61ad111275b096c95de6893f799087c365	0	454.74	-58.99	111.25
extract-22d15c524eead297469f18c77d51db61ad111275b096c95de6893f799087c365	1	455.17	-58.99	130.23
extract-22d15c524eead297469f18c77d51db61ad111275b096c95de6893f799087c365	2	467.98	-58.99	129.94
extract-22d15c524eead297469f18c77d51db61ad111275b096c95de6893f799087c365	3	467.55	-58.99	110.97
extract-239e51b7b174421cd5a625eb0f92dc86cef97e42b9eb037fcac61d0c7d079301	0	351.29	-59.54	328.13
extract-239e51b7b174421cd5a625eb0f92dc86cef97e42b9eb037fcac61d0c7d079301	1	376.74	-59.54	345.85
extract-239e51b7b174421cd5a625eb0f92dc86cef97e42b9eb037fcac61d0c7d079301	2	401.43	-59.54	310.37
extract-239e51b7b174421cd5a625eb0f92dc86cef97e42b9eb037fcac61d0c7d079301	3	375.98	-59.54	292.65
extract-2468706376762cbe41211ae362ff6113640ab8e75f00bb89c7a93bfafabd8806	0	114.63	-1.85	-167.57
extract-2468706376762cbe41211ae362ff6113640ab8e75f00bb89c7a93bfafabd8806	1	114.63	-1.85	-154.77
extract-2468706376762cbe41211ae362ff6113640ab8e75f00bb89c7a93bfafabd8806	2	95.05	-1.85	-154.77
extract-2468706376762cbe41211ae362ff6113640ab8e75f00bb89c7a93bfafabd8806	3	95.05	-1.85	-167.57
extract-25f3b74ae086584ae2e324e778381051ff0fb45f8f2282dd38116ef02602e406	0	73.24	-2.1	48.01
extract-25f3b74ae086584ae2e324e778381051ff0fb45f8f2282dd38116ef02602e406	1	73.24	-2.1	52.01
extract-25f3b74ae086584ae2e324e778381051ff0fb45f8f2282dd38116ef02602e406	2	78.74	-2.1	52.01
extract-25f3b74ae086584ae2e324e778381051ff0fb45f8f2282dd38116ef02602e406	3	78.74	-2.1	48.01
extract-2745c7f79dd805098cba9c59974528f06de01fe5e8edf5bfccadcaa7e0c6af88	0	-313.38	-1.83	402.34
extract-2745c7f79dd805098cba9c59974528f06de01fe5e8edf5bfccadcaa7e0c6af88	1	-313.82	-1.83	438.48
extract-2745c7f79dd805098cba9c59974528f06de01fe5e8edf5bfccadcaa7e0c6af88	2	-249.22	-1.83	439.26
extract-2745c7f79dd805098cba9c59974528f06de01fe5e8edf5bfccadcaa7e0c6af88	3	-248.78	-1.83	403.12
extract-2815471ec3850d832063ba339f6d952791191669a6101ce0764059fbb8497014	0	29.77	-7.47	-227.52
extract-2815471ec3850d832063ba339f6d952791191669a6101ce0764059fbb8497014	1	33.63	-7.47	-213.03
extract-2815471ec3850d832063ba339f6d952791191669a6101ce0764059fbb8497014	2	43.29	-7.47	-215.6
extract-2815471ec3850d832063ba339f6d952791191669a6101ce0764059fbb8497014	3	39.43	-7.47	-230.09
extract-28b0ee71ace1803b85abdd898cf9390a5922b7816b09d6fd20c49bb822581843	0	-875.35	-45.67	11.86
extract-28b0ee71ace1803b85abdd898cf9390a5922b7816b09d6fd20c49bb822581843	1	-842.29	-45.67	11.17
extract-28b0ee71ace1803b85abdd898cf9390a5922b7816b09d6fd20c49bb822581843	2	-842.75	-45.67	-10.88
extract-28b0ee71ace1803b85abdd898cf9390a5922b7816b09d6fd20c49bb822581843	3	-875.81	-45.67	-10.19
extract-2c1522f7c3be174e8c3941820a2ab57a1550a00b71c3db056008055b9c931c5d	0	-518.7	-6.91	275.01
extract-2c1522f7c3be174e8c3941820a2ab57a1550a00b71c3db056008055b9c931c5d	1	-518.7	-6.91	298.53
extract-2c1522f7c3be174e8c3941820a2ab57a1550a00b71c3db056008055b9c931c5d	2	-553.55	-6.91	298.53
extract-2c1522f7c3be174e8c3941820a2ab57a1550a00b71c3db056008055b9c931c5d	3	-553.55	-6.91	275.01
extract-2c1cf4c68a6ef6851c1af29453f6b3a051b62cee38016e659116ab32ce839e71	0	454.57	13.92	-463.91
extract-2c1cf4c68a6ef6851c1af29453f6b3a051b62cee38016e659116ab32ce839e71	1	454.57	13.92	-403.57
extract-2c1cf4c68a6ef6851c1af29453f6b3a051b62cee38016e659116ab32ce839e71	2	494.57	13.92	-403.57
extract-2c1cf4c68a6ef6851c1af29453f6b3a051b62cee38016e659116ab32ce839e71	3	494.57	13.92	-463.91
extract-2c2af52cabecc1adff8a3e2dc13da0b336972f33706b3bf63ef1ca3f09d75d09	0	-252.04	4.08	342.48
extract-2c2af52cabecc1adff8a3e2dc13da0b336972f33706b3bf63ef1ca3f09d75d09	1	-252.04	4.08	347.15
extract-2c2af52cabecc1adff8a3e2dc13da0b336972f33706b3bf63ef1ca3f09d75d09	2	-238.78	4.08	347.15
extract-2c2af52cabecc1adff8a3e2dc13da0b336972f33706b3bf63ef1ca3f09d75d09	3	-238.78	4.08	342.48
extract-2d52876fe2737a50965fffe107371302e7b4d989c5173c5f6c0318d3dc9bacff	0	-538.57	-18.63	-382.48
extract-2d52876fe2737a50965fffe107371302e7b4d989c5173c5f6c0318d3dc9bacff	1	-538.57	-18.63	-374.69
extract-2d52876fe2737a50965fffe107371302e7b4d989c5173c5f6c0318d3dc9bacff	2	-547.68	-18.63	-374.69
extract-2d52876fe2737a50965fffe107371302e7b4d989c5173c5f6c0318d3dc9bacff	3	-547.68	-18.63	-382.48
extract-2e24394e84a46278b16425108959dc98ca3e15b552a269506ffc51a68dde10c7	0	310.83	1.06	-206.71
extract-2e24394e84a46278b16425108959dc98ca3e15b552a269506ffc51a68dde10c7	1	310.83	1.06	-190.33
extract-2e24394e84a46278b16425108959dc98ca3e15b552a269506ffc51a68dde10c7	2	290.19	1.06	-190.33
extract-2e24394e84a46278b16425108959dc98ca3e15b552a269506ffc51a68dde10c7	3	290.19	1.06	-206.71
extract-2edc1badf7a2f2fc87d0043e55d2bbc23a0bbd37dcbd565239e21ae61dae0441	0	-387.29	22.19	-653.19
extract-2edc1badf7a2f2fc87d0043e55d2bbc23a0bbd37dcbd565239e21ae61dae0441	1	-387.29	22.19	-633.19
extract-2edc1badf7a2f2fc87d0043e55d2bbc23a0bbd37dcbd565239e21ae61dae0441	2	-367.29	22.19	-633.19
extract-2edc1badf7a2f2fc87d0043e55d2bbc23a0bbd37dcbd565239e21ae61dae0441	3	-367.29	22.19	-653.19
extract-2fe073e06eede4a3b54a6041f3c909f208d3028917c92c67675f97a1f8b197f9	0	210.58	-0.05	260.32
extract-2fe073e06eede4a3b54a6041f3c909f208d3028917c92c67675f97a1f8b197f9	1	204.96	-0.05	265
extract-2fe073e06eede4a3b54a6041f3c909f208d3028917c92c67675f97a1f8b197f9	2	221.66	-0.05	285.08
extract-2fe073e06eede4a3b54a6041f3c909f208d3028917c92c67675f97a1f8b197f9	3	227.28	-0.05	280.4
extract-30693a6f7af38eb968224d6305766ad23fac45d4bf25a4d53a3cf11314e4e03e	0	655.37	-1.17	-32.56
extract-30693a6f7af38eb968224d6305766ad23fac45d4bf25a4d53a3cf11314e4e03e	1	655.37	-1.17	-22.28
extract-30693a6f7af38eb968224d6305766ad23fac45d4bf25a4d53a3cf11314e4e03e	2	648.8	-1.17	-22.28
extract-30693a6f7af38eb968224d6305766ad23fac45d4bf25a4d53a3cf11314e4e03e	3	648.8	-1.17	-32.56
extract-30f3f5c3d9c521d56fc2218e5a89a7b2c04cf70dbf50a9073971989f04e587de	0	-17.98841	14.7620564	329.6299
extract-30f3f5c3d9c521d56fc2218e5a89a7b2c04cf70dbf50a9073971989f04e587de	1	-14.2615747	14.7620564	329.6299
extract-30f3f5c3d9c521d56fc2218e5a89a7b2c04cf70dbf50a9073971989f04e587de	2	-14.2615747	14.7620564	340.4969
extract-30f3f5c3d9c521d56fc2218e5a89a7b2c04cf70dbf50a9073971989f04e587de	3	-17.98841	14.7620564	340.4969
extract-334d8fe2fbc8e48784589e95829d72b0d54dcb1dd2c6217c058f50d226d9a6c6	0	188.51	-2.11	207.19
extract-334d8fe2fbc8e48784589e95829d72b0d54dcb1dd2c6217c058f50d226d9a6c6	1	188.51	-2.11	220.83
extract-334d8fe2fbc8e48784589e95829d72b0d54dcb1dd2c6217c058f50d226d9a6c6	2	175.03	-2.11	220.83
extract-334d8fe2fbc8e48784589e95829d72b0d54dcb1dd2c6217c058f50d226d9a6c6	3	175.03	-2.11	207.19
extract-35a23b74bc3d549c2276f6af4d798d550bfe46de7fb2a3660e031a1e7e3f9132	0	162.72	-4.92	-150.51
extract-35a23b74bc3d549c2276f6af4d798d550bfe46de7fb2a3660e031a1e7e3f9132	1	161.95	-4.92	-153.41
extract-35a23b74bc3d549c2276f6af4d798d550bfe46de7fb2a3660e031a1e7e3f9132	2	118.94	-4.92	-141.98
extract-35a23b74bc3d549c2276f6af4d798d550bfe46de7fb2a3660e031a1e7e3f9132	3	119.71	-4.92	-139.08
extract-36160b71866ab3e2a09f772d0e2f1bfcc799f12a853a29e2b97dd420e6b6b369	0	451.51	18.18	-464.16
extract-36160b71866ab3e2a09f772d0e2f1bfcc799f12a853a29e2b97dd420e6b6b369	1	451.51	18.18	-403.82
extract-36160b71866ab3e2a09f772d0e2f1bfcc799f12a853a29e2b97dd420e6b6b369	2	498.13	18.18	-403.82
extract-36160b71866ab3e2a09f772d0e2f1bfcc799f12a853a29e2b97dd420e6b6b369	3	498.13	18.18	-464.16
extract-3896687fc69d63aa76fda958741bedf9d1b616af1de45394ea22516be5b002af	0	41.78	0.09	-55.66
extract-3896687fc69d63aa76fda958741bedf9d1b616af1de45394ea22516be5b002af	1	41.78	0.09	-51.3
extract-3896687fc69d63aa76fda958741bedf9d1b616af1de45394ea22516be5b002af	2	48	0.09	-51.3
extract-3896687fc69d63aa76fda958741bedf9d1b616af1de45394ea22516be5b002af	3	48	0.09	-55.66
extract-396533eb0f25d96b75423fb92cefea1357502e4ecae4a221bb0e5d5292463171	0	-257.79	-9.91	39.16
extract-396533eb0f25d96b75423fb92cefea1357502e4ecae4a221bb0e5d5292463171	1	-257.79	-9.91	57.88
extract-396533eb0f25d96b75423fb92cefea1357502e4ecae4a221bb0e5d5292463171	2	-265.07	-9.91	57.88
extract-396533eb0f25d96b75423fb92cefea1357502e4ecae4a221bb0e5d5292463171	3	-265.07	-9.91	39.16
extract-3aef28a10a5a87cd0f9bb5bf15b2aa525cb40dbcba0306038d669459b3e69f37	0	177.48	-2.52	212.39
extract-3aef28a10a5a87cd0f9bb5bf15b2aa525cb40dbcba0306038d669459b3e69f37	1	180.47	-2.4	216.95
extract-3aef28a10a5a87cd0f9bb5bf15b2aa525cb40dbcba0306038d669459b3e69f37	2	184.63	-2.55	214.24
extract-3aef28a10a5a87cd0f9bb5bf15b2aa525cb40dbcba0306038d669459b3e69f37	3	181.64	-2.67	209.67
extract-3b4abb1e7183af844c26400cf4c7d438f571e6668e59bef58d34aac73cf372da	0	52.55	0.63	-72.24
extract-3b4abb1e7183af844c26400cf4c7d438f571e6668e59bef58d34aac73cf372da	1	52.55	0.63	-67.4
extract-3b4abb1e7183af844c26400cf4c7d438f571e6668e59bef58d34aac73cf372da	2	48.93	0.63	-67.4
extract-3b4abb1e7183af844c26400cf4c7d438f571e6668e59bef58d34aac73cf372da	3	48.93	0.63	-72.24
extract-3bde16fb5382a8d3f1129b55ca339a2bce65a9c5de113a517dd909491c331b5b	0	191.71	-31.17	208.47
extract-3bde16fb5382a8d3f1129b55ca339a2bce65a9c5de113a517dd909491c331b5b	1	191.71	-31.17	223.25
extract-3bde16fb5382a8d3f1129b55ca339a2bce65a9c5de113a517dd909491c331b5b	2	161.57	-31.17	223.25
extract-3bde16fb5382a8d3f1129b55ca339a2bce65a9c5de113a517dd909491c331b5b	3	161.57	-31.17	208.47
extract-3ca4ad3766c0acc047477cb0151077b463ff82d1486211a57891ea0bbce5d3e6	0	-478.13	-63.71	570.38
extract-3ca4ad3766c0acc047477cb0151077b463ff82d1486211a57891ea0bbce5d3e6	1	-454.29	-63.71	587.14
extract-3ca4ad3766c0acc047477cb0151077b463ff82d1486211a57891ea0bbce5d3e6	2	-438.17	-63.71	564.2
extract-3ca4ad3766c0acc047477cb0151077b463ff82d1486211a57891ea0bbce5d3e6	3	-462.01	-63.71	547.44
extract-3d89437868e50c09139aa524473ddd1b107691f592fbbf0d5c5a60e31d4b826c	0	-214.76	-18.58	-348.88
extract-3d89437868e50c09139aa524473ddd1b107691f592fbbf0d5c5a60e31d4b826c	1	-186.45	-18.58	-349.48
extract-3d89437868e50c09139aa524473ddd1b107691f592fbbf0d5c5a60e31d4b826c	2	-186.84	-18.58	-367.8
extract-3d89437868e50c09139aa524473ddd1b107691f592fbbf0d5c5a60e31d4b826c	3	-215.15	-18.58	-367.2
extract-3e8b3d223f754502c3e88a97d6a37cda07f4db15b1ac97156b07e08791da80ca	0	-181.28	-17.41	-371.33
extract-3e8b3d223f754502c3e88a97d6a37cda07f4db15b1ac97156b07e08791da80ca	1	-181.28	-17.41	-348.75
extract-3e8b3d223f754502c3e88a97d6a37cda07f4db15b1ac97156b07e08791da80ca	2	-210.88	-17.41	-348.75
extract-3e8b3d223f754502c3e88a97d6a37cda07f4db15b1ac97156b07e08791da80ca	3	-210.88	-17.41	-371.33
extract-405b95d07f1afaa096587fadb24d69e55a055d157b64f3dcd0a19eee8bc3095f	0	312.81	-4.36	-178.54
extract-405b95d07f1afaa096587fadb24d69e55a055d157b64f3dcd0a19eee8bc3095f	1	312.81	-4.36	-170.1
extract-405b95d07f1afaa096587fadb24d69e55a055d157b64f3dcd0a19eee8bc3095f	2	306.19	-4.36	-170.1
extract-405b95d07f1afaa096587fadb24d69e55a055d157b64f3dcd0a19eee8bc3095f	3	306.19	-4.36	-178.54
extract-43fda8fc79a5437d4319d8800465522ef45a5c212b838d66bab0f10707075000	0	545.67	9.64	196.33
extract-43fda8fc79a5437d4319d8800465522ef45a5c212b838d66bab0f10707075000	1	545.67	9.64	204.35
extract-43fda8fc79a5437d4319d8800465522ef45a5c212b838d66bab0f10707075000	2	533.12	9.64	204.35
extract-43fda8fc79a5437d4319d8800465522ef45a5c212b838d66bab0f10707075000	3	533.12	9.64	196.33
extract-44a92b7e8a85c632222c7fa5de31d61e2bc4bb5acc8cbe0702fd8550de11257a	0	-130.2	-2.6	410.2
extract-44a92b7e8a85c632222c7fa5de31d61e2bc4bb5acc8cbe0702fd8550de11257a	1	-130.2	-2.6	434.6
extract-44a92b7e8a85c632222c7fa5de31d61e2bc4bb5acc8cbe0702fd8550de11257a	2	-154.3	-2.6	434.6
extract-44a92b7e8a85c632222c7fa5de31d61e2bc4bb5acc8cbe0702fd8550de11257a	3	-154.3	-2.6	410.2
extract-4b0d71652a8d13582d7daecf163e86bdbf3495cc8334699b193b3120808eeb31	0	206.45	-11.41	79.88
extract-4b0d71652a8d13582d7daecf163e86bdbf3495cc8334699b193b3120808eeb31	1	206.45	-11.41	84.73
extract-4b0d71652a8d13582d7daecf163e86bdbf3495cc8334699b193b3120808eeb31	2	216.22	-11.41	84.73
extract-4b0d71652a8d13582d7daecf163e86bdbf3495cc8334699b193b3120808eeb31	3	216.22	-11.41	79.88
extract-4c00432b9124bf3f0dad1824662d27f90634c033d2b144b9ac86bc8edca15d41	0	366.78	-17.74	337.44
extract-4c00432b9124bf3f0dad1824662d27f90634c033d2b144b9ac86bc8edca15d41	1	366.78	-17.74	379.72
extract-4c00432b9124bf3f0dad1824662d27f90634c033d2b144b9ac86bc8edca15d41	2	331.29	-17.74	379.72
extract-4c00432b9124bf3f0dad1824662d27f90634c033d2b144b9ac86bc8edca15d41	3	331.29	-17.74	337.44
extract-4d0564dec05bd95d85f4438291f15c4bb822d70d6e6041c21af1218a8b7a46f7	0	197.77	-7.09	-113.89
extract-4d0564dec05bd95d85f4438291f15c4bb822d70d6e6041c21af1218a8b7a46f7	1	197.8	-7.09	-95.97
extract-4d0564dec05bd95d85f4438291f15c4bb822d70d6e6041c21af1218a8b7a46f7	2	228.47	-7.09	-96.03
extract-4d0564dec05bd95d85f4438291f15c4bb822d70d6e6041c21af1218a8b7a46f7	3	228.44	-7.09	-113.95
extract-4e7048ed5bd367558144878d7664d009888b7c62d86f57066f975e6ceee616ea	0	-17.99	9.91	329.63
extract-4e7048ed5bd367558144878d7664d009888b7c62d86f57066f975e6ceee616ea	1	-17.99	9.91	340.5
extract-4e7048ed5bd367558144878d7664d009888b7c62d86f57066f975e6ceee616ea	2	-14.26	9.91	340.5
extract-4e7048ed5bd367558144878d7664d009888b7c62d86f57066f975e6ceee616ea	3	-14.26	9.91	329.63
extract-4e7e02fa57ed889b25d9b4178b82651d01d4e9c355123aa33d9db5a1de08d59a	0	-58.76	3.83	313.21
extract-4e7e02fa57ed889b25d9b4178b82651d01d4e9c355123aa33d9db5a1de08d59a	1	-58.76	3.83	323.01
extract-4e7e02fa57ed889b25d9b4178b82651d01d4e9c355123aa33d9db5a1de08d59a	2	-77.84	3.83	323.01
extract-4e7e02fa57ed889b25d9b4178b82651d01d4e9c355123aa33d9db5a1de08d59a	3	-77.84	3.83	313.21
extract-52b02a051749f0ab56cce042e6d2498fbcecf57c9ad35da7e2b2c099f4d7aef0	0	-444.34	4.08	-109.57
extract-52b02a051749f0ab56cce042e6d2498fbcecf57c9ad35da7e2b2c099f4d7aef0	1	-336.5	4.08	-45.55
extract-52b02a051749f0ab56cce042e6d2498fbcecf57c9ad35da7e2b2c099f4d7aef0	2	-284.46	4.08	-133.23
extract-52b02a051749f0ab56cce042e6d2498fbcecf57c9ad35da7e2b2c099f4d7aef0	3	-392.3	4.08	-197.25
extract-52f95747ec27e7b5d4043ed92d3dbdc556a9e5eb35eff6c11353fb6f1a7395a0	0	0.51	1.63	457.37
extract-52f95747ec27e7b5d4043ed92d3dbdc556a9e5eb35eff6c11353fb6f1a7395a0	1	0.51	1.63	465.09
extract-52f95747ec27e7b5d4043ed92d3dbdc556a9e5eb35eff6c11353fb6f1a7395a0	2	-4.89	1.63	465.09
extract-52f95747ec27e7b5d4043ed92d3dbdc556a9e5eb35eff6c11353fb6f1a7395a0	3	-4.89	1.63	457.37
extract-568a31a39dd7f55deaf6ebedcc8b5845f51a904a53633a8a15fb2e0cb28b209c	0	-202.59	27.9	-222.66
extract-568a31a39dd7f55deaf6ebedcc8b5845f51a904a53633a8a15fb2e0cb28b209c	1	-202.59	27.9	-204.34
extract-568a31a39dd7f55deaf6ebedcc8b5845f51a904a53633a8a15fb2e0cb28b209c	2	-218.08	27.9	-204.34
extract-568a31a39dd7f55deaf6ebedcc8b5845f51a904a53633a8a15fb2e0cb28b209c	3	-218.08	27.9	-222.66
extract-56f9184b99aabed9044f9c990be903286be5f041c977dac2c3451f67c15f2da0	0	46.026	-1.61300015	-30.3580017
extract-56f9184b99aabed9044f9c990be903286be5f041c977dac2c3451f67c15f2da0	1	50.026	-1.61300015	-30.3580017
extract-56f9184b99aabed9044f9c990be903286be5f041c977dac2c3451f67c15f2da0	2	50.026	-1.61300015	-27.3580017
extract-56f9184b99aabed9044f9c990be903286be5f041c977dac2c3451f67c15f2da0	3	46.026	-1.61300015	-27.3580017
extract-5afb18d0d43913bc3636f0961f45597a193558f47900df0bcacc9730f179739a	0	206.06	-25.28	250.59
extract-5afb18d0d43913bc3636f0961f45597a193558f47900df0bcacc9730f179739a	1	206.06	-25.28	267.83
extract-5afb18d0d43913bc3636f0961f45597a193558f47900df0bcacc9730f179739a	2	185.04	-25.28	267.83
extract-5afb18d0d43913bc3636f0961f45597a193558f47900df0bcacc9730f179739a	3	185.04	-25.28	250.59
extract-5c5459fcd55183b36806bdbc478eb810741becca233645ae56eb7d68c533abb4	0	450.52	-15.38	52.76
extract-5c5459fcd55183b36806bdbc478eb810741becca233645ae56eb7d68c533abb4	1	450.52	-15.38	62.16
extract-5c5459fcd55183b36806bdbc478eb810741becca233645ae56eb7d68c533abb4	2	443.96	-15.38	62.16
extract-5c5459fcd55183b36806bdbc478eb810741becca233645ae56eb7d68c533abb4	3	443.96	-15.38	52.76
extract-5c9f1c4421ed3ca9cbd253cb870098dea97c704fe6c7b2cc6d5acbce3185d785	0	19.8	8.23	38.59
extract-5c9f1c4421ed3ca9cbd253cb870098dea97c704fe6c7b2cc6d5acbce3185d785	1	16.01	8.23	38.39
extract-5c9f1c4421ed3ca9cbd253cb870098dea97c704fe6c7b2cc6d5acbce3185d785	2	15.86	8.23	41.18
extract-5c9f1c4421ed3ca9cbd253cb870098dea97c704fe6c7b2cc6d5acbce3185d785	3	19.66	8.23	41.38
extract-66320df552a2c0bae6c9867c8b616d4cd4b9ca7953cb3f4b6969a8551afa271b	0	-479.58	14.37	-511.41
extract-66320df552a2c0bae6c9867c8b616d4cd4b9ca7953cb3f4b6969a8551afa271b	1	-479.58	14.37	-496.72
extract-66320df552a2c0bae6c9867c8b616d4cd4b9ca7953cb3f4b6969a8551afa271b	2	-491.07	14.37	-496.72
extract-66320df552a2c0bae6c9867c8b616d4cd4b9ca7953cb3f4b6969a8551afa271b	3	-491.07	14.37	-511.41
extract-692e89421cacc6f4c441f49c118cafd140a0a6838a6a73fd8e3ee06a6e2e5f04	0	-243.62	-0.74	-240
extract-692e89421cacc6f4c441f49c118cafd140a0a6838a6a73fd8e3ee06a6e2e5f04	1	-243.62	-0.74	-225.99
extract-692e89421cacc6f4c441f49c118cafd140a0a6838a6a73fd8e3ee06a6e2e5f04	2	-253.47	-0.74	-225.99
extract-692e89421cacc6f4c441f49c118cafd140a0a6838a6a73fd8e3ee06a6e2e5f04	3	-253.47	-0.74	-240
extract-69731ba6dcc7a7a62a6336c8a9a68dd0d2571ec69ccc1a120acbc7a592a7b8e2	0	16.18	22.46	-89.9
extract-69731ba6dcc7a7a62a6336c8a9a68dd0d2571ec69ccc1a120acbc7a592a7b8e2	1	16.18	22.46	-69.18
extract-69731ba6dcc7a7a62a6336c8a9a68dd0d2571ec69ccc1a120acbc7a592a7b8e2	2	34.26	22.46	-69.18
extract-69731ba6dcc7a7a62a6336c8a9a68dd0d2571ec69ccc1a120acbc7a592a7b8e2	3	34.26	22.46	-89.9
extract-6a0e79aee40332166d5c7b3deb6460072a1c58135173a22d5915bf80f70b3f2b	0	-176.92	31.37	-79.15
extract-6a0e79aee40332166d5c7b3deb6460072a1c58135173a22d5915bf80f70b3f2b	1	-176.92	31.37	-49.83
extract-6a0e79aee40332166d5c7b3deb6460072a1c58135173a22d5915bf80f70b3f2b	2	-200.1	31.37	-49.83
extract-6a0e79aee40332166d5c7b3deb6460072a1c58135173a22d5915bf80f70b3f2b	3	-200.1	31.37	-79.15
extract-6ab48ff4e5d50311db874595ec853506ad4685bb6b67a2b5e2fc3867d567eb0b	0	-297.94	19.97	-374.46
extract-6ab48ff4e5d50311db874595ec853506ad4685bb6b67a2b5e2fc3867d567eb0b	1	-306.92	19.97	-375.05
extract-6ab48ff4e5d50311db874595ec853506ad4685bb6b67a2b5e2fc3867d567eb0b	2	-307.84	19.68	-361.08
extract-6ab48ff4e5d50311db874595ec853506ad4685bb6b67a2b5e2fc3867d567eb0b	3	-298.85	19.68	-360.49
extract-6b8beb360b424c0148ff04c625e066ba5b1715971b47f4fe09290fe76bdd1616	0	20.7704239	1.3623333	63.29084
extract-6b8beb360b424c0148ff04c625e066ba5b1715971b47f4fe09290fe76bdd1616	1	27.3411064	1.3623333	63.6409073
extract-6b8beb360b424c0148ff04c625e066ba5b1715971b47f4fe09290fe76bdd1616	2	26.7580185	1.3623333	74.58539
extract-6b8beb360b424c0148ff04c625e066ba5b1715971b47f4fe09290fe76bdd1616	3	20.1873379	1.3623333	74.23532
extract-6b969d9df2d10212046c9e7642d075d8e1dc26d40884fc3a26299a6d05414d24	0	-159.94	0.56	-8.64
extract-6b969d9df2d10212046c9e7642d075d8e1dc26d40884fc3a26299a6d05414d24	1	-159.94	0.56	-2.68
extract-6b969d9df2d10212046c9e7642d075d8e1dc26d40884fc3a26299a6d05414d24	2	-167.7	0.56	-2.68
extract-6b969d9df2d10212046c9e7642d075d8e1dc26d40884fc3a26299a6d05414d24	3	-167.7	0.56	-8.64
extract-6eea7e5a1cf0c866fa01fc400da49a7f4da43e2c3efa308784e097bc72f37a1b	0	200.08	-2.78	-156.58
extract-6eea7e5a1cf0c866fa01fc400da49a7f4da43e2c3efa308784e097bc72f37a1b	1	198.96	-2.78	-150.1
extract-6eea7e5a1cf0c866fa01fc400da49a7f4da43e2c3efa308784e097bc72f37a1b	2	201.87	-2.78	-149.59
extract-6eea7e5a1cf0c866fa01fc400da49a7f4da43e2c3efa308784e097bc72f37a1b	3	203	-2.78	-156.08
extract-708b8c5523e9c078373a08ad78ddc6a82561e57b42d1ff2264794a739e9c8c6d	0	-310.09	-1.96	13.43
extract-708b8c5523e9c078373a08ad78ddc6a82561e57b42d1ff2264794a739e9c8c6d	1	-295.41	-1.96	88.36
extract-708b8c5523e9c078373a08ad78ddc6a82561e57b42d1ff2264794a739e9c8c6d	2	-216.73	-1.96	72.95
extract-708b8c5523e9c078373a08ad78ddc6a82561e57b42d1ff2264794a739e9c8c6d	3	-231.41	-1.96	-1.98
extract-71a2e96dc99f3a72344245d2f297e170e0781d33756e6bc3b677186b8596ec2c	0	-869.81	-64.67	486.28
extract-71a2e96dc99f3a72344245d2f297e170e0781d33756e6bc3b677186b8596ec2c	1	-841.5	-64.67	485.68
extract-71a2e96dc99f3a72344245d2f297e170e0781d33756e6bc3b677186b8596ec2c	2	-841.89	-64.67	467.36
extract-71a2e96dc99f3a72344245d2f297e170e0781d33756e6bc3b677186b8596ec2c	3	-870.2	-64.67	467.96
extract-7347a92ce8ccb2aa0a0326bddbfbbbac859eccd8f5b48aa1dfe5bb7a81f367dd	0	-264.93	-9.46	-152.95
extract-7347a92ce8ccb2aa0a0326bddbfbbbac859eccd8f5b48aa1dfe5bb7a81f367dd	1	-264.78	-9.46	-146.26
extract-7347a92ce8ccb2aa0a0326bddbfbbbac859eccd8f5b48aa1dfe5bb7a81f367dd	2	-248.81	-9.46	-146.62
extract-7347a92ce8ccb2aa0a0326bddbfbbbac859eccd8f5b48aa1dfe5bb7a81f367dd	3	-248.96	-9.46	-153.3
extract-7455cb3f0e869dfd9ed31bed00f5c7102d1d1cbb56b75e80f3546cd4408bd665	0	54.88	-0.33	57.84
extract-7455cb3f0e869dfd9ed31bed00f5c7102d1d1cbb56b75e80f3546cd4408bd665	1	54.88	-0.33	68.76
extract-7455cb3f0e869dfd9ed31bed00f5c7102d1d1cbb56b75e80f3546cd4408bd665	2	61.99	-0.33	68.76
extract-7455cb3f0e869dfd9ed31bed00f5c7102d1d1cbb56b75e80f3546cd4408bd665	3	61.99	-0.33	57.84
extract-74eda2c88e96ddbb41f0c4bfd4dad6dac4f15184f57e8041d0740411cf5de649	0	23.08	-2.85	120.03
extract-74eda2c88e96ddbb41f0c4bfd4dad6dac4f15184f57e8041d0740411cf5de649	1	23.08	-2.85	132.55
extract-74eda2c88e96ddbb41f0c4bfd4dad6dac4f15184f57e8041d0740411cf5de649	2	7.08	-2.85	132.55
extract-74eda2c88e96ddbb41f0c4bfd4dad6dac4f15184f57e8041d0740411cf5de649	3	7.08	-2.85	120.03
extract-76063a8242734e6560cf67988e2cd15c3fc594673ba7f401bf19b54f8d82bcba	0	-243.73	0.58	239.01
extract-76063a8242734e6560cf67988e2cd15c3fc594673ba7f401bf19b54f8d82bcba	1	-243.73	0.58	248.58
extract-76063a8242734e6560cf67988e2cd15c3fc594673ba7f401bf19b54f8d82bcba	2	-254.29	0.58	248.58
extract-76063a8242734e6560cf67988e2cd15c3fc594673ba7f401bf19b54f8d82bcba	3	-254.29	0.58	239.01
extract-79b65b0c128b525c9650e6ee4754bdc42dceda0ba230bddc65443813e092c0f4	0	471.16	-57.71	-76.18
extract-79b65b0c128b525c9650e6ee4754bdc42dceda0ba230bddc65443813e092c0f4	1	471.59	-57.71	-57.2
extract-79b65b0c128b525c9650e6ee4754bdc42dceda0ba230bddc65443813e092c0f4	2	484.4	-57.71	-57.49
extract-79b65b0c128b525c9650e6ee4754bdc42dceda0ba230bddc65443813e092c0f4	3	483.97	-57.71	-76.46
extract-7b7ba83685d015803564a0cdb5b245cc3cb01b4ce915e34b091d96d5d2b9a992	0	72.34	-7.16	123.71
extract-7b7ba83685d015803564a0cdb5b245cc3cb01b4ce915e34b091d96d5d2b9a992	1	72.34	-7.16	144.91
extract-7b7ba83685d015803564a0cdb5b245cc3cb01b4ce915e34b091d96d5d2b9a992	2	51.6	-7.16	144.91
extract-7b7ba83685d015803564a0cdb5b245cc3cb01b4ce915e34b091d96d5d2b9a992	3	51.6	-7.16	123.71
extract-7dd93a2993c0e316df787ca75cf6c2b98fc7a6bd147e372bb924801adf37add4	0	5.01	21.06	-73.71
extract-7dd93a2993c0e316df787ca75cf6c2b98fc7a6bd147e372bb924801adf37add4	1	-4.99	21.06	-73.34
extract-7dd93a2993c0e316df787ca75cf6c2b98fc7a6bd147e372bb924801adf37add4	2	-4.45	21.06	-58.35
extract-7dd93a2993c0e316df787ca75cf6c2b98fc7a6bd147e372bb924801adf37add4	3	5.55	21.06	-58.72
extract-7f4286d6cebd8b14262a803b02ff0684c61598cc4c4322ccf416052a1f4c16d1	0	349.74	-67.29	328.29
extract-7f4286d6cebd8b14262a803b02ff0684c61598cc4c4322ccf416052a1f4c16d1	1	376.03	-67.29	347.14
extract-7f4286d6cebd8b14262a803b02ff0684c61598cc4c4322ccf416052a1f4c16d1	2	383.5	-67.29	336.73
extract-7f4286d6cebd8b14262a803b02ff0684c61598cc4c4322ccf416052a1f4c16d1	3	357.21	-67.29	317.88
extract-832c93afe8cea9c190431d8de6bca574acc4013f93ff255dbbc30cfd06c2a621	0	7.77	12.23	-891.73
extract-832c93afe8cea9c190431d8de6bca574acc4013f93ff255dbbc30cfd06c2a621	1	4.77	12.23	-891.73
extract-832c93afe8cea9c190431d8de6bca574acc4013f93ff255dbbc30cfd06c2a621	2	4.77	12.23	-847.23
extract-832c93afe8cea9c190431d8de6bca574acc4013f93ff255dbbc30cfd06c2a621	3	7.77	12.23	-847.23
extract-83a0e57a754754abaed2e68354ad4857217ed05cd2908041aa50683accd32bc7	0	-731.74	3.7	122.28
extract-83a0e57a754754abaed2e68354ad4857217ed05cd2908041aa50683accd32bc7	1	-734.93	3.7	134.88
extract-83a0e57a754754abaed2e68354ad4857217ed05cd2908041aa50683accd32bc7	2	-729.12	3.7	136.36
extract-83a0e57a754754abaed2e68354ad4857217ed05cd2908041aa50683accd32bc7	3	-725.93	3.7	123.76
extract-83a519e478d27a3e366a16ae6c2493dc4c1a43a059a46845950c68d5830d8c23	0	-336.14	17.72	249.5
extract-83a519e478d27a3e366a16ae6c2493dc4c1a43a059a46845950c68d5830d8c23	1	-342.93	17.72	274.02
extract-83a519e478d27a3e366a16ae6c2493dc4c1a43a059a46845950c68d5830d8c23	2	-306.98	17.72	283.98
extract-83a519e478d27a3e366a16ae6c2493dc4c1a43a059a46845950c68d5830d8c23	3	-300.19	17.72	259.46
extract-84a737cce3e373669b38d7bdb45b563181a8e66905006ea85a1c92117265fe23	0	-151.68	-0.22	-223.85
extract-84a737cce3e373669b38d7bdb45b563181a8e66905006ea85a1c92117265fe23	1	-151.68	-0.22	-211.05
extract-84a737cce3e373669b38d7bdb45b563181a8e66905006ea85a1c92117265fe23	2	-175.25	-0.22	-211.05
extract-84a737cce3e373669b38d7bdb45b563181a8e66905006ea85a1c92117265fe23	3	-175.25	-0.22	-223.85
extract-85e42bb512cab37a8c424c8075d7cd020b91a40d980e9433e18253a03c628363	0	-1034.18	-69.73	315.58
extract-85e42bb512cab37a8c424c8075d7cd020b91a40d980e9433e18253a03c628363	1	-1007.01	-69.73	306.56
extract-85e42bb512cab37a8c424c8075d7cd020b91a40d980e9433e18253a03c628363	2	-1015.92	-69.73	279.72
extract-85e42bb512cab37a8c424c8075d7cd020b91a40d980e9433e18253a03c628363	3	-1043.09	-69.73	288.74
extract-872aa5dcf63eef53ae4737817df3241817673aa4b46b8d33cffb92a3d237255b	0	-119.02	-18.32	169.7
extract-872aa5dcf63eef53ae4737817df3241817673aa4b46b8d33cffb92a3d237255b	1	-119.02	-18.32	174.8
extract-872aa5dcf63eef53ae4737817df3241817673aa4b46b8d33cffb92a3d237255b	2	-123.94	-18.32	174.8
extract-872aa5dcf63eef53ae4737817df3241817673aa4b46b8d33cffb92a3d237255b	3	-123.94	-18.32	169.7
extract-8835df80f1cbfd7701c18bb81e9cc1e8296861a91a3458f213ed26ef29753012	0	3.21	-0.76	-148.37
extract-8835df80f1cbfd7701c18bb81e9cc1e8296861a91a3458f213ed26ef29753012	1	3.21	-0.76	-129.12
extract-8835df80f1cbfd7701c18bb81e9cc1e8296861a91a3458f213ed26ef29753012	2	-22.08	-0.76	-129.12
extract-8835df80f1cbfd7701c18bb81e9cc1e8296861a91a3458f213ed26ef29753012	3	-22.08	-0.76	-148.37
extract-898a64fa4930f120310cbef09eb9506074dd915e059d2a7e1a4449581d1c7d0c	0	-47.15	-14.13	113.69
extract-898a64fa4930f120310cbef09eb9506074dd915e059d2a7e1a4449581d1c7d0c	1	-50.49	-14.13	128.31
extract-898a64fa4930f120310cbef09eb9506074dd915e059d2a7e1a4449581d1c7d0c	2	-35.87	-14.13	131.65
extract-898a64fa4930f120310cbef09eb9506074dd915e059d2a7e1a4449581d1c7d0c	3	-32.53	-14.13	117.03
extract-8993081422926ee4efc863267a17d8615a2dec469c570cd572819f6f8f50175b	0	-20.5195751	1.99233329	-66.91916
extract-8993081422926ee4efc863267a17d8615a2dec469c570cd572819f6f8f50175b	1	-13.9488926	1.99233329	-66.56909
extract-8993081422926ee4efc863267a17d8615a2dec469c570cd572819f6f8f50175b	2	-14.5319805	1.99233329	-55.62462
extract-8993081422926ee4efc863267a17d8615a2dec469c570cd572819f6f8f50175b	3	-21.102663	1.99233329	-55.9746857
extract-89da4aadc3848a053b4bf16fd82798f0436a44d0298718897d8993ffa4561883	0	349.89	1.14	-31.16
extract-89da4aadc3848a053b4bf16fd82798f0436a44d0298718897d8993ffa4561883	1	349.89	1.14	-20.54
extract-89da4aadc3848a053b4bf16fd82798f0436a44d0298718897d8993ffa4561883	2	333.25	1.14	-20.54
extract-89da4aadc3848a053b4bf16fd82798f0436a44d0298718897d8993ffa4561883	3	333.25	1.14	-31.16
extract-8a149524589d15c78ccf221940d4b7fef8406425078ca5acc72c6311b6439bc0	0	-351.07	-71.35	567.05
extract-8a149524589d15c78ccf221940d4b7fef8406425078ca5acc72c6311b6439bc0	1	-340.8	-71.35	578.79
extract-8a149524589d15c78ccf221940d4b7fef8406425078ca5acc72c6311b6439bc0	2	-320.7	-71.35	561.23
extract-8a149524589d15c78ccf221940d4b7fef8406425078ca5acc72c6311b6439bc0	3	-330.97	-71.35	549.48
extract-8c0c0588f75b5e5340302aba72e7a9b640ef25e349beb0d261f9074d2c24af4b	0	528.73	-9	-87.74
extract-8c0c0588f75b5e5340302aba72e7a9b640ef25e349beb0d261f9074d2c24af4b	1	540.31	-9	-54.92
extract-8c0c0588f75b5e5340302aba72e7a9b640ef25e349beb0d261f9074d2c24af4b	2	619.24	-9	-82.78
extract-8c0c0588f75b5e5340302aba72e7a9b640ef25e349beb0d261f9074d2c24af4b	3	607.66	-9	-115.6
extract-8e63390ac8828f5f83d1d38e7894d891462024746266924993d99f210667176a	0	1.25	17.33	202.25
extract-8e63390ac8828f5f83d1d38e7894d891462024746266924993d99f210667176a	1	1.25	17.33	214.61
extract-8e63390ac8828f5f83d1d38e7894d891462024746266924993d99f210667176a	2	-19.73	17.33	214.61
extract-8e63390ac8828f5f83d1d38e7894d891462024746266924993d99f210667176a	3	-19.73	17.33	202.25
extract-93eb048fded8ccc48bced047c215a2f6f9a9685e3e51d5eca2391f870396399c	0	-109.92	3.88	-411.57
extract-93eb048fded8ccc48bced047c215a2f6f9a9685e3e51d5eca2391f870396399c	1	-109.92	3.88	-405.52
extract-93eb048fded8ccc48bced047c215a2f6f9a9685e3e51d5eca2391f870396399c	2	-113.65	3.88	-405.52
extract-93eb048fded8ccc48bced047c215a2f6f9a9685e3e51d5eca2391f870396399c	3	-113.65	3.88	-411.57
extract-941a6e96a01862780179a0f606a12a2e4da3bfba794d822f28b57cee9eb0debe	0	-165.74	10.18	-806.23
extract-941a6e96a01862780179a0f606a12a2e4da3bfba794d822f28b57cee9eb0debe	1	-164.87	10.18	-781.09
extract-941a6e96a01862780179a0f606a12a2e4da3bfba794d822f28b57cee9eb0debe	2	-139.38	10.18	-781.97
extract-941a6e96a01862780179a0f606a12a2e4da3bfba794d822f28b57cee9eb0debe	3	-140.25	10.18	-807.11
extract-951558ad14e33176f7c26345b6ece4e374e0c6563c147465e640573faad3546a	0	-120.69	-4.91	-254.32
extract-951558ad14e33176f7c26345b6ece4e374e0c6563c147465e640573faad3546a	1	-120.69	-4.91	-262.32
extract-951558ad14e33176f7c26345b6ece4e374e0c6563c147465e640573faad3546a	2	-125.09	-4.91	-262.32
extract-951558ad14e33176f7c26345b6ece4e374e0c6563c147465e640573faad3546a	3	-125.09	-4.91	-254.32
extract-9852a9ba39285af0ac2ceeda0f2cc57e77b6943355733d97ee6c6f397b56b219	0	-118.12	-5.73	64.08
extract-9852a9ba39285af0ac2ceeda0f2cc57e77b6943355733d97ee6c6f397b56b219	1	-116.75	-5.73	69.18
extract-9852a9ba39285af0ac2ceeda0f2cc57e77b6943355733d97ee6c6f397b56b219	2	-109.3	-5.73	67.18
extract-9852a9ba39285af0ac2ceeda0f2cc57e77b6943355733d97ee6c6f397b56b219	3	-110.67	-5.73	62.09
extract-9c23a84675a5ccb0cc61aa06868639fe6f9e00fc36e2d4c141c86bd5ddeeefd4	0	-52.27	21.33	42.42
extract-9c23a84675a5ccb0cc61aa06868639fe6f9e00fc36e2d4c141c86bd5ddeeefd4	1	-52.27	21.33	45.69
extract-9c23a84675a5ccb0cc61aa06868639fe6f9e00fc36e2d4c141c86bd5ddeeefd4	2	-43.19	21.33	45.69
extract-9c23a84675a5ccb0cc61aa06868639fe6f9e00fc36e2d4c141c86bd5ddeeefd4	3	-43.19	21.33	42.42
extract-9d4cc815b692dcae76d74bf7ea39f7dc90688ab4ff1f60d8cbd4cf3d457dab43	0	457.84	-2.96	-114.03
extract-9d4cc815b692dcae76d74bf7ea39f7dc90688ab4ff1f60d8cbd4cf3d457dab43	1	458.64	-2.96	-109.09
extract-9d4cc815b692dcae76d74bf7ea39f7dc90688ab4ff1f60d8cbd4cf3d457dab43	2	468.52	-2.96	-110.69
extract-9d4cc815b692dcae76d74bf7ea39f7dc90688ab4ff1f60d8cbd4cf3d457dab43	3	467.72	-2.96	-115.63
extract-9f0c60b36da38e33432e71921c342f8dfefd6746787453721d92da5fc66e1088	0	46.03	-3.11	-30.36
extract-9f0c60b36da38e33432e71921c342f8dfefd6746787453721d92da5fc66e1088	1	46.03	-3.11	-27.36
extract-9f0c60b36da38e33432e71921c342f8dfefd6746787453721d92da5fc66e1088	2	50.03	-3.11	-27.36
extract-9f0c60b36da38e33432e71921c342f8dfefd6746787453721d92da5fc66e1088	3	50.03	-3.11	-30.36
extract-9f3be00e3bb32fb11a641be6a38dd994abb315fd4c51b2a7650abc5663273879	0	676.17	0.15	-66.03
extract-9f3be00e3bb32fb11a641be6a38dd994abb315fd4c51b2a7650abc5663273879	1	676.17	0.15	-44.64
extract-9f3be00e3bb32fb11a641be6a38dd994abb315fd4c51b2a7650abc5663273879	2	653.24	0.15	-44.64
extract-9f3be00e3bb32fb11a641be6a38dd994abb315fd4c51b2a7650abc5663273879	3	653.24	0.15	-66.03
extract-9f6688a29da6830f5621b163836b16d792b97228c1c8dae73f0886ff41526afb	0	-211.04	0.02	-478.57
extract-9f6688a29da6830f5621b163836b16d792b97228c1c8dae73f0886ff41526afb	1	-211.04	0.02	-436.98
extract-9f6688a29da6830f5621b163836b16d792b97228c1c8dae73f0886ff41526afb	2	-251.87	0.02	-436.98
extract-9f6688a29da6830f5621b163836b16d792b97228c1c8dae73f0886ff41526afb	3	-251.87	0.02	-478.57
extract-a040d7e0c313852ded6e58bab085774e23f280d35be2a2e27729de5a3398c40b	0	100.39	12.82	-851.9
extract-a040d7e0c313852ded6e58bab085774e23f280d35be2a2e27729de5a3398c40b	1	100.39	12.82	-836.06
extract-a040d7e0c313852ded6e58bab085774e23f280d35be2a2e27729de5a3398c40b	2	85.95	12.82	-836.06
extract-a040d7e0c313852ded6e58bab085774e23f280d35be2a2e27729de5a3398c40b	3	85.95	12.82	-851.9
extract-a0be246adb77393689fcd256820b54970317262128ccb1276fb61706b6dd23d4	0	-122.09	-4.84	63.88
extract-a0be246adb77393689fcd256820b54970317262128ccb1276fb61706b6dd23d4	1	-121.34	-4.84	68.35
extract-a0be246adb77393689fcd256820b54970317262128ccb1276fb61706b6dd23d4	2	-106.47	-4.84	65.88
extract-a0be246adb77393689fcd256820b54970317262128ccb1276fb61706b6dd23d4	3	-107.22	-4.84	61.41
extract-a1f5a597509a9d992542cb42effd72c6059c479b5d433fed4cbf48ca363d58c9	0	77.91	-5.66	-31.89
extract-a1f5a597509a9d992542cb42effd72c6059c479b5d433fed4cbf48ca363d58c9	1	70.2	-5.66	-32.3
extract-a1f5a597509a9d992542cb42effd72c6059c479b5d433fed4cbf48ca363d58c9	2	69.87	-5.66	-26.28
extract-a1f5a597509a9d992542cb42effd72c6059c479b5d433fed4cbf48ca363d58c9	3	77.59	-5.66	-25.87
extract-a4c774af0d5d3e47bd573b2feb71081be1c9a273743485f1b76896f1354f8726	0	-68.73051	2.85233331	52.4488068
extract-a4c774af0d5d3e47bd573b2feb71081be1c9a273743485f1b76896f1354f8726	1	-58.26535	2.85233331	53.0063553
extract-a4c774af0d5d3e47bd573b2feb71081be1c9a273743485f1b76896f1354f8726	2	-58.60105	2.85233331	59.30742
extract-a4c774af0d5d3e47bd573b2feb71081be1c9a273743485f1b76896f1354f8726	3	-69.06621	2.85233331	58.74987
extract-a542ae14aaac0d84a4bdd1c5df72d6e9ab696935116e851889fcb3fcbe93bdd3	0	92.08	2.25	-973.37
extract-a542ae14aaac0d84a4bdd1c5df72d6e9ab696935116e851889fcb3fcbe93bdd3	1	125.57	2.25	-963.96
extract-a542ae14aaac0d84a4bdd1c5df72d6e9ab696935116e851889fcb3fcbe93bdd3	2	137.26	2.25	-1005.55
extract-a542ae14aaac0d84a4bdd1c5df72d6e9ab696935116e851889fcb3fcbe93bdd3	3	103.77	2.25	-1014.96
extract-a622948dfccafe4cd561e9c57f7166bf62b2b10d0464e0af7932568675c84fdb	0	-147.93	0.56	499.08
extract-a622948dfccafe4cd561e9c57f7166bf62b2b10d0464e0af7932568675c84fdb	1	-147.93	0.56	501.17
extract-a622948dfccafe4cd561e9c57f7166bf62b2b10d0464e0af7932568675c84fdb	2	-153.1	0.56	501.17
extract-a622948dfccafe4cd561e9c57f7166bf62b2b10d0464e0af7932568675c84fdb	3	-153.1	0.56	499.08
extract-a69d77e1c37e67abb3fd56c758c31d38ca10bfb92cebf74a0b6dbc665541e57f	0	418.53	-14.97	237.42
extract-a69d77e1c37e67abb3fd56c758c31d38ca10bfb92cebf74a0b6dbc665541e57f	1	418.53	-14.97	246.92
extract-a69d77e1c37e67abb3fd56c758c31d38ca10bfb92cebf74a0b6dbc665541e57f	2	408.84	-14.97	246.92
extract-a69d77e1c37e67abb3fd56c758c31d38ca10bfb92cebf74a0b6dbc665541e57f	3	408.84	-14.97	237.42
extract-a6ac2302cf77af599d14ee48a8ce4ac02a695bd11194ae03577a50a7b808f396	0	18	-0.43	-1.06
extract-a6ac2302cf77af599d14ee48a8ce4ac02a695bd11194ae03577a50a7b808f396	1	17.89	-0.43	1.94
extract-a6ac2302cf77af599d14ee48a8ce4ac02a695bd11194ae03577a50a7b808f396	2	20.89	-0.43	2.05
extract-a6ac2302cf77af599d14ee48a8ce4ac02a695bd11194ae03577a50a7b808f396	3	21	-0.43	-0.95
extract-a8b2e559c32bfb3461dfa7357ffa7e4451ccdae985cc4142d3451ed4333d445c	0	277.94	2.34	343.17
extract-a8b2e559c32bfb3461dfa7357ffa7e4451ccdae985cc4142d3451ed4333d445c	1	277.94	2.34	347.61
extract-a8b2e559c32bfb3461dfa7357ffa7e4451ccdae985cc4142d3451ed4333d445c	2	274.28	2.34	347.61
extract-a8b2e559c32bfb3461dfa7357ffa7e4451ccdae985cc4142d3451ed4333d445c	3	274.28	2.34	343.17
extract-aa917679140357e4418727b1c53ff562a802d7ad335edf2a0a8426d1ff7dd837	0	0.95	-1.75	-146.92
extract-aa917679140357e4418727b1c53ff562a802d7ad335edf2a0a8426d1ff7dd837	1	0.95	-1.75	-129.98
extract-aa917679140357e4418727b1c53ff562a802d7ad335edf2a0a8426d1ff7dd837	2	-21.45	-1.75	-129.98
extract-aa917679140357e4418727b1c53ff562a802d7ad335edf2a0a8426d1ff7dd837	3	-21.45	-1.75	-146.92
extract-ac96a2c8cadb6075f5ce9aa40d028b0124e223aeef7b43456c99b640c75e484c	0	88.86	-6.33	-43.91
extract-ac96a2c8cadb6075f5ce9aa40d028b0124e223aeef7b43456c99b640c75e484c	1	111.07	-6.33	-39.26
extract-ac96a2c8cadb6075f5ce9aa40d028b0124e223aeef7b43456c99b640c75e484c	2	112.26	-6.33	-44.93
extract-ac96a2c8cadb6075f5ce9aa40d028b0124e223aeef7b43456c99b640c75e484c	3	90.05	-6.33	-49.58
extract-adb2e24556214925fafea663b7fb858b686bde61b54b9e6db1f9fa511945e212	0	-49.62	9.04	-74.18
extract-adb2e24556214925fafea663b7fb858b686bde61b54b9e6db1f9fa511945e212	1	-48.77	9.04	-68.73
extract-adb2e24556214925fafea663b7fb858b686bde61b54b9e6db1f9fa511945e212	2	-39.86	9.04	-70.12
extract-adb2e24556214925fafea663b7fb858b686bde61b54b9e6db1f9fa511945e212	3	-40.72	9.04	-75.57
extract-adc1582010bc5ceff993d5e8e0339d266e76f9045f0ed3d065bbe4482c9410de	0	-8.58	-3.51	38.85
extract-adc1582010bc5ceff993d5e8e0339d266e76f9045f0ed3d065bbe4482c9410de	1	-8.58	-3.51	41.4
extract-adc1582010bc5ceff993d5e8e0339d266e76f9045f0ed3d065bbe4482c9410de	2	-6.04	-3.51	41.4
extract-adc1582010bc5ceff993d5e8e0339d266e76f9045f0ed3d065bbe4482c9410de	3	-6.04	-3.51	38.85
extract-adef9d54b70d5d82c368eb7363f32e77dfe57177790c88c7abe9b57c0577b7c3	0	-323.51	-0.68	-97.41
extract-adef9d54b70d5d82c368eb7363f32e77dfe57177790c88c7abe9b57c0577b7c3	1	-323.51	-0.68	-78.55
extract-adef9d54b70d5d82c368eb7363f32e77dfe57177790c88c7abe9b57c0577b7c3	2	-346.09	-0.68	-78.55
extract-adef9d54b70d5d82c368eb7363f32e77dfe57177790c88c7abe9b57c0577b7c3	3	-346.09	-0.68	-97.41
extract-af8ac0903c6bf612daf4240793cd418d2ee0f3b3ac09eb3f1c676b348d472050	0	-334.83	-1.83	402.05
extract-af8ac0903c6bf612daf4240793cd418d2ee0f3b3ac09eb3f1c676b348d472050	1	-335.27	-1.83	438.2
extract-af8ac0903c6bf612daf4240793cd418d2ee0f3b3ac09eb3f1c676b348d472050	2	-256.77	-1.83	439.15
extract-af8ac0903c6bf612daf4240793cd418d2ee0f3b3ac09eb3f1c676b348d472050	3	-256.33	-1.83	403
extract-b2a3ca3004e97dfbe7c92216d70afa9cb0cb6e2123cfd956e6a86a56c5a01321	0	223.32	18.55	-709.16
extract-b2a3ca3004e97dfbe7c92216d70afa9cb0cb6e2123cfd956e6a86a56c5a01321	1	223.32	18.55	-702.43
extract-b2a3ca3004e97dfbe7c92216d70afa9cb0cb6e2123cfd956e6a86a56c5a01321	2	217.54	18.55	-702.43
extract-b2a3ca3004e97dfbe7c92216d70afa9cb0cb6e2123cfd956e6a86a56c5a01321	3	217.54	18.55	-709.16
extract-b5bc6eb093b5e20026a7978bafc306c1d3f275dff4585ab27e1d427e2c9dcea5	0	-107.14	-7.87	412.22
extract-b5bc6eb093b5e20026a7978bafc306c1d3f275dff4585ab27e1d427e2c9dcea5	1	-107.14	-7.87	482.93
extract-b5bc6eb093b5e20026a7978bafc306c1d3f275dff4585ab27e1d427e2c9dcea5	2	-177.85	-7.87	482.93
extract-b5bc6eb093b5e20026a7978bafc306c1d3f275dff4585ab27e1d427e2c9dcea5	3	-177.85	-7.87	412.22
extract-b66c4e9dbe31bec3abca86925bb1b3d397f5c9c7d159925bc8710dda2e2eba28	0	301.62	3.19	395.76
extract-b66c4e9dbe31bec3abca86925bb1b3d397f5c9c7d159925bc8710dda2e2eba28	1	301.62	3.19	416.16
extract-b66c4e9dbe31bec3abca86925bb1b3d397f5c9c7d159925bc8710dda2e2eba28	2	323.86	3.19	416.16
extract-b66c4e9dbe31bec3abca86925bb1b3d397f5c9c7d159925bc8710dda2e2eba28	3	323.86	3.19	395.76
extract-b993300b4ca826041c96b962911918bf603d2bc3c7b1764453d3fd0516173f50	0	-103.74	15.62	-78.82
extract-b993300b4ca826041c96b962911918bf603d2bc3c7b1764453d3fd0516173f50	1	-103.21	15.62	-66.83
extract-b993300b4ca826041c96b962911918bf603d2bc3c7b1764453d3fd0516173f50	2	-91.22	15.62	-67.36
extract-b993300b4ca826041c96b962911918bf603d2bc3c7b1764453d3fd0516173f50	3	-91.75	15.62	-79.35
extract-bde2ee2e34d1d719388c8165e3adc1f230956c3cbf14cbb373d3567d908d0ca6	0	-875.35	-45.67	11.86
extract-bde2ee2e34d1d719388c8165e3adc1f230956c3cbf14cbb373d3567d908d0ca6	1	-842.29	-45.67	11.17
extract-bde2ee2e34d1d719388c8165e3adc1f230956c3cbf14cbb373d3567d908d0ca6	2	-842.75	-45.67	-10.88
extract-bde2ee2e34d1d719388c8165e3adc1f230956c3cbf14cbb373d3567d908d0ca6	3	-875.81	-45.67	-10.19
extract-be6f085789045e43f8dc6e7a64f1d9da245e984f720eacf05e24ae5c1eaae664	0	357.08	-67.35	-276.76
extract-be6f085789045e43f8dc6e7a64f1d9da245e984f720eacf05e24ae5c1eaae664	1	493.14	-67.35	-171.14
extract-be6f085789045e43f8dc6e7a64f1d9da245e984f720eacf05e24ae5c1eaae664	2	540.72	-67.35	-232.44
extract-be6f085789045e43f8dc6e7a64f1d9da245e984f720eacf05e24ae5c1eaae664	3	404.66	-67.35	-338.06
extract-c9529e0e8ca3976d72c46b0b3ccc81afecf14e028ecc9fdebfe58e3e48e3e783	0	27.34	-0.41	63.64
extract-c9529e0e8ca3976d72c46b0b3ccc81afecf14e028ecc9fdebfe58e3e48e3e783	1	20.77	-0.41	63.29
extract-c9529e0e8ca3976d72c46b0b3ccc81afecf14e028ecc9fdebfe58e3e48e3e783	2	20.19	-0.41	74.24
extract-c9529e0e8ca3976d72c46b0b3ccc81afecf14e028ecc9fdebfe58e3e48e3e783	3	26.76	-0.41	74.59
extract-cb37457bd183b852d3019ffeeade75b1c138da9a5a473305aeff21a4d8b3b914	0	-391.81	3.32	6.29
extract-cb37457bd183b852d3019ffeeade75b1c138da9a5a473305aeff21a4d8b3b914	1	-391.81	3.32	15.8
extract-cb37457bd183b852d3019ffeeade75b1c138da9a5a473305aeff21a4d8b3b914	2	-386.51	3.32	15.8
extract-cb37457bd183b852d3019ffeeade75b1c138da9a5a473305aeff21a4d8b3b914	3	-386.51	3.32	6.29
extract-ce0e261e557e097934feb88169fa2107ebea13ebe17f7c02ac4fd35ca65daf12	0	-13.95	0.22	-66.57
extract-ce0e261e557e097934feb88169fa2107ebea13ebe17f7c02ac4fd35ca65daf12	1	-20.52	0.22	-66.92
extract-ce0e261e557e097934feb88169fa2107ebea13ebe17f7c02ac4fd35ca65daf12	2	-21.1	0.22	-55.97
extract-ce0e261e557e097934feb88169fa2107ebea13ebe17f7c02ac4fd35ca65daf12	3	-14.53	0.22	-55.62
extract-ceb5a07889c8cf418cb3d2795d3588e2ae1af7f7c2b35893b1b6f959f893bbe5	0	-278.75	-2.59	209.29
extract-ceb5a07889c8cf418cb3d2795d3588e2ae1af7f7c2b35893b1b6f959f893bbe5	1	-273.5	-2.59	233.59
extract-ceb5a07889c8cf418cb3d2795d3588e2ae1af7f7c2b35893b1b6f959f893bbe5	2	-255.33	-2.59	229.67
extract-ceb5a07889c8cf418cb3d2795d3588e2ae1af7f7c2b35893b1b6f959f893bbe5	3	-260.58	-2.59	205.37
extract-cec70723a57d367a3a8cca4b8802164301376873c675bb1d655c317c716674c6	0	633.05	-4.25	-133.07
extract-cec70723a57d367a3a8cca4b8802164301376873c675bb1d655c317c716674c6	1	633.05	-4.25	-124.14
extract-cec70723a57d367a3a8cca4b8802164301376873c675bb1d655c317c716674c6	2	609.94	-4.25	-124.14
extract-cec70723a57d367a3a8cca4b8802164301376873c675bb1d655c317c716674c6	3	609.94	-4.25	-133.07
extract-cf66f68459739403af9c2be52dab0e82f5b32dc7cb068501295bb74926e5e31e	0	16.182127	24.5091858	-89.90186
extract-cf66f68459739403af9c2be52dab0e82f5b32dc7cb068501295bb74926e5e31e	1	34.2570038	24.5091858	-89.90186
extract-cf66f68459739403af9c2be52dab0e82f5b32dc7cb068501295bb74926e5e31e	2	34.2570038	24.5091858	-69.1808853
extract-cf66f68459739403af9c2be52dab0e82f5b32dc7cb068501295bb74926e5e31e	3	16.182127	24.5091858	-69.1808853
extract-d07a3c571733d0a4995f5afab8d19a07d2578c2c9cd0735928a6a68c8150dd38	0	57.08	-7.26	-194.42
extract-d07a3c571733d0a4995f5afab8d19a07d2578c2c9cd0735928a6a68c8150dd38	1	59.66	-7.26	-184.76
extract-d07a3c571733d0a4995f5afab8d19a07d2578c2c9cd0735928a6a68c8150dd38	2	66.76	-7.26	-186.66
extract-d07a3c571733d0a4995f5afab8d19a07d2578c2c9cd0735928a6a68c8150dd38	3	64.18	-7.26	-196.32
extract-d1eb04f6d1ffc5e1dafca1e988a59746105739478dc668ed819fb374c756a13e	0	-135.74	-5.31	40.62
extract-d1eb04f6d1ffc5e1dafca1e988a59746105739478dc668ed819fb374c756a13e	1	-135.74	-5.31	52.75
extract-d1eb04f6d1ffc5e1dafca1e988a59746105739478dc668ed819fb374c756a13e	2	-162.48	-5.31	52.75
extract-d1eb04f6d1ffc5e1dafca1e988a59746105739478dc668ed819fb374c756a13e	3	-162.48	-5.31	40.62
extract-d376a8d9636fd4f387855cf8c855e0d7086317d631f7a28dca7411dac70a50db	0	188.304	17.6449986	128.388992
extract-d376a8d9636fd4f387855cf8c855e0d7086317d631f7a28dca7411dac70a50db	1	193.304	17.6449986	128.388992
extract-d376a8d9636fd4f387855cf8c855e0d7086317d631f7a28dca7411dac70a50db	2	193.304	17.6449986	138.388992
extract-d376a8d9636fd4f387855cf8c855e0d7086317d631f7a28dca7411dac70a50db	3	188.304	17.6449986	138.388992
extract-d5ee6dec6cdd0a212b17bc8a17ed36dbd2b9617206c974e1e54cb3296f7fd608	0	213.99	1.31	-2.2
extract-d5ee6dec6cdd0a212b17bc8a17ed36dbd2b9617206c974e1e54cb3296f7fd608	1	213.99	1.31	8.82
extract-d5ee6dec6cdd0a212b17bc8a17ed36dbd2b9617206c974e1e54cb3296f7fd608	2	197.19	1.31	8.82
extract-d5ee6dec6cdd0a212b17bc8a17ed36dbd2b9617206c974e1e54cb3296f7fd608	3	197.19	1.31	-2.2
extract-d670612709535a84bbb3b11fc86df11abce374d0bd7e3b8d11d815d47ef913d8	0	119.33	-2.85	-389.32
extract-d670612709535a84bbb3b11fc86df11abce374d0bd7e3b8d11d815d47ef913d8	1	79.68	-2.85	-356.93
extract-d670612709535a84bbb3b11fc86df11abce374d0bd7e3b8d11d815d47ef913d8	2	158.93	-2.85	-259.91
extract-d670612709535a84bbb3b11fc86df11abce374d0bd7e3b8d11d815d47ef913d8	3	198.58	-2.85	-292.3
extract-d72d44eb1e4b72a35741d8e1c5ffcf32d1ab514405c9bbcce1052142b2c21e6d	0	-22.1185246	23.7110023	110.356392
extract-d72d44eb1e4b72a35741d8e1c5ffcf32d1ab514405c9bbcce1052142b2c21e6d	1	-22.1185226	23.7110023	110.356392
extract-d72d44eb1e4b72a35741d8e1c5ffcf32d1ab514405c9bbcce1052142b2c21e6d	2	-16.9581242	23.7110023	110.328438
extract-d72d44eb1e4b72a35741d8e1c5ffcf32d1ab514405c9bbcce1052142b2c21e6d	3	-16.9581223	23.7110023	110.328438
extract-d72d44eb1e4b72a35741d8e1c5ffcf32d1ab514405c9bbcce1052142b2c21e6d	4	-16.90829	23.7110023	119.527878
extract-d72d44eb1e4b72a35741d8e1c5ffcf32d1ab514405c9bbcce1052142b2c21e6d	5	-22.0686913	23.7110023	119.555832
extract-d80df1385914d8c3ea3dde699d81f1a02df938adc5d8e81f1688e2b4c8c2d64e	0	-441.72	4.08	-114
extract-d80df1385914d8c3ea3dde699d81f1a02df938adc5d8e81f1688e2b4c8c2d64e	1	-333.88	4.08	-49.98
extract-d80df1385914d8c3ea3dde699d81f1a02df938adc5d8e81f1688e2b4c8c2d64e	2	-287.08	4.08	-128.8
extract-d80df1385914d8c3ea3dde699d81f1a02df938adc5d8e81f1688e2b4c8c2d64e	3	-394.92	4.08	-192.82
extract-d8719d57a4db10ecbc8ee4325c06e39102624c3a1e323c69a10ae7a4a558135f	0	550.09	15.7	69.21
extract-d8719d57a4db10ecbc8ee4325c06e39102624c3a1e323c69a10ae7a4a558135f	1	554.11	15.7	93.68
extract-d8719d57a4db10ecbc8ee4325c06e39102624c3a1e323c69a10ae7a4a558135f	2	677.71	15.7	73.39
extract-d8719d57a4db10ecbc8ee4325c06e39102624c3a1e323c69a10ae7a4a558135f	3	673.69	15.7	48.92
extract-d9ed3ba4a1625bb7c7ab91ee23a371c0b6f1d990e7e172d54d6e4eb07c102027	0	-188.81	-15.64	-381.62
extract-d9ed3ba4a1625bb7c7ab91ee23a371c0b6f1d990e7e172d54d6e4eb07c102027	1	-188.81	-15.64	-341.98
extract-d9ed3ba4a1625bb7c7ab91ee23a371c0b6f1d990e7e172d54d6e4eb07c102027	2	-239.79	-15.64	-341.98
extract-d9ed3ba4a1625bb7c7ab91ee23a371c0b6f1d990e7e172d54d6e4eb07c102027	3	-239.79	-15.64	-381.62
extract-dac43ab7a5698c860073952be21b8c6438948ee6b9863dc447b68da853905a56	0	-538.2	0.73	-85.79
extract-dac43ab7a5698c860073952be21b8c6438948ee6b9863dc447b68da853905a56	1	-538.2	0.73	-48.31
extract-dac43ab7a5698c860073952be21b8c6438948ee6b9863dc447b68da853905a56	2	-576.45	0.73	-48.31
extract-dac43ab7a5698c860073952be21b8c6438948ee6b9863dc447b68da853905a56	3	-576.45	0.73	-85.79
extract-db9f2e080cf64eae59dc413073577d100d36fa5c1a34db8d6b6c860f96ceb9fd	0	-498.62	20.42	-46.43
extract-db9f2e080cf64eae59dc413073577d100d36fa5c1a34db8d6b6c860f96ceb9fd	1	-498.62	20.42	-24.23
extract-db9f2e080cf64eae59dc413073577d100d36fa5c1a34db8d6b6c860f96ceb9fd	2	-520.11	20.42	-24.23
extract-db9f2e080cf64eae59dc413073577d100d36fa5c1a34db8d6b6c860f96ceb9fd	3	-520.11	20.42	-46.43
extract-dd8aaaf1d17ba031216678b194a26165e73722feaa491146e05d88d16e0e2ff4	0	203.108765	17.9920559	-83.10464
extract-dd8aaaf1d17ba031216678b194a26165e73722feaa491146e05d88d16e0e2ff4	1	233.341248	17.9920559	-83.10464
extract-dd8aaaf1d17ba031216678b194a26165e73722feaa491146e05d88d16e0e2ff4	2	233.341248	17.9920559	6.091469
extract-dd8aaaf1d17ba031216678b194a26165e73722feaa491146e05d88d16e0e2ff4	3	203.108765	17.9920559	6.091469
extract-ded72aea434cd07fa6e43d1a5faf3ee75f2b47f8f0936791a6cf258e42d894bd	0	-296.37	-11.7	-249.09
extract-ded72aea434cd07fa6e43d1a5faf3ee75f2b47f8f0936791a6cf258e42d894bd	1	-296.37	-11.7	-217.47
extract-ded72aea434cd07fa6e43d1a5faf3ee75f2b47f8f0936791a6cf258e42d894bd	2	-331.07	-11.7	-217.47
extract-ded72aea434cd07fa6e43d1a5faf3ee75f2b47f8f0936791a6cf258e42d894bd	3	-331.07	-11.7	-249.09
extract-dfc04b0f3b9eb663b187cf06875d4e8b46613f31cbc2d416b58c523bc894dabb	0	188.3	16.14	128.39
extract-dfc04b0f3b9eb663b187cf06875d4e8b46613f31cbc2d416b58c523bc894dabb	1	188.3	16.14	138.39
extract-dfc04b0f3b9eb663b187cf06875d4e8b46613f31cbc2d416b58c523bc894dabb	2	193.3	16.14	138.39
extract-dfc04b0f3b9eb663b187cf06875d4e8b46613f31cbc2d416b58c523bc894dabb	3	193.3	16.14	128.39
extract-e28e0f21a7019daa2b7e21285eab3eddc8d1471c9844f279246f1c9da0c3f5a3	0	170.78	-3.25	-493.01
extract-e28e0f21a7019daa2b7e21285eab3eddc8d1471c9844f279246f1c9da0c3f5a3	1	170.61	-3.25	-479.11
extract-e28e0f21a7019daa2b7e21285eab3eddc8d1471c9844f279246f1c9da0c3f5a3	2	190.54	-3.25	-478.87
extract-e28e0f21a7019daa2b7e21285eab3eddc8d1471c9844f279246f1c9da0c3f5a3	3	190.71	-3.25	-492.77
extract-e37ffce90a7abc5ce624b62e74daffc644235a58ddfe93c6ad2f1c6c3086cb84	0	366.8	-19.74	339.61
extract-e37ffce90a7abc5ce624b62e74daffc644235a58ddfe93c6ad2f1c6c3086cb84	1	366.8	-19.74	380.53
extract-e37ffce90a7abc5ce624b62e74daffc644235a58ddfe93c6ad2f1c6c3086cb84	2	327.51	-19.74	380.53
extract-e37ffce90a7abc5ce624b62e74daffc644235a58ddfe93c6ad2f1c6c3086cb84	3	327.51	-19.74	339.61
extract-e4c856d1c28c92ffcb3e9070ab9d5929b550a1a2be003a352d9696a6157cdbeb	0	-120.69	-6.85	-148.45
extract-e4c856d1c28c92ffcb3e9070ab9d5929b550a1a2be003a352d9696a6157cdbeb	1	-120.69	-6.85	-136.73
extract-e4c856d1c28c92ffcb3e9070ab9d5929b550a1a2be003a352d9696a6157cdbeb	2	-135.11	-6.85	-136.73
extract-e4c856d1c28c92ffcb3e9070ab9d5929b550a1a2be003a352d9696a6157cdbeb	3	-135.11	-6.85	-148.45
extract-e897d233998e7bdcdb3de066ce36179e40da7ea28cbd13a79dadbeb08ff877e3	0	264.03	-5.91	42.57
extract-e897d233998e7bdcdb3de066ce36179e40da7ea28cbd13a79dadbeb08ff877e3	1	264.03	-5.91	54.87
extract-e897d233998e7bdcdb3de066ce36179e40da7ea28cbd13a79dadbeb08ff877e3	2	255.11	-5.91	54.87
extract-e897d233998e7bdcdb3de066ce36179e40da7ea28cbd13a79dadbeb08ff877e3	3	255.11	-5.91	42.57
extract-e96841d9725f1d31f84d065ebdf31f162fcac2429bbd97ac2bfa8b5eb52345e6	0	16.01026	8.730333	38.38853
extract-e96841d9725f1d31f84d065ebdf31f162fcac2429bbd97ac2bfa8b5eb52345e6	1	19.8048782	8.730333	38.5907
extract-e96841d9725f1d31f84d065ebdf31f162fcac2429bbd97ac2bfa8b5eb52345e6	2	19.6561832	8.730333	41.3816948
extract-e96841d9725f1d31f84d065ebdf31f162fcac2429bbd97ac2bfa8b5eb52345e6	3	15.8615646	8.730333	41.1795273
extract-e98b0f882f9bdfd1b26ffe5902af9785b8ffd39fb8291e622837f5ef29f46017	0	-143.62	-4.04	-401.34
extract-e98b0f882f9bdfd1b26ffe5902af9785b8ffd39fb8291e622837f5ef29f46017	1	-143.62	-4.04	-392.32
extract-e98b0f882f9bdfd1b26ffe5902af9785b8ffd39fb8291e622837f5ef29f46017	2	-146.49	-4.04	-392.32
extract-e98b0f882f9bdfd1b26ffe5902af9785b8ffd39fb8291e622837f5ef29f46017	3	-146.49	-4.04	-401.34
extract-eb229a4438df2c2e0d45fc855b08704a9628cb87cf2bea6629c9d42d218727b8	0	44.06	-6.99	72.98
extract-eb229a4438df2c2e0d45fc855b08704a9628cb87cf2bea6629c9d42d218727b8	1	44.06	-6.99	79.92
extract-eb229a4438df2c2e0d45fc855b08704a9628cb87cf2bea6629c9d42d218727b8	2	36.3	-6.99	79.92
extract-eb229a4438df2c2e0d45fc855b08704a9628cb87cf2bea6629c9d42d218727b8	3	36.3	-6.99	72.98
extract-ec6c1ac3d83fa9409816d1a17788dcc28837492d3e5f2e651ed7f7296930245b	0	-110.95	-4.61	-345.95
extract-ec6c1ac3d83fa9409816d1a17788dcc28837492d3e5f2e651ed7f7296930245b	1	-110.95	-4.61	-342.12
extract-ec6c1ac3d83fa9409816d1a17788dcc28837492d3e5f2e651ed7f7296930245b	2	-113.65	-4.61	-342.12
extract-ec6c1ac3d83fa9409816d1a17788dcc28837492d3e5f2e651ed7f7296930245b	3	-113.65	-4.61	-345.95
extract-ed43d25893f9f5fdcd678b5f7c8ba8ea7bb83be51a8e017648679d29692c61d0	0	140.21	-4.1	278.55
extract-ed43d25893f9f5fdcd678b5f7c8ba8ea7bb83be51a8e017648679d29692c61d0	1	140.21	-4.1	295.13
extract-ed43d25893f9f5fdcd678b5f7c8ba8ea7bb83be51a8e017648679d29692c61d0	2	125.93	-4.1	295.13
extract-ed43d25893f9f5fdcd678b5f7c8ba8ea7bb83be51a8e017648679d29692c61d0	3	125.93	-4.1	278.55
extract-efa27f884a1047c77441d901a08fdf7522552570a3217984a1a1282454e71b68	0	55.15	0.14	55.41
extract-efa27f884a1047c77441d901a08fdf7522552570a3217984a1a1282454e71b68	1	55.15	0.14	66.33
extract-efa27f884a1047c77441d901a08fdf7522552570a3217984a1a1282454e71b68	2	62.26	0.14	66.33
extract-efa27f884a1047c77441d901a08fdf7522552570a3217984a1a1282454e71b68	3	62.26	0.14	55.41
extract-effe9424318dd76e2f9f42c201f4329ca22ecafa53885ca048d05bc236def441	0	-58.27	1.31	53.01
extract-effe9424318dd76e2f9f42c201f4329ca22ecafa53885ca048d05bc236def441	1	-68.73	1.31	52.45
extract-effe9424318dd76e2f9f42c201f4329ca22ecafa53885ca048d05bc236def441	2	-69.07	1.31	58.75
extract-effe9424318dd76e2f9f42c201f4329ca22ecafa53885ca048d05bc236def441	3	-58.6	1.31	59.31
extract-f09c6858b5391f8b419d85b39692634cc5c6087c07140a59b20d9906373c530d	0	-398.82	-7.55	-394.84
extract-f09c6858b5391f8b419d85b39692634cc5c6087c07140a59b20d9906373c530d	1	-403	-7.55	-385.76
extract-f09c6858b5391f8b419d85b39692634cc5c6087c07140a59b20d9906373c530d	2	-383.09	-7.55	-376.6
extract-f09c6858b5391f8b419d85b39692634cc5c6087c07140a59b20d9906373c530d	3	-378.91	-7.55	-385.68
extract-f1f7b508673f9f4e7c2570a9fb023106ad02f5bdd7811fd2481eb7e0d5bf9ffb	0	-519.66	-2.14	278.32
extract-f1f7b508673f9f4e7c2570a9fb023106ad02f5bdd7811fd2481eb7e0d5bf9ffb	1	-519.66	-2.14	295.78
extract-f1f7b508673f9f4e7c2570a9fb023106ad02f5bdd7811fd2481eb7e0d5bf9ffb	2	-550.83	-2.14	295.78
extract-f1f7b508673f9f4e7c2570a9fb023106ad02f5bdd7811fd2481eb7e0d5bf9ffb	3	-550.83	-2.14	278.32
extract-f242a6228bd9ae3d3e959241ed4b103fd5f4c407c60294df7532249d30500568	0	203.11	15.95	-83.1
extract-f242a6228bd9ae3d3e959241ed4b103fd5f4c407c60294df7532249d30500568	1	203.11	15.95	6.09
extract-f242a6228bd9ae3d3e959241ed4b103fd5f4c407c60294df7532249d30500568	2	233.34	15.95	6.09
extract-f242a6228bd9ae3d3e959241ed4b103fd5f4c407c60294df7532249d30500568	3	233.34	15.95	-83.1
extract-f739501a3f56e45e9fdf8dc445b6ea314ca2153ded4ed990b68b1b70d716292c	0	-247.34	0.58	241.99
extract-f739501a3f56e45e9fdf8dc445b6ea314ca2153ded4ed990b68b1b70d716292c	1	-247.34	0.58	245.6
extract-f739501a3f56e45e9fdf8dc445b6ea314ca2153ded4ed990b68b1b70d716292c	2	-250.68	0.58	245.6
extract-f739501a3f56e45e9fdf8dc445b6ea314ca2153ded4ed990b68b1b70d716292c	3	-250.68	0.58	241.99
extract-f7f3741fcb7c9b20ebf2d2a7bc48e3c30b8bc2906b454bdfd73f260a1f46a9cb	0	126.55	-12.38	-123.99
extract-f7f3741fcb7c9b20ebf2d2a7bc48e3c30b8bc2906b454bdfd73f260a1f46a9cb	1	126.55	-12.38	-116.72
extract-f7f3741fcb7c9b20ebf2d2a7bc48e3c30b8bc2906b454bdfd73f260a1f46a9cb	2	115.01	-12.38	-116.72
extract-f7f3741fcb7c9b20ebf2d2a7bc48e3c30b8bc2906b454bdfd73f260a1f46a9cb	3	115.01	-12.38	-123.99
extract-f80db894c47c090128b47690bce5d65ee4a0b63cbab4a9c19f62fd43b6ddda9c	0	-12.18	-2.65	37.72
extract-f80db894c47c090128b47690bce5d65ee4a0b63cbab4a9c19f62fd43b6ddda9c	1	-18.98	-2.65	37.36
extract-f80db894c47c090128b47690bce5d65ee4a0b63cbab4a9c19f62fd43b6ddda9c	2	-19.25	-2.65	42.49
extract-f80db894c47c090128b47690bce5d65ee4a0b63cbab4a9c19f62fd43b6ddda9c	3	-12.45	-2.65	42.86
extract-f8a4f29f2c99e783ea8cc0820263fadf036ff6e8e013940695b96fd4abae59fa	0	142.220459	24.662056	-106.067726
extract-f8a4f29f2c99e783ea8cc0820263fadf036ff6e8e013940695b96fd4abae59fa	1	161.029541	24.662056	-106.067726
extract-f8a4f29f2c99e783ea8cc0820263fadf036ff6e8e013940695b96fd4abae59fa	2	161.029541	24.662056	-88.8454361
extract-f8a4f29f2c99e783ea8cc0820263fadf036ff6e8e013940695b96fd4abae59fa	3	142.220459	24.662056	-88.8454361
extract-fabf6b87a2ef22e959311f32d90576a1b451e9800ac33daa6e801f6d12fb4ef6	0	660.86	0.8	-173.46
extract-fabf6b87a2ef22e959311f32d90576a1b451e9800ac33daa6e801f6d12fb4ef6	1	660.86	0.8	-147.52
extract-fabf6b87a2ef22e959311f32d90576a1b451e9800ac33daa6e801f6d12fb4ef6	2	644.05	0.8	-147.52
extract-fabf6b87a2ef22e959311f32d90576a1b451e9800ac33daa6e801f6d12fb4ef6	3	644.05	0.8	-173.46
extract-fbb89bd5285144a62cad2eaf0fb40fdb54653f8086ad8550b3e05a014b893035	0	-698.45	-38.33	-281.96
extract-fbb89bd5285144a62cad2eaf0fb40fdb54653f8086ad8550b3e05a014b893035	1	-698.45	-38.33	-228.24
extract-fbb89bd5285144a62cad2eaf0fb40fdb54653f8086ad8550b3e05a014b893035	2	-760.35	-38.33	-228.24
extract-fbb89bd5285144a62cad2eaf0fb40fdb54653f8086ad8550b3e05a014b893035	3	-760.35	-38.33	-281.96
extract-fbcb8ff6a73dacfa32b6fd0c72b3d0a431e22f49f72802ebf9930555ff936f73	0	498.52	0.96	213.24
extract-fbcb8ff6a73dacfa32b6fd0c72b3d0a431e22f49f72802ebf9930555ff936f73	1	498.52	0.96	229.54
extract-fbcb8ff6a73dacfa32b6fd0c72b3d0a431e22f49f72802ebf9930555ff936f73	2	479.59	0.96	229.54
extract-fbcb8ff6a73dacfa32b6fd0c72b3d0a431e22f49f72802ebf9930555ff936f73	3	479.59	0.96	213.24
extract-ffa662491ae19376b5a5ab908fb280fa87e3efcc916bfd5ffb57585db622679e	0	222.15	18.55	-707.35
extract-ffa662491ae19376b5a5ab908fb280fa87e3efcc916bfd5ffb57585db622679e	1	222.15	18.55	-704.24
extract-ffa662491ae19376b5a5ab908fb280fa87e3efcc916bfd5ffb57585db622679e	2	218.7	18.55	-704.24
extract-ffa662491ae19376b5a5ab908fb280fa87e3efcc916bfd5ffb57585db622679e	3	218.7	18.55	-707.35
extract-ffcc20c1ae615f83c974f7dc0c4af3b674b7f348b9b601f83785f1e1265a66ae	0	-220.49	12.22	-48.91
extract-ffcc20c1ae615f83c974f7dc0c4af3b674b7f348b9b601f83785f1e1265a66ae	1	-230.72	12.22	-32.02
extract-ffcc20c1ae615f83c974f7dc0c4af3b674b7f348b9b601f83785f1e1265a66ae	2	-219.35	12.22	-25.13
extract-ffcc20c1ae615f83c974f7dc0c4af3b674b7f348b9b601f83785f1e1265a66ae	3	-209.12	12.22	-42.02
hazard-003c38c75ddb42602df53cd99ec4dfa02e16fc6f8bd3562a367100f8ab840fb6	0	-222.27	-61.39	-128.77
hazard-003c38c75ddb42602df53cd99ec4dfa02e16fc6f8bd3562a367100f8ab840fb6	1	104.66	-61.39	-28.9
hazard-003c38c75ddb42602df53cd99ec4dfa02e16fc6f8bd3562a367100f8ab840fb6	2	130.78	-61.39	-114.41
hazard-003c38c75ddb42602df53cd99ec4dfa02e16fc6f8bd3562a367100f8ab840fb6	3	-196.15	-61.39	-214.28
hazard-0245fdad44c64d8f4d0ae5f9307ec380099557bd0da42c651ab22c07f8c70c8d	0	226.35	1.32	496.82
hazard-0245fdad44c64d8f4d0ae5f9307ec380099557bd0da42c651ab22c07f8c70c8d	1	226.35	1.32	508.63
hazard-0245fdad44c64d8f4d0ae5f9307ec380099557bd0da42c651ab22c07f8c70c8d	2	220.83	1.32	508.63
hazard-0245fdad44c64d8f4d0ae5f9307ec380099557bd0da42c651ab22c07f8c70c8d	3	220.83	1.32	496.82
hazard-026ad292515bcdc23b0062120d6647224b633765a3dd1a439a11a242bbd57722	0	242.9	0.57	513.33
hazard-026ad292515bcdc23b0062120d6647224b633765a3dd1a439a11a242bbd57722	1	233.15	0.57	506.34
hazard-026ad292515bcdc23b0062120d6647224b633765a3dd1a439a11a242bbd57722	2	232.27	0.57	507.56
hazard-026ad292515bcdc23b0062120d6647224b633765a3dd1a439a11a242bbd57722	3	242.02	0.57	514.55
hazard-03c61afc213ecc6e392bf44ab238b0b4629846298ea017dc1221e958de4e8677	0	216.6	0.67	506.47
hazard-03c61afc213ecc6e392bf44ab238b0b4629846298ea017dc1221e958de4e8677	1	207.79	0.67	514.6
hazard-03c61afc213ecc6e392bf44ab238b0b4629846298ea017dc1221e958de4e8677	2	208.8	0.67	515.71
hazard-03c61afc213ecc6e392bf44ab238b0b4629846298ea017dc1221e958de4e8677	3	217.62	0.67	507.58
hazard-046216cd3aa6e89a3f6fead1807245949a9c30f390d2f302e0ec87b826040061	0	-481.47	-4.03	-469.78
hazard-046216cd3aa6e89a3f6fead1807245949a9c30f390d2f302e0ec87b826040061	1	-644.78	-4.03	-417.47
hazard-046216cd3aa6e89a3f6fead1807245949a9c30f390d2f302e0ec87b826040061	2	-628.23	-4.03	-365.79
hazard-046216cd3aa6e89a3f6fead1807245949a9c30f390d2f302e0ec87b826040061	3	-464.92	-4.03	-418.11
hazard-04e5e32bd00139d479cd1334c261932c74fc2fc0b07bab677fab1d264e236fbb	0	108.26	4.04	295.03
hazard-04e5e32bd00139d479cd1334c261932c74fc2fc0b07bab677fab1d264e236fbb	1	107.07	4.04	290.18
hazard-04e5e32bd00139d479cd1334c261932c74fc2fc0b07bab677fab1d264e236fbb	2	105.61	4.04	290.53
hazard-04e5e32bd00139d479cd1334c261932c74fc2fc0b07bab677fab1d264e236fbb	3	106.8	4.04	295.39
hazard-052f7edff2729ce6aed87134438aa22daedd5feadcaecd1e9f79383dc9b8ad44	0	102.15	3.13	369.09
hazard-052f7edff2729ce6aed87134438aa22daedd5feadcaecd1e9f79383dc9b8ad44	1	97.91	3.13	366.45
hazard-052f7edff2729ce6aed87134438aa22daedd5feadcaecd1e9f79383dc9b8ad44	2	97.11	3.13	367.72
hazard-052f7edff2729ce6aed87134438aa22daedd5feadcaecd1e9f79383dc9b8ad44	3	101.36	3.13	370.37
hazard-05873049ebbe593bf3ecb89709964ee264a14f38316cc393f5c213f0b8d7fca6	0	-678.11	10.57	203.55
hazard-05873049ebbe593bf3ecb89709964ee264a14f38316cc393f5c213f0b8d7fca6	1	-661.82	10.57	172.67
hazard-05873049ebbe593bf3ecb89709964ee264a14f38316cc393f5c213f0b8d7fca6	2	-694.32	10.57	155.5
hazard-05873049ebbe593bf3ecb89709964ee264a14f38316cc393f5c213f0b8d7fca6	3	-710.61	10.57	186.38
hazard-0620ff1e66a44c98d2e85e1ab1e5ee1628821385e185d4fd964ccd5fa1c1c98f	0	216.68	3.43	516.21
hazard-0620ff1e66a44c98d2e85e1ab1e5ee1628821385e185d4fd964ccd5fa1c1c98f	1	216.68	3.43	521.69
hazard-0620ff1e66a44c98d2e85e1ab1e5ee1628821385e185d4fd964ccd5fa1c1c98f	2	204.89	3.43	521.69
hazard-0620ff1e66a44c98d2e85e1ab1e5ee1628821385e185d4fd964ccd5fa1c1c98f	3	204.89	3.43	516.21
hazard-067f3e5b182afb4c6b4fe6f056d03d4c00cdf9522f66a74b0d63611d27e72998	0	-567.07	10.68	44.21
hazard-067f3e5b182afb4c6b4fe6f056d03d4c00cdf9522f66a74b0d63611d27e72998	1	-567.07	10.68	125.48
hazard-067f3e5b182afb4c6b4fe6f056d03d4c00cdf9522f66a74b0d63611d27e72998	2	-627.35	10.68	125.48
hazard-067f3e5b182afb4c6b4fe6f056d03d4c00cdf9522f66a74b0d63611d27e72998	3	-627.35	10.68	44.21
hazard-075ac53eedf06ee71d6d9e43ff0dd17b78ef3164b303b31797cd827876b1db31	0	178.37	-22.08	-382.51
hazard-075ac53eedf06ee71d6d9e43ff0dd17b78ef3164b303b31797cd827876b1db31	1	-42.27	-22.08	-322.33
hazard-075ac53eedf06ee71d6d9e43ff0dd17b78ef3164b303b31797cd827876b1db31	2	-12.7	-22.08	-213.94
hazard-075ac53eedf06ee71d6d9e43ff0dd17b78ef3164b303b31797cd827876b1db31	3	207.94	-22.08	-274.12
hazard-07fdb76928d85ee54697678a3e8e8b52a2e23bd753f0a73f084c2e34e4e5d4b4	0	25.85	-8.6	141.78
hazard-07fdb76928d85ee54697678a3e8e8b52a2e23bd753f0a73f084c2e34e4e5d4b4	1	34.32	-8.6	236.57
hazard-07fdb76928d85ee54697678a3e8e8b52a2e23bd753f0a73f084c2e34e4e5d4b4	2	76.35	-8.6	232.82
hazard-07fdb76928d85ee54697678a3e8e8b52a2e23bd753f0a73f084c2e34e4e5d4b4	3	67.88	-8.6	138.03
hazard-08317b9496dfb78591018e53541942d5651513df90910012219342bbf4c9538a	0	251.66	0.51	510.77
hazard-08317b9496dfb78591018e53541942d5651513df90910012219342bbf4c9538a	1	251.78	0.51	498.77
hazard-08317b9496dfb78591018e53541942d5651513df90910012219342bbf4c9538a	2	250.28	0.51	498.76
hazard-08317b9496dfb78591018e53541942d5651513df90910012219342bbf4c9538a	3	250.16	0.51	510.76
hazard-09f47198cf0b19b83954abf2d2f801562a076db1eafd401f0ea11b28698988e6	0	396.01	-13.5	381.49
hazard-09f47198cf0b19b83954abf2d2f801562a076db1eafd401f0ea11b28698988e6	1	352.61	-13.5	379.51
hazard-09f47198cf0b19b83954abf2d2f801562a076db1eafd401f0ea11b28698988e6	2	350.8	-13.5	419.12
hazard-09f47198cf0b19b83954abf2d2f801562a076db1eafd401f0ea11b28698988e6	3	394.21	-13.5	421.1
hazard-0bdc511698614e69b3fba1c68c175d0db91c22570c61c304f9f6fd49a7dcebb1	0	530.05	-39.93	180.38
hazard-0bdc511698614e69b3fba1c68c175d0db91c22570c61c304f9f6fd49a7dcebb1	1	515.93	-39.93	84.71
hazard-0bdc511698614e69b3fba1c68c175d0db91c22570c61c304f9f6fd49a7dcebb1	2	466.3	-39.93	92.04
hazard-0bdc511698614e69b3fba1c68c175d0db91c22570c61c304f9f6fd49a7dcebb1	3	480.42	-39.93	187.7
hazard-0c0e58fed6499414e007dc7f9fac37a5107310dc1b2ae273223a7c8778fa14ac	0	-584.84	-10.2	-350.23
hazard-0c0e58fed6499414e007dc7f9fac37a5107310dc1b2ae273223a7c8778fa14ac	1	-544.75	-10.2	-370.83
hazard-0c0e58fed6499414e007dc7f9fac37a5107310dc1b2ae273223a7c8778fa14ac	2	-570.33	-10.2	-420.6
hazard-0c0e58fed6499414e007dc7f9fac37a5107310dc1b2ae273223a7c8778fa14ac	3	-610.41	-10.2	-400
hazard-0e076c8355f432697d0ac2083aee77b44a09564a7d0ee1f6d41cd199ac413bb5	0	38.44	3.05	269.78
hazard-0e076c8355f432697d0ac2083aee77b44a09564a7d0ee1f6d41cd199ac413bb5	1	43.19	3.05	271.36
hazard-0e076c8355f432697d0ac2083aee77b44a09564a7d0ee1f6d41cd199ac413bb5	2	43.66	3.05	269.93
hazard-0e076c8355f432697d0ac2083aee77b44a09564a7d0ee1f6d41cd199ac413bb5	3	38.92	3.05	268.36
hazard-0f2372c006b44e4e026e29bfc9ca09d3196846ffde8f586f0a168849884c417f	0	241.19	0.93	512.01
hazard-0f2372c006b44e4e026e29bfc9ca09d3196846ffde8f586f0a168849884c417f	1	241.19	0.93	517.82
hazard-0f2372c006b44e4e026e29bfc9ca09d3196846ffde8f586f0a168849884c417f	2	229.44	0.93	517.82
hazard-0f2372c006b44e4e026e29bfc9ca09d3196846ffde8f586f0a168849884c417f	3	229.44	0.93	512.01
hazard-10777deca37797c750cabac31dc1ae9888d1ea49ba11166405ef219793bf18ba	0	49.89	2.99	269.04
hazard-10777deca37797c750cabac31dc1ae9888d1ea49ba11166405ef219793bf18ba	1	48.76	2.99	264.17
hazard-10777deca37797c750cabac31dc1ae9888d1ea49ba11166405ef219793bf18ba	2	47.3	2.99	264.51
hazard-10777deca37797c750cabac31dc1ae9888d1ea49ba11166405ef219793bf18ba	3	48.43	2.99	269.38
hazard-10a3fcd3b3ff00cbd3a4a60ba1c78a030b5dafef9b9b66a96e92212d316d82a3	0	565.85	28.42	360.48
hazard-10a3fcd3b3ff00cbd3a4a60ba1c78a030b5dafef9b9b66a96e92212d316d82a3	1	560.78	28.42	389.93
hazard-10a3fcd3b3ff00cbd3a4a60ba1c78a030b5dafef9b9b66a96e92212d316d82a3	2	616.38	28.42	399.52
hazard-10a3fcd3b3ff00cbd3a4a60ba1c78a030b5dafef9b9b66a96e92212d316d82a3	3	621.45	28.42	370.07
hazard-128113a4a0ae91e81761c1298c25e7217ec2d016ded12af8ac91519fa4cb0dc2	0	-570.96	8.7	183.12
hazard-128113a4a0ae91e81761c1298c25e7217ec2d016ded12af8ac91519fa4cb0dc2	1	-638.74	8.7	171.1
hazard-128113a4a0ae91e81761c1298c25e7217ec2d016ded12af8ac91519fa4cb0dc2	2	-649.21	8.7	230.18
hazard-128113a4a0ae91e81761c1298c25e7217ec2d016ded12af8ac91519fa4cb0dc2	3	-581.43	8.7	242.2
hazard-12b6f1c870ea1f9f4d49a184580410e417b12fe8302ec57bb1b0d7bd9fc67776	0	61.63	3.06	261.56
hazard-12b6f1c870ea1f9f4d49a184580410e417b12fe8302ec57bb1b0d7bd9fc67776	1	66.45	3.06	262.91
hazard-12b6f1c870ea1f9f4d49a184580410e417b12fe8302ec57bb1b0d7bd9fc67776	2	66.85	3.06	261.46
hazard-12b6f1c870ea1f9f4d49a184580410e417b12fe8302ec57bb1b0d7bd9fc67776	3	62.04	3.06	260.11
hazard-130630033a8ba77433f52fb3da14d4de207185d052018f09ac10c15260acb5ce	0	250.1	0.44	530.86
hazard-130630033a8ba77433f52fb3da14d4de207185d052018f09ac10c15260acb5ce	1	244.61	0.44	541.53
hazard-130630033a8ba77433f52fb3da14d4de207185d052018f09ac10c15260acb5ce	2	245.95	0.44	542.22
hazard-130630033a8ba77433f52fb3da14d4de207185d052018f09ac10c15260acb5ce	3	251.44	0.44	531.54
hazard-1384da0f97c20702490c1d39e3614379e0102510905f79482b35726b0e8ebc99	0	244.71	2.29	508.24
hazard-1384da0f97c20702490c1d39e3614379e0102510905f79482b35726b0e8ebc99	1	244.71	2.29	512.53
hazard-1384da0f97c20702490c1d39e3614379e0102510905f79482b35726b0e8ebc99	2	233.01	2.29	512.53
hazard-1384da0f97c20702490c1d39e3614379e0102510905f79482b35726b0e8ebc99	3	233.01	2.29	508.24
hazard-139d650976ac4574e901825781d7e6adb8e6900c3db0adad4dc0b714e45e93d0	0	5.1844964	0.14861539	22.3700485
hazard-139d650976ac4574e901825781d7e6adb8e6900c3db0adad4dc0b714e45e93d0	1	10.5554981	0.14861539	22.3700333
hazard-139d650976ac4574e901825781d7e6adb8e6900c3db0adad4dc0b714e45e93d0	2	10.5555019	0.14861539	23.8859482
hazard-139d650976ac4574e901825781d7e6adb8e6900c3db0adad4dc0b714e45e93d0	3	5.184501	0.14861539	23.8859634
hazard-14528f4e74dafa2e21530fa37cc95d4f7213c28b26c2174b8acd4c3b9f7b4be3	0	-86.29	27.4	-964.63
hazard-14528f4e74dafa2e21530fa37cc95d4f7213c28b26c2174b8acd4c3b9f7b4be3	1	43.14	27.4	-965.2
hazard-14528f4e74dafa2e21530fa37cc95d4f7213c28b26c2174b8acd4c3b9f7b4be3	2	42.84	27.4	-1032.78
hazard-14528f4e74dafa2e21530fa37cc95d4f7213c28b26c2174b8acd4c3b9f7b4be3	3	-86.59	27.4	-1032.2
hazard-14bf91f863450b627752222f05f42c7298fb1485eb0947273be3cb67274efb46	0	68.08	3.1	263.95
hazard-14bf91f863450b627752222f05f42c7298fb1485eb0947273be3cb67274efb46	1	72.47	3.1	261.54
hazard-14bf91f863450b627752222f05f42c7298fb1485eb0947273be3cb67274efb46	2	71.74	3.1	260.23
hazard-14bf91f863450b627752222f05f42c7298fb1485eb0947273be3cb67274efb46	3	67.36	3.1	262.63
hazard-1545299428683b126ee96c4a7c3ebf6cc1d995eb8275adb39f3cfcf2c38adfc3	0	251.95	2.74	523.51
hazard-1545299428683b126ee96c4a7c3ebf6cc1d995eb8275adb39f3cfcf2c38adfc3	1	251.95	2.74	534.46
hazard-1545299428683b126ee96c4a7c3ebf6cc1d995eb8275adb39f3cfcf2c38adfc3	2	244.2	2.74	534.46
hazard-1545299428683b126ee96c4a7c3ebf6cc1d995eb8275adb39f3cfcf2c38adfc3	3	244.2	2.74	523.51
hazard-1583631863d07ee113b0cc59401ae1dc63fc10919eac6ebaf5898d24d3cf142a	0	213.37	1.05	503.99
hazard-1583631863d07ee113b0cc59401ae1dc63fc10919eac6ebaf5898d24d3cf142a	1	213.37	1.05	513.26
hazard-1583631863d07ee113b0cc59401ae1dc63fc10919eac6ebaf5898d24d3cf142a	2	203.51	1.05	513.26
hazard-1583631863d07ee113b0cc59401ae1dc63fc10919eac6ebaf5898d24d3cf142a	3	203.51	1.05	503.99
hazard-160e182677cf05147ea3aa11bd18faad827a8d63551491fc1a5289037aa14233	0	-457.16	27.1	201.77
hazard-160e182677cf05147ea3aa11bd18faad827a8d63551491fc1a5289037aa14233	1	-401.03	27.1	202.73
hazard-160e182677cf05147ea3aa11bd18faad827a8d63551491fc1a5289037aa14233	2	-399.91	27.1	136.81
hazard-160e182677cf05147ea3aa11bd18faad827a8d63551491fc1a5289037aa14233	3	-456.04	27.1	135.85
hazard-1610f80fa22a6e7a1a4035d6ed9157d028b68fba91bb3e4a1f640712ba9c1a9b	0	265.31	2.13	513.11
hazard-1610f80fa22a6e7a1a4035d6ed9157d028b68fba91bb3e4a1f640712ba9c1a9b	1	253.32	2.13	513.77
hazard-1610f80fa22a6e7a1a4035d6ed9157d028b68fba91bb3e4a1f640712ba9c1a9b	2	253.41	2.13	515.27
hazard-1610f80fa22a6e7a1a4035d6ed9157d028b68fba91bb3e4a1f640712ba9c1a9b	3	265.39	2.13	514.61
hazard-16c678f96c0e7e80b7ca80346cba96bf89927b6df77f777a27df6a061dd70907	0	-546.11	-3.7	-430.48
hazard-16c678f96c0e7e80b7ca80346cba96bf89927b6df77f777a27df6a061dd70907	1	-529.22	-3.7	-397.23
hazard-16c678f96c0e7e80b7ca80346cba96bf89927b6df77f777a27df6a061dd70907	2	-477.98	-3.7	-423.26
hazard-16c678f96c0e7e80b7ca80346cba96bf89927b6df77f777a27df6a061dd70907	3	-494.88	-3.7	-456.51
hazard-182f33111cab5f2e96ccb4e38643f85789e4911e724c8f3379463d228411dbbe	0	215.63	1.08	508.21
hazard-182f33111cab5f2e96ccb4e38643f85789e4911e724c8f3379463d228411dbbe	1	215.63	1.08	514.34
hazard-182f33111cab5f2e96ccb4e38643f85789e4911e724c8f3379463d228411dbbe	2	203.97	1.08	514.34
hazard-182f33111cab5f2e96ccb4e38643f85789e4911e724c8f3379463d228411dbbe	3	203.97	1.08	508.21
hazard-195652f65e381ce37e0ecb24b0977c33a2343778e3cb367cc2f5242d85cfa6e2	0	224.39	0.51	529.6
hazard-195652f65e381ce37e0ecb24b0977c33a2343778e3cb367cc2f5242d85cfa6e2	1	213.02	0.51	533.44
hazard-195652f65e381ce37e0ecb24b0977c33a2343778e3cb367cc2f5242d85cfa6e2	2	213.5	0.51	534.86
hazard-195652f65e381ce37e0ecb24b0977c33a2343778e3cb367cc2f5242d85cfa6e2	3	224.87	0.51	531.02
hazard-19b935c5123acbab11c6039377b7b8acb8756ecac3f8ea3014fae0dc17256542	0	-153.252533	31.409996	94.64397
hazard-19b935c5123acbab11c6039377b7b8acb8756ecac3f8ea3014fae0dc17256542	1	-24.034996	31.409996	93.17892
hazard-19b935c5123acbab11c6039377b7b8acb8756ecac3f8ea3014fae0dc17256542	2	-23.0475	31.409996	180.276031
hazard-19b935c5123acbab11c6039377b7b8acb8756ecac3f8ea3014fae0dc17256542	3	-152.26503	31.409996	181.741089
hazard-1b4a6a9a2ec77fdc577f121383b0fbce65cfac69f0d039751623bb3c9c4a41b8	0	242.11	0.83	510.67
hazard-1b4a6a9a2ec77fdc577f121383b0fbce65cfac69f0d039751623bb3c9c4a41b8	1	242.11	0.83	520.31
hazard-1b4a6a9a2ec77fdc577f121383b0fbce65cfac69f0d039751623bb3c9c4a41b8	2	232.61	0.83	520.31
hazard-1b4a6a9a2ec77fdc577f121383b0fbce65cfac69f0d039751623bb3c9c4a41b8	3	232.61	0.83	510.67
hazard-1d46b0c81cb9e5e47e692f0fb1f3cb8700996ef63ffc4e15c505b684f1231d42	0	508.18	-3	-81.84
hazard-1d46b0c81cb9e5e47e692f0fb1f3cb8700996ef63ffc4e15c505b684f1231d42	1	660.05	-3	-140.44
hazard-1d46b0c81cb9e5e47e692f0fb1f3cb8700996ef63ffc4e15c505b684f1231d42	2	622.84	-3	-236.89
hazard-1d46b0c81cb9e5e47e692f0fb1f3cb8700996ef63ffc4e15c505b684f1231d42	3	470.96	-3	-178.28
hazard-1d4e71b5dfb9037afd20ebafbf1632c8fbdd6e6c9b8fbb87419db5f275e33fcc	0	267.83	2.26	524.08
hazard-1d4e71b5dfb9037afd20ebafbf1632c8fbdd6e6c9b8fbb87419db5f275e33fcc	1	267.19	2.26	512.09
hazard-1d4e71b5dfb9037afd20ebafbf1632c8fbdd6e6c9b8fbb87419db5f275e33fcc	2	265.69	2.26	512.17
hazard-1d4e71b5dfb9037afd20ebafbf1632c8fbdd6e6c9b8fbb87419db5f275e33fcc	3	266.33	2.26	524.16
hazard-1e24348fe4fe2a7c81e8e5509b2c2b2f3bd6c8a47f6cac01dea6944f3367a6da	0	245.7	0.35	533.09
hazard-1e24348fe4fe2a7c81e8e5509b2c2b2f3bd6c8a47f6cac01dea6944f3367a6da	1	238.26	0.35	542.51
hazard-1e24348fe4fe2a7c81e8e5509b2c2b2f3bd6c8a47f6cac01dea6944f3367a6da	2	239.44	0.35	543.44
hazard-1e24348fe4fe2a7c81e8e5509b2c2b2f3bd6c8a47f6cac01dea6944f3367a6da	3	246.88	0.35	534.02
hazard-1e5425e86b5b23ece2bbd174f1449db23f12571d9615344ea95a601c53b10931	0	-612.54	10.77	298.72
hazard-1e5425e86b5b23ece2bbd174f1449db23f12571d9615344ea95a601c53b10931	1	-564.46	10.77	312.42
hazard-1e5425e86b5b23ece2bbd174f1449db23f12571d9615344ea95a601c53b10931	2	-556.92	10.77	285.98
hazard-1e5425e86b5b23ece2bbd174f1449db23f12571d9615344ea95a601c53b10931	3	-605	10.77	272.27
hazard-1f089d90017ec4bcfa7e0e81e50481bec1b85c72e72e4c6f1cdb8b57ebb01114	0	237.96	1.28	498.97
hazard-1f089d90017ec4bcfa7e0e81e50481bec1b85c72e72e4c6f1cdb8b57ebb01114	1	237.96	1.28	510.13
hazard-1f089d90017ec4bcfa7e0e81e50481bec1b85c72e72e4c6f1cdb8b57ebb01114	2	230.65	1.28	510.13
hazard-1f089d90017ec4bcfa7e0e81e50481bec1b85c72e72e4c6f1cdb8b57ebb01114	3	230.65	1.28	498.97
hazard-1f8c567a22df445eda100430d089ca875c232924dd63dffd3d735f14a1684dbd	0	45.44	3.46	279.28
hazard-1f8c567a22df445eda100430d089ca875c232924dd63dffd3d735f14a1684dbd	1	44.25	3.46	284.13
hazard-1f8c567a22df445eda100430d089ca875c232924dd63dffd3d735f14a1684dbd	2	45.71	3.46	284.49
hazard-1f8c567a22df445eda100430d089ca875c232924dd63dffd3d735f14a1684dbd	3	46.9	3.46	279.64
hazard-20011cbc3525049e7e9bc9345ab40fe3091132f7f660b88ca46c12db315cc4a9	0	82.8	3.17	264.04
hazard-20011cbc3525049e7e9bc9345ab40fe3091132f7f660b88ca46c12db315cc4a9	1	87.79	3.17	263.69
hazard-20011cbc3525049e7e9bc9345ab40fe3091132f7f660b88ca46c12db315cc4a9	2	87.69	3.17	262.19
hazard-20011cbc3525049e7e9bc9345ab40fe3091132f7f660b88ca46c12db315cc4a9	3	82.7	3.17	262.54
hazard-200457bccd7976e5e4e60c61b8eb1bdd4b7ea1ac60e94e30f4239a275a8b1106	0	441.25	19.67	439.65
hazard-200457bccd7976e5e4e60c61b8eb1bdd4b7ea1ac60e94e30f4239a275a8b1106	1	441.25	19.67	451.14
hazard-200457bccd7976e5e4e60c61b8eb1bdd4b7ea1ac60e94e30f4239a275a8b1106	2	426.51	19.67	451.14
hazard-200457bccd7976e5e4e60c61b8eb1bdd4b7ea1ac60e94e30f4239a275a8b1106	3	426.51	19.67	439.65
hazard-2058ed4d30b233df8d05cfb52bcfbbfec7b4f918289a5e6d9918c4c35c03d383	0	253.52	2.51	524.4
hazard-2058ed4d30b233df8d05cfb52bcfbbfec7b4f918289a5e6d9918c4c35c03d383	1	253.52	2.51	533.44
hazard-2058ed4d30b233df8d05cfb52bcfbbfec7b4f918289a5e6d9918c4c35c03d383	2	244.14	2.51	533.44
hazard-2058ed4d30b233df8d05cfb52bcfbbfec7b4f918289a5e6d9918c4c35c03d383	3	244.14	2.51	524.4
hazard-2096ddfa4a77b494f384d50b9df12952092c2f54849e6f55f2180fc8500474b9	0	-597.2	23.74	150.74
hazard-2096ddfa4a77b494f384d50b9df12952092c2f54849e6f55f2180fc8500474b9	1	-665.34	23.74	136.67
hazard-2096ddfa4a77b494f384d50b9df12952092c2f54849e6f55f2180fc8500474b9	2	-676.66	23.74	191.48
hazard-2096ddfa4a77b494f384d50b9df12952092c2f54849e6f55f2180fc8500474b9	3	-608.51	23.74	205.54
hazard-21c78e45bcde62ce7f330abd8a2333ac3815060d51a86c6897ca427ab9506a3f	0	312.09	2.34	499.08
hazard-21c78e45bcde62ce7f330abd8a2333ac3815060d51a86c6897ca427ab9506a3f	1	300.1	2.34	498.66
hazard-21c78e45bcde62ce7f330abd8a2333ac3815060d51a86c6897ca427ab9506a3f	2	300.05	2.34	500.16
hazard-21c78e45bcde62ce7f330abd8a2333ac3815060d51a86c6897ca427ab9506a3f	3	312.04	2.34	500.58
hazard-221ad1b448ff7b6485259482db398fa256439c1f5729a3d47f601090a097eed1	0	379.04	21.35	-760.78
hazard-221ad1b448ff7b6485259482db398fa256439c1f5729a3d47f601090a097eed1	1	473.05	21.35	-597.33
hazard-221ad1b448ff7b6485259482db398fa256439c1f5729a3d47f601090a097eed1	2	526.68	21.35	-659.44
hazard-221ad1b448ff7b6485259482db398fa256439c1f5729a3d47f601090a097eed1	3	432.67	21.35	-822.89
hazard-222868cf9e580fa1a980ded4c383651a9d4a761e3591cbec94090135235657fe	0	-549.18	7.16	302.38
hazard-222868cf9e580fa1a980ded4c383651a9d4a761e3591cbec94090135235657fe	1	-546.02	7.16	271.24
hazard-222868cf9e580fa1a980ded4c383651a9d4a761e3591cbec94090135235657fe	2	-605.71	7.16	265.16
hazard-222868cf9e580fa1a980ded4c383651a9d4a761e3591cbec94090135235657fe	3	-608.88	7.16	296.31
hazard-229be90ae04cd04a5e40bc658138fe8f7a26634c18877b98eb0af51160dc1afa	0	-976.72	-56.47	348.18
hazard-229be90ae04cd04a5e40bc658138fe8f7a26634c18877b98eb0af51160dc1afa	1	-985.38	-56.47	373.55
hazard-229be90ae04cd04a5e40bc658138fe8f7a26634c18877b98eb0af51160dc1afa	2	-950.38	-56.47	385.5
hazard-229be90ae04cd04a5e40bc658138fe8f7a26634c18877b98eb0af51160dc1afa	3	-941.72	-56.47	360.13
hazard-254e9c33203c8c28c64f482c83abf6aef4b17e7bc54da081e516c8ec5e761610	0	26.95477	-0.48149997	40.0327034
hazard-254e9c33203c8c28c64f482c83abf6aef4b17e7bc54da081e516c8ec5e761610	1	30.6839333	-0.48149997	39.78598
hazard-254e9c33203c8c28c64f482c83abf6aef4b17e7bc54da081e516c8ec5e761610	2	30.7962265	-0.48149997	41.48329
hazard-254e9c33203c8c28c64f482c83abf6aef4b17e7bc54da081e516c8ec5e761610	3	27.0670662	-0.48149997	41.73002
hazard-255a72dd3bff217560ed1a344736d6e874d47596835d6c6f1a5d2f7a3d8a203a	0	305.75	2.19	513.58
hazard-255a72dd3bff217560ed1a344736d6e874d47596835d6c6f1a5d2f7a3d8a203a	1	297.39	2.19	504.97
hazard-255a72dd3bff217560ed1a344736d6e874d47596835d6c6f1a5d2f7a3d8a203a	2	296.31	2.19	506.02
hazard-255a72dd3bff217560ed1a344736d6e874d47596835d6c6f1a5d2f7a3d8a203a	3	304.68	2.19	514.62
hazard-256196483a651b8da727faf050ccca3cf66811176d419c201063e9592fbfb97f	0	276.99	2.24	515.68
hazard-256196483a651b8da727faf050ccca3cf66811176d419c201063e9592fbfb97f	1	286.49	2.24	523
hazard-256196483a651b8da727faf050ccca3cf66811176d419c201063e9592fbfb97f	2	287.41	2.24	521.81
hazard-256196483a651b8da727faf050ccca3cf66811176d419c201063e9592fbfb97f	3	277.91	2.24	514.49
hazard-26ef0116c564effc28c7aedfc3cc468d823d0cf9cd1c0aec5135811dd375e664	0	-305.36	27.2	-360.01
hazard-26ef0116c564effc28c7aedfc3cc468d823d0cf9cd1c0aec5135811dd375e664	1	-307.03	27.2	-432.14
hazard-26ef0116c564effc28c7aedfc3cc468d823d0cf9cd1c0aec5135811dd375e664	2	-362.97	27.2	-430.85
hazard-26ef0116c564effc28c7aedfc3cc468d823d0cf9cd1c0aec5135811dd375e664	3	-361.3	27.2	-358.72
hazard-27ee1bd29e2a93f1cf77f29b73b3e46a4b97a3f479f1287d530cfca6b48c84c7	0	223.71	2.42	519.33
hazard-27ee1bd29e2a93f1cf77f29b73b3e46a4b97a3f479f1287d530cfca6b48c84c7	1	223.71	2.42	529.54
hazard-27ee1bd29e2a93f1cf77f29b73b3e46a4b97a3f479f1287d530cfca6b48c84c7	2	214.86	2.42	529.54
hazard-27ee1bd29e2a93f1cf77f29b73b3e46a4b97a3f479f1287d530cfca6b48c84c7	3	214.86	2.42	519.33
hazard-2932d169491de96c81a8d18c35c3da4660ec2c733b4794acdcccd66914dc88ff	0	-482.24	25.27	-511.91
hazard-2932d169491de96c81a8d18c35c3da4660ec2c733b4794acdcccd66914dc88ff	1	-478.51	25.27	-514.66
hazard-2932d169491de96c81a8d18c35c3da4660ec2c733b4794acdcccd66914dc88ff	2	-511.55	25.27	-559.48
hazard-2932d169491de96c81a8d18c35c3da4660ec2c733b4794acdcccd66914dc88ff	3	-515.27	25.27	-556.73
hazard-29642fc018eed6b52a111dc4397a16dc6b88dcd4b980b07a1eab0961eafbddca	0	203.016312	27.1399918	-107.963806
hazard-29642fc018eed6b52a111dc4397a16dc6b88dcd4b980b07a1eab0961eafbddca	1	253.052368	27.1399918	-107.826569
hazard-29642fc018eed6b52a111dc4397a16dc6b88dcd4b980b07a1eab0961eafbddca	2	252.6914	27.1399918	23.7837982
hazard-29642fc018eed6b52a111dc4397a16dc6b88dcd4b980b07a1eab0961eafbddca	3	202.655334	27.1399918	23.6465645
hazard-29f2f860f3cd5b0590fd3d33df1a039ae17555ef47f6603ee71fa076d18dd91f	0	280.25	2.31	509.67
hazard-29f2f860f3cd5b0590fd3d33df1a039ae17555ef47f6603ee71fa076d18dd91f	1	283.64	2.31	521.18
hazard-29f2f860f3cd5b0590fd3d33df1a039ae17555ef47f6603ee71fa076d18dd91f	2	285.08	2.31	520.75
hazard-29f2f860f3cd5b0590fd3d33df1a039ae17555ef47f6603ee71fa076d18dd91f	3	281.69	2.31	509.24
hazard-2a3747c76ae17007ee72ac80b44b001efd39d1c7d22dc0b807567285f84b90d4	0	198.86	19	-866.07
hazard-2a3747c76ae17007ee72ac80b44b001efd39d1c7d22dc0b807567285f84b90d4	1	189.41	19	-917.69
hazard-2a3747c76ae17007ee72ac80b44b001efd39d1c7d22dc0b807567285f84b90d4	2	94.16	19	-900.24
hazard-2a3747c76ae17007ee72ac80b44b001efd39d1c7d22dc0b807567285f84b90d4	3	103.62	19	-848.62
hazard-2a622db165293243c6478a7468601057bf099cfb27f98175ddd0061328fb75c6	0	23.83	-8.6	358.96
hazard-2a622db165293243c6478a7468601057bf099cfb27f98175ddd0061328fb75c6	1	6.32	-8.6	130.94
hazard-2a622db165293243c6478a7468601057bf099cfb27f98175ddd0061328fb75c6	2	-59.37	-8.6	135.98
hazard-2a622db165293243c6478a7468601057bf099cfb27f98175ddd0061328fb75c6	3	-41.85	-8.6	364.01
hazard-2b7925c0679a446a6e814c464cd8e04a9b54833c74aaf12c59d1895abe4273fc	0	-416.83	22.8	-918.9
hazard-2b7925c0679a446a6e814c464cd8e04a9b54833c74aaf12c59d1895abe4273fc	1	-583.63	22.8	-762.44
hazard-2b7925c0679a446a6e814c464cd8e04a9b54833c74aaf12c59d1895abe4273fc	2	-506.77	22.8	-680.5
hazard-2b7925c0679a446a6e814c464cd8e04a9b54833c74aaf12c59d1895abe4273fc	3	-339.97	22.8	-836.96
hazard-2c84c07f75570f68a6fa8355daf201b2b7c52976de0a6e4f95e40a7cb6a2fdb0	0	-598.73	13.3	147.26
hazard-2c84c07f75570f68a6fa8355daf201b2b7c52976de0a6e4f95e40a7cb6a2fdb0	1	-562.43	13.3	154.69
hazard-2c84c07f75570f68a6fa8355daf201b2b7c52976de0a6e4f95e40a7cb6a2fdb0	2	-551.27	13.3	100.14
hazard-2c84c07f75570f68a6fa8355daf201b2b7c52976de0a6e4f95e40a7cb6a2fdb0	3	-587.58	13.3	92.72
hazard-2d4ed1060376bf7eaecc621c04799ff15c6057cf56a5eea4d8214168d9398c1e	0	-55.58	17.64	24.41
hazard-2d4ed1060376bf7eaecc621c04799ff15c6057cf56a5eea4d8214168d9398c1e	1	73.85	17.64	25.71
hazard-2d4ed1060376bf7eaecc621c04799ff15c6057cf56a5eea4d8214168d9398c1e	2	74.53	17.64	-41.86
hazard-2d4ed1060376bf7eaecc621c04799ff15c6057cf56a5eea4d8214168d9398c1e	3	-54.9	17.64	-43.16
hazard-2d5b2be9d54c43cfe5553840b3fdcf91c3bb3f7c58be831b3292db27980c30a3	0	58.9925232	23.8979988	170.2303
hazard-2d5b2be9d54c43cfe5553840b3fdcf91c3bb3f7c58be831b3292db27980c30a3	1	60.47969	23.8979988	170.034515
hazard-2d5b2be9d54c43cfe5553840b3fdcf91c3bb3f7c58be831b3292db27980c30a3	2	60.67548	23.8979988	171.521683
hazard-2d5b2be9d54c43cfe5553840b3fdcf91c3bb3f7c58be831b3292db27980c30a3	3	59.18831	23.8979988	171.717468
hazard-2e20542d72501a0eada561cc82ebb3ce9c1232759a1abcdd6efa01e0c4d7a250	0	-695.59	-29.51	-244.11
hazard-2e20542d72501a0eada561cc82ebb3ce9c1232759a1abcdd6efa01e0c4d7a250	1	-668.35	-29.51	-261.52
hazard-2e20542d72501a0eada561cc82ebb3ce9c1232759a1abcdd6efa01e0c4d7a250	2	-703.29	-29.51	-302.89
hazard-2e20542d72501a0eada561cc82ebb3ce9c1232759a1abcdd6efa01e0c4d7a250	3	-730.52	-29.51	-285.49
hazard-2eacc818252acaf9312486a45f1675cf0f86e6b7994c1207bfac758fbb025028	0	61.66	7.63	320.58
hazard-2eacc818252acaf9312486a45f1675cf0f86e6b7994c1207bfac758fbb025028	1	61.66	7.63	325.8
hazard-2eacc818252acaf9312486a45f1675cf0f86e6b7994c1207bfac758fbb025028	2	58.19	7.63	325.8
hazard-2eacc818252acaf9312486a45f1675cf0f86e6b7994c1207bfac758fbb025028	3	58.19	7.63	320.58
hazard-2f0487a5c0c791f1d19cdfb8486499c6c8f0a927241633a5e5ba6fbc0e58dcb9	0	49.05	3.04	320.27
hazard-2f0487a5c0c791f1d19cdfb8486499c6c8f0a927241633a5e5ba6fbc0e58dcb9	1	47.25	3.04	315.6
hazard-2f0487a5c0c791f1d19cdfb8486499c6c8f0a927241633a5e5ba6fbc0e58dcb9	2	45.85	3.04	316.14
hazard-2f0487a5c0c791f1d19cdfb8486499c6c8f0a927241633a5e5ba6fbc0e58dcb9	3	47.65	3.04	320.81
hazard-2f39668c0266139a105e8e731d58eb2500d758c3bba02a2c4a73fa7cdb74a4da	0	311.17	2.59	500.31
hazard-2f39668c0266139a105e8e731d58eb2500d758c3bba02a2c4a73fa7cdb74a4da	1	311.17	2.59	505.29
hazard-2f39668c0266139a105e8e731d58eb2500d758c3bba02a2c4a73fa7cdb74a4da	2	299.23	2.59	505.29
hazard-2f39668c0266139a105e8e731d58eb2500d758c3bba02a2c4a73fa7cdb74a4da	3	299.23	2.59	500.31
hazard-2f9ab4d2c73be968fe760f487513980ab40b7be993cee12eacc43da9fb0d2ed6	0	215.45	2.78	511.31
hazard-2f9ab4d2c73be968fe760f487513980ab40b7be993cee12eacc43da9fb0d2ed6	1	215.45	2.78	517.1
hazard-2f9ab4d2c73be968fe760f487513980ab40b7be993cee12eacc43da9fb0d2ed6	2	203.69	2.78	517.1
hazard-2f9ab4d2c73be968fe760f487513980ab40b7be993cee12eacc43da9fb0d2ed6	3	203.69	2.78	511.31
hazard-300f56b0cd5923851e875f9031d170c742e1bb976a5b9e65f13542a60203a33b	0	309.17	21.35	-527.43
hazard-300f56b0cd5923851e875f9031d170c742e1bb976a5b9e65f13542a60203a33b	1	325.7	21.35	-481.86
hazard-300f56b0cd5923851e875f9031d170c742e1bb976a5b9e65f13542a60203a33b	2	352.77	21.35	-487.41
hazard-300f56b0cd5923851e875f9031d170c742e1bb976a5b9e65f13542a60203a33b	3	336.24	21.35	-532.98
hazard-301c019d2c1fba85570dde91a32195fd0f60720546edf942eecee535f4cad650	0	222.12	-2	-192.15
hazard-301c019d2c1fba85570dde91a32195fd0f60720546edf942eecee535f4cad650	1	255.62	-2	-67.13
hazard-301c019d2c1fba85570dde91a32195fd0f60720546edf942eecee535f4cad650	2	313.57	-2	-82.66
hazard-301c019d2c1fba85570dde91a32195fd0f60720546edf942eecee535f4cad650	3	280.07	-2	-207.68
hazard-3042270a4ab32e948af0ab9af6c0b96623fb236359c94dc1d7208f88c238ca9e	0	137.09	5.06	513.53
hazard-3042270a4ab32e948af0ab9af6c0b96623fb236359c94dc1d7208f88c238ca9e	1	137.09	5.06	527.02
hazard-3042270a4ab32e948af0ab9af6c0b96623fb236359c94dc1d7208f88c238ca9e	2	197.09	5.06	527.02
hazard-3042270a4ab32e948af0ab9af6c0b96623fb236359c94dc1d7208f88c238ca9e	3	197.09	5.06	513.53
hazard-30c6ec0f009680eed249f8ca87ba22136ec674dc4d7ba43b436caa8e1aab4847	0	491.93	21.35	-488.49
hazard-30c6ec0f009680eed249f8ca87ba22136ec674dc4d7ba43b436caa8e1aab4847	1	525.81	21.35	-673.98
hazard-30c6ec0f009680eed249f8ca87ba22136ec674dc4d7ba43b436caa8e1aab4847	2	444.75	21.35	-661.24
hazard-30c6ec0f009680eed249f8ca87ba22136ec674dc4d7ba43b436caa8e1aab4847	3	410.87	21.35	-475.75
hazard-336000cd2a4c64940f4f901d8c4b604c766a3118b125d253ae9319bee3fd2a79	0	-301.01	10.4	92.25
hazard-336000cd2a4c64940f4f901d8c4b604c766a3118b125d253ae9319bee3fd2a79	1	-191.8	10.4	72.37
hazard-336000cd2a4c64940f4f901d8c4b604c766a3118b125d253ae9319bee3fd2a79	2	-206.21	10.4	-6.79
hazard-336000cd2a4c64940f4f901d8c4b604c766a3118b125d253ae9319bee3fd2a79	3	-315.42	10.4	13.09
hazard-338d6ebe38d23344ea90601d059496f1b3260be1599bf47b8aef360eee13208c	0	313.02	0.51	516.23
hazard-338d6ebe38d23344ea90601d059496f1b3260be1599bf47b8aef360eee13208c	1	301.05	0.51	515.51
hazard-338d6ebe38d23344ea90601d059496f1b3260be1599bf47b8aef360eee13208c	2	300.96	0.51	517.01
hazard-338d6ebe38d23344ea90601d059496f1b3260be1599bf47b8aef360eee13208c	3	312.93	0.51	517.73
hazard-345e80642434ee45c5f3666b7766edf71ca35ef4d89beffa5b36fcc9177dba4c	0	39.65	14.6	-30.5
hazard-345e80642434ee45c5f3666b7766edf71ca35ef4d89beffa5b36fcc9177dba4c	1	39.65	14.6	30.56
hazard-345e80642434ee45c5f3666b7766edf71ca35ef4d89beffa5b36fcc9177dba4c	2	121.23	14.6	30.57
hazard-345e80642434ee45c5f3666b7766edf71ca35ef4d89beffa5b36fcc9177dba4c	3	121.23	14.6	-30.5
hazard-35f881a68f6fd8596059f2a6f827a4a0c59c27f71b424638065a10e8f51c1381	0	-152.27	31.41	181.74
hazard-35f881a68f6fd8596059f2a6f827a4a0c59c27f71b424638065a10e8f51c1381	1	-23.05	31.41	180.28
hazard-35f881a68f6fd8596059f2a6f827a4a0c59c27f71b424638065a10e8f51c1381	2	-24.04	31.41	93.18
hazard-35f881a68f6fd8596059f2a6f827a4a0c59c27f71b424638065a10e8f51c1381	3	-153.25	31.41	94.64
hazard-36719a586d0e6aeb6d315f8863b7694ff5f9c03a7b0b7a313d98981682e79b90	0	28.0839863	0.3685	39.4346046
hazard-36719a586d0e6aeb6d315f8863b7694ff5f9c03a7b0b7a313d98981682e79b90	1	29.5801277	0.3685	39.3356171
hazard-36719a586d0e6aeb6d315f8863b7694ff5f9c03a7b0b7a313d98981682e79b90	2	29.7590122	0.3685	42.03939
hazard-36719a586d0e6aeb6d315f8863b7694ff5f9c03a7b0b7a313d98981682e79b90	3	28.26287	0.3685	42.13838
hazard-3672783e72e3858b3d2e45713573e116239528599c2fc2f6bdab780d3cdcc073	0	34.52	10.5	-1016.05
hazard-3672783e72e3858b3d2e45713573e116239528599c2fc2f6bdab780d3cdcc073	1	117.11	10.5	-994.2
hazard-3672783e72e3858b3d2e45713573e116239528599c2fc2f6bdab780d3cdcc073	2	131.41	10.5	-1048.3
hazard-3672783e72e3858b3d2e45713573e116239528599c2fc2f6bdab780d3cdcc073	3	48.83	10.5	-1070.15
hazard-374516a2d58066e44a3fc652209cda01502ea303c2be0a6c19ac528027ec4996	0	30.46	18.9	-1018.41
hazard-374516a2d58066e44a3fc652209cda01502ea303c2be0a6c19ac528027ec4996	1	31.45	18.9	-957.35
hazard-374516a2d58066e44a3fc652209cda01502ea303c2be0a6c19ac528027ec4996	2	84.59	18.9	-958.21
hazard-374516a2d58066e44a3fc652209cda01502ea303c2be0a6c19ac528027ec4996	3	83.6	18.9	-1019.27
hazard-377ee836fe5c2464d6612abf2e27607b801e023cf17bbab519e14265317bf4cf	0	45.83	3.03	297.34
hazard-377ee836fe5c2464d6612abf2e27607b801e023cf17bbab519e14265317bf4cf	1	44.01	3.03	302
hazard-377ee836fe5c2464d6612abf2e27607b801e023cf17bbab519e14265317bf4cf	2	45.41	3.03	302.55
hazard-377ee836fe5c2464d6612abf2e27607b801e023cf17bbab519e14265317bf4cf	3	47.23	3.03	297.89
hazard-3783e562b9241426c6f02ed11c9e4d873d09a87c4c7365cd527788af82ac63b2	0	134.4	-33.7	-366.26
hazard-3783e562b9241426c6f02ed11c9e4d873d09a87c4c7365cd527788af82ac63b2	1	223.9	-33.7	-334.57
hazard-3783e562b9241426c6f02ed11c9e4d873d09a87c4c7365cd527788af82ac63b2	2	246.59	-33.7	-398.65
hazard-3783e562b9241426c6f02ed11c9e4d873d09a87c4c7365cd527788af82ac63b2	3	157.1	-33.7	-430.34
hazard-38da25aa4e4705a38d9f23485e5d9627b1e5f836762834d13aec36f1599a8acc	0	47.07	3.11	290.62
hazard-38da25aa4e4705a38d9f23485e5d9627b1e5f836762834d13aec36f1599a8acc	1	42.09	3.11	291.06
hazard-38da25aa4e4705a38d9f23485e5d9627b1e5f836762834d13aec36f1599a8acc	2	42.22	3.11	292.55
hazard-38da25aa4e4705a38d9f23485e5d9627b1e5f836762834d13aec36f1599a8acc	3	47.2	3.11	292.12
hazard-39e252a10134f18f46692276124f61b627dea77d403f59947782b90e9655ca9f	0	442.17	19.87	440.6
hazard-39e252a10134f18f46692276124f61b627dea77d403f59947782b90e9655ca9f	1	442.17	19.87	453.44
hazard-39e252a10134f18f46692276124f61b627dea77d403f59947782b90e9655ca9f	2	428.3	19.87	453.44
hazard-39e252a10134f18f46692276124f61b627dea77d403f59947782b90e9655ca9f	3	428.3	19.87	440.6
hazard-3d7f5208c28a5bf434225a5938dc396da98be4465137acf7f929c1568c5ca867	0	355.96	-5.2	377.14
hazard-3d7f5208c28a5bf434225a5938dc396da98be4465137acf7f929c1568c5ca867	1	336.84	-5.2	376.47
hazard-3d7f5208c28a5bf434225a5938dc396da98be4465137acf7f929c1568c5ca867	2	335.07	-5.2	426.69
hazard-3d7f5208c28a5bf434225a5938dc396da98be4465137acf7f929c1568c5ca867	3	354.19	-5.2	427.36
hazard-3e665d7029603ef8a0a49db00a0a979a6ee10e676c0f18cf84da948d1640e9b5	0	-29.6199436	-1.622	-7.784298
hazard-3e665d7029603ef8a0a49db00a0a979a6ee10e676c0f18cf84da948d1640e9b5	1	24.0599422	-1.622	-7.784298
hazard-3e665d7029603ef8a0a49db00a0a979a6ee10e676c0f18cf84da948d1640e9b5	2	24.0599422	-1.622	50.6243
hazard-3e665d7029603ef8a0a49db00a0a979a6ee10e676c0f18cf84da948d1640e9b5	3	-29.6199436	-1.622	50.6243
hazard-3f8750b06cf38dc8ed60f5721c96ce9ea3cf8c6d049b5e72fa5013c4408e1359	0	-456.78	28.1	193.65
hazard-3f8750b06cf38dc8ed60f5721c96ce9ea3cf8c6d049b5e72fa5013c4408e1359	1	-457.14	28.1	263.61
hazard-3f8750b06cf38dc8ed60f5721c96ce9ea3cf8c6d049b5e72fa5013c4408e1359	2	-400.34	28.1	263.9
hazard-3f8750b06cf38dc8ed60f5721c96ce9ea3cf8c6d049b5e72fa5013c4408e1359	3	-399.98	28.1	193.95
hazard-3ffdb56c3300e35915c3e8e3e09acac12b27f095d01008994c40ef08f0ebff58	0	230.56	1.43	505.69
hazard-3ffdb56c3300e35915c3e8e3e09acac12b27f095d01008994c40ef08f0ebff58	1	230.56	1.43	511.43
hazard-3ffdb56c3300e35915c3e8e3e09acac12b27f095d01008994c40ef08f0ebff58	2	218.81	1.43	511.43
hazard-3ffdb56c3300e35915c3e8e3e09acac12b27f095d01008994c40ef08f0ebff58	3	218.81	1.43	505.69
hazard-4063ca28d845e36caa64a670000dacd1286d20cc875023182c6efaef6fca8851	0	277.25	2.31	513.34
hazard-4063ca28d845e36caa64a670000dacd1286d20cc875023182c6efaef6fca8851	1	266.06	2.31	509.03
hazard-4063ca28d845e36caa64a670000dacd1286d20cc875023182c6efaef6fca8851	2	265.52	2.31	510.43
hazard-4063ca28d845e36caa64a670000dacd1286d20cc875023182c6efaef6fca8851	3	276.71	2.31	514.74
hazard-4279ee9e61cc2c73022c6929dbebe615920d74758f8c6419822b44e3ed095143	0	227.94	0.84	518.94
hazard-4279ee9e61cc2c73022c6929dbebe615920d74758f8c6419822b44e3ed095143	1	227.94	0.84	530.02
hazard-4279ee9e61cc2c73022c6929dbebe615920d74758f8c6419822b44e3ed095143	2	220.44	0.84	530.02
hazard-4279ee9e61cc2c73022c6929dbebe615920d74758f8c6419822b44e3ed095143	3	220.44	0.84	518.94
hazard-42a1242279ab33097b5599984905c502e43d884de0197dbc70f545441324ccf3	0	43.4	2.95	274.95
hazard-42a1242279ab33097b5599984905c502e43d884de0197dbc70f545441324ccf3	1	38.42	2.95	274.47
hazard-42a1242279ab33097b5599984905c502e43d884de0197dbc70f545441324ccf3	2	38.28	2.95	275.97
hazard-42a1242279ab33097b5599984905c502e43d884de0197dbc70f545441324ccf3	3	43.26	2.95	276.45
hazard-43fe3d022a11c76f5d5a41ff2742489ec65b592606eeb1ce38612f447343edab	0	-19.765501	0.149615392	27.5021782
hazard-43fe3d022a11c76f5d5a41ff2742489ec65b592606eeb1ce38612f447343edab	1	-18.461731	0.149615392	27.5021782
hazard-43fe3d022a11c76f5d5a41ff2742489ec65b592606eeb1ce38612f447343edab	2	-18.461731	0.149615392	32.80533
hazard-43fe3d022a11c76f5d5a41ff2742489ec65b592606eeb1ce38612f447343edab	3	-19.765501	0.149615392	32.80533
hazard-44a524d228e288c5f6a42339920db621aaa47317bb7a06beba9b7632698f6615	0	-967.14	-55.2	352
hazard-44a524d228e288c5f6a42339920db621aaa47317bb7a06beba9b7632698f6615	1	-1009.79	-55.2	343.69
hazard-44a524d228e288c5f6a42339920db621aaa47317bb7a06beba9b7632698f6615	2	-1013.66	-55.2	363.54
hazard-44a524d228e288c5f6a42339920db621aaa47317bb7a06beba9b7632698f6615	3	-971.01	-55.2	371.85
hazard-4542b02336bc7fc7aa66154e9f6fdc96b2423b5c64f3bd19119df6aaedb1d849	0	199.9	9.2	-326.79
hazard-4542b02336bc7fc7aa66154e9f6fdc96b2423b5c64f3bd19119df6aaedb1d849	1	180.54	9.2	-310.98
hazard-4542b02336bc7fc7aa66154e9f6fdc96b2423b5c64f3bd19119df6aaedb1d849	2	215.77	9.2	-267.86
hazard-4542b02336bc7fc7aa66154e9f6fdc96b2423b5c64f3bd19119df6aaedb1d849	3	235.13	9.2	-283.68
hazard-454cea6457a46df9cb2fcd7aec5ddcb2d06575502fc7870cf5f05dcef18e0051	0	490.91	-2.64	-78.94
hazard-454cea6457a46df9cb2fcd7aec5ddcb2d06575502fc7870cf5f05dcef18e0051	1	505.05	-2.64	-41.39
hazard-454cea6457a46df9cb2fcd7aec5ddcb2d06575502fc7870cf5f05dcef18e0051	2	659.46	-2.64	-99.57
hazard-454cea6457a46df9cb2fcd7aec5ddcb2d06575502fc7870cf5f05dcef18e0051	3	645.31	-2.64	-137.12
hazard-45d34cfd17b49aa84aaa8882d77198d2e696db734fa0c16390dfe944f2fea30e	0	430.99	19.31	478.28
hazard-45d34cfd17b49aa84aaa8882d77198d2e696db734fa0c16390dfe944f2fea30e	1	432.62	19.31	480.8
hazard-45d34cfd17b49aa84aaa8882d77198d2e696db734fa0c16390dfe944f2fea30e	2	445.22	19.31	472.66
hazard-45d34cfd17b49aa84aaa8882d77198d2e696db734fa0c16390dfe944f2fea30e	3	443.59	19.31	470.14
hazard-461375b966a72458cd247acd28f8649e81ed05aa281da93e9adf8c154c98e25c	0	288.58	2.15	511.7
hazard-461375b966a72458cd247acd28f8649e81ed05aa281da93e9adf8c154c98e25c	1	294.08	2.15	501.04
hazard-461375b966a72458cd247acd28f8649e81ed05aa281da93e9adf8c154c98e25c	2	292.75	2.15	500.35
hazard-461375b966a72458cd247acd28f8649e81ed05aa281da93e9adf8c154c98e25c	3	287.24	2.15	511.01
hazard-4795c3f63f0f0c727ad2e5862aea877b8ccd2e09912b5e016713efd810ae37d3	0	-318.04	10.4	465.58
hazard-4795c3f63f0f0c727ad2e5862aea877b8ccd2e09912b5e016713efd810ae37d3	1	-207.04	10.4	466.63
hazard-4795c3f63f0f0c727ad2e5862aea877b8ccd2e09912b5e016713efd810ae37d3	2	-206.52	10.4	411.75
hazard-4795c3f63f0f0c727ad2e5862aea877b8ccd2e09912b5e016713efd810ae37d3	3	-317.52	10.4	410.7
hazard-47f9d2e5779e9c3b660e7f53ed1b565b998ea2b95dd9b58c20dd4df6db6a4acb	0	230.93	2.46	523.14
hazard-47f9d2e5779e9c3b660e7f53ed1b565b998ea2b95dd9b58c20dd4df6db6a4acb	1	236.35	2.46	533.84
hazard-47f9d2e5779e9c3b660e7f53ed1b565b998ea2b95dd9b58c20dd4df6db6a4acb	2	237.69	2.46	533.16
hazard-47f9d2e5779e9c3b660e7f53ed1b565b998ea2b95dd9b58c20dd4df6db6a4acb	3	232.27	2.46	522.46
hazard-4995d8dfc8ee763bfc503d960b96cdb3b55638743b33cd6c3e3f3c19cb44604a	0	-645.14	15	-206.91
hazard-4995d8dfc8ee763bfc503d960b96cdb3b55638743b33cd6c3e3f3c19cb44604a	1	-627.31	15	-241.9
hazard-4995d8dfc8ee763bfc503d960b96cdb3b55638743b33cd6c3e3f3c19cb44604a	2	-680.77	15	-269.13
hazard-4995d8dfc8ee763bfc503d960b96cdb3b55638743b33cd6c3e3f3c19cb44604a	3	-698.6	15	-234.15
hazard-49cf5e06a6ccc45825e836d42d569628da4651e576588c211240fbb60728479d	0	47.25	3.04	267.75
hazard-49cf5e06a6ccc45825e836d42d569628da4651e576588c211240fbb60728479d	1	46.11	3.04	262.88
hazard-49cf5e06a6ccc45825e836d42d569628da4651e576588c211240fbb60728479d	2	44.65	3.04	263.23
hazard-49cf5e06a6ccc45825e836d42d569628da4651e576588c211240fbb60728479d	3	45.79	3.04	268.09
hazard-49e8ccea5ad15bd1022dd75abaaaa508a9f77ed9137b11658b293e7c3b33818d	0	606.37	30.5	336.4
hazard-49e8ccea5ad15bd1022dd75abaaaa508a9f77ed9137b11658b293e7c3b33818d	1	556.89	30.5	329.26
hazard-49e8ccea5ad15bd1022dd75abaaaa508a9f77ed9137b11658b293e7c3b33818d	2	551.18	30.5	368.85
hazard-49e8ccea5ad15bd1022dd75abaaaa508a9f77ed9137b11658b293e7c3b33818d	3	600.66	30.5	375.99
hazard-4a644c9931425b97fc07a21b1d8a39d7fccbeee9940d78b1ff924974f53614c0	0	134.98	5.06	491.96
hazard-4a644c9931425b97fc07a21b1d8a39d7fccbeee9940d78b1ff924974f53614c0	1	134.98	5.06	514.49
hazard-4a644c9931425b97fc07a21b1d8a39d7fccbeee9940d78b1ff924974f53614c0	2	190.94	5.06	514.49
hazard-4a644c9931425b97fc07a21b1d8a39d7fccbeee9940d78b1ff924974f53614c0	3	190.94	5.06	491.96
hazard-4b30604b31b39f1f4cdaab99c527d6a4ec40ba0fe36d5fc96a574766cb0fc7be	0	546.78	28.42	64.3
hazard-4b30604b31b39f1f4cdaab99c527d6a4ec40ba0fe36d5fc96a574766cb0fc7be	1	646.33	28.42	54.78
hazard-4b30604b31b39f1f4cdaab99c527d6a4ec40ba0fe36d5fc96a574766cb0fc7be	2	635.89	28.42	-54.41
hazard-4b30604b31b39f1f4cdaab99c527d6a4ec40ba0fe36d5fc96a574766cb0fc7be	3	536.34	28.42	-44.9
hazard-4bad1f689503e357af2be168213174d36225764b3d0f76b6c2fa775579f70cb6	0	241.03	0.58	529.85
hazard-4bad1f689503e357af2be168213174d36225764b3d0f76b6c2fa775579f70cb6	1	246.74	0.58	519.3
hazard-4bad1f689503e357af2be168213174d36225764b3d0f76b6c2fa775579f70cb6	2	245.42	0.58	518.58
hazard-4bad1f689503e357af2be168213174d36225764b3d0f76b6c2fa775579f70cb6	3	239.71	0.58	529.14
hazard-4c7d1dec63fff80c26ef84f32caf9ccce8ce079ea79e6f1015167cfc4751a6a5	0	-40.45852	1.97947586	-14.8209
hazard-4c7d1dec63fff80c26ef84f32caf9ccce8ce079ea79e6f1015167cfc4751a6a5	1	-37.7746239	1.97947586	-14.8209
hazard-4c7d1dec63fff80c26ef84f32caf9ccce8ce079ea79e6f1015167cfc4751a6a5	2	-37.7746239	1.97947586	-11.9611
hazard-4c7d1dec63fff80c26ef84f32caf9ccce8ce079ea79e6f1015167cfc4751a6a5	3	-40.45852	1.97947586	-11.9611
hazard-4d706857b370e2f37bfde878d54d8f26842cd7eb39d03a81005098389566fb55	0	203.02	27.14	-107.96
hazard-4d706857b370e2f37bfde878d54d8f26842cd7eb39d03a81005098389566fb55	1	202.66	27.14	23.65
hazard-4d706857b370e2f37bfde878d54d8f26842cd7eb39d03a81005098389566fb55	2	252.69	27.14	23.78
hazard-4d706857b370e2f37bfde878d54d8f26842cd7eb39d03a81005098389566fb55	3	253.05	27.14	-107.83
hazard-4dae2241c12bbb4984ca61b7b163c92355213055935f6e84985777847bc7132a	0	289.71	0.86	502.45
hazard-4dae2241c12bbb4984ca61b7b163c92355213055935f6e84985777847bc7132a	1	289.71	0.86	512.12
hazard-4dae2241c12bbb4984ca61b7b163c92355213055935f6e84985777847bc7132a	2	280.23	0.86	512.12
hazard-4dae2241c12bbb4984ca61b7b163c92355213055935f6e84985777847bc7132a	3	280.23	0.86	502.45
hazard-4db0f7ac4e7ef3b666a6a2b798c9356d018f398489a93319c56d73b2fcd6d39f	0	290.52	37.1	-555.18
hazard-4db0f7ac4e7ef3b666a6a2b798c9356d018f398489a93319c56d73b2fcd6d39f	1	290.52	37.1	-505.18
hazard-4db0f7ac4e7ef3b666a6a2b798c9356d018f398489a93319c56d73b2fcd6d39f	2	340.52	37.1	-505.18
hazard-4db0f7ac4e7ef3b666a6a2b798c9356d018f398489a93319c56d73b2fcd6d39f	3	340.52	37.1	-555.18
hazard-4de0551cd3863eff308c24113a33769079d1462ff159ce8d6c7e3abf8f5ef0fe	0	-590.01	10.77	170.33
hazard-4de0551cd3863eff308c24113a33769079d1462ff159ce8d6c7e3abf8f5ef0fe	1	-584.28	10.77	231.18
hazard-4de0551cd3863eff308c24113a33769079d1462ff159ce8d6c7e3abf8f5ef0fe	2	-540.72	10.77	227.08
hazard-4de0551cd3863eff308c24113a33769079d1462ff159ce8d6c7e3abf8f5ef0fe	3	-546.45	10.77	166.23
hazard-4e41e6de3bb316706cae8732b59ba93ab49bad1341e2b2bca2dfe87f268ccc1f	0	-565.51	19.97	56.29
hazard-4e41e6de3bb316706cae8732b59ba93ab49bad1341e2b2bca2dfe87f268ccc1f	1	-516.84	19.97	-31.06
hazard-4e41e6de3bb316706cae8732b59ba93ab49bad1341e2b2bca2dfe87f268ccc1f	2	-557	19.97	-53.44
hazard-4e41e6de3bb316706cae8732b59ba93ab49bad1341e2b2bca2dfe87f268ccc1f	3	-605.68	19.97	33.91
hazard-4ecc52a9b276426a6ae2062b4ad12e39bbea37c6fbee317b224d455f326e6aa4	0	58.62	3.06	264.34
hazard-4ecc52a9b276426a6ae2062b4ad12e39bbea37c6fbee317b224d455f326e6aa4	1	63.59	3.06	263.84
hazard-4ecc52a9b276426a6ae2062b4ad12e39bbea37c6fbee317b224d455f326e6aa4	2	63.44	3.06	262.34
hazard-4ecc52a9b276426a6ae2062b4ad12e39bbea37c6fbee317b224d455f326e6aa4	3	58.47	3.06	262.85
hazard-4f3e613636b109beb70b5c9152298fe8915565f4afc4bdd853eaf9abec92621e	0	-466.49	43.8	-634.51
hazard-4f3e613636b109beb70b5c9152298fe8915565f4afc4bdd853eaf9abec92621e	1	-609.43	43.8	-455.98
hazard-4f3e613636b109beb70b5c9152298fe8915565f4afc4bdd853eaf9abec92621e	2	-530.51	43.8	-392.79
hazard-4f3e613636b109beb70b5c9152298fe8915565f4afc4bdd853eaf9abec92621e	3	-387.57	43.8	-571.32
hazard-4feb0d7faf8771e0cdc9958be47b3fbf4a36048a8b7cf4dee4d70571099dffbb	0	53.14	3.22	328.98
hazard-4feb0d7faf8771e0cdc9958be47b3fbf4a36048a8b7cf4dee4d70571099dffbb	1	48.15	3.22	329.34
hazard-4feb0d7faf8771e0cdc9958be47b3fbf4a36048a8b7cf4dee4d70571099dffbb	2	48.26	3.22	330.84
hazard-4feb0d7faf8771e0cdc9958be47b3fbf4a36048a8b7cf4dee4d70571099dffbb	3	53.25	3.22	330.48
hazard-5046b76aceb8ee9c56b240e8c81988c5b858c100f62e411feb8e48f1f7bb36b7	0	60.48	23.9	170.03
hazard-5046b76aceb8ee9c56b240e8c81988c5b858c100f62e411feb8e48f1f7bb36b7	1	58.99	23.9	170.23
hazard-5046b76aceb8ee9c56b240e8c81988c5b858c100f62e411feb8e48f1f7bb36b7	2	59.19	23.9	171.72
hazard-5046b76aceb8ee9c56b240e8c81988c5b858c100f62e411feb8e48f1f7bb36b7	3	60.68	23.9	171.52
hazard-506d599debb6652d6ba92a50ad047d2683e7d114c5e492a7da5a0883c24b148d	0	64.44	17.1	-1008.93
hazard-506d599debb6652d6ba92a50ad047d2683e7d114c5e492a7da5a0883c24b148d	1	189.73	17.1	-976.45
hazard-506d599debb6652d6ba92a50ad047d2683e7d114c5e492a7da5a0883c24b148d	2	206.69	17.1	-1041.86
hazard-506d599debb6652d6ba92a50ad047d2683e7d114c5e492a7da5a0883c24b148d	3	81.4	17.1	-1074.34
hazard-5075282c7cce57600d1e6b2f4e8820d9f433424de7b11d922c6db7d9595e0e67	0	-665.71	11.7	156.59
hazard-5075282c7cce57600d1e6b2f4e8820d9f433424de7b11d922c6db7d9595e0e67	1	-709.5	11.7	148.75
hazard-5075282c7cce57600d1e6b2f4e8820d9f433424de7b11d922c6db7d9595e0e67	2	-719.31	11.7	203.56
hazard-5075282c7cce57600d1e6b2f4e8820d9f433424de7b11d922c6db7d9595e0e67	3	-675.52	11.7	211.4
hazard-510abbc8ce01d9feb71190131269cfb969962854730ef25e86e801a2ed848827	0	238.82	2.33	516.14
hazard-510abbc8ce01d9feb71190131269cfb969962854730ef25e86e801a2ed848827	1	234.84	2.33	527.46
hazard-510abbc8ce01d9feb71190131269cfb969962854730ef25e86e801a2ed848827	2	236.26	2.33	527.96
hazard-510abbc8ce01d9feb71190131269cfb969962854730ef25e86e801a2ed848827	3	240.24	2.33	516.64
hazard-52399d6c39b1de9edb4a9cf0b332b1ca98e4f8040c2fb814df94f177e4fef31e	0	46.14	3.7	268.19
hazard-52399d6c39b1de9edb4a9cf0b332b1ca98e4f8040c2fb814df94f177e4fef31e	1	42.27	3.7	265.03
hazard-52399d6c39b1de9edb4a9cf0b332b1ca98e4f8040c2fb814df94f177e4fef31e	2	41.32	3.7	266.19
hazard-52399d6c39b1de9edb4a9cf0b332b1ca98e4f8040c2fb814df94f177e4fef31e	3	45.2	3.7	269.36
hazard-529193ad88d855757b97af9af4f9cedacf7a191f26cb9f44b85ba9330b53488f	0	220.77	0.76	500.32
hazard-529193ad88d855757b97af9af4f9cedacf7a191f26cb9f44b85ba9330b53488f	1	220.77	0.76	510.27
hazard-529193ad88d855757b97af9af4f9cedacf7a191f26cb9f44b85ba9330b53488f	2	211.61	0.76	510.27
hazard-529193ad88d855757b97af9af4f9cedacf7a191f26cb9f44b85ba9330b53488f	3	211.61	0.76	500.32
hazard-53f0bec0747c6650b0a8b454207e848a42e418028c55969100f6928a73df7cdd	0	45.35	3.04	309.16
hazard-53f0bec0747c6650b0a8b454207e848a42e418028c55969100f6928a73df7cdd	1	45.57	3.04	314.16
hazard-53f0bec0747c6650b0a8b454207e848a42e418028c55969100f6928a73df7cdd	2	47.07	3.04	314.09
hazard-53f0bec0747c6650b0a8b454207e848a42e418028c55969100f6928a73df7cdd	3	46.85	3.04	309.09
hazard-57e79de053e4ef1333809e75524c975394bcb27b6d9ad8490601716fd12cde29	0	-454.35	27.1	23.05
hazard-57e79de053e4ef1333809e75524c975394bcb27b6d9ad8490601716fd12cde29	1	-398.27	27.1	20.67
hazard-57e79de053e4ef1333809e75524c975394bcb27b6d9ad8490601716fd12cde29	2	-401.06	27.1	-45.2
hazard-57e79de053e4ef1333809e75524c975394bcb27b6d9ad8490601716fd12cde29	3	-457.15	27.1	-42.82
hazard-5829cd596f690589f5873dbefb31781cd0de4f112b32b38fa0e5d11bfd671779	0	-333.21	-60.22	278.15
hazard-5829cd596f690589f5873dbefb31781cd0de4f112b32b38fa0e5d11bfd671779	1	-328.87	-60.22	266.96
hazard-5829cd596f690589f5873dbefb31781cd0de4f112b32b38fa0e5d11bfd671779	2	-330.27	-60.22	266.42
hazard-5829cd596f690589f5873dbefb31781cd0de4f112b32b38fa0e5d11bfd671779	3	-334.61	-60.22	277.61
hazard-584f6cfd6c51efb989cafd83887b98557b2c5aee3a3f9abda2ef6f1cf06095ae	0	576.45	28.42	180.97
hazard-584f6cfd6c51efb989cafd83887b98557b2c5aee3a3f9abda2ef6f1cf06095ae	1	612.63	28.42	179.66
hazard-584f6cfd6c51efb989cafd83887b98557b2c5aee3a3f9abda2ef6f1cf06095ae	2	609.01	28.42	79.73
hazard-584f6cfd6c51efb989cafd83887b98557b2c5aee3a3f9abda2ef6f1cf06095ae	3	572.83	28.42	81.04
hazard-5a87c56c50f4bfbb99bd38ecb5e58118d8ba1752136eb2d6a5c77d3326fcf694	0	4.61811972	0.147615388	1.52714157
hazard-5a87c56c50f4bfbb99bd38ecb5e58118d8ba1752136eb2d6a5c77d3326fcf694	1	5.875878	0.147615388	1.52714157
hazard-5a87c56c50f4bfbb99bd38ecb5e58118d8ba1752136eb2d6a5c77d3326fcf694	2	5.875878	0.147615388	6.88085938
hazard-5a87c56c50f4bfbb99bd38ecb5e58118d8ba1752136eb2d6a5c77d3326fcf694	3	4.61811972	0.147615388	6.88085938
hazard-5bc4a16f0e6ef4139f5f3c8a60485df83ab1e27d6255f91a0d38b16951b37809	0	74.43	21.51	-957.67
hazard-5bc4a16f0e6ef4139f5f3c8a60485df83ab1e27d6255f91a0d38b16951b37809	1	74.53	21.51	-1051.77
hazard-5bc4a16f0e6ef4139f5f3c8a60485df83ab1e27d6255f91a0d38b16951b37809	2	24.37	21.51	-1051.83
hazard-5bc4a16f0e6ef4139f5f3c8a60485df83ab1e27d6255f91a0d38b16951b37809	3	24.27	21.51	-957.73
hazard-5bef80f32e495c4c2e71c9e3a49fda86df5e839d4ad51141eeeff1d90b2d4386	0	307.03	0.68	483.98
hazard-5bef80f32e495c4c2e71c9e3a49fda86df5e839d4ad51141eeeff1d90b2d4386	1	307.03	0.68	496.05
hazard-5bef80f32e495c4c2e71c9e3a49fda86df5e839d4ad51141eeeff1d90b2d4386	2	302.9	0.68	496.05
hazard-5bef80f32e495c4c2e71c9e3a49fda86df5e839d4ad51141eeeff1d90b2d4386	3	302.9	0.68	483.98
hazard-5e76a7bb28ee419bcd444e93d04e522fb9e9339a6254639d4b99f31ee0363ce4	0	329.63	10.4	235.04
hazard-5e76a7bb28ee419bcd444e93d04e522fb9e9339a6254639d4b99f31ee0363ce4	1	218.63	10.4	233.99
hazard-5e76a7bb28ee419bcd444e93d04e522fb9e9339a6254639d4b99f31ee0363ce4	2	218.4	10.4	257.83
hazard-5e76a7bb28ee419bcd444e93d04e522fb9e9339a6254639d4b99f31ee0363ce4	3	329.4	10.4	258.88
hazard-5eb823623f26e6a27440a1709d1597731db1c77f8a3c175da12763731fb6f146	0	229.3	0.47	509.12
hazard-5eb823623f26e6a27440a1709d1597731db1c77f8a3c175da12763731fb6f146	1	230.87	0.47	497.23
hazard-5eb823623f26e6a27440a1709d1597731db1c77f8a3c175da12763731fb6f146	2	229.38	0.47	497.03
hazard-5eb823623f26e6a27440a1709d1597731db1c77f8a3c175da12763731fb6f146	3	227.81	0.47	508.93
hazard-5ef5616f2d2577c47428baa167928908f37fbcfb297ccb5ae6fce6353c852e5d	0	-710.91	15.82	94.22
hazard-5ef5616f2d2577c47428baa167928908f37fbcfb297ccb5ae6fce6353c852e5d	1	-648.34	15.82	106.49
hazard-5ef5616f2d2577c47428baa167928908f37fbcfb297ccb5ae6fce6353c852e5d	2	-637.57	15.82	51.58
hazard-5ef5616f2d2577c47428baa167928908f37fbcfb297ccb5ae6fce6353c852e5d	3	-700.14	15.82	39.31
hazard-5f77182f8c54975e37579043b81b6014679f59b0bc067f6113bbe67129e78424	0	-547.72	5.62	314.69
hazard-5f77182f8c54975e37579043b81b6014679f59b0bc067f6113bbe67129e78424	1	-542.68	5.62	285.93
hazard-5f77182f8c54975e37579043b81b6014679f59b0bc067f6113bbe67129e78424	2	-597.8	5.62	276.27
hazard-5f77182f8c54975e37579043b81b6014679f59b0bc067f6113bbe67129e78424	3	-602.84	5.62	305.03
hazard-602d8fe0a8d3a56bc5a9c331781275de4dc9efbd54984903ce6f24e410031bcc	0	-353.43	27.1	-292.62
hazard-602d8fe0a8d3a56bc5a9c331781275de4dc9efbd54984903ce6f24e410031bcc	1	-297.83	27.1	-300.36
hazard-602d8fe0a8d3a56bc5a9c331781275de4dc9efbd54984903ce6f24e410031bcc	2	-306.92	27.1	-365.66
hazard-602d8fe0a8d3a56bc5a9c331781275de4dc9efbd54984903ce6f24e410031bcc	3	-362.52	27.1	-357.92
hazard-624ef1ebd5e01376cfc8d214e70cc458e238b7658623fc932d412f67d829d538	0	-402.69	27.2	-40.89
hazard-624ef1ebd5e01376cfc8d214e70cc458e238b7658623fc932d412f67d829d538	1	-408.05	27.2	-112.84
hazard-624ef1ebd5e01376cfc8d214e70cc458e238b7658623fc932d412f67d829d538	2	-463.86	27.2	-108.68
hazard-624ef1ebd5e01376cfc8d214e70cc458e238b7658623fc932d412f67d829d538	3	-458.5	27.2	-36.73
hazard-63c898234a9585344e58f92c72354f0df133467035f6ed95e5d13db9853fd2a0	0	262.66	3.06	523.53
hazard-63c898234a9585344e58f92c72354f0df133467035f6ed95e5d13db9853fd2a0	1	262.66	3.06	534.65
hazard-63c898234a9585344e58f92c72354f0df133467035f6ed95e5d13db9853fd2a0	2	255.3	3.06	534.65
hazard-63c898234a9585344e58f92c72354f0df133467035f6ed95e5d13db9853fd2a0	3	255.3	3.06	523.53
hazard-64f831fb76416d9a6fe3420823dde32a406a07a4b4fc4c5dea84f5d7ae6faa24	0	13.9283295	0.145615384	3.2033596
hazard-64f831fb76416d9a6fe3420823dde32a406a07a4b4fc4c5dea84f5d7ae6faa24	1	15.2564678	0.145615384	3.20336723
hazard-64f831fb76416d9a6fe3420823dde32a406a07a4b4fc4c5dea84f5d7ae6faa24	2	15.2564354	0.145615384	8.574149
hazard-64f831fb76416d9a6fe3420823dde32a406a07a4b4fc4c5dea84f5d7ae6faa24	3	13.928299	0.145615384	8.5741415
hazard-65fdaf8c5000730ddff466d3c1277191e558fa986025bacbed088b8bbfa0327a	0	-49.78	33.19	32.59
hazard-65fdaf8c5000730ddff466d3c1277191e558fa986025bacbed088b8bbfa0327a	1	-42.52	33.19	32.07
hazard-65fdaf8c5000730ddff466d3c1277191e558fa986025bacbed088b8bbfa0327a	2	-42.29	33.19	28.41
hazard-65fdaf8c5000730ddff466d3c1277191e558fa986025bacbed088b8bbfa0327a	3	-49.56	33.19	28.94
hazard-665ed4ea8ce4f9f1d874a2297be3193e8d9c9cd07018081e588505c2202a3a7c	0	4.507239	0.145615384	13.5639238
hazard-665ed4ea8ce4f9f1d874a2297be3193e8d9c9cd07018081e588505c2202a3a7c	1	9.890755	0.145615384	13.56391
hazard-665ed4ea8ce4f9f1d874a2297be3193e8d9c9cd07018081e588505c2202a3a7c	2	9.89075851	0.145615384	14.8515854
hazard-665ed4ea8ce4f9f1d874a2297be3193e8d9c9cd07018081e588505c2202a3a7c	3	4.50724268	0.145615384	14.8516006
hazard-6750c4a03b837515939e7ee14abffb6b505edda2788d0460afada22f3e5b98a2	0	-628.2	-4.03	-361.33
hazard-6750c4a03b837515939e7ee14abffb6b505edda2788d0460afada22f3e5b98a2	1	-639.87	-4.03	-364.45
hazard-6750c4a03b837515939e7ee14abffb6b505edda2788d0460afada22f3e5b98a2	2	-642.8	-4.03	-353.5
hazard-6750c4a03b837515939e7ee14abffb6b505edda2788d0460afada22f3e5b98a2	3	-631.13	-4.03	-350.37
hazard-679aa83d685a89be5ea5e24631261ec83bf97737a5d125636e973140bcaf69ae	0	-696.26	10.6	137.32
hazard-679aa83d685a89be5ea5e24631261ec83bf97737a5d125636e973140bcaf69ae	1	-696.26	10.6	196.67
hazard-679aa83d685a89be5ea5e24631261ec83bf97737a5d125636e973140bcaf69ae	2	-753.36	10.6	196.67
hazard-679aa83d685a89be5ea5e24631261ec83bf97737a5d125636e973140bcaf69ae	3	-753.36	10.6	137.32
hazard-67db9049b509c58cb9d8a2fb2435bad01c4f40f983843296eaf8e1286c610072	0	-962.08	-56.47	202.3
hazard-67db9049b509c58cb9d8a2fb2435bad01c4f40f983843296eaf8e1286c610072	1	-1032.8	-56.47	346.16
hazard-67db9049b509c58cb9d8a2fb2435bad01c4f40f983843296eaf8e1286c610072	2	-976.08	-56.47	374.04
hazard-67db9049b509c58cb9d8a2fb2435bad01c4f40f983843296eaf8e1286c610072	3	-905.36	-56.47	230.18
hazard-6906de28358847b00cd7b0b9db6d726019dab086225e6009b9523ab0863dcd61	0	-13.0062943	0.149615392	45.90768
hazard-6906de28358847b00cd7b0b9db6d726019dab086225e6009b9523ab0863dcd61	1	-7.64570332	0.149615392	45.9076958
hazard-6906de28358847b00cd7b0b9db6d726019dab086225e6009b9523ab0863dcd61	2	-7.645707	0.149615392	47.15783
hazard-6906de28358847b00cd7b0b9db6d726019dab086225e6009b9523ab0863dcd61	3	-13.0062981	0.149615392	47.157814
hazard-6ad4f57791564c4d021c7b10d8df22e9689f479121c8c11fe1346bdac9908894	0	508.37	-3.25	-45.91
hazard-6ad4f57791564c4d021c7b10d8df22e9689f479121c8c11fe1346bdac9908894	1	536.86	-3.25	25.43
hazard-6ad4f57791564c4d021c7b10d8df22e9689f479121c8c11fe1346bdac9908894	2	684.33	-3.25	-33.46
hazard-6ad4f57791564c4d021c7b10d8df22e9689f479121c8c11fe1346bdac9908894	3	655.84	-3.25	-104.8
hazard-6b9a91d238ab880f6472c8cd5e5504f07d7a93de9911fa7b16bec1ba05e53a2e	0	-565.35	10.77	222.58
hazard-6b9a91d238ab880f6472c8cd5e5504f07d7a93de9911fa7b16bec1ba05e53a2e	1	-570.41	10.77	272.32
hazard-6b9a91d238ab880f6472c8cd5e5504f07d7a93de9911fa7b16bec1ba05e53a2e	2	-545.54	10.77	274.85
hazard-6b9a91d238ab880f6472c8cd5e5504f07d7a93de9911fa7b16bec1ba05e53a2e	3	-540.48	10.77	225.11
hazard-6ba0d52b45750a599257cd729ef95defa083863fde4b6fe6e8d3a7426dff7425	0	218.91	0.94	532.63
hazard-6ba0d52b45750a599257cd729ef95defa083863fde4b6fe6e8d3a7426dff7425	1	218.91	0.94	541.26
hazard-6ba0d52b45750a599257cd729ef95defa083863fde4b6fe6e8d3a7426dff7425	2	208.54	0.94	541.26
hazard-6ba0d52b45750a599257cd729ef95defa083863fde4b6fe6e8d3a7426dff7425	3	208.54	0.94	532.63
hazard-6c05da5c728b430a7225f006755980dabf9bf4d3b38f325931e7fb7e3f976f2c	0	-325.19	29	-717.02
hazard-6c05da5c728b430a7225f006755980dabf9bf4d3b38f325931e7fb7e3f976f2c	1	-312.86	29	-761.55
hazard-6c05da5c728b430a7225f006755980dabf9bf4d3b38f325931e7fb7e3f976f2c	2	-366.79	29	-776.48
hazard-6c05da5c728b430a7225f006755980dabf9bf4d3b38f325931e7fb7e3f976f2c	3	-379.12	29	-731.96
hazard-6d6b163d0d9ce0a7493f090b01bd18d76c07de00abde605b045e5e74cdf6ccc8	0	213.95	1.14	510.67
hazard-6d6b163d0d9ce0a7493f090b01bd18d76c07de00abde605b045e5e74cdf6ccc8	1	213.95	1.14	522.4
hazard-6d6b163d0d9ce0a7493f090b01bd18d76c07de00abde605b045e5e74cdf6ccc8	2	208.09	1.14	522.4
hazard-6d6b163d0d9ce0a7493f090b01bd18d76c07de00abde605b045e5e74cdf6ccc8	3	208.09	1.14	510.67
hazard-6dc210c8c6db49f2127706bc49af503c405316d04e87ba4ec5db5bca39b79836	0	-936.69	-55.2	348.22
hazard-6dc210c8c6db49f2127706bc49af503c405316d04e87ba4ec5db5bca39b79836	1	-952.08	-55.2	343.8
hazard-6dc210c8c6db49f2127706bc49af503c405316d04e87ba4ec5db5bca39b79836	2	-962.31	-55.2	379.38
hazard-6dc210c8c6db49f2127706bc49af503c405316d04e87ba4ec5db5bca39b79836	3	-946.92	-55.2	383.8
hazard-6dcdc1c80fb1f5d8e6ea0a82bff161b91f3e20c6dc34baf34c9580a9a799b6c2	0	183.38	15.65	215.47
hazard-6dcdc1c80fb1f5d8e6ea0a82bff161b91f3e20c6dc34baf34c9580a9a799b6c2	1	257.48	15.65	210.1
hazard-6dcdc1c80fb1f5d8e6ea0a82bff161b91f3e20c6dc34baf34c9580a9a799b6c2	2	262.15	15.65	135.46
hazard-6dcdc1c80fb1f5d8e6ea0a82bff161b91f3e20c6dc34baf34c9580a9a799b6c2	3	188.04	15.65	140.84
hazard-6dea767e4c1773358faaf499e6931f447f5cacd1f60331fdf6ec54512fa083ab	0	-85.43869	31.409996	277.291321
hazard-6dea767e4c1773358faaf499e6931f447f5cacd1f60331fdf6ec54512fa083ab	1	-6.589813	31.409996	276.397339
hazard-6dea767e4c1773358faaf499e6931f447f5cacd1f60331fdf6ec54512fa083ab	2	-6.16134262	31.409996	314.18866
hazard-6dea767e4c1773358faaf499e6931f447f5cacd1f60331fdf6ec54512fa083ab	3	-85.0102158	31.409996	315.082642
hazard-6e4498eada552e69d62c1b39f65919a192414a1e8b37a042cdf536964c211102	0	342.47	-5.49	377.22
hazard-6e4498eada552e69d62c1b39f65919a192414a1e8b37a042cdf536964c211102	1	306.75	-5.49	374.33
hazard-6e4498eada552e69d62c1b39f65919a192414a1e8b37a042cdf536964c211102	2	304.54	-5.49	401.75
hazard-6e4498eada552e69d62c1b39f65919a192414a1e8b37a042cdf536964c211102	3	340.25	-5.49	404.63
hazard-6e73f7ea2461bfb1af186b7791d0c1070e3ab689949ca777b7a7ac1ce7b766c0	0	-48.98	11.9	30.65
hazard-6e73f7ea2461bfb1af186b7791d0c1070e3ab689949ca777b7a7ac1ce7b766c0	1	34.98	11.9	14.91
hazard-6e73f7ea2461bfb1af186b7791d0c1070e3ab689949ca777b7a7ac1ce7b766c0	2	22.19	11.9	-53.34
hazard-6e73f7ea2461bfb1af186b7791d0c1070e3ab689949ca777b7a7ac1ce7b766c0	3	-61.78	11.9	-37.6
hazard-6e8d836c4f9d166839e5d165181124289c5ccda4b3b98f55b0785c0bc060ddc3	0	-6.42	8.5	522.29
hazard-6e8d836c4f9d166839e5d165181124289c5ccda4b3b98f55b0785c0bc060ddc3	1	-5.4	8.5	461.23
hazard-6e8d836c4f9d166839e5d165181124289c5ccda4b3b98f55b0785c0bc060ddc3	2	-20.64	8.5	460.97
hazard-6e8d836c4f9d166839e5d165181124289c5ccda4b3b98f55b0785c0bc060ddc3	3	-21.66	8.5	522.03
hazard-6f1961beb7656ce7d8e0612437ddaef37ef11995a583ac8b501f31ecef19a44e	0	259.18	0.8	520.09
hazard-6f1961beb7656ce7d8e0612437ddaef37ef11995a583ac8b501f31ecef19a44e	1	259.18	0.8	529.78
hazard-6f1961beb7656ce7d8e0612437ddaef37ef11995a583ac8b501f31ecef19a44e	2	249.74	0.8	529.78
hazard-6f1961beb7656ce7d8e0612437ddaef37ef11995a583ac8b501f31ecef19a44e	3	249.74	0.8	520.09
hazard-6f20a984cc0111466d520e5f89a82bf9034892480ed9c9b0b65635e13b58d369	0	220.22	2.8	516.58
hazard-6f20a984cc0111466d520e5f89a82bf9034892480ed9c9b0b65635e13b58d369	1	220.22	2.8	528.71
hazard-6f20a984cc0111466d520e5f89a82bf9034892480ed9c9b0b65635e13b58d369	2	216.98	2.8	528.71
hazard-6f20a984cc0111466d520e5f89a82bf9034892480ed9c9b0b65635e13b58d369	3	216.98	2.8	516.58
hazard-72237b509b39945c87a8c09920275ff5fd02590f23de7ba06e7b135963950cce	0	256.02	-2	-67.23
hazard-72237b509b39945c87a8c09920275ff5fd02590f23de7ba06e7b135963950cce	1	262.5	-2	-43.08
hazard-72237b509b39945c87a8c09920275ff5fd02590f23de7ba06e7b135963950cce	2	316.28	-2	-57.49
hazard-72237b509b39945c87a8c09920275ff5fd02590f23de7ba06e7b135963950cce	3	309.8	-2	-81.64
hazard-7228f492ea11a5a3812a5ff1dc255277e75e3c87123feb66744191db095cae9d	0	92.53	29.84	-835.34
hazard-7228f492ea11a5a3812a5ff1dc255277e75e3c87123feb66744191db095cae9d	1	105.36	29.84	-848.86
hazard-7228f492ea11a5a3812a5ff1dc255277e75e3c87123feb66744191db095cae9d	2	94.17	29.84	-859.49
hazard-7228f492ea11a5a3812a5ff1dc255277e75e3c87123feb66744191db095cae9d	3	81.33	29.84	-845.96
hazard-7251a343bb7f4dc5c39be738eb4fac857766e9c0c4f8ceeaf5050dc7ab4dc82a	0	314.99	2	511.61
hazard-7251a343bb7f4dc5c39be738eb4fac857766e9c0c4f8ceeaf5050dc7ab4dc82a	1	314.99	2	521.31
hazard-7251a343bb7f4dc5c39be738eb4fac857766e9c0c4f8ceeaf5050dc7ab4dc82a	2	305.54	2	521.31
hazard-7251a343bb7f4dc5c39be738eb4fac857766e9c0c4f8ceeaf5050dc7ab4dc82a	3	305.54	2	511.61
hazard-72f2762821c8fd18db0d260077e49b94f73489a21695efcf2f7c9b4b20b46cb5	0	310.57	2.13	502.31
hazard-72f2762821c8fd18db0d260077e49b94f73489a21695efcf2f7c9b4b20b46cb5	1	306.57	2.13	513.63
hazard-72f2762821c8fd18db0d260077e49b94f73489a21695efcf2f7c9b4b20b46cb5	2	307.99	2.13	514.13
hazard-72f2762821c8fd18db0d260077e49b94f73489a21695efcf2f7c9b4b20b46cb5	3	311.99	2.13	502.81
hazard-760cf1b7c8f4cb7f32484c184f3a79b0be44fd45e85376609a222b3ecab08b12	0	226.25	0.8	530.05
hazard-760cf1b7c8f4cb7f32484c184f3a79b0be44fd45e85376609a222b3ecab08b12	1	226.25	0.8	541.79
hazard-760cf1b7c8f4cb7f32484c184f3a79b0be44fd45e85376609a222b3ecab08b12	2	220.39	0.8	541.79
hazard-760cf1b7c8f4cb7f32484c184f3a79b0be44fd45e85376609a222b3ecab08b12	3	220.39	0.8	530.05
hazard-76f4c4c708c43a29c5c9a729cc9cf5b77225989ad4e575f98dc66f35c12df08b	0	-40.71725	-0.315856934	52.59258
hazard-76f4c4c708c43a29c5c9a729cc9cf5b77225989ad4e575f98dc66f35c12df08b	1	-36.21725	-0.315856934	52.59258
hazard-76f4c4c708c43a29c5c9a729cc9cf5b77225989ad4e575f98dc66f35c12df08b	2	-36.21725	-0.315856934	58.59258
hazard-76f4c4c708c43a29c5c9a729cc9cf5b77225989ad4e575f98dc66f35c12df08b	3	-40.71725	-0.315856934	58.59258
hazard-77068c8411ffa5ea6d158a015f882cc6a3a8480641fd79f8452b355b4291eae8	0	-43.7	33.28	28.6
hazard-77068c8411ffa5ea6d158a015f882cc6a3a8480641fd79f8452b355b4291eae8	1	-43.7	33.28	32.86
hazard-77068c8411ffa5ea6d158a015f882cc6a3a8480641fd79f8452b355b4291eae8	2	-49.4	33.28	32.86
hazard-77068c8411ffa5ea6d158a015f882cc6a3a8480641fd79f8452b355b4291eae8	3	-49.4	33.28	28.6
hazard-7803a3cd2196bc2bebe84fe6e5c7bdbc323c507d9abc742f43972be5e59e5dee	0	188.043777	15.6500015	140.842438
hazard-7803a3cd2196bc2bebe84fe6e5c7bdbc323c507d9abc742f43972be5e59e5dee	1	262.147522	15.6500015	135.464767
hazard-7803a3cd2196bc2bebe84fe6e5c7bdbc323c507d9abc742f43972be5e59e5dee	2	257.483032	15.6500015	210.095276
hazard-7803a3cd2196bc2bebe84fe6e5c7bdbc323c507d9abc742f43972be5e59e5dee	3	183.379272	15.6500015	215.472931
hazard-78bafee403b65132b806f43af5b8e817d9342e0926fe4ea4531d0e4c710a0bf2	0	59.13831	23.8979988	169.858521
hazard-78bafee403b65132b806f43af5b8e817d9342e0926fe4ea4531d0e4c710a0bf2	1	60.6254768	23.8979988	170.0543
hazard-78bafee403b65132b806f43af5b8e817d9342e0926fe4ea4531d0e4c710a0bf2	2	60.4296875	23.8979988	171.541473
hazard-78bafee403b65132b806f43af5b8e817d9342e0926fe4ea4531d0e4c710a0bf2	3	58.94252	23.8979988	171.345688
hazard-79fc1f6a5757244d93fd37ce7def8721b346a15909eeda59cb93a97384a21934	0	265.24	2.31	515.57
hazard-79fc1f6a5757244d93fd37ce7def8721b346a15909eeda59cb93a97384a21934	1	277.09	2.31	517.51
hazard-79fc1f6a5757244d93fd37ce7def8721b346a15909eeda59cb93a97384a21934	2	277.33	2.31	516.03
hazard-79fc1f6a5757244d93fd37ce7def8721b346a15909eeda59cb93a97384a21934	3	265.49	2.31	514.09
hazard-7b6eb6f72659fc1b33bed060d10a8daa5dbc4bfc41416f345733283de8848530	0	243.39	0.67	533.27
hazard-7b6eb6f72659fc1b33bed060d10a8daa5dbc4bfc41416f345733283de8848530	1	247.38	0.67	521.95
hazard-7b6eb6f72659fc1b33bed060d10a8daa5dbc4bfc41416f345733283de8848530	2	245.96	0.67	521.45
hazard-7b6eb6f72659fc1b33bed060d10a8daa5dbc4bfc41416f345733283de8848530	3	241.98	0.67	532.77
hazard-7c5bc68f0a650fa607ba66109a0449395b9a2031562128c4c817194d1b1b3881	0	277.37	19	-821.68
hazard-7c5bc68f0a650fa607ba66109a0449395b9a2031562128c4c817194d1b1b3881	1	300.69	19	-868.7
hazard-7c5bc68f0a650fa607ba66109a0449395b9a2031562128c4c817194d1b1b3881	2	213.94	19	-911.72
hazard-7c5bc68f0a650fa607ba66109a0449395b9a2031562128c4c817194d1b1b3881	3	190.62	19	-864.7
hazard-7e61f5fc062f90bb031cde96a7f1a2ef7972c2ade0a9f84620c142983db542b6	0	451.88	13.86	-331.22
hazard-7e61f5fc062f90bb031cde96a7f1a2ef7972c2ade0a9f84620c142983db542b6	1	522.59	13.86	-57.3
hazard-7e61f5fc062f90bb031cde96a7f1a2ef7972c2ade0a9f84620c142983db542b6	2	589.01	13.86	-110.54
hazard-7e61f5fc062f90bb031cde96a7f1a2ef7972c2ade0a9f84620c142983db542b6	3	518.3	13.86	-384.45
hazard-7fe931894faf2249be4fb5fcc7b701fd1a4ce635e9227cc5da611dc8bb68c87b	0	106.45	3.26	323.52
hazard-7fe931894faf2249be4fb5fcc7b701fd1a4ce635e9227cc5da611dc8bb68c87b	1	106.45	3.26	328.76
hazard-7fe931894faf2249be4fb5fcc7b701fd1a4ce635e9227cc5da611dc8bb68c87b	2	103.66	3.26	328.76
hazard-7fe931894faf2249be4fb5fcc7b701fd1a4ce635e9227cc5da611dc8bb68c87b	3	103.66	3.26	323.52
hazard-81c4f794b3e5356a63c23f1386d5a3a39fbc67ef5f47eeb445729297559f4143	0	228.35	0.72	524.99
hazard-81c4f794b3e5356a63c23f1386d5a3a39fbc67ef5f47eeb445729297559f4143	1	228.35	0.72	534.73
hazard-81c4f794b3e5356a63c23f1386d5a3a39fbc67ef5f47eeb445729297559f4143	2	218.95	0.72	534.73
hazard-81c4f794b3e5356a63c23f1386d5a3a39fbc67ef5f47eeb445729297559f4143	3	218.95	0.72	524.99
hazard-83f56da5e903d2ad5ba39e8c5fee7d3aaab6866243e2c2319e099feff8bd5a14	0	-108.936935	31.409996	262.085327
hazard-83f56da5e903d2ad5ba39e8c5fee7d3aaab6866243e2c2319e099feff8bd5a14	1	-30.088068	31.409996	261.1913
hazard-83f56da5e903d2ad5ba39e8c5fee7d3aaab6866243e2c2319e099feff8bd5a14	2	-29.4630871	31.409996	316.3147
hazard-83f56da5e903d2ad5ba39e8c5fee7d3aaab6866243e2c2319e099feff8bd5a14	3	-108.311958	31.409996	317.208679
hazard-840ee3fbc3353c8ec637bc613d988969c0aa26bdb55be01048beba84123ea82a	0	-618.51	19.97	-76.54
hazard-840ee3fbc3353c8ec637bc613d988969c0aa26bdb55be01048beba84123ea82a	1	-665.9	19.97	7.75
hazard-840ee3fbc3353c8ec637bc613d988969c0aa26bdb55be01048beba84123ea82a	2	-618.6	19.97	34.34
hazard-840ee3fbc3353c8ec637bc613d988969c0aa26bdb55be01048beba84123ea82a	3	-571.21	19.97	-49.95
hazard-8547af3e250f8018af7489bc56b4fa5a4eb8acd3ad915a9ac88b72b903bd2ad9	0	107.02	3.49	361.94
hazard-8547af3e250f8018af7489bc56b4fa5a4eb8acd3ad915a9ac88b72b903bd2ad9	1	107.02	3.49	367.17
hazard-8547af3e250f8018af7489bc56b4fa5a4eb8acd3ad915a9ac88b72b903bd2ad9	2	104.39	3.49	367.17
hazard-8547af3e250f8018af7489bc56b4fa5a4eb8acd3ad915a9ac88b72b903bd2ad9	3	104.39	3.49	361.94
hazard-87969830fbd70fb626b660f0a63d6bec76af1f7c570044fb6d6ec7ab69fa1f15	0	-358.5	27.2	-781.49
hazard-87969830fbd70fb626b660f0a63d6bec76af1f7c570044fb6d6ec7ab69fa1f15	1	-300.7	27.2	-801.19
hazard-87969830fbd70fb626b660f0a63d6bec76af1f7c570044fb6d6ec7ab69fa1f15	2	-318.66	27.2	-853.89
hazard-87969830fbd70fb626b660f0a63d6bec76af1f7c570044fb6d6ec7ab69fa1f15	3	-376.46	27.2	-834.2
hazard-87ab8f09db971b10f760621e2918490b8111658310fc0e87276215995903e4ee	0	-577.93	10.77	1.78
hazard-87ab8f09db971b10f760621e2918490b8111658310fc0e87276215995903e4ee	1	-582.38	10.77	98.89
hazard-87ab8f09db971b10f760621e2918490b8111658310fc0e87276215995903e4ee	2	-538.67	10.77	100.89
hazard-87ab8f09db971b10f760621e2918490b8111658310fc0e87276215995903e4ee	3	-534.21	10.77	3.78
hazard-8850b25f4880da4b5cdceb754493fb1b0118b3c459233d08bbda1d3dc7e12a08	0	134.59	5.06	525.58
hazard-8850b25f4880da4b5cdceb754493fb1b0118b3c459233d08bbda1d3dc7e12a08	1	134.59	5.06	550.58
hazard-8850b25f4880da4b5cdceb754493fb1b0118b3c459233d08bbda1d3dc7e12a08	2	190.27	5.06	550.58
hazard-8850b25f4880da4b5cdceb754493fb1b0118b3c459233d08bbda1d3dc7e12a08	3	190.27	5.06	525.58
hazard-88b27997884a17e757c9d4dbacc279a1b531c779b2411c55898116e264ba7c7b	0	-42.604	1.476	-14.8209
hazard-88b27997884a17e757c9d4dbacc279a1b531c779b2411c55898116e264ba7c7b	1	-41.604	1.476	-14.8209
hazard-88b27997884a17e757c9d4dbacc279a1b531c779b2411c55898116e264ba7c7b	2	-41.604	1.476	-11.9611
hazard-88b27997884a17e757c9d4dbacc279a1b531c779b2411c55898116e264ba7c7b	3	-42.604	1.476	-11.9611
hazard-88cc03393b78979ca6172d53f687068e7d29f1c588767a83302f9b028174d6b9	0	98.64	3.24	263.41
hazard-88cc03393b78979ca6172d53f687068e7d29f1c588767a83302f9b028174d6b9	1	103.64	3.24	263.58
hazard-88cc03393b78979ca6172d53f687068e7d29f1c588767a83302f9b028174d6b9	2	103.69	3.24	262.08
hazard-88cc03393b78979ca6172d53f687068e7d29f1c588767a83302f9b028174d6b9	3	98.69	3.24	261.91
hazard-895601e3eab7febf88a5e31bfb43041892e74fa54ebe1fe021a2bc4bbca0cb5f	0	-40.71725	-0.315859318	49.5125847
hazard-895601e3eab7febf88a5e31bfb43041892e74fa54ebe1fe021a2bc4bbca0cb5f	1	-36.21725	-0.315859318	49.5125847
hazard-895601e3eab7febf88a5e31bfb43041892e74fa54ebe1fe021a2bc4bbca0cb5f	2	-36.21725	-0.315859318	52.552578
hazard-895601e3eab7febf88a5e31bfb43041892e74fa54ebe1fe021a2bc4bbca0cb5f	3	-40.71725	-0.315859318	52.5525856
hazard-895601e3eab7febf88a5e31bfb43041892e74fa54ebe1fe021a2bc4bbca0cb5f	4	-40.71725	-0.315859318	52.552578
hazard-8964dc5e36a93359654a6657947a3d9aa0b72e0d465246813ca62f558ffc1b1a	0	53.52	3.05	325.28
hazard-8964dc5e36a93359654a6657947a3d9aa0b72e0d465246813ca62f558ffc1b1a	1	49.24	3.05	327.86
hazard-8964dc5e36a93359654a6657947a3d9aa0b72e0d465246813ca62f558ffc1b1a	2	50.02	3.05	329.15
hazard-8964dc5e36a93359654a6657947a3d9aa0b72e0d465246813ca62f558ffc1b1a	3	54.3	3.05	326.57
hazard-8afd625078c1cfe897b0288358fad086a7b7b69114386d42ec68b43d9dcb7491	0	246.47	1.51	507.95
hazard-8afd625078c1cfe897b0288358fad086a7b7b69114386d42ec68b43d9dcb7491	1	246.47	1.51	514.53
hazard-8afd625078c1cfe897b0288358fad086a7b7b69114386d42ec68b43d9dcb7491	2	235.02	1.51	514.53
hazard-8afd625078c1cfe897b0288358fad086a7b7b69114386d42ec68b43d9dcb7491	3	235.02	1.51	507.95
hazard-8c0ef6af9939c2b83e57510138e1e63efd9bee53c9a93704d408f3f73bf524fc	0	83.37	18.79	-834.37
hazard-8c0ef6af9939c2b83e57510138e1e63efd9bee53c9a93704d408f3f73bf524fc	1	90.9	18.79	-837.49
hazard-8c0ef6af9939c2b83e57510138e1e63efd9bee53c9a93704d408f3f73bf524fc	2	79.54	18.79	-864.89
hazard-8c0ef6af9939c2b83e57510138e1e63efd9bee53c9a93704d408f3f73bf524fc	3	72.01	18.79	-861.77
hazard-8c5d476367b3c8cfcf7e4490a0ee353ecea5b897ed5064d865b84e664eee92d5	0	58.971	23.8979988	170.049
hazard-8c5d476367b3c8cfcf7e4490a0ee353ecea5b897ed5064d865b84e664eee92d5	1	60.471	23.8979988	170.049
hazard-8c5d476367b3c8cfcf7e4490a0ee353ecea5b897ed5064d865b84e664eee92d5	2	60.471	23.8979988	171.549
hazard-8c5d476367b3c8cfcf7e4490a0ee353ecea5b897ed5064d865b84e664eee92d5	3	58.971	23.8979988	171.549
hazard-8c74f6cc8864353c6d4d18505110db00c92c0b2908a852bb819e305ecf65e487	0	54.26	3.07	324.17
hazard-8c74f6cc8864353c6d4d18505110db00c92c0b2908a852bb819e305ecf65e487	1	49.81	3.07	321.89
hazard-8c74f6cc8864353c6d4d18505110db00c92c0b2908a852bb819e305ecf65e487	2	49.13	3.07	323.23
hazard-8c74f6cc8864353c6d4d18505110db00c92c0b2908a852bb819e305ecf65e487	3	53.58	3.07	325.51
hazard-8d3453d79cea510d62599f8e374b0abe387ffdc918f432abfc0571e06f0c16e4	0	274.39	4.08	-229.8
hazard-8d3453d79cea510d62599f8e374b0abe387ffdc918f432abfc0571e06f0c16e4	1	163.39	4.08	-230.85
hazard-8d3453d79cea510d62599f8e374b0abe387ffdc918f432abfc0571e06f0c16e4	2	162.78	4.08	-165.63
hazard-8d3453d79cea510d62599f8e374b0abe387ffdc918f432abfc0571e06f0c16e4	3	273.78	4.08	-164.58
hazard-8e020daa1d2b5f7ea2776af5bfe1e4a35a174ed354b0a67398fc8592cd357d51	0	-553.29	-8.8	-374.4
hazard-8e020daa1d2b5f7ea2776af5bfe1e4a35a174ed354b0a67398fc8592cd357d51	1	-521.24	-8.8	-400.48
hazard-8e020daa1d2b5f7ea2776af5bfe1e4a35a174ed354b0a67398fc8592cd357d51	2	-559.11	-8.8	-447.02
hazard-8e020daa1d2b5f7ea2776af5bfe1e4a35a174ed354b0a67398fc8592cd357d51	3	-591.16	-8.8	-420.94
hazard-8e4bb066ae6ac0bbf8444ce5cbfc511d8e43134e916bd01a9e5093a5650f1a14	0	291.23	-27.03	-362.26
hazard-8e4bb066ae6ac0bbf8444ce5cbfc511d8e43134e916bd01a9e5093a5650f1a14	1	195.55	-27.03	-376.26
hazard-8e4bb066ae6ac0bbf8444ce5cbfc511d8e43134e916bd01a9e5093a5650f1a14	2	187.69	-27.03	-322.57
hazard-8e4bb066ae6ac0bbf8444ce5cbfc511d8e43134e916bd01a9e5093a5650f1a14	3	283.37	-27.03	-308.57
hazard-8eaac99749ee100316b591bc7f76bcbcbf11036d8d3e863c8f1153e45e52697c	0	136.1	19.1	-870.82
hazard-8eaac99749ee100316b591bc7f76bcbcbf11036d8d3e863c8f1153e45e52697c	1	209.58	19.1	-853.16
hazard-8eaac99749ee100316b591bc7f76bcbcbf11036d8d3e863c8f1153e45e52697c	2	226.45	19.1	-923.31
hazard-8eaac99749ee100316b591bc7f76bcbcbf11036d8d3e863c8f1153e45e52697c	3	152.97	19.1	-940.97
hazard-8eba5aba564264a46b9efc7caaeaf886078dc25b5485fc7518bd78cc95ba10a4	0	-397.62	27.2	143.68
hazard-8eba5aba564264a46b9efc7caaeaf886078dc25b5485fc7518bd78cc95ba10a4	1	-406.09	27.2	72.03
hazard-8eba5aba564264a46b9efc7caaeaf886078dc25b5485fc7518bd78cc95ba10a4	2	-461.67	27.2	78.6
hazard-8eba5aba564264a46b9efc7caaeaf886078dc25b5485fc7518bd78cc95ba10a4	3	-453.2	27.2	150.25
hazard-8efad1c870618374d2ca706ca15bbc7f64104665b885079f477436406afd2582	0	-546.25	10.84	162.5
hazard-8efad1c870618374d2ca706ca15bbc7f64104665b885079f477436406afd2582	1	-603.59	10.84	150.63
hazard-8efad1c870618374d2ca706ca15bbc7f64104665b885079f477436406afd2582	2	-609.2	10.84	177.68
hazard-8efad1c870618374d2ca706ca15bbc7f64104665b885079f477436406afd2582	3	-551.85	10.84	189.55
hazard-8f51a37f7f460872043531419c729fd003fedce3115926a0a768de5ffb55d9e3	0	-657.81	-4.03	-403.37
hazard-8f51a37f7f460872043531419c729fd003fedce3115926a0a768de5ffb55d9e3	1	-726.51	-4.03	-401.82
hazard-8f51a37f7f460872043531419c729fd003fedce3115926a0a768de5ffb55d9e3	2	-725.28	-4.03	-347.57
hazard-8f51a37f7f460872043531419c729fd003fedce3115926a0a768de5ffb55d9e3	3	-656.58	-4.03	-349.12
hazard-8fb6d0b639f284812c0c03b99874db6ad7ca90b01d61b06f1cb167eef72bc9c3	0	-108.31	31.41	317.21
hazard-8fb6d0b639f284812c0c03b99874db6ad7ca90b01d61b06f1cb167eef72bc9c3	1	-29.46	31.41	316.31
hazard-8fb6d0b639f284812c0c03b99874db6ad7ca90b01d61b06f1cb167eef72bc9c3	2	-30.09	31.41	261.19
hazard-8fb6d0b639f284812c0c03b99874db6ad7ca90b01d61b06f1cb167eef72bc9c3	3	-108.94	31.41	262.09
hazard-904aaf41b5468a4b816ad065c7ce2892c6de6f365073cb2be406e3dbb4fe3acd	0	523.72	-39.93	9.98
hazard-904aaf41b5468a4b816ad065c7ce2892c6de6f365073cb2be406e3dbb4fe3acd	1	526.36	-39.93	-154.56
hazard-904aaf41b5468a4b816ad065c7ce2892c6de6f365073cb2be406e3dbb4fe3acd	2	476.21	-39.93	-155.37
hazard-904aaf41b5468a4b816ad065c7ce2892c6de6f365073cb2be406e3dbb4fe3acd	3	473.56	-39.93	9.17
hazard-915bb4507d6e9b456edbb21a8f0398a30d1509aa6ef08c38b03857585749e64c	0	324.31	21.35	-429.77
hazard-915bb4507d6e9b456edbb21a8f0398a30d1509aa6ef08c38b03857585749e64c	1	346.75	21.35	-472.74
hazard-915bb4507d6e9b456edbb21a8f0398a30d1509aa6ef08c38b03857585749e64c	2	324.37	21.35	-488.95
hazard-915bb4507d6e9b456edbb21a8f0398a30d1509aa6ef08c38b03857585749e64c	3	301.93	21.35	-445.98
hazard-917eb27f1b19dec729ca52c81a17d6f5691a22c0b6e090ee22d61f750ef0f410	0	-563.77	-4.03	-399.56
hazard-917eb27f1b19dec729ca52c81a17d6f5691a22c0b6e090ee22d61f750ef0f410	1	-636.12	-4.03	-398.99
hazard-917eb27f1b19dec729ca52c81a17d6f5691a22c0b6e090ee22d61f750ef0f410	2	-635.7	-4.03	-344.73
hazard-917eb27f1b19dec729ca52c81a17d6f5691a22c0b6e090ee22d61f750ef0f410	3	-563.35	-4.03	-345.3
hazard-91e77bbf08ed8b452cf3a46eee748fde223ed09529c05f98abd19dba6346d98b	0	216.18	2.86	523.17
hazard-91e77bbf08ed8b452cf3a46eee748fde223ed09529c05f98abd19dba6346d98b	1	216.18	2.86	531.81
hazard-91e77bbf08ed8b452cf3a46eee748fde223ed09529c05f98abd19dba6346d98b	2	205.81	2.86	531.81
hazard-91e77bbf08ed8b452cf3a46eee748fde223ed09529c05f98abd19dba6346d98b	3	205.81	2.86	523.17
hazard-9299f6c785d8f982acfa888869ace6bc99159a46228fdc56e7f578f714f01df0	0	-665.19	15	109.13
hazard-9299f6c785d8f982acfa888869ace6bc99159a46228fdc56e7f578f714f01df0	1	-598.41	15	125.86
hazard-9299f6c785d8f982acfa888869ace6bc99159a46228fdc56e7f578f714f01df0	2	-583.83	15	67.66
hazard-9299f6c785d8f982acfa888869ace6bc99159a46228fdc56e7f578f714f01df0	3	-650.61	15	50.93
hazard-92aab2ea07037f509419132b8a1a830b86e347c3bfddc11adc2c44f6c97379c9	0	518.84	-39.93	99.12
hazard-92aab2ea07037f509419132b8a1a830b86e347c3bfddc11adc2c44f6c97379c9	1	520.4	-39.93	2.43
hazard-92aab2ea07037f509419132b8a1a830b86e347c3bfddc11adc2c44f6c97379c9	2	470.24	-39.93	1.62
hazard-92aab2ea07037f509419132b8a1a830b86e347c3bfddc11adc2c44f6c97379c9	3	468.69	-39.93	98.31
hazard-9336836d9ee809b644a2d032987bc16d7fb5d4d3d799c17b5ab149f2d81a5cc0	0	-771.83	-29.51	-245.23
hazard-9336836d9ee809b644a2d032987bc16d7fb5d4d3d799c17b5ab149f2d81a5cc0	1	-769.34	-29.51	-221.44
hazard-9336836d9ee809b644a2d032987bc16d7fb5d4d3d799c17b5ab149f2d81a5cc0	2	-717.83	-29.51	-238.08
hazard-9336836d9ee809b644a2d032987bc16d7fb5d4d3d799c17b5ab149f2d81a5cc0	3	-720.32	-29.51	-261.86
hazard-94a7b8bd08a45a8c002edc36340e3d2f71e065dd6657fc67269c5d6c3eb996a9	0	251.82	0.47	531.12
hazard-94a7b8bd08a45a8c002edc36340e3d2f71e065dd6657fc67269c5d6c3eb996a9	1	262.38	0.47	525.42
hazard-94a7b8bd08a45a8c002edc36340e3d2f71e065dd6657fc67269c5d6c3eb996a9	2	261.66	0.47	524.1
hazard-94a7b8bd08a45a8c002edc36340e3d2f71e065dd6657fc67269c5d6c3eb996a9	3	251.1	0.47	529.8
hazard-94dca319d0cd30faf645290f18cd592f7b568a570e58d6730668d94388d8f1e5	0	-30.5017776	0.146615386	24.69909
hazard-94dca319d0cd30faf645290f18cd592f7b568a570e58d6730668d94388d8f1e5	1	-25.20145	0.146615386	24.6991043
hazard-94dca319d0cd30faf645290f18cd592f7b568a570e58d6730668d94388d8f1e5	2	-25.2014542	0.146615386	25.98642
hazard-94dca319d0cd30faf645290f18cd592f7b568a570e58d6730668d94388d8f1e5	3	-30.5017815	0.146615386	25.9864044
hazard-952a3e59e31cb78635515c76c4930cfca0accbfc8e04c7b84cd33cb9640cade3	0	-561.62	15.64	-69.39
hazard-952a3e59e31cb78635515c76c4930cfca0accbfc8e04c7b84cd33cb9640cade3	1	-569.15	15.64	-72.68
hazard-952a3e59e31cb78635515c76c4930cfca0accbfc8e04c7b84cd33cb9640cade3	2	-591.45	15.64	-21.67
hazard-952a3e59e31cb78635515c76c4930cfca0accbfc8e04c7b84cd33cb9640cade3	3	-583.92	15.64	-18.37
hazard-9540b87fc2e68b83f8a594c00dd90d7a90e6e6ef2b476318357c07b1a9781ef2	0	217.7	0.84	517.62
hazard-9540b87fc2e68b83f8a594c00dd90d7a90e6e6ef2b476318357c07b1a9781ef2	1	217.7	0.84	529.55
hazard-9540b87fc2e68b83f8a594c00dd90d7a90e6e6ef2b476318357c07b1a9781ef2	2	212.68	0.84	529.55
hazard-9540b87fc2e68b83f8a594c00dd90d7a90e6e6ef2b476318357c07b1a9781ef2	3	212.68	0.84	517.62
hazard-95f243f1564581deddce9810fa3f4cae7fdad335500273c7ff9deb1c0b1bc1c4	0	247.25	0.99	530.24
hazard-95f243f1564581deddce9810fa3f4cae7fdad335500273c7ff9deb1c0b1bc1c4	1	247.25	0.99	541.03
hazard-95f243f1564581deddce9810fa3f4cae7fdad335500273c7ff9deb1c0b1bc1c4	2	239.22	0.99	541.03
hazard-95f243f1564581deddce9810fa3f4cae7fdad335500273c7ff9deb1c0b1bc1c4	3	239.22	0.99	530.24
hazard-9952d761befd10dc19ce071a3510d4098ba0674816974a477d9914e39e8b09b4	0	47.82	3.05	268.82
hazard-9952d761befd10dc19ce071a3510d4098ba0674816974a477d9914e39e8b09b4	1	52.71	3.05	267.81
hazard-9952d761befd10dc19ce071a3510d4098ba0674816974a477d9914e39e8b09b4	2	52.41	3.05	266.34
hazard-9952d761befd10dc19ce071a3510d4098ba0674816974a477d9914e39e8b09b4	3	47.51	3.05	267.35
hazard-99f4cc7506b99ed90f6fc68459faa8fa4c3efc9b08f4c25c7623b0aedc14d663	0	-634.56	-4.03	-388.92
hazard-99f4cc7506b99ed90f6fc68459faa8fa4c3efc9b08f4c25c7623b0aedc14d663	1	-662.01	-4.03	-388.59
hazard-99f4cc7506b99ed90f6fc68459faa8fa4c3efc9b08f4c25c7623b0aedc14d663	2	-661.65	-4.03	-358.63
hazard-99f4cc7506b99ed90f6fc68459faa8fa4c3efc9b08f4c25c7623b0aedc14d663	3	-634.19	-4.03	-358.97
hazard-99fede2ebc477c99ff1b63162d5f0cd89c78c66aee77d1271f74f3e7ce86177c	0	101.55	3.58	361.47
hazard-99fede2ebc477c99ff1b63162d5f0cd89c78c66aee77d1271f74f3e7ce86177c	1	104.83	3.58	365.24
hazard-99fede2ebc477c99ff1b63162d5f0cd89c78c66aee77d1271f74f3e7ce86177c	2	105.97	3.58	364.26
hazard-99fede2ebc477c99ff1b63162d5f0cd89c78c66aee77d1271f74f3e7ce86177c	3	102.69	3.58	360.49
hazard-9a5eb63046f7245933931c8478a2f6318f3060e6fbf695d569a7b1a744a357ca	0	544.33	28.42	-227.4
hazard-9a5eb63046f7245933931c8478a2f6318f3060e6fbf695d569a7b1a744a357ca	1	644.33	28.42	-227.4
hazard-9a5eb63046f7245933931c8478a2f6318f3060e6fbf695d569a7b1a744a357ca	2	644.33	28.42	-427.4
hazard-9a5eb63046f7245933931c8478a2f6318f3060e6fbf695d569a7b1a744a357ca	3	544.33	28.42	-427.4
hazard-9b4d900aa8505bb88126ff59c1d0aa5df8c49dad43f5d606417dd157157237ab	0	43.48	3.02	275.91
hazard-9b4d900aa8505bb88126ff59c1d0aa5df8c49dad43f5d606417dd157157237ab	1	39.64	3.02	279.12
hazard-9b4d900aa8505bb88126ff59c1d0aa5df8c49dad43f5d606417dd157157237ab	2	40.6	3.02	280.27
hazard-9b4d900aa8505bb88126ff59c1d0aa5df8c49dad43f5d606417dd157157237ab	3	44.44	3.02	277.07
hazard-9b92804c9f0489d1674edf0173307b83ad0695ca05750ce9df5164fffd8f3923	0	104.11	3.95	305.55
hazard-9b92804c9f0489d1674edf0173307b83ad0695ca05750ce9df5164fffd8f3923	1	105.16	3.95	310.44
hazard-9b92804c9f0489d1674edf0173307b83ad0695ca05750ce9df5164fffd8f3923	2	106.63	3.95	310.13
hazard-9b92804c9f0489d1674edf0173307b83ad0695ca05750ce9df5164fffd8f3923	3	105.58	3.95	305.24
hazard-9cdadc9da046373c893a682b7cdb551e4fbbab983c906048191eb08f151f1847	0	-362.16	22.9	-314.01
hazard-9cdadc9da046373c893a682b7cdb551e4fbbab983c906048191eb08f151f1847	1	-374	22.9	-245.06
hazard-9cdadc9da046373c893a682b7cdb551e4fbbab983c906048191eb08f151f1847	2	-308.71	22.9	-233.85
hazard-9cdadc9da046373c893a682b7cdb551e4fbbab983c906048191eb08f151f1847	3	-296.87	22.9	-302.8
hazard-9d8a616f232834d83e384f38970709335765b1cb11e0813ccc0e8faf3103bd4f	0	-585.72	10.68	175.42
hazard-9d8a616f232834d83e384f38970709335765b1cb11e0813ccc0e8faf3103bd4f	1	-585.72	10.68	236.95
hazard-9d8a616f232834d83e384f38970709335765b1cb11e0813ccc0e8faf3103bd4f	2	-638.64	10.68	236.95
hazard-9d8a616f232834d83e384f38970709335765b1cb11e0813ccc0e8faf3103bd4f	3	-638.64	10.68	175.42
hazard-9d8c6dffa1dc652ac96a59b77ccae77a1e3beda19b73763ff4f33ccd7d147390	0	205.079742	15.6500015	130.34462
hazard-9d8c6dffa1dc652ac96a59b77ccae77a1e3beda19b73763ff4f33ccd7d147390	1	238.489258	15.6500015	127.732925
hazard-9d8c6dffa1dc652ac96a59b77ccae77a1e3beda19b73763ff4f33ccd7d147390	2	236.531158	15.6500015	137.4659
hazard-9d8c6dffa1dc652ac96a59b77ccae77a1e3beda19b73763ff4f33ccd7d147390	3	203.121674	15.6500015	140.077591
hazard-9d9e738e06e1c29daf32579ea8adf7d556da617b6d6dd617eeb0a160c9ae7390	0	-347.79	43.18	-474.2
hazard-9d9e738e06e1c29daf32579ea8adf7d556da617b6d6dd617eeb0a160c9ae7390	1	-365.17	43.18	-497.82
hazard-9d9e738e06e1c29daf32579ea8adf7d556da617b6d6dd617eeb0a160c9ae7390	2	-379.75	43.18	-487.09
hazard-9d9e738e06e1c29daf32579ea8adf7d556da617b6d6dd617eeb0a160c9ae7390	3	-362.37	43.18	-463.47
hazard-9eb00fdf10da66d133efe2b04c9589ae4220ef673e8fae254d8456bf2da7e5cd	0	-6.88399458	1.86186087	-32.5436058
hazard-9eb00fdf10da66d133efe2b04c9589ae4220ef673e8fae254d8456bf2da7e5cd	1	-4.83600569	1.86186087	-32.5436058
hazard-9eb00fdf10da66d133efe2b04c9589ae4220ef673e8fae254d8456bf2da7e5cd	2	-4.83600569	1.86186087	-30.866394
hazard-9eb00fdf10da66d133efe2b04c9589ae4220ef673e8fae254d8456bf2da7e5cd	3	-6.88399458	1.86186087	-30.866394
hazard-9ecc5d98e2a008d61a96a8d61017c9d6b1826efba3f908d81d03be8be043861a	0	205.08	15.65	130.34
hazard-9ecc5d98e2a008d61a96a8d61017c9d6b1826efba3f908d81d03be8be043861a	1	203.12	15.65	140.08
hazard-9ecc5d98e2a008d61a96a8d61017c9d6b1826efba3f908d81d03be8be043861a	2	236.53	15.65	137.47
hazard-9ecc5d98e2a008d61a96a8d61017c9d6b1826efba3f908d81d03be8be043861a	3	238.49	15.65	127.73
hazard-9f96e1c7a1dd12b3098183967169b66aff3513168bb732bf2edeebae1e6463ad	0	-546.19	9.5	161.25
hazard-9f96e1c7a1dd12b3098183967169b66aff3513168bb732bf2edeebae1e6463ad	1	-603.96	9.5	149.69
hazard-9f96e1c7a1dd12b3098183967169b66aff3513168bb732bf2edeebae1e6463ad	2	-614.93	9.5	204.56
hazard-9f96e1c7a1dd12b3098183967169b66aff3513168bb732bf2edeebae1e6463ad	3	-557.16	9.5	216.12
hazard-a05321e5690dd6c6addcc664c483ef7d5f2b6004fdf0653e08f9e59047a1eec5	0	97.21	3.67	367.06
hazard-a05321e5690dd6c6addcc664c483ef7d5f2b6004fdf0653e08f9e59047a1eec5	1	97.21	3.67	371.75
hazard-a05321e5690dd6c6addcc664c483ef7d5f2b6004fdf0653e08f9e59047a1eec5	2	92.6	3.67	371.75
hazard-a05321e5690dd6c6addcc664c483ef7d5f2b6004fdf0653e08f9e59047a1eec5	3	92.6	3.67	367.06
hazard-a0851d623648b983874ce7dffc0bc2192f1cc51f40c5e07e842d045f2cbcbfe1	0	243.14	2.47	517.64
hazard-a0851d623648b983874ce7dffc0bc2192f1cc51f40c5e07e842d045f2cbcbfe1	1	243.14	2.47	527.71
hazard-a0851d623648b983874ce7dffc0bc2192f1cc51f40c5e07e842d045f2cbcbfe1	2	234.13	2.47	527.71
hazard-a0851d623648b983874ce7dffc0bc2192f1cc51f40c5e07e842d045f2cbcbfe1	3	234.13	2.47	517.64
hazard-a0dc80ed8d0d9c64e38da559b9da32cbcc6a18e9508f9447883a836c4c0ade45	0	243.09	0.53	509.89
hazard-a0dc80ed8d0d9c64e38da559b9da32cbcc6a18e9508f9447883a836c4c0ade45	1	237.21	0.53	499.43
hazard-a0dc80ed8d0d9c64e38da559b9da32cbcc6a18e9508f9447883a836c4c0ade45	2	235.9	0.53	500.17
hazard-a0dc80ed8d0d9c64e38da559b9da32cbcc6a18e9508f9447883a836c4c0ade45	3	241.78	0.53	510.62
hazard-a0f6e4b08522d573b883a9550eb911a1ad60ae4e132a44b6cb97c04623dff26b	0	-6.4137845	0.149615392	8.942944
hazard-a0f6e4b08522d573b883a9550eb911a1ad60ae4e132a44b6cb97c04623dff26b	1	-5.66608334	0.149615392	7.843751
hazard-a0f6e4b08522d573b883a9550eb911a1ad60ae4e132a44b6cb97c04623dff26b	2	-1.236835	0.149615392	10.8566475
hazard-a0f6e4b08522d573b883a9550eb911a1ad60ae4e132a44b6cb97c04623dff26b	3	-1.98453617	0.149615392	11.9558411
hazard-a1d9d006abd6e5fb15f9ac9998f73265ef1139ff1745e3e15f121d8b1f525d23	0	195.24	-27.03	-408.92
hazard-a1d9d006abd6e5fb15f9ac9998f73265ef1139ff1745e3e15f121d8b1f525d23	1	29.15	-27.03	-451.6
hazard-a1d9d006abd6e5fb15f9ac9998f73265ef1139ff1745e3e15f121d8b1f525d23	2	15.64	-27.03	-399.04
hazard-a1d9d006abd6e5fb15f9ac9998f73265ef1139ff1745e3e15f121d8b1f525d23	3	181.74	-27.03	-356.36
hazard-a20dc52da38fca292615d879cc4c2e228aa28a8039b2c0bc4f60a494e11df594	0	250.02	3.02	527.87
hazard-a20dc52da38fca292615d879cc4c2e228aa28a8039b2c0bc4f60a494e11df594	1	250.02	3.02	536.35
hazard-a20dc52da38fca292615d879cc4c2e228aa28a8039b2c0bc4f60a494e11df594	2	240.47	3.02	536.35
hazard-a20dc52da38fca292615d879cc4c2e228aa28a8039b2c0bc4f60a494e11df594	3	240.47	3.02	527.87
hazard-a31d959fa9186446fa710dbade6631f399594ec9be3f3ccfc1f7152d91fa298b	0	-493.09	25.34	-501.85
hazard-a31d959fa9186446fa710dbade6631f399594ec9be3f3ccfc1f7152d91fa298b	1	-487.13	25.34	-506.25
hazard-a31d959fa9186446fa710dbade6631f399594ec9be3f3ccfc1f7152d91fa298b	2	-520.33	25.34	-551.29
hazard-a31d959fa9186446fa710dbade6631f399594ec9be3f3ccfc1f7152d91fa298b	3	-526.29	25.34	-546.9
hazard-a3753322abb4535556a70fd5195d7e5b1c241f7897bb12d38adb0178105671c0	0	590.86	34.5	121.35
hazard-a3753322abb4535556a70fd5195d7e5b1c241f7897bb12d38adb0178105671c0	1	541.43	34.5	123.98
hazard-a3753322abb4535556a70fd5195d7e5b1c241f7897bb12d38adb0178105671c0	2	544.54	34.5	182.5
hazard-a3753322abb4535556a70fd5195d7e5b1c241f7897bb12d38adb0178105671c0	3	593.97	34.5	179.87
hazard-a3f64009ca03889310fdd974774c14cfb29bcdfb94b011a3148987a43730e3b5	0	106.29	3.74	308.42
hazard-a3f64009ca03889310fdd974774c14cfb29bcdfb94b011a3148987a43730e3b5	1	105.63	3.74	313.38
hazard-a3f64009ca03889310fdd974774c14cfb29bcdfb94b011a3148987a43730e3b5	2	107.12	3.74	313.57
hazard-a3f64009ca03889310fdd974774c14cfb29bcdfb94b011a3148987a43730e3b5	3	107.78	3.74	308.62
hazard-a4147127cffac6831e5f8a5d35e369404e8e78bee0d905ba9db7a494e506f1b7	0	-144.98	20.8	-957.27
hazard-a4147127cffac6831e5f8a5d35e369404e8e78bee0d905ba9db7a494e506f1b7	1	-59.55	20.8	-957.24
hazard-a4147127cffac6831e5f8a5d35e369404e8e78bee0d905ba9db7a494e506f1b7	2	-59.53	20.8	-1013.2
hazard-a4147127cffac6831e5f8a5d35e369404e8e78bee0d905ba9db7a494e506f1b7	3	-144.95	20.8	-1013.23
hazard-a4774f9bae8935428da65ba80a6a294119501535b12728b1d2ed3943522115a3	0	226.65	2.41	514.67
hazard-a4774f9bae8935428da65ba80a6a294119501535b12728b1d2ed3943522115a3	1	227.27	2.41	526.66
hazard-a4774f9bae8935428da65ba80a6a294119501535b12728b1d2ed3943522115a3	2	228.77	2.41	526.58
hazard-a4774f9bae8935428da65ba80a6a294119501535b12728b1d2ed3943522115a3	3	228.15	2.41	514.6
hazard-a4a633f629162cb4a7da8c32e66247d5488f56b27c8c7de0aad99c6d8b234440	0	36.74	-31.1	-422.39
hazard-a4a633f629162cb4a7da8c32e66247d5488f56b27c8c7de0aad99c6d8b234440	1	161.38	-31.1	-364.58
hazard-a4a633f629162cb4a7da8c32e66247d5488f56b27c8c7de0aad99c6d8b234440	2	184.92	-31.1	-415.34
hazard-a4a633f629162cb4a7da8c32e66247d5488f56b27c8c7de0aad99c6d8b234440	3	60.28	-31.1	-473.15
hazard-a4e441dd56719c50ff92ffe53583ada96415d56a3279d2bf5347c8a69b46a09d	0	-15.1803265	0.13793	5.55431938
hazard-a4e441dd56719c50ff92ffe53583ada96415d56a3279d2bf5347c8a69b46a09d	1	-10.25107	0.13793	5.55433369
hazard-a4e441dd56719c50ff92ffe53583ada96415d56a3279d2bf5347c8a69b46a09d	2	-10.2510738	0.13793	6.96096039
hazard-a4e441dd56719c50ff92ffe53583ada96415d56a3279d2bf5347c8a69b46a09d	3	-15.18033	0.13793	6.960945
hazard-a4e8c46c3353be6069a7cd1b308bd9a10c1f0e62359981bb4d7ac4ecbfa112eb	0	242.97	0.38	535.6
hazard-a4e8c46c3353be6069a7cd1b308bd9a10c1f0e62359981bb4d7ac4ecbfa112eb	1	254.28	0.38	539.59
hazard-a4e8c46c3353be6069a7cd1b308bd9a10c1f0e62359981bb4d7ac4ecbfa112eb	2	254.78	0.38	538.17
hazard-a4e8c46c3353be6069a7cd1b308bd9a10c1f0e62359981bb4d7ac4ecbfa112eb	3	243.46	0.38	534.18
hazard-a543d29c6dd1e2f673b3a126771d635c6ac01a1d021c8fd5c469e15b3058472a	0	-8.460215	1.86186087	-32.5436058
hazard-a543d29c6dd1e2f673b3a126771d635c6ac01a1d021c8fd5c469e15b3058472a	1	-2.46178484	1.86186087	-32.5436058
hazard-a543d29c6dd1e2f673b3a126771d635c6ac01a1d021c8fd5c469e15b3058472a	2	-2.46178484	1.86186087	-30.866394
hazard-a543d29c6dd1e2f673b3a126771d635c6ac01a1d021c8fd5c469e15b3058472a	3	-8.460215	1.86186087	-30.866394
hazard-a5e180252131375f88472a79b85f01d4bb8770d585c4908a9739d86de5ee570e	0	48.86	2.99	268.86
hazard-a5e180252131375f88472a79b85f01d4bb8770d585c4908a9739d86de5ee570e	1	43.87	2.99	269.21
hazard-a5e180252131375f88472a79b85f01d4bb8770d585c4908a9739d86de5ee570e	2	43.98	2.99	270.71
hazard-a5e180252131375f88472a79b85f01d4bb8770d585c4908a9739d86de5ee570e	3	48.96	2.99	270.35
hazard-a75c43ef9f6f9777d79e0b1753c7b52c44210a1bbb00232d3a3126739e4d69a7	0	-692.73	-15.23	-360.35
hazard-a75c43ef9f6f9777d79e0b1753c7b52c44210a1bbb00232d3a3126739e4d69a7	1	-801.07	-15.23	-330.52
hazard-a75c43ef9f6f9777d79e0b1753c7b52c44210a1bbb00232d3a3126739e4d69a7	2	-781.93	-15.23	-256.87
hazard-a75c43ef9f6f9777d79e0b1753c7b52c44210a1bbb00232d3a3126739e4d69a7	3	-673.59	-15.23	-286.7
hazard-a8611649d82893743dff80751530b5f300bf74a7b473cfeb9cb6e4c73bdf4452	0	61.85	8.18	316.95
hazard-a8611649d82893743dff80751530b5f300bf74a7b473cfeb9cb6e4c73bdf4452	1	61.85	8.18	319.88
hazard-a8611649d82893743dff80751530b5f300bf74a7b473cfeb9cb6e4c73bdf4452	2	56.58	8.18	319.88
hazard-a8611649d82893743dff80751530b5f300bf74a7b473cfeb9cb6e4c73bdf4452	3	56.58	8.18	316.95
hazard-a8edf7311963663cb006719028f1aa249bbd01af02793810415c0d9e02b5f5bb	0	205.2	1.24	505.34
hazard-a8edf7311963663cb006719028f1aa249bbd01af02793810415c0d9e02b5f5bb	1	205.2	1.24	510.15
hazard-a8edf7311963663cb006719028f1aa249bbd01af02793810415c0d9e02b5f5bb	2	193.23	1.24	510.15
hazard-a8edf7311963663cb006719028f1aa249bbd01af02793810415c0d9e02b5f5bb	3	193.23	1.24	505.34
hazard-a9392c0e87b95b9db08143b934a0226ead1c62b07dc5036be48013b7d8956204	0	-804.18	-24.6	-250.74
hazard-a9392c0e87b95b9db08143b934a0226ead1c62b07dc5036be48013b7d8956204	1	-836.45	-24.6	-91.5
hazard-a9392c0e87b95b9db08143b934a0226ead1c62b07dc5036be48013b7d8956204	2	-770.15	-24.6	-78.07
hazard-a9392c0e87b95b9db08143b934a0226ead1c62b07dc5036be48013b7d8956204	3	-737.89	-24.6	-237.31
hazard-a988827bf0a387a407fe423106c4de3ef1ce5c0cb4f85709b942b600e888ed0a	0	429.56	19.31	475.51
hazard-a988827bf0a387a407fe423106c4de3ef1ce5c0cb4f85709b942b600e888ed0a	1	430.84	19.31	478.22
hazard-a988827bf0a387a407fe423106c4de3ef1ce5c0cb4f85709b942b600e888ed0a	2	444.41	19.31	471.82
hazard-a988827bf0a387a407fe423106c4de3ef1ce5c0cb4f85709b942b600e888ed0a	3	443.13	19.31	469.11
hazard-a9c24937c72ae22416b150ff5c3da800dfb18e191cc035464f601d9a85397dbc	0	540.51	34.1	89.68
hazard-a9c24937c72ae22416b150ff5c3da800dfb18e191cc035464f601d9a85397dbc	1	544.16	34.1	159.78
hazard-a9c24937c72ae22416b150ff5c3da800dfb18e191cc035464f601d9a85397dbc	2	639.23	34.1	154.83
hazard-a9c24937c72ae22416b150ff5c3da800dfb18e191cc035464f601d9a85397dbc	3	635.59	34.1	84.73
hazard-aa0d7d4eb7a012665a1082d1f4ee987532297440b90268a17bfd79e6135b86b9	0	227.66	0.96	525.76
hazard-aa0d7d4eb7a012665a1082d1f4ee987532297440b90268a17bfd79e6135b86b9	1	227.66	0.96	532.82
hazard-aa0d7d4eb7a012665a1082d1f4ee987532297440b90268a17bfd79e6135b86b9	2	216.36	0.96	532.82
hazard-aa0d7d4eb7a012665a1082d1f4ee987532297440b90268a17bfd79e6135b86b9	3	216.36	0.96	525.76
hazard-aad961f3ed765d91a1803bb59e85ca6f2368d69ef99a6718bf1c8374bf6cfe03	0	563.8	28.42	349.88
hazard-aad961f3ed765d91a1803bb59e85ca6f2368d69ef99a6718bf1c8374bf6cfe03	1	600	28.42	351.41
hazard-aad961f3ed765d91a1803bb59e85ca6f2368d69ef99a6718bf1c8374bf6cfe03	2	612.8	28.42	177.5
hazard-aad961f3ed765d91a1803bb59e85ca6f2368d69ef99a6718bf1c8374bf6cfe03	3	576.6	28.42	175.98
hazard-ab522d77f7d76c5a53e17755351cec0fd83e88ddb94c6daec9b3871bda2d7b8d	0	558.32	32.5	304.92
hazard-ab522d77f7d76c5a53e17755351cec0fd83e88ddb94c6daec9b3871bda2d7b8d	1	554.13	32.5	350.93
hazard-ab522d77f7d76c5a53e17755351cec0fd83e88ddb94c6daec9b3871bda2d7b8d	2	609.86	32.5	355.99
hazard-ab522d77f7d76c5a53e17755351cec0fd83e88ddb94c6daec9b3871bda2d7b8d	3	614.04	32.5	309.98
hazard-aba98ce84a9990e7861578075ea5bc88f2f2a2df41704b9232765c8f2812b123	0	210.63	-2	-236.1
hazard-aba98ce84a9990e7861578075ea5bc88f2f2a2df41704b9232765c8f2812b123	1	222.59	-2	-191.47
hazard-aba98ce84a9990e7861578075ea5bc88f2f2a2df41704b9232765c8f2812b123	2	276.64	-2	-205.96
hazard-aba98ce84a9990e7861578075ea5bc88f2f2a2df41704b9232765c8f2812b123	3	264.68	-2	-250.58
hazard-abdaf9a9cbb133bc7d0e4dd44d71c34f988d306bd2d5680ca512362ce0e4b3b7	0	202.8	0.55	509.5
hazard-abdaf9a9cbb133bc7d0e4dd44d71c34f988d306bd2d5680ca512362ce0e4b3b7	1	206.21	0.55	497.99
hazard-abdaf9a9cbb133bc7d0e4dd44d71c34f988d306bd2d5680ca512362ce0e4b3b7	2	204.77	0.55	497.56
hazard-abdaf9a9cbb133bc7d0e4dd44d71c34f988d306bd2d5680ca512362ce0e4b3b7	3	201.36	0.55	509.07
hazard-abef772d6a6a20992102e416402f623f5626721990679b17aaeddc7e244c5fab	0	104.92	29.27	-844.83
hazard-abef772d6a6a20992102e416402f623f5626721990679b17aaeddc7e244c5fab	1	118.37	29.27	-849.16
hazard-abef772d6a6a20992102e416402f623f5626721990679b17aaeddc7e244c5fab	2	113.64	29.27	-863.85
hazard-abef772d6a6a20992102e416402f623f5626721990679b17aaeddc7e244c5fab	3	100.19	29.27	-859.52
hazard-acb50e34530739e4bc0e33eacfce9f1045e2123995c2f29684a96316975e93cc	0	242.69	0.56	513.61
hazard-acb50e34530739e4bc0e33eacfce9f1045e2123995c2f29684a96316975e93cc	1	254.41	0.56	516.21
hazard-acb50e34530739e4bc0e33eacfce9f1045e2123995c2f29684a96316975e93cc	2	254.74	0.56	514.74
hazard-acb50e34530739e4bc0e33eacfce9f1045e2123995c2f29684a96316975e93cc	3	243.02	0.56	512.15
hazard-ace5efdd84485b01c0d4438937d067f53f6f996cffc06a9598079644acda5ca7	0	-491.58	23.96	-503.39
hazard-ace5efdd84485b01c0d4438937d067f53f6f996cffc06a9598079644acda5ca7	1	-480.49	23.96	-511.56
hazard-ace5efdd84485b01c0d4438937d067f53f6f996cffc06a9598079644acda5ca7	2	-516.09	23.96	-559.85
hazard-ace5efdd84485b01c0d4438937d067f53f6f996cffc06a9598079644acda5ca7	3	-527.18	23.96	-551.68
hazard-aee0020d75f7fee5a7e6f808d282f22b45575d78e3947f48531f3f24a5d653e4	0	-550.74	17.36	-64.37
hazard-aee0020d75f7fee5a7e6f808d282f22b45575d78e3947f48531f3f24a5d653e4	1	-563.35	17.36	-69.88
hazard-aee0020d75f7fee5a7e6f808d282f22b45575d78e3947f48531f3f24a5d653e4	2	-587.38	17.36	-14.91
hazard-aee0020d75f7fee5a7e6f808d282f22b45575d78e3947f48531f3f24a5d653e4	3	-574.77	17.36	-9.39
hazard-b0deb949a3278da9d489daed1c51c6c9a05600e8de9387d4b1cc6d5d56878cfb	0	33.09	10.4	462.89
hazard-b0deb949a3278da9d489daed1c51c6c9a05600e8de9387d4b1cc6d5d56878cfb	1	-0.17	10.4	462.46
hazard-b0deb949a3278da9d489daed1c51c6c9a05600e8de9387d4b1cc6d5d56878cfb	2	-0.42	10.4	481.83
hazard-b0deb949a3278da9d489daed1c51c6c9a05600e8de9387d4b1cc6d5d56878cfb	3	32.85	10.4	482.26
hazard-b22083e20cab7239612ed65cc067e3521a6095a5a044930db7dfbb8644f864d6	0	-584.63	10.77	89.17
hazard-b22083e20cab7239612ed65cc067e3521a6095a5a044930db7dfbb8644f864d6	1	-596.22	10.77	147.42
hazard-b22083e20cab7239612ed65cc067e3521a6095a5a044930db7dfbb8644f864d6	2	-546.33	10.77	157.59
hazard-b22083e20cab7239612ed65cc067e3521a6095a5a044930db7dfbb8644f864d6	3	-534.74	10.77	99.34
hazard-b2f091223fbe731ae039d15329bfed94b86b0055d0f7e361b205376cee2693d8	0	171.87	-10.45	466.67
hazard-b2f091223fbe731ae039d15329bfed94b86b0055d0f7e361b205376cee2693d8	1	364.31	-10.45	493.35
hazard-b2f091223fbe731ae039d15329bfed94b86b0055d0f7e361b205376cee2693d8	2	379.73	-10.45	382.06
hazard-b2f091223fbe731ae039d15329bfed94b86b0055d0f7e361b205376cee2693d8	3	187.29	-10.45	355.38
hazard-b4351e7cf98eb71fd06f8e8fe9f322e7fdabe3f7b4fc93989aa92b59b4548726	0	-941.3	-56.47	369.44
hazard-b4351e7cf98eb71fd06f8e8fe9f322e7fdabe3f7b4fc93989aa92b59b4548726	1	-860.99	-56.47	467.57
hazard-b4351e7cf98eb71fd06f8e8fe9f322e7fdabe3f7b4fc93989aa92b59b4548726	2	-817.66	-56.47	432.1
hazard-b4351e7cf98eb71fd06f8e8fe9f322e7fdabe3f7b4fc93989aa92b59b4548726	3	-897.97	-56.47	333.97
hazard-b5c02757fb8d1f429c56f818f015c5f14d279c004953cff6507353aeeb60ecde	0	91.01	3.2	364.32
hazard-b5c02757fb8d1f429c56f818f015c5f14d279c004953cff6507353aeeb60ecde	1	95.47	3.2	366.58
hazard-b5c02757fb8d1f429c56f818f015c5f14d279c004953cff6507353aeeb60ecde	2	96.15	3.2	365.24
hazard-b5c02757fb8d1f429c56f818f015c5f14d279c004953cff6507353aeeb60ecde	3	91.69	3.2	362.98
hazard-b77ff5e9dfcc48e615040e8cc802c0ccba3630f3d7c7a3475c29222079f37f24	0	247.54	2.35	516.65
hazard-b77ff5e9dfcc48e615040e8cc802c0ccba3630f3d7c7a3475c29222079f37f24	1	238.23	2.35	524.21
hazard-b77ff5e9dfcc48e615040e8cc802c0ccba3630f3d7c7a3475c29222079f37f24	2	239.18	2.35	525.38
hazard-b77ff5e9dfcc48e615040e8cc802c0ccba3630f3d7c7a3475c29222079f37f24	3	248.49	2.35	517.82
hazard-b8a2c34c37de95984247edde49bd86e7caf75782eaf2dde52e2bab760a074c11	0	41.61	3.18	272.71
hazard-b8a2c34c37de95984247edde49bd86e7caf75782eaf2dde52e2bab760a074c11	1	36.73	3.18	271.64
hazard-b8a2c34c37de95984247edde49bd86e7caf75782eaf2dde52e2bab760a074c11	2	36.41	3.18	273.11
hazard-b8a2c34c37de95984247edde49bd86e7caf75782eaf2dde52e2bab760a074c11	3	41.29	3.18	274.18
hazard-ba0f2182a125f93a822d1e290d07fd8f68d58420471dc2fee613843e67712b1d	0	362.35	2.16	-14.86
hazard-ba0f2182a125f93a822d1e290d07fd8f68d58420471dc2fee613843e67712b1d	1	251.35	2.16	-15.91
hazard-ba0f2182a125f93a822d1e290d07fd8f68d58420471dc2fee613843e67712b1d	2	250.9	2.16	31.8
hazard-ba0f2182a125f93a822d1e290d07fd8f68d58420471dc2fee613843e67712b1d	3	361.9	2.16	32.85
hazard-bb0298c10aa2bae29cb19aeaf4a777d9be1ed45dd74f4fa75ac4aee55c1d062e	0	198.57	-27.6	-383.52
hazard-bb0298c10aa2bae29cb19aeaf4a777d9be1ed45dd74f4fa75ac4aee55c1d062e	1	191.49	-27.6	-346.91
hazard-bb0298c10aa2bae29cb19aeaf4a777d9be1ed45dd74f4fa75ac4aee55c1d062e	2	274.28	-27.6	-330.89
hazard-bb0298c10aa2bae29cb19aeaf4a777d9be1ed45dd74f4fa75ac4aee55c1d062e	3	281.37	-27.6	-367.5
hazard-bc10f8140e1d9c27663ff3ace1b34f11c1ece74f005008cccfa29607be6dc143	0	-722.04	23.61	149.62
hazard-bc10f8140e1d9c27663ff3ace1b34f11c1ece74f005008cccfa29607be6dc143	1	-648.19	23.61	164.11
hazard-bc10f8140e1d9c27663ff3ace1b34f11c1ece74f005008cccfa29607be6dc143	2	-637.42	23.61	109.2
hazard-bc10f8140e1d9c27663ff3ace1b34f11c1ece74f005008cccfa29607be6dc143	3	-711.27	23.61	94.71
hazard-bc221670ac3cf948ddeaa42fc4dd5935586a673b2287d3a24342535f3d0f8c15	0	-103.42	8.5	-24.8
hazard-bc221670ac3cf948ddeaa42fc4dd5935586a673b2287d3a24342535f3d0f8c15	1	-92.71	8.5	35.32
hazard-bc221670ac3cf948ddeaa42fc4dd5935586a673b2287d3a24342535f3d0f8c15	2	-40.38	8.5	26
hazard-bc221670ac3cf948ddeaa42fc4dd5935586a673b2287d3a24342535f3d0f8c15	3	-51.09	8.5	-34.12
hazard-bc91bf0d160aacec72226d6cee24dbea4754b3e6f293b83a263769daa04c576b	0	137.27	8.6	-1044.18
hazard-bc91bf0d160aacec72226d6cee24dbea4754b3e6f293b83a263769daa04c576b	1	121.94	8.6	-985.07
hazard-bc91bf0d160aacec72226d6cee24dbea4754b3e6f293b83a263769daa04c576b	2	173.39	8.6	-971.72
hazard-bc91bf0d160aacec72226d6cee24dbea4754b3e6f293b83a263769daa04c576b	3	188.72	8.6	-1030.84
hazard-bcb1a203e1a8dcc32d14389845c39c591a3798788cb75e0e469a4b5f38cacc35	0	-454.54	22.9	8.5
hazard-bcb1a203e1a8dcc32d14389845c39c591a3798788cb75e0e469a4b5f38cacc35	1	-462.2	22.9	78.04
hazard-bcb1a203e1a8dcc32d14389845c39c591a3798788cb75e0e469a4b5f38cacc35	2	-405.74	22.9	84.26
hazard-bcb1a203e1a8dcc32d14389845c39c591a3798788cb75e0e469a4b5f38cacc35	3	-398.08	22.9	14.73
hazard-bcd966e5b0f8edee086fbd3522d0a94261a2185f204d134ee44c7039e5d5feba	0	-3.102328	0.151615381	27.1006737
hazard-bcd966e5b0f8edee086fbd3522d0a94261a2185f204d134ee44c7039e5d5feba	1	-1.58567309	0.151615381	27.1006737
hazard-bcd966e5b0f8edee086fbd3522d0a94261a2185f204d134ee44c7039e5d5feba	2	-1.58567309	0.151615381	32.457325
hazard-bcd966e5b0f8edee086fbd3522d0a94261a2185f204d134ee44c7039e5d5feba	3	-3.102328	0.151615381	32.457325
hazard-bd74c6ae93ff45a56ca0b9e7e76bcf2314469b0edd9454330765c1f8187e7117	0	532.81	34.37	64.78
hazard-bd74c6ae93ff45a56ca0b9e7e76bcf2314469b0edd9454330765c1f8187e7117	1	537.71	34.37	96.81
hazard-bd74c6ae93ff45a56ca0b9e7e76bcf2314469b0edd9454330765c1f8187e7117	2	641.9	34.37	80.88
hazard-bd74c6ae93ff45a56ca0b9e7e76bcf2314469b0edd9454330765c1f8187e7117	3	637	34.37	48.86
hazard-c05f1e8f10a673c1cf16b7fc64344858ffaea5c60554f76b400c1782eb967b3e	0	313.75	2.4	510.13
hazard-c05f1e8f10a673c1cf16b7fc64344858ffaea5c60554f76b400c1782eb967b3e	1	313.75	2.4	519.61
hazard-c05f1e8f10a673c1cf16b7fc64344858ffaea5c60554f76b400c1782eb967b3e	2	304.1	2.4	519.61
hazard-c05f1e8f10a673c1cf16b7fc64344858ffaea5c60554f76b400c1782eb967b3e	3	304.1	2.4	510.13
hazard-c16fdb08ecde03d2c7cc3bb946e129a6d20f39507bfe854d0bb0457fcefb261d	0	-328.77	27.4	-720.74
hazard-c16fdb08ecde03d2c7cc3bb946e129a6d20f39507bfe854d0bb0457fcefb261d	1	-337.38	27.4	-849.89
hazard-c16fdb08ecde03d2c7cc3bb946e129a6d20f39507bfe854d0bb0457fcefb261d	2	-436.1	27.4	-843.3
hazard-c16fdb08ecde03d2c7cc3bb946e129a6d20f39507bfe854d0bb0457fcefb261d	3	-427.49	27.4	-714.16
hazard-c17d2fe83e81ae382a7ad3b28687209155fa43633303add10dfe0cdcd26d086a	0	92.92	3.27	263.15
hazard-c17d2fe83e81ae382a7ad3b28687209155fa43633303add10dfe0cdcd26d086a	1	88.83	3.27	260.27
hazard-c17d2fe83e81ae382a7ad3b28687209155fa43633303add10dfe0cdcd26d086a	2	87.96	3.27	261.5
hazard-c17d2fe83e81ae382a7ad3b28687209155fa43633303add10dfe0cdcd26d086a	3	92.05	3.27	264.38
hazard-c1828aef44a7516ad0e5032bb7f19e82b6b7d90757537d4a68ac2227d12bfd12	0	-85.01	31.41	315.08
hazard-c1828aef44a7516ad0e5032bb7f19e82b6b7d90757537d4a68ac2227d12bfd12	1	-6.16	31.41	314.19
hazard-c1828aef44a7516ad0e5032bb7f19e82b6b7d90757537d4a68ac2227d12bfd12	2	-6.59	31.41	276.4
hazard-c1828aef44a7516ad0e5032bb7f19e82b6b7d90757537d4a68ac2227d12bfd12	3	-85.44	31.41	277.29
hazard-c1ee5724952178b4e5379c41dbf41301d5bd799a1dcd4d5be3164ba8eb1f482a	0	245.69	2.41	529.2
hazard-c1ee5724952178b4e5379c41dbf41301d5bd799a1dcd4d5be3164ba8eb1f482a	1	245.69	2.41	540.77
hazard-c1ee5724952178b4e5379c41dbf41301d5bd799a1dcd4d5be3164ba8eb1f482a	2	240.66	2.41	540.77
hazard-c1ee5724952178b4e5379c41dbf41301d5bd799a1dcd4d5be3164ba8eb1f482a	3	240.66	2.41	529.2
hazard-c3889318e54a0696e8e28245d6cbf84918574cc51eeeb490f58d80671e633930	0	-661.21	10.62	172.75
hazard-c3889318e54a0696e8e28245d6cbf84918574cc51eeeb490f58d80671e633930	1	-728.67	10.62	152.26
hazard-c3889318e54a0696e8e28245d6cbf84918574cc51eeeb490f58d80671e633930	2	-744.85	10.62	205.54
hazard-c3889318e54a0696e8e28245d6cbf84918574cc51eeeb490f58d80671e633930	3	-677.38	10.62	226.02
hazard-c4d398b3b4fa330f98ef8b63dc60474b69329eef92b5946801c87116740b1945	0	140.8	10.48	-282.31
hazard-c4d398b3b4fa330f98ef8b63dc60474b69329eef92b5946801c87116740b1945	1	104.96	10.48	-253.16
hazard-c4d398b3b4fa330f98ef8b63dc60474b69329eef92b5946801c87116740b1945	2	140.26	10.48	-209.75
hazard-c4d398b3b4fa330f98ef8b63dc60474b69329eef92b5946801c87116740b1945	3	176.11	10.48	-238.89
hazard-c4fa7c635d8a263d8642e274d2b136906ff5576608fd48230e4274fa3070dc7c	0	195.65	1.99	507.4
hazard-c4fa7c635d8a263d8642e274d2b136906ff5576608fd48230e4274fa3070dc7c	1	195.65	1.99	514.44
hazard-c4fa7c635d8a263d8642e274d2b136906ff5576608fd48230e4274fa3070dc7c	2	184.45	1.99	514.44
hazard-c4fa7c635d8a263d8642e274d2b136906ff5576608fd48230e4274fa3070dc7c	3	184.45	1.99	507.4
hazard-c5321aad6e3fa08da3e73033583746d38e2068620906af11a01b9d38c7210a0c	0	251.86	0.42	511.92
hazard-c5321aad6e3fa08da3e73033583746d38e2068620906af11a01b9d38c7210a0c	1	260.26	0.42	520.49
hazard-c5321aad6e3fa08da3e73033583746d38e2068620906af11a01b9d38c7210a0c	2	261.33	0.42	519.43
hazard-c5321aad6e3fa08da3e73033583746d38e2068620906af11a01b9d38c7210a0c	3	252.93	0.42	510.87
hazard-c5940dafa90c0751edcbeae3ab12802f06bd5bd3e19c3f809a83e2a8e1b86378	0	274.4	19.8	-826.92
hazard-c5940dafa90c0751edcbeae3ab12802f06bd5bd3e19c3f809a83e2a8e1b86378	1	351.4	19.8	-772.34
hazard-c5940dafa90c0751edcbeae3ab12802f06bd5bd3e19c3f809a83e2a8e1b86378	2	385.56	19.8	-820.53
hazard-c5940dafa90c0751edcbeae3ab12802f06bd5bd3e19c3f809a83e2a8e1b86378	3	308.56	19.8	-875.11
hazard-c5b0b7d006c6c5361d70251d2516dd56c541f5eee36a64e58946dd76cad2b479	0	213.95	1.16	507.01
hazard-c5b0b7d006c6c5361d70251d2516dd56c541f5eee36a64e58946dd76cad2b479	1	213.95	1.16	514.7
hazard-c5b0b7d006c6c5361d70251d2516dd56c541f5eee36a64e58946dd76cad2b479	2	202.96	1.16	514.7
hazard-c5b0b7d006c6c5361d70251d2516dd56c541f5eee36a64e58946dd76cad2b479	3	202.96	1.16	507.01
hazard-c5cf649f7f017dd270aa6844d26dc2cdd3973b85c7820008eeef763b5ca3e1a9	0	294.04	1.87	517.63
hazard-c5cf649f7f017dd270aa6844d26dc2cdd3973b85c7820008eeef763b5ca3e1a9	1	294.04	1.87	521.8
hazard-c5cf649f7f017dd270aa6844d26dc2cdd3973b85c7820008eeef763b5ca3e1a9	2	281.97	1.87	521.8
hazard-c5cf649f7f017dd270aa6844d26dc2cdd3973b85c7820008eeef763b5ca3e1a9	3	281.97	1.87	517.63
hazard-c8764a5fa994b1e297731f1fa2a4aa20dccd080982c62514b8c2efefbd498c2f	0	536.07	28.42	-33.98
hazard-c8764a5fa994b1e297731f1fa2a4aa20dccd080982c62514b8c2efefbd498c2f	1	635.97	28.42	-29.58
hazard-c8764a5fa994b1e297731f1fa2a4aa20dccd080982c62514b8c2efefbd498c2f	2	644.77	28.42	-229.39
hazard-c8764a5fa994b1e297731f1fa2a4aa20dccd080982c62514b8c2efefbd498c2f	3	544.86	28.42	-233.79
hazard-c89754968da05c6960c99efffca4b5ff08cadc122d0064848d1d936775f3ee38	0	-910.62	-55.2	444.91
hazard-c89754968da05c6960c99efffca4b5ff08cadc122d0064848d1d936775f3ee38	1	-940.31	-55.2	358.38
hazard-c89754968da05c6960c99efffca4b5ff08cadc122d0064848d1d936775f3ee38	2	-955.18	-55.2	363.49
hazard-c89754968da05c6960c99efffca4b5ff08cadc122d0064848d1d936775f3ee38	3	-925.49	-55.2	450.02
hazard-c9933c8bfac7967c262b8ed761c98e86675a8a247923d848ef1dc4641778f1fb	0	-438.63	22.9	-196.68
hazard-c9933c8bfac7967c262b8ed761c98e86675a8a247923d848ef1dc4641778f1fb	1	-482.45	22.9	-124.77
hazard-c9933c8bfac7967c262b8ed761c98e86675a8a247923d848ef1dc4641778f1fb	2	-423.8	22.9	-89.03
hazard-c9933c8bfac7967c262b8ed761c98e86675a8a247923d848ef1dc4641778f1fb	3	-379.98	22.9	-160.94
hazard-ca2bbd6bd2ff5a4ae50231ef74e8dd2ca5f7479d80e9ff6c5875102514731166	0	37.27	3.04	270.5
hazard-ca2bbd6bd2ff5a4ae50231ef74e8dd2ca5f7479d80e9ff6c5875102514731166	1	41.78	3.04	272.67
hazard-ca2bbd6bd2ff5a4ae50231ef74e8dd2ca5f7479d80e9ff6c5875102514731166	2	42.43	3.04	271.31
hazard-ca2bbd6bd2ff5a4ae50231ef74e8dd2ca5f7479d80e9ff6c5875102514731166	3	37.92	3.04	269.15
hazard-ca385684547b6bfd40e9371a7d0ac129f5d2ef0d2ed9d8a3b495b2ff31090ee6	0	345.02	19.1	-772.97
hazard-ca385684547b6bfd40e9371a7d0ac129f5d2ef0d2ed9d8a3b495b2ff31090ee6	1	416.16	19.1	-747.45
hazard-ca385684547b6bfd40e9371a7d0ac129f5d2ef0d2ed9d8a3b495b2ff31090ee6	2	440.52	19.1	-815.36
hazard-ca385684547b6bfd40e9371a7d0ac129f5d2ef0d2ed9d8a3b495b2ff31090ee6	3	369.39	19.1	-840.88
hazard-cce36b254f1089bfd1ae18583de14c77f4c3f2b051ee1e40cc363d34bc5ecc3c	0	-349.67	39.67	-464.89
hazard-cce36b254f1089bfd1ae18583de14c77f4c3f2b051ee1e40cc363d34bc5ecc3c	1	-345.27	39.67	-488.44
hazard-cce36b254f1089bfd1ae18583de14c77f4c3f2b051ee1e40cc363d34bc5ecc3c	2	-353.61	39.67	-490
hazard-cce36b254f1089bfd1ae18583de14c77f4c3f2b051ee1e40cc363d34bc5ecc3c	3	-358.01	39.67	-466.45
hazard-ccfd561c3d5bad17d47ad6a912ecc17e83616a94477ad74d3a8156d0b7178a33	0	210.04	0.62	531.8
hazard-ccfd561c3d5bad17d47ad6a912ecc17e83616a94477ad74d3a8156d0b7178a33	1	215.27	0.62	542.59
hazard-ccfd561c3d5bad17d47ad6a912ecc17e83616a94477ad74d3a8156d0b7178a33	2	216.62	0.62	541.93
hazard-ccfd561c3d5bad17d47ad6a912ecc17e83616a94477ad74d3a8156d0b7178a33	3	211.39	0.62	531.14
hazard-ce2e5fc0a55754bb1db331ea1472b2b82e1dfeb40b32fe90b3ca0907737bc3b9	0	688.9	-5.53	259.36
hazard-ce2e5fc0a55754bb1db331ea1472b2b82e1dfeb40b32fe90b3ca0907737bc3b9	1	579.39	-5.53	-37.58
hazard-ce2e5fc0a55754bb1db331ea1472b2b82e1dfeb40b32fe90b3ca0907737bc3b9	2	465.48	-5.53	-57.61
hazard-ce2e5fc0a55754bb1db331ea1472b2b82e1dfeb40b32fe90b3ca0907737bc3b9	3	574.99	-5.53	239.33
hazard-ce4afa80c6847c1b9207ca93883d3aefbe58e4f557721ad55043eb6906fbd36e	0	593.85	-10.45	353.79
hazard-ce4afa80c6847c1b9207ca93883d3aefbe58e4f557721ad55043eb6906fbd36e	1	365.18	-10.45	357.53
hazard-ce4afa80c6847c1b9207ca93883d3aefbe58e4f557721ad55043eb6906fbd36e	2	367.02	-10.45	469.87
hazard-ce4afa80c6847c1b9207ca93883d3aefbe58e4f557721ad55043eb6906fbd36e	3	595.69	-10.45	466.12
hazard-d10ac6c2ebc2c3d98e6cb648d75a1c54777e883a45254c5cb89041331e85d92c	0	-425.89	27.1	-183.8
hazard-d10ac6c2ebc2c3d98e6cb648d75a1c54777e883a45254c5cb89041331e85d92c	1	-392.06	27.1	-139
hazard-d10ac6c2ebc2c3d98e6cb648d75a1c54777e883a45254c5cb89041331e85d92c	2	-339.44	27.1	-178.72
hazard-d10ac6c2ebc2c3d98e6cb648d75a1c54777e883a45254c5cb89041331e85d92c	3	-373.27	27.1	-223.53
hazard-d285ff663c656ee37de71dbdb4f2dcb959cc2c7ab4d6f995fcbcc68e9401d60f	0	93.71	3.24	264.55
hazard-d285ff663c656ee37de71dbdb4f2dcb959cc2c7ab4d6f995fcbcc68e9401d60f	1	98.23	3.24	262.41
hazard-d285ff663c656ee37de71dbdb4f2dcb959cc2c7ab4d6f995fcbcc68e9401d60f	2	97.58	3.24	261.05
hazard-d285ff663c656ee37de71dbdb4f2dcb959cc2c7ab4d6f995fcbcc68e9401d60f	3	93.06	3.24	263.19
hazard-d2968524c7465b23698a8684706ea2a23b132e5dec9fe52e59aab50d1c8d6996	0	-644.1	25.5	145.84
hazard-d2968524c7465b23698a8684706ea2a23b132e5dec9fe52e59aab50d1c8d6996	1	-603.51	25.5	154.83
hazard-d2968524c7465b23698a8684706ea2a23b132e5dec9fe52e59aab50d1c8d6996	2	-597.18	25.5	126.24
hazard-d2968524c7465b23698a8684706ea2a23b132e5dec9fe52e59aab50d1c8d6996	3	-637.76	25.5	117.25
hazard-d399f9a9a7c5448264a8a8ac736d445eed36022ca36344562dbcc5e8218b094a	0	45.37	2.99	270.85
hazard-d399f9a9a7c5448264a8a8ac736d445eed36022ca36344562dbcc5e8218b094a	1	49.25	2.99	267.7
hazard-d399f9a9a7c5448264a8a8ac736d445eed36022ca36344562dbcc5e8218b094a	2	48.3	2.99	266.53
hazard-d399f9a9a7c5448264a8a8ac736d445eed36022ca36344562dbcc5e8218b094a	3	44.42	2.99	269.69
hazard-d57680652bbc358eceb63ffb2e993704f5433987f172f85ac3c58d0128adf1ce	0	61.83	8.69	317.12
hazard-d57680652bbc358eceb63ffb2e993704f5433987f172f85ac3c58d0128adf1ce	1	61.83	8.69	320.57
hazard-d57680652bbc358eceb63ffb2e993704f5433987f172f85ac3c58d0128adf1ce	2	56.56	8.69	320.57
hazard-d57680652bbc358eceb63ffb2e993704f5433987f172f85ac3c58d0128adf1ce	3	56.56	8.69	317.12
hazard-d5d82020d08bdb20b832ac3ed86e938c3e652350bc17c6b5c9018d6fdf30e11a	0	101.58	5.06	489.08
hazard-d5d82020d08bdb20b832ac3ed86e938c3e652350bc17c6b5c9018d6fdf30e11a	1	101.58	5.06	561.33
hazard-d5d82020d08bdb20b832ac3ed86e938c3e652350bc17c6b5c9018d6fdf30e11a	2	141.14	5.06	561.33
hazard-d5d82020d08bdb20b832ac3ed86e938c3e652350bc17c6b5c9018d6fdf30e11a	3	141.14	5.06	489.08
hazard-d6b826245d1012a9d9dc8c8b888404b210355929af0abb64358e34c9c3f2a524	0	308.12	0.66	495.92
hazard-d6b826245d1012a9d9dc8c8b888404b210355929af0abb64358e34c9c3f2a524	1	308.12	0.66	505.41
hazard-d6b826245d1012a9d9dc8c8b888404b210355929af0abb64358e34c9c3f2a524	2	298.47	0.66	505.41
hazard-d6b826245d1012a9d9dc8c8b888404b210355929af0abb64358e34c9c3f2a524	3	298.47	0.66	495.92
hazard-d6fd0a72b9b6c32e729c1f7c7a4c5fa1875fb0f23fccc0a1761623dfc7943769	0	219.27	1.53	503.42
hazard-d6fd0a72b9b6c32e729c1f7c7a4c5fa1875fb0f23fccc0a1761623dfc7943769	1	219.27	1.53	511.55
hazard-d6fd0a72b9b6c32e729c1f7c7a4c5fa1875fb0f23fccc0a1761623dfc7943769	2	208.59	1.53	511.55
hazard-d6fd0a72b9b6c32e729c1f7c7a4c5fa1875fb0f23fccc0a1761623dfc7943769	3	208.59	1.53	503.42
hazard-d721777565dfc492bac7c4ee24936989be3f0e3719ef8558703de854f977c07b	0	-793.04	-24.6	-318.5
hazard-d721777565dfc492bac7c4ee24936989be3f0e3719ef8558703de854f977c07b	1	-786.98	-24.6	-229.74
hazard-d721777565dfc492bac7c4ee24936989be3f0e3719ef8558703de854f977c07b	2	-737.04	-24.6	-233.15
hazard-d721777565dfc492bac7c4ee24936989be3f0e3719ef8558703de854f977c07b	3	-743.1	-24.6	-321.91
hazard-d833495b027ec814a8be8fef7010d291c2f1efade1aafd67cc7118c520b81f86	0	418.25	21.35	-499.87
hazard-d833495b027ec814a8be8fef7010d291c2f1efade1aafd67cc7118c520b81f86	1	435	21.35	-312.05
hazard-d833495b027ec814a8be8fef7010d291c2f1efade1aafd67cc7118c520b81f86	2	509.74	21.35	-345.92
hazard-d833495b027ec814a8be8fef7010d291c2f1efade1aafd67cc7118c520b81f86	3	493	21.35	-533.74
hazard-d8c1866d5e510f734abf01b7b37ff5af114f7624b78f22efab21320e7f8f087f	0	-491.98	43.8	-280.7
hazard-d8c1866d5e510f734abf01b7b37ff5af114f7624b78f22efab21320e7f8f087f	1	-497.91	43.8	-509.32
hazard-d8c1866d5e510f734abf01b7b37ff5af114f7624b78f22efab21320e7f8f087f	2	-610.22	43.8	-506.4
hazard-d8c1866d5e510f734abf01b7b37ff5af114f7624b78f22efab21320e7f8f087f	3	-604.29	43.8	-277.78
hazard-d8cae640f9f93c56b73f7c8b6f34e36516e208a30347368686af7d161702afd3	0	-630.78	10.68	46.52
hazard-d8cae640f9f93c56b73f7c8b6f34e36516e208a30347368686af7d161702afd3	1	-630.78	10.68	109.95
hazard-d8cae640f9f93c56b73f7c8b6f34e36516e208a30347368686af7d161702afd3	2	-722.6	10.68	109.95
hazard-d8cae640f9f93c56b73f7c8b6f34e36516e208a30347368686af7d161702afd3	3	-722.6	10.68	46.52
hazard-d90be7bd2da1789c1e47c9fb840669bd3cb16300e211d5c52b2b7f134bbdf305	0	105.08	4.04	295.53
hazard-d90be7bd2da1789c1e47c9fb840669bd3cb16300e211d5c52b2b7f134bbdf305	1	107.57	4.04	291.19
hazard-d90be7bd2da1789c1e47c9fb840669bd3cb16300e211d5c52b2b7f134bbdf305	2	106.26	4.04	290.45
hazard-d90be7bd2da1789c1e47c9fb840669bd3cb16300e211d5c52b2b7f134bbdf305	3	103.78	4.04	294.79
hazard-d9bf95e459aee0bb96a5322ede73321e692d3af59ca13d7bdb5297f603fc82a8	0	100.19	3.02	363.58
hazard-d9bf95e459aee0bb96a5322ede73321e692d3af59ca13d7bdb5297f603fc82a8	1	95.66	3.02	365.71
hazard-d9bf95e459aee0bb96a5322ede73321e692d3af59ca13d7bdb5297f603fc82a8	2	96.3	3.02	367.07
hazard-d9bf95e459aee0bb96a5322ede73321e692d3af59ca13d7bdb5297f603fc82a8	3	100.83	3.02	364.94
hazard-da12857028a754d93ad0c1046f3940a2744c99106241fed913b6723e6a3e9b6d	0	-640.44	10.6	190.83
hazard-da12857028a754d93ad0c1046f3940a2744c99106241fed913b6723e6a3e9b6d	1	-640.44	10.6	247.63
hazard-da12857028a754d93ad0c1046f3940a2744c99106241fed913b6723e6a3e9b6d	2	-694.04	10.6	247.63
hazard-da12857028a754d93ad0c1046f3940a2744c99106241fed913b6723e6a3e9b6d	3	-694.04	10.6	190.83
hazard-db0e6ebbc56618a5f1f8a97cba4adc08626698273b2b76c66b9f51966999bdf0	0	280.21	2.28	513.61
hazard-db0e6ebbc56618a5f1f8a97cba4adc08626698273b2b76c66b9f51966999bdf0	1	275.65	2.28	524.71
hazard-db0e6ebbc56618a5f1f8a97cba4adc08626698273b2b76c66b9f51966999bdf0	2	277.04	2.28	525.28
hazard-db0e6ebbc56618a5f1f8a97cba4adc08626698273b2b76c66b9f51966999bdf0	3	281.6	2.28	514.18
hazard-db200f1f7eff3696cceddb10dfd0cabe71e7acaded4ffbbce0df0a1fac7113f0	0	64.45	3.08	348.99
hazard-db200f1f7eff3696cceddb10dfd0cabe71e7acaded4ffbbce0df0a1fac7113f0	1	59.51	3.08	349.74
hazard-db200f1f7eff3696cceddb10dfd0cabe71e7acaded4ffbbce0df0a1fac7113f0	2	59.73	3.08	351.23
hazard-db200f1f7eff3696cceddb10dfd0cabe71e7acaded4ffbbce0df0a1fac7113f0	3	64.68	3.08	350.48
hazard-dc98ae3f2077fc0f707979eb6e89a744c06745a241a1ee228245ef10f23a46cd	0	291.62	2.29	512.27
hazard-dc98ae3f2077fc0f707979eb6e89a744c06745a241a1ee228245ef10f23a46cd	1	301.61	2.29	518.91
hazard-dc98ae3f2077fc0f707979eb6e89a744c06745a241a1ee228245ef10f23a46cd	2	302.45	2.29	517.67
hazard-dc98ae3f2077fc0f707979eb6e89a744c06745a241a1ee228245ef10f23a46cd	3	292.46	2.29	511.02
hazard-dd88ea809db56b58c2672550c4cef2485581afb30e2bc00113d4a924cdb00941	0	609.3	30.75	392.27
hazard-dd88ea809db56b58c2672550c4cef2485581afb30e2bc00113d4a924cdb00941	1	609.47	30.75	359.97
hazard-dd88ea809db56b58c2672550c4cef2485581afb30e2bc00113d4a924cdb00941	2	552.67	30.75	359.68
hazard-dd88ea809db56b58c2672550c4cef2485581afb30e2bc00113d4a924cdb00941	3	552.5	30.75	391.98
hazard-ddaf851020835bed5276040a21ab5d36bf65d68de496e2309474e353cc707242	0	20.04	17	463.57
hazard-ddaf851020835bed5276040a21ab5d36bf65d68de496e2309474e353cc707242	1	-9.24	17	463.34
hazard-ddaf851020835bed5276040a21ab5d36bf65d68de496e2309474e353cc707242	2	-9.78	17	530.91
hazard-ddaf851020835bed5276040a21ab5d36bf65d68de496e2309474e353cc707242	3	19.5	17	531.14
hazard-ddb916a5d40a22e7ec97e7a454cd109af63cd065bc756e6472775af691a03c24	0	-542.54	15.82	-61.15
hazard-ddb916a5d40a22e7ec97e7a454cd109af63cd065bc756e6472775af691a03c24	1	-553.57	15.82	-65.97
hazard-ddb916a5d40a22e7ec97e7a454cd109af63cd065bc756e6472775af691a03c24	2	-575.98	15.82	-14.7
hazard-ddb916a5d40a22e7ec97e7a454cd109af63cd065bc756e6472775af691a03c24	3	-564.95	15.82	-9.88
hazard-df90fb98ae045f15897483587cbed1c7da7003b4159678dd45dac2e66a23d5b4	0	-348.63	41.16	-491.91
hazard-df90fb98ae045f15897483587cbed1c7da7003b4159678dd45dac2e66a23d5b4	1	-372.32	41.16	-495.41
hazard-df90fb98ae045f15897483587cbed1c7da7003b4159678dd45dac2e66a23d5b4	2	-373.57	41.16	-487.02
hazard-df90fb98ae045f15897483587cbed1c7da7003b4159678dd45dac2e66a23d5b4	3	-349.88	41.16	-483.51
hazard-e0ac79e962766c34cc06a399aa3473a7cae1f613d026150acd3a200d16cd8501	0	-340.05	27.2	-174.37
hazard-e0ac79e962766c34cc06a399aa3473a7cae1f613d026150acd3a200d16cd8501	1	-306.03	27.2	-237.99
hazard-e0ac79e962766c34cc06a399aa3473a7cae1f613d026150acd3a200d16cd8501	2	-364.29	27.2	-269.14
hazard-e0ac79e962766c34cc06a399aa3473a7cae1f613d026150acd3a200d16cd8501	3	-398.3	27.2	-205.51
hazard-e42f96e9d42f714f414e2e137eac8ed469b1ff10d22de89a97fba650c68cdef2	0	-643.33	19.97	-186.55
hazard-e42f96e9d42f714f414e2e137eac8ed469b1ff10d22de89a97fba650c68cdef2	1	-660.09	19.97	-122.88
hazard-e42f96e9d42f714f414e2e137eac8ed469b1ff10d22de89a97fba650c68cdef2	2	-642.64	19.97	-118.29
hazard-e42f96e9d42f714f414e2e137eac8ed469b1ff10d22de89a97fba650c68cdef2	3	-625.88	19.97	-181.96
hazard-e5857ef13643b3f2475d1fc56223aa9472abf4376dddbba7041e0fd28b0dfc4b	0	-603.62	13.3	142.91
hazard-e5857ef13643b3f2475d1fc56223aa9472abf4376dddbba7041e0fd28b0dfc4b	1	-549.22	13.3	154.7
hazard-e5857ef13643b3f2475d1fc56223aa9472abf4376dddbba7041e0fd28b0dfc4b	2	-537.43	13.3	100.28
hazard-e5857ef13643b3f2475d1fc56223aa9472abf4376dddbba7041e0fd28b0dfc4b	3	-591.83	13.3	88.5
hazard-e6333a2b06588ef4653254904a1b7082a794500ab6f769255f14df4d3c325a73	0	210.66	2.59	518.61
hazard-e6333a2b06588ef4653254904a1b7082a794500ab6f769255f14df4d3c325a73	1	210.66	2.59	530.25
hazard-e6333a2b06588ef4653254904a1b7082a794500ab6f769255f14df4d3c325a73	2	204.48	2.59	530.25
hazard-e6333a2b06588ef4653254904a1b7082a794500ab6f769255f14df4d3c325a73	3	204.48	2.59	518.61
hazard-e63826a37038b8c10eda49556a363668c648676aeef0adb67d34f1408049b3af	0	235.58	0.76	512.05
hazard-e63826a37038b8c10eda49556a363668c648676aeef0adb67d34f1408049b3af	1	235.58	0.76	519.63
hazard-e63826a37038b8c10eda49556a363668c648676aeef0adb67d34f1408049b3af	2	224.54	0.76	519.63
hazard-e63826a37038b8c10eda49556a363668c648676aeef0adb67d34f1408049b3af	3	224.54	0.76	512.05
hazard-e681b997da1c1410671ce61709a5361fbc233af8fd8c6b89c346ac032ff67b52	0	-207.4	17	65.71
hazard-e681b997da1c1410671ce61709a5361fbc233af8fd8c6b89c346ac032ff67b52	1	-80.17	17	41.91
hazard-e681b997da1c1410671ce61709a5361fbc233af8fd8c6b89c346ac032ff67b52	2	-92.6	17	-24.51
hazard-e681b997da1c1410671ce61709a5361fbc233af8fd8c6b89c346ac032ff67b52	3	-219.83	17	-0.71
hazard-e7110c12778f2503099ea920628dda461dfcaf29411c6bb8a7bed900cb675325	0	-859.73	-55.2	454.11
hazard-e7110c12778f2503099ea920628dda461dfcaf29411c6bb8a7bed900cb675325	1	-908.28	-55.2	426.36
hazard-e7110c12778f2503099ea920628dda461dfcaf29411c6bb8a7bed900cb675325	2	-919.67	-55.2	446.29
hazard-e7110c12778f2503099ea920628dda461dfcaf29411c6bb8a7bed900cb675325	3	-871.12	-55.2	474.04
hazard-e8e6fdc2ea2089881fba2cef64e924f8eb59f6961e40dee95778bf26dec2f0b3	0	197.52	1.65	499.25
hazard-e8e6fdc2ea2089881fba2cef64e924f8eb59f6961e40dee95778bf26dec2f0b3	1	197.52	1.65	509.62
hazard-e8e6fdc2ea2089881fba2cef64e924f8eb59f6961e40dee95778bf26dec2f0b3	2	189.05	1.65	509.62
hazard-e8e6fdc2ea2089881fba2cef64e924f8eb59f6961e40dee95778bf26dec2f0b3	3	189.05	1.65	499.25
hazard-ec35c07d4e1e4c456fe40d3839d98f6de1fdd33eb465d8ef65241603a0aa04b0	0	248.62	1.74	528.87
hazard-ec35c07d4e1e4c456fe40d3839d98f6de1fdd33eb465d8ef65241603a0aa04b0	1	248.62	1.74	540.59
hazard-ec35c07d4e1e4c456fe40d3839d98f6de1fdd33eb465d8ef65241603a0aa04b0	2	243.07	1.74	540.59
hazard-ec35c07d4e1e4c456fe40d3839d98f6de1fdd33eb465d8ef65241603a0aa04b0	3	243.07	1.74	528.87
hazard-ecb8e4e09d6868acc95157fbc76cd01ab8274fa2d2c77779d536e1d29441d26d	0	243.28	2.09	525.83
hazard-ecb8e4e09d6868acc95157fbc76cd01ab8274fa2d2c77779d536e1d29441d26d	1	243.28	2.09	537.14
hazard-ecb8e4e09d6868acc95157fbc76cd01ab8274fa2d2c77779d536e1d29441d26d	2	236.72	2.09	537.14
hazard-ecb8e4e09d6868acc95157fbc76cd01ab8274fa2d2c77779d536e1d29441d26d	3	236.72	2.09	525.83
hazard-ed2da8853ef8a0eed426684c2e498f12b988bec7413e182a0b0b4db5cf560f26	0	266.4	2.62	510.31
hazard-ed2da8853ef8a0eed426684c2e498f12b988bec7413e182a0b0b4db5cf560f26	1	266.4	2.62	521.5
hazard-ed2da8853ef8a0eed426684c2e498f12b988bec7413e182a0b0b4db5cf560f26	2	259.09	2.62	521.5
hazard-ed2da8853ef8a0eed426684c2e498f12b988bec7413e182a0b0b4db5cf560f26	3	259.09	2.62	510.31
hazard-ee51275bf607786bed183d3410b40cf1bf7a50d63fea1ed476a0841e1a594c82	0	-546.24	5.44	281.22
hazard-ee51275bf607786bed183d3410b40cf1bf7a50d63fea1ed476a0841e1a594c82	1	-543.23	5.44	223.74
hazard-ee51275bf607786bed183d3410b40cf1bf7a50d63fea1ed476a0841e1a594c82	2	-586.76	5.44	221.46
hazard-ee51275bf607786bed183d3410b40cf1bf7a50d63fea1ed476a0841e1a594c82	3	-589.77	5.44	278.94
hazard-eed27989f76c1ad726fb0a3df80128c4d7d2aa4362753fcd0ab08fe45f1187f3	0	218.47	3.71	528.95
hazard-eed27989f76c1ad726fb0a3df80128c4d7d2aa4362753fcd0ab08fe45f1187f3	1	218.47	3.71	533.92
hazard-eed27989f76c1ad726fb0a3df80128c4d7d2aa4362753fcd0ab08fe45f1187f3	2	208.26	3.71	533.92
hazard-eed27989f76c1ad726fb0a3df80128c4d7d2aa4362753fcd0ab08fe45f1187f3	3	208.26	3.71	528.95
hazard-efa06d9e31239dbcddab825632feab18eca8620a7ed5b60898a8804582b8ca67	0	233.82	1.03	498.06
hazard-efa06d9e31239dbcddab825632feab18eca8620a7ed5b60898a8804582b8ca67	1	233.82	1.03	505.15
hazard-efa06d9e31239dbcddab825632feab18eca8620a7ed5b60898a8804582b8ca67	2	222.54	1.03	505.15
hazard-efa06d9e31239dbcddab825632feab18eca8620a7ed5b60898a8804582b8ca67	3	222.54	1.03	498.06
hazard-efe98c97c93f310d6081184c58916b8edafc4407ffdd5a9b192be6086d0b6c7d	0	199.25	0.79	511.23
hazard-efe98c97c93f310d6081184c58916b8edafc4407ffdd5a9b192be6086d0b6c7d	1	199.25	0.79	517.65
hazard-efe98c97c93f310d6081184c58916b8edafc4407ffdd5a9b192be6086d0b6c7d	2	187.7	0.79	517.65
hazard-efe98c97c93f310d6081184c58916b8edafc4407ffdd5a9b192be6086d0b6c7d	3	187.7	0.79	511.23
hazard-f000d447829e58705114d4111cda3ec7905260903096aea9fbd1a3d33adb9d14	0	219.67	2.54	507.79
hazard-f000d447829e58705114d4111cda3ec7905260903096aea9fbd1a3d33adb9d14	1	219.67	2.54	517.37
hazard-f000d447829e58705114d4111cda3ec7905260903096aea9fbd1a3d33adb9d14	2	210.09	2.54	517.37
hazard-f000d447829e58705114d4111cda3ec7905260903096aea9fbd1a3d33adb9d14	3	210.09	2.54	507.79
hazard-f0b0629f5815cfca7c6e1984e4f17282002dd3bee3d224ee757c58f838da13ec	0	215.21	1.63	504.39
hazard-f0b0629f5815cfca7c6e1984e4f17282002dd3bee3d224ee757c58f838da13ec	1	215.21	1.63	516.22
hazard-f0b0629f5815cfca7c6e1984e4f17282002dd3bee3d224ee757c58f838da13ec	2	210.12	1.63	516.22
hazard-f0b0629f5815cfca7c6e1984e4f17282002dd3bee3d224ee757c58f838da13ec	3	210.12	1.63	504.39
hazard-f0eb0857172bd08b8a3d06f8c65185fe867c38b71dff41f27b641f9516de9851	0	638.93	-10.45	400.84
hazard-f0eb0857172bd08b8a3d06f8c65185fe867c38b71dff41f27b641f9516de9851	1	595.24	-10.45	214.74
hazard-f0eb0857172bd08b8a3d06f8c65185fe867c38b71dff41f27b641f9516de9851	2	516.97	-10.45	215.61
hazard-f0eb0857172bd08b8a3d06f8c65185fe867c38b71dff41f27b641f9516de9851	3	560.66	-10.45	401.72
hazard-f3358926143b44835b6087c08db08d760098eda16a05b7c68e38cac670132c0d	0	-990.6	-55.2	352.35
hazard-f3358926143b44835b6087c08db08d760098eda16a05b7c68e38cac670132c0d	1	-1033.25	-55.2	344.03
hazard-f3358926143b44835b6087c08db08d760098eda16a05b7c68e38cac670132c0d	2	-1036.46	-55.2	360.55
hazard-f3358926143b44835b6087c08db08d760098eda16a05b7c68e38cac670132c0d	3	-993.81	-55.2	368.87
hazard-f354dbfcb5778c64747028bbba337799370b435ec03fe29fd9836beca1870dc9	0	-68.63	21.51	-1037.09
hazard-f354dbfcb5778c64747028bbba337799370b435ec03fe29fd9836beca1870dc9	1	-141.5	21.51	-1037.17
hazard-f354dbfcb5778c64747028bbba337799370b435ec03fe29fd9836beca1870dc9	2	-141.57	21.51	-978.41
hazard-f354dbfcb5778c64747028bbba337799370b435ec03fe29fd9836beca1870dc9	3	-68.7	21.51	-978.33
hazard-f39b1700af01e77f781b63013e4af8138c1c3478bdd39494fa759a4e2c599406	0	107.5	3.47	335.66
hazard-f39b1700af01e77f781b63013e4af8138c1c3478bdd39494fa759a4e2c599406	1	107.5	3.47	340.91
hazard-f39b1700af01e77f781b63013e4af8138c1c3478bdd39494fa759a4e2c599406	2	104.66	3.47	340.91
hazard-f39b1700af01e77f781b63013e4af8138c1c3478bdd39494fa759a4e2c599406	3	104.66	3.47	335.66
hazard-f43744a0fea7218989753ed58b17eb3aac77dc1995304b636f7f0d7a0a6d4885	0	-646.27	15.77	-121.53
hazard-f43744a0fea7218989753ed58b17eb3aac77dc1995304b636f7f0d7a0a6d4885	1	-627.76	15.77	-234.57
hazard-f43744a0fea7218989753ed58b17eb3aac77dc1995304b636f7f0d7a0a6d4885	2	-682.98	15.77	-243.62
hazard-f43744a0fea7218989753ed58b17eb3aac77dc1995304b636f7f0d7a0a6d4885	3	-701.49	15.77	-130.57
hazard-f43e605c9efef85cc4891866773d8e852ef5ee9e8129fa09c5349be6d65715bc	0	-650.84	16.1	-226.36
hazard-f43e605c9efef85cc4891866773d8e852ef5ee9e8129fa09c5349be6d65715bc	1	-633.43	16.1	-257.67
hazard-f43e605c9efef85cc4891866773d8e852ef5ee9e8129fa09c5349be6d65715bc	2	-682.09	16.1	-284.73
hazard-f43e605c9efef85cc4891866773d8e852ef5ee9e8129fa09c5349be6d65715bc	3	-699.5	16.1	-253.42
hazard-f462efcb3c5d445ae695af93d548622d63918421aa22457a73e975e59a91a29d	0	209.87	0.45	510.12
hazard-f462efcb3c5d445ae695af93d548622d63918421aa22457a73e975e59a91a29d	1	213.79	0.45	498.78
hazard-f462efcb3c5d445ae695af93d548622d63918421aa22457a73e975e59a91a29d	2	212.37	0.45	498.29
hazard-f462efcb3c5d445ae695af93d548622d63918421aa22457a73e975e59a91a29d	3	208.45	0.45	509.63
hazard-f9247e28a3877ec1bbee8a6afc7a80afeb2e0b8d1989c9e8f2e752656c1c07ae	0	45.63	3.05	270.8
hazard-f9247e28a3877ec1bbee8a6afc7a80afeb2e0b8d1989c9e8f2e752656c1c07ae	1	41.56	3.05	273.7
hazard-f9247e28a3877ec1bbee8a6afc7a80afeb2e0b8d1989c9e8f2e752656c1c07ae	2	42.43	3.05	274.92
hazard-f9247e28a3877ec1bbee8a6afc7a80afeb2e0b8d1989c9e8f2e752656c1c07ae	3	46.5	3.05	272.03
hazard-f97364120f89f427c8a9a0e7baa1764554dca383ff268ebd9eb2236bfc6403b1	0	267.04	2.12	512.32
hazard-f97364120f89f427c8a9a0e7baa1764554dca383ff268ebd9eb2236bfc6403b1	1	271.92	2.12	523.28
hazard-f97364120f89f427c8a9a0e7baa1764554dca383ff268ebd9eb2236bfc6403b1	2	273.29	2.12	522.67
hazard-f97364120f89f427c8a9a0e7baa1764554dca383ff268ebd9eb2236bfc6403b1	3	268.41	2.12	511.71
hazard-f9ef9d43473ccff247d65cd0bdaec8fe76c3911c57f1fd82ee88336f1b8f3d14	0	-898.06	-56.47	223.67
hazard-f9ef9d43473ccff247d65cd0bdaec8fe76c3911c57f1fd82ee88336f1b8f3d14	1	-991.15	-56.47	354.17
hazard-f9ef9d43473ccff247d65cd0bdaec8fe76c3911c57f1fd82ee88336f1b8f3d14	2	-939.7	-56.47	390.87
hazard-f9ef9d43473ccff247d65cd0bdaec8fe76c3911c57f1fd82ee88336f1b8f3d14	3	-846.61	-56.47	260.37
hazard-fa107d19ed7b154b9c02d4b10a0decc38a7214f0a2a885179afebc1c233398ec	0	314.09	2.49	510.94
hazard-fa107d19ed7b154b9c02d4b10a0decc38a7214f0a2a885179afebc1c233398ec	1	303.14	2.49	506.04
hazard-fa107d19ed7b154b9c02d4b10a0decc38a7214f0a2a885179afebc1c233398ec	2	302.52	2.49	507.41
hazard-fa107d19ed7b154b9c02d4b10a0decc38a7214f0a2a885179afebc1c233398ec	3	313.48	2.49	512.31
hazard-faf9ba98a48c2da785049d5e349c8bced96a6ec3ff159068a73626aa3bca8b24	0	306.32	2.27	502.95
hazard-faf9ba98a48c2da785049d5e349c8bced96a6ec3ff159068a73626aa3bca8b24	1	311.95	2.27	492.36
hazard-faf9ba98a48c2da785049d5e349c8bced96a6ec3ff159068a73626aa3bca8b24	2	310.63	2.27	491.65
hazard-faf9ba98a48c2da785049d5e349c8bced96a6ec3ff159068a73626aa3bca8b24	3	304.99	2.27	502.25
hazard-fbf97c9138eeac694ff6bb0f2088656912f52501c1c9e8eee3c06087ce0b0a96	0	119.33	18.38	-869.74
hazard-fbf97c9138eeac694ff6bb0f2088656912f52501c1c9e8eee3c06087ce0b0a96	1	86.36	18.38	-910.57
hazard-fbf97c9138eeac694ff6bb0f2088656912f52501c1c9e8eee3c06087ce0b0a96	2	11.02	18.38	-849.74
hazard-fbf97c9138eeac694ff6bb0f2088656912f52501c1c9e8eee3c06087ce0b0a96	3	43.99	18.38	-808.91
hazard-fc42d58b24eeac76105afd26a9fbb6489a8d324900683a3c9c9bfb98b6a33fe9	0	253.69	2.4	513.52
hazard-fc42d58b24eeac76105afd26a9fbb6489a8d324900683a3c9c9bfb98b6a33fe9	1	253.69	2.4	520.1
hazard-fc42d58b24eeac76105afd26a9fbb6489a8d324900683a3c9c9bfb98b6a33fe9	2	242.2	2.4	520.1
hazard-fc42d58b24eeac76105afd26a9fbb6489a8d324900683a3c9c9bfb98b6a33fe9	3	242.2	2.4	513.52
hazard-fc473d9079688c4905d2cab630d90e75cc46dfdd5aa16d06ebb7e9ec6910881a	0	-612.8	8.7	202.37
hazard-fc473d9079688c4905d2cab630d90e75cc46dfdd5aa16d06ebb7e9ec6910881a	1	-679.96	8.7	187.23
hazard-fc473d9079688c4905d2cab630d90e75cc46dfdd5aa16d06ebb7e9ec6910881a	2	-693.15	8.7	245.76
hazard-fc473d9079688c4905d2cab630d90e75cc46dfdd5aa16d06ebb7e9ec6910881a	3	-625.99	8.7	260.9
hazard-fcd60822f1181b22d8d9b96efcaa503fe8032017798f4ff2e8c7ddd80921c460	0	256.7	0.8	510.18
hazard-fcd60822f1181b22d8d9b96efcaa503fe8032017798f4ff2e8c7ddd80921c460	1	256.7	0.8	519.15
hazard-fcd60822f1181b22d8d9b96efcaa503fe8032017798f4ff2e8c7ddd80921c460	2	246.58	0.8	519.15
hazard-fcd60822f1181b22d8d9b96efcaa503fe8032017798f4ff2e8c7ddd80921c460	3	246.58	0.8	510.18
hazard-fd6827d81c18025bc7445d0593e1498411a83630b1bc188f8f8ffde1557476fc	0	172.43	10.9	-238.81
hazard-fd6827d81c18025bc7445d0593e1498411a83630b1bc188f8f8ffde1557476fc	1	214.24	10.9	-272.02
hazard-fd6827d81c18025bc7445d0593e1498411a83630b1bc188f8f8ffde1557476fc	2	162.44	10.9	-337.25
hazard-fd6827d81c18025bc7445d0593e1498411a83630b1bc188f8f8ffde1557476fc	3	120.62	10.9	-304.04
transit-034f49a532f7df28adc3e009be0f199290a0fcbb12e2cfcf1d4be36df2c06a60	0	-338.53	0.78	-221.34
transit-034f49a532f7df28adc3e009be0f199290a0fcbb12e2cfcf1d4be36df2c06a60	1	-338.45	0.78	-202.53
transit-034f49a532f7df28adc3e009be0f199290a0fcbb12e2cfcf1d4be36df2c06a60	2	-329.9	0.78	-202.56
transit-034f49a532f7df28adc3e009be0f199290a0fcbb12e2cfcf1d4be36df2c06a60	3	-329.98	0.78	-221.37
transit-06469a48b69582432a261978d0fd3569b3114d57faca665e46531c59ac577a0e	0	139.06	-4.65	-178.7
transit-06469a48b69582432a261978d0fd3569b3114d57faca665e46531c59ac577a0e	1	156.2	-4.65	-180.12
transit-06469a48b69582432a261978d0fd3569b3114d57faca665e46531c59ac577a0e	2	155.68	-4.65	-186.4
transit-06469a48b69582432a261978d0fd3569b3114d57faca665e46531c59ac577a0e	3	138.54	-4.65	-184.98
transit-16d56769a307bc123918cb19b7ebc091ecfb3ed3ebcdb3a28a1c94ab54ea7712	0	20.14791	2.24171662	56.98326
transit-16d56769a307bc123918cb19b7ebc091ecfb3ed3ebcdb3a28a1c94ab54ea7712	1	20.14791	2.24171662	56.94559
transit-16d56769a307bc123918cb19b7ebc091ecfb3ed3ebcdb3a28a1c94ab54ea7712	2	28.5647964	2.24171662	56.94559
transit-16d56769a307bc123918cb19b7ebc091ecfb3ed3ebcdb3a28a1c94ab54ea7712	3	28.5647964	2.24171662	56.98326
transit-16d56769a307bc123918cb19b7ebc091ecfb3ed3ebcdb3a28a1c94ab54ea7712	4	28.5647964	2.24171662	63.4613647
transit-16d56769a307bc123918cb19b7ebc091ecfb3ed3ebcdb3a28a1c94ab54ea7712	5	28.5647964	2.24171662	63.49904
transit-16d56769a307bc123918cb19b7ebc091ecfb3ed3ebcdb3a28a1c94ab54ea7712	6	20.14791	2.24171662	63.49904
transit-16d56769a307bc123918cb19b7ebc091ecfb3ed3ebcdb3a28a1c94ab54ea7712	7	20.14791	2.24171662	63.4613647
transit-176666f41cc3639f95eac09eb160c8e9ff1314cab3b2663adbb68e88b97e4a37	0	292.87	3.39	486.49
transit-176666f41cc3639f95eac09eb160c8e9ff1314cab3b2663adbb68e88b97e4a37	1	279.66	3.39	513.25
transit-176666f41cc3639f95eac09eb160c8e9ff1314cab3b2663adbb68e88b97e4a37	2	288.24	3.39	517.48
transit-176666f41cc3639f95eac09eb160c8e9ff1314cab3b2663adbb68e88b97e4a37	3	301.44	3.39	490.72
transit-1ca52815ddf4e81de6e64dfc952707b52350b39536064ca7054c8eb28aa1de77	0	-365.59	-0.18	357.12
transit-1ca52815ddf4e81de6e64dfc952707b52350b39536064ca7054c8eb28aa1de77	1	-366.77	-0.18	363.77
transit-1ca52815ddf4e81de6e64dfc952707b52350b39536064ca7054c8eb28aa1de77	2	-358.52	-0.18	365.24
transit-1ca52815ddf4e81de6e64dfc952707b52350b39536064ca7054c8eb28aa1de77	3	-357.34	-0.18	358.59
transit-1f07bb780d5fd4abf1d437498b88210dcfff1de8ce8e3547fcb778fb8aee7137	0	225.527573	16.993	48.7362366
transit-1f07bb780d5fd4abf1d437498b88210dcfff1de8ce8e3547fcb778fb8aee7137	1	233.673813	16.993	48.7362366
transit-1f07bb780d5fd4abf1d437498b88210dcfff1de8ce8e3547fcb778fb8aee7137	2	233.673813	16.993	81.99059
transit-1f07bb780d5fd4abf1d437498b88210dcfff1de8ce8e3547fcb778fb8aee7137	3	225.527573	16.993	81.99059
transit-2bfb23c129b035f0229079aac0502678704cc1ca27564262db8941cc89c174e2	0	96.75	3.97	-962.66
transit-2bfb23c129b035f0229079aac0502678704cc1ca27564262db8941cc89c174e2	1	122.49	3.97	-955.72
transit-2bfb23c129b035f0229079aac0502678704cc1ca27564262db8941cc89c174e2	2	124.44	3.97	-962.93
transit-2bfb23c129b035f0229079aac0502678704cc1ca27564262db8941cc89c174e2	3	98.7	3.97	-969.88
transit-2f84c65ec8f99502d8baec2e994b780d1ebfbe7385bac8d49e1f767dc19fe50d	0	-305.49	12.49	-772.11
transit-2f84c65ec8f99502d8baec2e994b780d1ebfbe7385bac8d49e1f767dc19fe50d	1	-281.19	12.49	-772.11
transit-2f84c65ec8f99502d8baec2e994b780d1ebfbe7385bac8d49e1f767dc19fe50d	2	-281.19	12.49	-789.31
transit-2f84c65ec8f99502d8baec2e994b780d1ebfbe7385bac8d49e1f767dc19fe50d	3	-305.49	12.49	-789.31
transit-32accd5a9e3d239baa8af1c801afa3cbf847153a484caf7b0d2de209a0f48153	0	483.2	-19.54	341.3
transit-32accd5a9e3d239baa8af1c801afa3cbf847153a484caf7b0d2de209a0f48153	1	482.39	-19.54	353.52
transit-32accd5a9e3d239baa8af1c801afa3cbf847153a484caf7b0d2de209a0f48153	2	508.87	-19.54	355.28
transit-32accd5a9e3d239baa8af1c801afa3cbf847153a484caf7b0d2de209a0f48153	3	509.69	-19.54	343.06
transit-3bd9f405739e6db8187f561d7ebfab42a8e7d4952b912146c9773545125517d7	0	234.73	-7.25	-126.8
transit-3bd9f405739e6db8187f561d7ebfab42a8e7d4952b912146c9773545125517d7	1	236.06	-7.25	-120.37
transit-3bd9f405739e6db8187f561d7ebfab42a8e7d4952b912146c9773545125517d7	2	242.77	-7.25	-121.77
transit-3bd9f405739e6db8187f561d7ebfab42a8e7d4952b912146c9773545125517d7	3	241.43	-7.25	-128.19
transit-3c3bb211357ea17979487973cd1559af44d55035cb319901a934c61b874425a1	0	-260.73	2.19	95.82
transit-3c3bb211357ea17979487973cd1559af44d55035cb319901a934c61b874425a1	1	-260.32	2.19	113.67
transit-3c3bb211357ea17979487973cd1559af44d55035cb319901a934c61b874425a1	2	-255.36	2.19	113.55
transit-3c3bb211357ea17979487973cd1559af44d55035cb319901a934c61b874425a1	3	-255.76	2.19	95.71
transit-3da5ddf82b6a02eff9e8f1ab0c6f284d2c00ed493c8c77ba495ce58615761e57	0	241.63	-11.19	364.45
transit-3da5ddf82b6a02eff9e8f1ab0c6f284d2c00ed493c8c77ba495ce58615761e57	1	263.83	-11.19	371.15
transit-3da5ddf82b6a02eff9e8f1ab0c6f284d2c00ed493c8c77ba495ce58615761e57	2	266.97	-11.09	360.76
transit-3da5ddf82b6a02eff9e8f1ab0c6f284d2c00ed493c8c77ba495ce58615761e57	3	244.77	-11.09	354.06
transit-429587887ea1eb7748fff90454edebf7cbd86c9821616d12a8dc5caabdb77e57	0	-173.31	0.04	-423
transit-429587887ea1eb7748fff90454edebf7cbd86c9821616d12a8dc5caabdb77e57	1	-173.31	0.04	-418.11
transit-429587887ea1eb7748fff90454edebf7cbd86c9821616d12a8dc5caabdb77e57	2	-166.97	0.04	-418.11
transit-429587887ea1eb7748fff90454edebf7cbd86c9821616d12a8dc5caabdb77e57	3	-166.97	0.04	-423
transit-52c07c2180c48d0310c4ed12215216cabe98f0866d761332621495e58705f715	0	365.07	-69.81	-272.76
transit-52c07c2180c48d0310c4ed12215216cabe98f0866d761332621495e58705f715	1	351.72	-69.81	-257.47
transit-52c07c2180c48d0310c4ed12215216cabe98f0866d761332621495e58705f715	2	468.49	-69.81	-155.54
transit-52c07c2180c48d0310c4ed12215216cabe98f0866d761332621495e58705f715	3	481.84	-69.81	-170.83
transit-56e775325f9aae99dbe06e0c532706cc7d7284a53929cce878a7c045cb535882	0	264.35	21.1	-466.15
transit-56e775325f9aae99dbe06e0c532706cc7d7284a53929cce878a7c045cb535882	1	264.35	21.1	-441.15
transit-56e775325f9aae99dbe06e0c532706cc7d7284a53929cce878a7c045cb535882	2	279.35	21.1	-441.15
transit-56e775325f9aae99dbe06e0c532706cc7d7284a53929cce878a7c045cb535882	3	279.35	21.1	-466.15
transit-62dda3c3eb96dbd290567d2a9e15f04576a4bf29c16a8dd772f426bea649bff4	0	-389.25	3.79	-206.26
transit-62dda3c3eb96dbd290567d2a9e15f04576a4bf29c16a8dd772f426bea649bff4	1	-399.31	3.79	-188.63
transit-62dda3c3eb96dbd290567d2a9e15f04576a4bf29c16a8dd772f426bea649bff4	2	-287.44	3.79	-124.8
transit-62dda3c3eb96dbd290567d2a9e15f04576a4bf29c16a8dd772f426bea649bff4	3	-277.38	3.79	-142.43
transit-6348716ab6958903a60940df1e33aba8cf0d61330188b3615673ae97b5cebd05	0	272.68	20.28	427.66
transit-6348716ab6958903a60940df1e33aba8cf0d61330188b3615673ae97b5cebd05	1	272.85	20.28	442.66
transit-6348716ab6958903a60940df1e33aba8cf0d61330188b3615673ae97b5cebd05	2	287.85	20.28	442.49
transit-6348716ab6958903a60940df1e33aba8cf0d61330188b3615673ae97b5cebd05	3	287.68	20.28	427.49
transit-666c51da094a4c83f1f68f01dc9f8fd31b07b95393ca59562391ae589f6df785	0	-30.0138531	-3.085	-44.51416
transit-666c51da094a4c83f1f68f01dc9f8fd31b07b95393ca59562391ae589f6df785	1	-24.001791	-3.085	-44.51416
transit-666c51da094a4c83f1f68f01dc9f8fd31b07b95393ca59562391ae589f6df785	2	-24.001791	-3.085	-40.99181
transit-666c51da094a4c83f1f68f01dc9f8fd31b07b95393ca59562391ae589f6df785	3	-30.0138531	-3.085	-40.99181
transit-86a885381c386e0f2c889cf501134c73d801d5a711e7e7d70081875954b625e0	0	-200.03	-5.54	-117.07
transit-86a885381c386e0f2c889cf501134c73d801d5a711e7e7d70081875954b625e0	1	-198.66	-5.54	-112.26
transit-86a885381c386e0f2c889cf501134c73d801d5a711e7e7d70081875954b625e0	2	-191.68	-5.54	-114.24
transit-86a885381c386e0f2c889cf501134c73d801d5a711e7e7d70081875954b625e0	3	-193.04	-5.54	-119.05
transit-9eaedf99ed5c77e2527a7c0beffe4f2985fbabf486d940653b662efd976438f4	0	-323.72	-68.61	521.29
transit-9eaedf99ed5c77e2527a7c0beffe4f2985fbabf486d940653b662efd976438f4	1	-312.43	-68.61	534.27
transit-9eaedf99ed5c77e2527a7c0beffe4f2985fbabf486d940653b662efd976438f4	2	-307.68	-68.61	530.13
transit-9eaedf99ed5c77e2527a7c0beffe4f2985fbabf486d940653b662efd976438f4	3	-318.97	-68.61	517.15
transit-a5293051a97cdf47b16175d3e73e928cd7108a58f1fe153c705608e59a9753ee	0	210.88	-7.34	-206.26
transit-a5293051a97cdf47b16175d3e73e928cd7108a58f1fe153c705608e59a9753ee	1	214.11	-7.34	-196.22
transit-a5293051a97cdf47b16175d3e73e928cd7108a58f1fe153c705608e59a9753ee	2	221.09	-7.34	-198.46
transit-a5293051a97cdf47b16175d3e73e928cd7108a58f1fe153c705608e59a9753ee	3	217.86	-7.34	-208.5
transit-a8b3d5bc99435ed7a01ec2aa97a7be2e87206b9ab94c65c004d45406c82859f6	0	639.89	0.26	122.77
transit-a8b3d5bc99435ed7a01ec2aa97a7be2e87206b9ab94c65c004d45406c82859f6	1	640.5	0.26	129.12
transit-a8b3d5bc99435ed7a01ec2aa97a7be2e87206b9ab94c65c004d45406c82859f6	2	661.4	0.26	127.1
transit-a8b3d5bc99435ed7a01ec2aa97a7be2e87206b9ab94c65c004d45406c82859f6	3	660.79	0.26	120.76
transit-ba656657f53f23dae1d12b02db3a413ddb4ec4451c65107fbfff2d3143eb0a7b	0	-159.11	-1.7	404.72
transit-ba656657f53f23dae1d12b02db3a413ddb4ec4451c65107fbfff2d3143eb0a7b	1	-151.68	-1.7	412.15
transit-ba656657f53f23dae1d12b02db3a413ddb4ec4451c65107fbfff2d3143eb0a7b	2	-141.64	-1.7	402.11
transit-ba656657f53f23dae1d12b02db3a413ddb4ec4451c65107fbfff2d3143eb0a7b	3	-149.07	-1.7	394.68
transit-bea92d525df138184825a8651df0754ea12df63cccd13ba224c2f83640a344f0	0	-30.01	-4.09	-44.51
transit-bea92d525df138184825a8651df0754ea12df63cccd13ba224c2f83640a344f0	1	-30.01	-4.09	-40.99
transit-bea92d525df138184825a8651df0754ea12df63cccd13ba224c2f83640a344f0	2	-24	-4.09	-40.99
transit-bea92d525df138184825a8651df0754ea12df63cccd13ba224c2f83640a344f0	3	-24	-4.09	-44.51
transit-c856baf5f82a4cf7b4f471b42d21980e7d8618f406b5a78350bfab2b191aff89	0	9.82	-0.42	-52.68
transit-c856baf5f82a4cf7b4f471b42d21980e7d8618f406b5a78350bfab2b191aff89	1	9.82	-0.42	-46.55
transit-c856baf5f82a4cf7b4f471b42d21980e7d8618f406b5a78350bfab2b191aff89	2	24.85	-0.42	-46.55
transit-c856baf5f82a4cf7b4f471b42d21980e7d8618f406b5a78350bfab2b191aff89	3	24.85	-0.42	-52.68
transit-cb0e91a76000c87ba2fb4d1557f2f70c161e96b319161499854d8bd9afca8f8a	0	9.822866	0.577	-52.68202
transit-cb0e91a76000c87ba2fb4d1557f2f70c161e96b319161499854d8bd9afca8f8a	1	24.8530216	0.577	-52.68202
transit-cb0e91a76000c87ba2fb4d1557f2f70c161e96b319161499854d8bd9afca8f8a	2	24.8530216	0.577	-46.55313
transit-cb0e91a76000c87ba2fb4d1557f2f70c161e96b319161499854d8bd9afca8f8a	3	9.822866	0.577	-46.55313
transit-d19164d597cf2bb8962b6bfcead15e3a9f50332fa55553202e7395e3ec8c11a4	0	-196.67	-11.33	-80.45
transit-d19164d597cf2bb8962b6bfcead15e3a9f50332fa55553202e7395e3ec8c11a4	1	-193.67	-11.33	-80.4
transit-d19164d597cf2bb8962b6bfcead15e3a9f50332fa55553202e7395e3ec8c11a4	2	-193.58	-11.33	-85.4
transit-d19164d597cf2bb8962b6bfcead15e3a9f50332fa55553202e7395e3ec8c11a4	3	-196.58	-11.33	-85.45
transit-dfcb919ccc5d8bff322813d717af867e48fda63008e72ecb41a62eee3b1b3450	0	28.56	0.78	56.98
transit-dfcb919ccc5d8bff322813d717af867e48fda63008e72ecb41a62eee3b1b3450	1	28.56	0.87	63.5
transit-dfcb919ccc5d8bff322813d717af867e48fda63008e72ecb41a62eee3b1b3450	2	20.15	0.87	63.5
transit-dfcb919ccc5d8bff322813d717af867e48fda63008e72ecb41a62eee3b1b3450	3	20.15	0.78	56.98
transit-dfd9a531229fd73cf46ecea7ec814081f6bffe0caccc2e5bc9f1f49857815a72	0	206.94	-8.38	80.42
transit-dfd9a531229fd73cf46ecea7ec814081f6bffe0caccc2e5bc9f1f49857815a72	1	207.03	-8.38	84.5
transit-dfd9a531229fd73cf46ecea7ec814081f6bffe0caccc2e5bc9f1f49857815a72	2	212.1	-8.38	84.39
transit-dfd9a531229fd73cf46ecea7ec814081f6bffe0caccc2e5bc9f1f49857815a72	3	212	-8.38	80.3
transit-eddaabef448e420069b0d6cfbf45459868516f92ef7be1c8f2df61553b6907b3	0	347.62	0.98	-194.55
transit-eddaabef448e420069b0d6cfbf45459868516f92ef7be1c8f2df61553b6907b3	1	346.48	0.98	-188.28
transit-eddaabef448e420069b0d6cfbf45459868516f92ef7be1c8f2df61553b6907b3	2	361	0.98	-185.65
transit-eddaabef448e420069b0d6cfbf45459868516f92ef7be1c8f2df61553b6907b3	3	362.14	0.98	-191.92
transit-f43839ff9c6c859aadd7585e2bee5b798261f9039a0706e6958acfd6798559ed	0	225.53	15.99	48.74
transit-f43839ff9c6c859aadd7585e2bee5b798261f9039a0706e6958acfd6798559ed	1	225.53	15.99	81.99
transit-f43839ff9c6c859aadd7585e2bee5b798261f9039a0706e6958acfd6798559ed	2	233.67	15.99	81.99
transit-f43839ff9c6c859aadd7585e2bee5b798261f9039a0706e6958acfd6798559ed	3	233.67	15.99	48.74
transit-f4e4278cd4430429ea9ee77992d47e810e483b58fcd9d04d667158877bf86ade	0	18.87	-2.73	133.33
transit-f4e4278cd4430429ea9ee77992d47e810e483b58fcd9d04d667158877bf86ade	1	19.79	-2.73	146.11
transit-f4e4278cd4430429ea9ee77992d47e810e483b58fcd9d04d667158877bf86ade	2	23.02	-2.73	145.88
transit-f4e4278cd4430429ea9ee77992d47e810e483b58fcd9d04d667158877bf86ade	3	22.09	-2.73	133.1
transit-fe94a2cb2038417d00f696bdde0bb72dce787431ea9bc7d126c33c3400b09ce4	0	-973.31	-60.29	378.64
transit-fe94a2cb2038417d00f696bdde0bb72dce787431ea9bc7d126c33c3400b09ce4	1	-961.53	-60.29	382
transit-fe94a2cb2038417d00f696bdde0bb72dce787431ea9bc7d126c33c3400b09ce4	2	-957.81	-60.29	368.94
transit-fe94a2cb2038417d00f696bdde0bb72dce787431ea9bc7d126c33c3400b09ce4	3	-969.59	-60.29	365.58
