mode	taskId	id	type	descriptionZh	descriptionEn	count	optional
regular	5936d90786f7742b1420ba5b	5936d90786f7742b1420ba5b_5967379186f77463860dadd6	shoot	在森林、中心区、立交桥或海关消灭 Scav	Eliminate Scavs on Woods, Ground Zero, Interchange, or Customs	5	0
regular	5936da9e86f7742d65037edf	5936da9e86f7742d65037edf_5967920f86f77468d219d632	giveQuestItem	上交青铜怀表	Hand over the found item	1	0
regular	5936da9e86f7742d65037edf	5936da9e86f7742d65037edf_5968ec9986f7741ddd6c1012	findQuestItem	在海关取得青铜怀表	Locate and obtain the bronze pocket watch on Customs	1	0
regular	5936da9e86f7742d65037edf	5936da9e86f7742d65037edf_5975de1f86f7744ca53b7c82	findItem	取得油罐车钥匙	Obtain the key to the fuel tanker truck	1	1
regular	59674cd986f7744ab26e32f2	59674cd986f7744ab26e32f2_5cb31b6188a450159d330a18	shoot	在森林、中心区、海关或立交桥消灭任意敌对目标	Eliminate any target on Woods, Ground Zero, Customs, or Interchange	15	0
regular	59674eb386f774539f14813a	59674eb386f774539f14813a_59674fe586f7744f4e358aa2	plantQuestItem	将包裹藏匿在工厂 3 号门旁的二层铁皮休息室内	Stash the package in the break room on the 2nd floor near Gate 3 on Factory	1	0
regular	59674eb386f774539f14813a	59674eb386f774539f14813a_5968929e86f7740d121082d3	findQuestItem	在位于海关关口的Tarcone公司主管办公室内找到一个保险盒	Locate and obtain the valuable folder in Tarcone director's office on Customs	1	0
regular	5967530a86f77462ba22226b	5967530a86f77462ba22226b_596762ec86f77426d3687a87	extract	以幸存状态撤离海关	Survive and extract from the location	1	0
regular	5967530a86f77462ba22226b	5967530a86f77462ba22226b_5968941f86f7740d1570bbd2	findItem	取得简易工棚钥匙	Obtain the Portable bunkhouse key	1	1
regular	5967530a86f77462ba22226b	5967530a86f77462ba22226b_5968943f86f7740d137ebfc2	findQuestItem	在海关工棚中取得0031号机密文件夹	Locate and obtain Secure Folder 0031 in one of the bunkhouses on Customs	1	0
regular	5967530a86f77462ba22226b	5967530a86f77462ba22226b_5968948986f7740d121082d4	giveQuestItem	上交机密文件夹0031	Hand over the folder	1	0
regular	5967530a86f77462ba22226b	5967530a86f77462ba22226b_5a3fbdb086f7745a554f0c31	visit	设法进入工厂办公区三楼的上锁房间	Gain access to the locked room in the office hallway on the third floor on Factory	0	1
regular	59675d6c86f7740a842fc482	59675d6c86f7740a842fc482_59675e1d86f77414b07f137d	giveItem	上交 60 发 6L31 弹匣	Hand over the items	3	0
regular	59675d6c86f7740a842fc482	59675d6c86f7740a842fc482_5967938c86f77468cf5f9f54	findItem	在海关宿舍楼 TerraGroup 员工的房间找到地堡钥匙	Obtain the key to the bunker in the TerraGroup employee's dorm room	1	1
regular	59675d6c86f7740a842fc482	59675d6c86f7740a842fc482_5968ed3186f77420d2328013	findItem	在战局中找到 5.45x39 6L31 60发弹匣	Find the item in raid: AK-74 5.45x39 6L31 60-round magazine	3	0
regular	59675d6c86f7740a842fc482	59675d6c86f7740a842fc482_5a3fbe3a86f77414422e0d9b	visit	在森林找到上锁的地堡	Locate the locked bunker on Woods	0	1
regular	59675ea386f77414b32bded2	59675ea386f77414b32bded2_596895f986f7740d14064722	findQuestItem	在工厂找到死去的信使，并获取信件	Locate the dead messenger and obtain his letter on Factory	1	0
regular	59675ea386f77414b32bded2	59675ea386f77414b32bded2_5968962686f7740e7266d973	extract	以幸存状态撤离工厂	Survive and extract from the location	1	0
regular	59675ea386f77414b32bded2	59675ea386f77414b32bded2_596896c386f7740d1570bbd4	taskStatus	把信交给 Therapist	Hand over the letter to Therapist	0	0
regular	596760e186f7741e11214d58	596760e186f7741e11214d58_5968975586f7740e7266d974	giveQuestItem	上交Prapor信使身上的信件	Hand over the letter from Prapor's messenger	1	0
regular	5967725e86f774601a446662	5967725e86f774601a446662_5968981986f7740d1648df42	findQuestItem	在海关宿舍203房间取得高价值物品	Locate and obtain the valuable item in dorm room 203 on Customs	1	0
regular	5967725e86f774601a446662	5967725e86f774601a446662_5968988286f7740d14064724	giveQuestItem	上交高价值物品	Hand over the valuable item	1	0
regular	5967725e86f774601a446662	5967725e86f774601a446662_5a3fc03286f77414d64f9941	visit	设法进入宿舍214房间	Gain access to dorm room 214 on Customs	0	1
regular	5967733e86f774602332fc84	5967733e86f774602332fc84_59689eb886f7740d137ebfc3	giveItem	上交Salewa急救包	Hand over the items	3	0
regular	5967733e86f774602332fc84	5967733e86f774602332fc84_5968edc086f77420d2328014	findItem	在战局中找到物品：Salewa 急救包	Find the item in raid: Salewa first aid kit	3	0
regular	59689ee586f7740d1570bbd5	59689ee586f7740d1570bbd5_59689f7586f7740d14064726	giveItem	上交战局中找到的物品：气体分析仪	Hand over the found in raid item: Gas analyzer	2	0
regular	59689ee586f7740d1570bbd5	59689ee586f7740d1570bbd5_6a56800fc1311a6bb4cecf9b	visit	在工厂找到有气体分析仪的房间	Locate the room with gas analyzers on Factory	0	1
regular	59689ee586f7740d1570bbd5	59689ee586f7740d1570bbd5_6a576ccec23300f0309ab511	plantItem	在日间工厂的医学实验室内藏匿气体分析仪	Stash a Gas analyzer in the med lab on Daytime Factory	1	0
regular	59689fbd86f7740d137ebfc4	59689fbd86f7740d137ebfc4_5a3fb73b86f77458e0324376	visit	在海关找到被藏在宿舍楼里的水	Locate the water stockpile hidden inside one of the dorm rooms on Customs	0	0
regular	59689fbd86f7740d137ebfc4	59689fbd86f7740d137ebfc4_6a541b897b253a0f64adfafc	giveItem	上交任意在战局中找到的饮用水	Hand over any found in raid drinking water items	3	0
regular	5968eb3186f7741dde183a4d	5968eb3186f7741dde183a4d_5968eb9b86f7741ddb481543	shoot	在海关击杀Scav	Eliminate Scavs on Customs	15	0
regular	5969f90786f77420d2328015	5969f90786f77420d2328015_5969f98286f774576d4c9542	findItem	在战局中找到物品：肾上腺素注射器	Find the item in raid: Adrenaline injector	5	0
regular	5969f90786f77420d2328015	5969f90786f77420d2328015_5969f99286f77456630ea442	giveItem	上交物品	Hand over the items	5	0
regular	5969f9e986f7741dde183a50	5969f9e986f7741dde183a50_5969fa4886f7741ddb481544	findQuestItem	在海关找到装有设备的箱子	Locate and obtain the suitcase with the device on Customs	1	0
regular	5969f9e986f7741dde183a50	5969f9e986f7741dde183a50_5969fa8986f7741ddc2d3154	giveQuestItem	上交手提箱	Hand over the suitcase	1	0
regular	5969f9e986f7741dde183a50	5969f9e986f7741dde183a50_5a3fb8f686f7742384533f10	visit	在海关找到急救员的车	Locate the paramedic’s car on Customs	0	1
regular	5969f9e986f7741dde183a50	5969f9e986f7741dde183a50_5a3fb92286f77422b46cdb18	visit	进入海关双层宿舍楼的114房间	Find a way inside the two-story dorm room 114 on Customs	0	1
regular	596a0e1686f7741ddf17dbee	596a0e1686f7741ddf17dbee_596a0e7086f7741ddf17dbef	findQuestItem	在森林锯木厂小屋里取得机密文件夹0052	Locate and obtain Secure Folder 0052 in the sawmill cabin on Woods	1	0
regular	596a0e1686f7741ddf17dbee	596a0e1686f7741ddf17dbee_596a0e8086f7741ddd6c104c	giveQuestItem	上交机密文件夹	Hand over the folder	1	0
regular	596a0e1686f7741ddf17dbee	596a0e1686f7741ddf17dbee_596a0eaf86f774576d4c957f	extract	以幸存状态撤离森林	Survive and extract from the location	1	0
regular	596a101f86f7741ddb481582	596a101f86f7741ddb481582_596a10d886f7741ddf17dbf0	giveQuestItem	把0052号机密文件夹交给Skier	Hand over Secure Folder 0052	1	0
regular	596a1e6c86f7741ddc2d3206	596a1e6c86f7741ddc2d3206_596a1f0486f77456630ea4d2	findItem	在战局中找到物品：牛肉罐头（小包装）	Find the item in raid: Can of beef stew (Small)	15	0
regular	596a1e6c86f7741ddc2d3206	596a1e6c86f7741ddc2d3206_596a1f1586f77420d2328077	giveItem	上交物品	Hand over the items	15	0
regular	596a204686f774576d4c95de	596a204686f774576d4c95de_596a20ac86f7741ddf17dbf4	giveItem	上交气体分析仪	Hand over the items	2	0
regular	596a204686f774576d4c95de	596a204686f774576d4c95de_5ec1398886f7561e047757a5	findItem	在战局中找到气体分析仪	Find Gas analyzers in raid	2	0
regular	596a218586f77420d232807c	596a218586f77420d232807c_596b46d886f77457ca186189	findItem	在战局中找到物品：汽车蓄电池	Find the item in raid: Car battery	4	0
regular	596a218586f77420d232807c	596a218586f77420d232807c_596b46ec86f77457c7006f89	findItem	在战局中找到物品：火花塞	Find the item in raid: Spark plug	8	0
regular	596a218586f77420d232807c	596a218586f77420d232807c_596b470c86f77457ca18618a	giveItem	上交物品	Hand over the items	4	0
regular	596a218586f77420d232807c	596a218586f77420d232807c_596b472686f77457c7006f8a	giveItem	上交物品	Hand over the items	8	0
regular	596b36c586f77450d6045ad2	596b36c586f77450d6045ad2_597867e986f7741b265c6bd3	giveItem	上交物品：Module-3M 防弹衣	Hand over the item: BNTI Module-3M body armor	1	0
regular	596b36c586f77450d6045ad2	596b36c586f77450d6045ad2_5ab8d44c86f7745b2325bd0c	giveItem	上交物品：TOZ-106 20 铅径栓动式霰弹枪	Hand over the item: TOZ-106 20ga bolt-action shotgun	1	0
regular	596b43fb86f77457ca186186	596b43fb86f77457ca186186_596b44b686f77457cb50ecca	findQuestItem	在海关找到并获取被藏匿的高价值货物	Locate and obtain the hidden valuable cargo on Customs	1	0
regular	596b43fb86f77457ca186186	596b43fb86f77457ca186186_596b450986f7745a7e510b54	giveQuestItem	上交高价值货物	Hand over the valuable cargo	1	0
regular	596b43fb86f77457ca186186	596b43fb86f77457ca186186_5a3fbab086f77421593d9bf0	visit	在海关找到信使藏匿货物的地点	Locate the place where the messenger hid the cargo on Customs	0	1
regular	596b43fb86f77457ca186186	596b43fb86f77457ca186186_5a3fbabc86f774231d75afbe	visit	在海关找到信使的尸体	Locate the messenger's body on Customs	0	1
regular	596b455186f77457cb50eccb	596b455186f77457cb50eccb_5c9b5e3f86f7744aab7329b5	shoot	在工厂使用手枪消灭任意敌对目标	Eliminate any target with pistols on Factory	10	0
regular	5979ed3886f77431307dc512	5979ed3886f77431307dc512_5979ee2986f7743ec214c7a4	findItem	在战局中找到物品：加密 U 盘	Find the item in raid: Secure Flash drive	2	0
regular	5979ed3886f77431307dc512	5979ed3886f77431307dc512_5979ee4586f7743ec214c7a5	giveItem	上交物品	Hand over the items	2	0
regular	5979eee086f774311955e614	5979eee086f774311955e614_5979ef4586f77431307dc513	findQuestItem	在海关宿舍 303 房间找到并获取镀金 Zibbo 打火机	Locate and obtain the golden Zibbo lighter from Dorm room 303 on Customs	1	0
regular	5979eee086f774311955e614	5979eee086f774311955e614_5979ef7986f77431307dc514	plantItem	在海关宿舍 303 房间藏匿一个普通 Zibbo 打火机	Stash a regular Zibbo lighter at Dorm room 303 on Customs	1	0
regular	5979eee086f774311955e614	5979eee086f774311955e614_6a5a91ade94475b65ec117ef	giveQuestItem	上交找到的物品	Hand over the found item	1	0
regular	5979f8bb86f7743ec214c7a6	5979f8bb86f7743ec214c7a6_5b0e766b86f7746bfa618964	shoot	在立交桥、中心区或森林消灭 Scav	Eliminate Scavs on Interchange, Ground Zero, or Woods	25	0
regular	5979f9ba86f7740f6c3fe9f2	5979f9ba86f7740f6c3fe9f2_5979fc2686f77426d702a0f2	findQuestItem	在海关取得任何关于安全副官生平的信息	Locate and obtain any information about the deputy chief’s past life on Customs	1	0
regular	5979f9ba86f7740f6c3fe9f2	5979f9ba86f7740f6c3fe9f2_5979fc5386f77426d702a0f3	findItem	找到任何有助于调查的物品	Locate and obtain any item that could help with the investigation	1	0
regular	5979f9ba86f7740f6c3fe9f2	5979f9ba86f7740f6c3fe9f2_5979fc7e86f77426d702a0f4	giveQuestItem	上交信息	Hand over the information	1	0
regular	5979f9ba86f7740f6c3fe9f2	5979f9ba86f7740f6c3fe9f2_5979fc9286f77426d702a0f5	giveItem	上交物品	Hand over the item	1	0
regular	5979f9ba86f7740f6c3fe9f2	5979f9ba86f7740f6c3fe9f2_5a3fbbfd86f77459d52a16a8	visit	在海关找到化工厂前安全副官的住处	Locate the sleeping place of the former deputy chief of security on Customs	0	1
regular	597a0b2986f77426d66c0633	597a0b2986f77426d66c0633_597a0bb486f77426d66c0634	findQuestItem	在海关找到任何有助于调查的信息	Locate and obtain any information that could help with the investigation on Customs	1	0
regular	597a0b2986f77426d66c0633	597a0b2986f77426d66c0633_597a0bdb86f7742717106d12	giveQuestItem	上交信息	Hand over the info	1	0
regular	597a0b2986f77426d66c0633	597a0b2986f77426d66c0633_597a0be986f774273b74f673	findQuestItem	在海关找到任何有助于调查的证据	Locate and obtain any evidence that could help with the investigation on Customs	1	0
regular	597a0b2986f77426d66c0633	597a0b2986f77426d66c0633_597a0bf886f7742717106d13	giveQuestItem	上交证据	Hand over the evidence	1	0
regular	597a0e5786f77426d66c0636	597a0e5786f77426d66c0636_597a15b386f774799e5cd152	findQuestItem	在工厂取得装有化学品的注射器	Locate and obtain the chemical syringe on Factory	1	0
regular	597a0e5786f77426d66c0636	597a0e5786f77426d66c0636_597a15c386f77405ba6887d2	giveQuestItem	上交装有化学品的注射器	Hand over the syringe	1	0
regular	597a0f5686f774273b74f676	597a0f5686f774273b74f676_59b242ea86f7741e6e0e7a86	mark	使用MS2000指示器标记化学品转运车	Mark the vehicle with an MS2000 Marker	1	0
regular	597a0f5686f774273b74f676	597a0f5686f774273b74f676_5a3fbc9586f77459d52a16c4	visit	在海关找到装有化学品的载具	Locate the transport with the chemicals on Customs	0	0
regular	597a160786f77477531d39d2	597a160786f77477531d39d2_5998366886f77455853b2d9f	mark	使用MS2000指示器标记载具	Mark the vehicle with an MS2000 Marker	1	0
regular	597a160786f77477531d39d2	597a160786f77477531d39d2_5a3fc1f286f7744ccc15d643	visit	在海关找到装有化学品的载具	Locate the transport with the chemicals on Customs	0	0
regular	597a171586f77405ba6887d3	597a171586f77405ba6887d3_5998360886f77456936817f3	mark	使用MS2000指示器标记化学品转运车	Mark the vehicle with an MS2000 Marker	1	0
regular	597a171586f77405ba6887d3	597a171586f77405ba6887d3_5a3fbec386f77413bd5fc20a	visit	找到装有化学品的载具	Locate the transport with the chemicals on Customs	0	0
regular	59c124d686f774189b3c843f	59c124d686f774189b3c843f_59c128b986f77415037680df	mark	在海关使用 MS2000 指示器标记任意一辆油罐车	Locate and mark any of the fuel tank trucks with an MS2000 Marker on Customs	1	0
regular	59c50a9e86f7745fef66f4ff	59c50a9e86f7745fef66f4ff_59674d5186f00443b872d5f7	shoot	在海岸线使用 AKM 系列武器消灭 Scav	Eliminate Scavs with AKM series weapons on Shoreline	15	0
regular	59c50c8886f7745fed3193bf	59c50c8886f7745fed3193bf_59624d5386f77446b872d5f7	shoot	在储备站使用 9x39 口径武器消灭 Scav	Eliminate Scavs with 9x39 caliber weapons on Reserve	12	0
regular	59c50c8886f7745fed3193bf	59c50c8886f7745fed3193bf_59c50f1686f77412ef2c01e7	giveItem	上交物品	Hand over the items	7	0
regular	59c50c8886f7745fed3193bf	59c50c8886f7745fed3193bf_5cb5e2ff86f7746ef64c979b	findItem	在战局中找到物品：半面巾	Find the item in raid: Lower half-mask	7	0
regular	59c512ad86f7741f0d09de9b	59c512ad86f7741f0d09de9b_59674d5186f77446b852d5f7	shoot	在海关使用 AKS-74U 消灭 Scav	Eliminate Scavs with AKS-74U on Customs	25	0
regular	59c9392986f7742f6923add2	59c9392986f7742f6923add2_59c93bdb86f7742a19140434	findItem	获得物品：宿舍 303 房钥匙	Obtain the item: Dorm room 303 key	1	0
regular	59c9392986f7742f6923add2	59c9392986f7742f6923add2_59c93c1986f7742a424eaa33	findItem	获得物品：ZB-014 钥匙	Obtain the item: ZB-014 key	1	0
regular	59c9392986f7742f6923add2	59c9392986f7742f6923add2_59c93cbb86f7742a19140435	findItem	获得物品：军事检查站钥匙	Obtain the item: Military checkpoint key	1	0
regular	59c9392986f7742f6923add2	59c9392986f7742f6923add2_59c93cea86f7742a08623162	findItem	获得物品：加油站储藏室钥匙	Obtain the item: Gas station storage room key	1	0
regular	59c9392986f7742f6923add2	59c9392986f7742f6923add2_59c93d4e86f774496b698953	giveItem	上交物品	Hand over the item	1	0
regular	59c9392986f7742f6923add2	59c9392986f7742f6923add2_59c93d8086f7742a19140436	giveItem	上交物品	Hand over the item	1	0
regular	59c9392986f7742f6923add2	59c9392986f7742f6923add2_59c93d9c86f7742f6923add3	giveItem	上交物品	Hand over the item	1	0
regular	59c9392986f7742f6923add2	59c9392986f7742f6923add2_59c93dbf86f7742a424eaa34	giveItem	上交物品	Hand over the item	1	0
regular	59c93e8e86f7742a406989c4	59c93e8e86f7742a406989c4_596a10d886f7741ddf11dbf0	giveItem	上交卢布	Hand over RUB	1000000	0
regular	59ca1a6286f774509a270942	59ca1a6286f774509a270942_59ca1b4f86f774509a270943	giveItem	上交任意在战局中找到的俄制手榴弹	Hand over any found in raid Russian grenades	10	0
regular	59ca1a6286f774509a270942	59ca1a6286f774509a270942_6a5f44d815430d6a5b5161b1	shoot	使用 GP-25 榴弹发射器消灭任意敌对目标	Eliminate any target with a GP-25 grenade launcher	10	0
regular	59ca264786f77445a80ed044	59ca264786f77445a80ed044_59674d5986f77446b872d5f7	shoot	在灯塔使用 SVDS 或 TKPD 消灭 Scav	Eliminate Scavs with an SVDS or TKPD on Lighthouse	10	0
regular	59ca264786f77445a80ed044	59ca264786f77445a80ed044_59ca27f786f77445aa0ddc14	shoot	在灯塔穿戴 Scav 背心消灭 Scav	Eliminate Scavs while wearing a Scav vest on Lighthouse	10	0
regular	59ca264786f77445a80ed044	59ca264786f77445a80ed044_59ca293c86f91445a80ed047	findItem	在战局中找到物品：Bars A-2607 95Kh18 匕首	Find the item in raid: Bars A-2607 95Kh18 knife	5	0
regular	59ca264786f77445a80ed044	59ca264786f77445a80ed044_59ca29ab86f77445ab431c86	giveItem	上交物品	Hand over the items	5	0
regular	59ca29fb86f77445ab465c87	59ca29fb86f77445ab465c87_59ca293c86f77445a80ed147	findItem	在战局中找到物品：任意 AK-74 突击步枪	Find the item in raid: any Kalashnikov AK-74 assault rifle	1	0
regular	59ca29fb86f77445ab465c87	59ca29fb86f77445ab465c87_59ca29ab86f77445ab133c86	giveItem	上交 AK-74 系列突击步枪	Hand over the AK-74	1	0
regular	59ca29fb86f77445ab465c87	59ca29fb86f77445ab465c87_59ca2bdc86f77445a80ed148	findItem	在战局中找到物品：柯尔特 M4A1 卡宾枪	Find the item in raid: Colt M4A1 assault rifle	1	0
regular	59ca29fb86f77445ab465c87	59ca29fb86f77445ab465c87_59ca2c3086f77445aa0ddc15	giveItem	上交M4A1突击步枪	Hand over the M4A1	1	0
regular	59ca29fb86f77445ab465c87	59ca29fb86f77445ab465c87_59ca2c9e86f77428ea721232	findItem	在战局中找到物品：马卡洛夫 PM 手枪	Find the item in raid: Makarov PM pistol	2	0
regular	59ca29fb86f77445ab465c87	59ca29fb86f77445ab465c87_59ca2cbe86f7740fe95c3e52	giveItem	上交手枪	Hand over the pistols	2	0
regular	59ca29fb86f77445ab465c87	59ca29fb86f77445ab465c87_5c922dde86f77438500a0fec	shoot	使用轻机枪消灭 PMC 行动人员	Eliminate PMC operatives with Light machine guns	10	0
regular	59ca29fb86f77445ab465c87	59ca29fb86f77445ab465c87_6a57a51fe5c2c08b474109fb	shoot	使用轻机枪消灭 Scav	Eliminate Scavs with Light machine guns	20	0
regular	59ca2eb686f77445a80ed049	59ca2eb686f77445a80ed049_59ca2fba86f77445e4732b25	shoot	使用指定类型武器在灯塔、海岸线、储备站、中心区或实验室消灭 PMC 行动人员	Eliminate PMC operatives with the specified weapons on Lighthouse, Shoreline, Reserve, Ground Zero, or The Lab	30	0
regular	59ca2eb686f77445a80ed049	59ca2eb686f77445a80ed049_5b0548e686f7740306753506	giveItem	上交战局中找到物品：BEAR 或 USEC 狗牌	Hand over the item: Dogtag BEAR or Dogtag USEC	10	0
regular	59ca2eb686f77445a80ed049	59ca2eb686f77445a80ed049_6a57a60057699da0521e1c7b	shoot	找到并消灭任意 Boss	Locate and neutralize any Boss	5	0
regular	5a03153686f77442d90e2171	5a03153686f77442d90e2171_5c9a17c686f7747dbe2da3c1	shoot	在工厂使用 AUG 爆头消灭任意敌对目标	Eliminate any target with headshots using a Steyr AUG on Factory	15	0
regular	5a03173786f77451cb427172	5a03173786f77451cb427172_5a0317da86f77451cb427295	mark	在海岸线的疗养院使用 MS2000 指示器标记直升机	Locate and mark the helicopter at the Health Resort with an MS2000 Marker on Shoreline	1	0
regular	5a03173786f77451cb427172	5a03173786f77451cb427172_5a0325f286f7744384509230	mark	在海岸线使用 MS2000 指示器标记通往直升机的安全通道	Mark the safe passage to the helicopter with an MS2000 Marker on Shoreline	1	0
regular	5a0327ba86f77456b9154236	5a0327ba86f77456b9154236_5a03289686f7745dbc6c5063	giveItem	上交战局中找到的物品：任意家居用品	Hand over the found in raid items from the Household goods category	5	0
regular	5a0327ba86f77456b9154236	5a0327ba86f77456b9154236_5a0328cb86f77456b91543b8	giveItem	上交战局中找到的物品：任意易燃物品	Hand over the found in raid items from the Flammable materials category	3	0
regular	5a03296886f774569778596a	5a03296886f774569778596a_5a3ba62786f7742c9d4f5ee9	visit	在海岸线疗养院东楼找到发电机	Locate the generators in the east wing of the Health Resort on Shoreline	0	0
regular	5a03296886f774569778596a	5a03296886f774569778596a_5a3ba65f86f7743af1475f11	visit	在海岸线疗养院西楼找到发电机	Locate the generators in the west wing of the Health Resort on Shoreline	0	0
regular	5a03296886f774569778596a	5a03296886f774569778596a_6a5cd11e5cf929b0f5d76816	giveItem	上交战局中找到的物品：金属油桶或野营燃料桶	Hand over the found in raid item: Metal fuel tank or Expeditionary fuel tank	3	0
regular	5a0449d586f77474e66227b7	5a0449d586f77474e66227b7_5a044a6c86f7747370402d91	findQuestItem	在海岸线后山碉堡内找到疗养院封闭区域的钥匙	Locate and obtain the key to the closed premises of the Health Resort on Shoreline	1	0
regular	5a0449d586f77474e66227b7	5a0449d586f77474e66227b7_5a280f8d86f774141b501756	giveQuestItem	上交钥匙	Hand over the key	1	0
regular	5a27b75b86f7742e97191958	5a27b75b86f7742e97191958_5a27d81a86f774472a6e0456	plantItem	将 MF-UNTAR 防弹衣藏匿在船上	Stash an MF-UNTAR body armor in the boat	1	0
regular	5a27b75b86f7742e97191958	5a27b75b86f7742e97191958_5a27d85286f77448d82084e7	plantItem	将 Leatherman 多功能工具藏匿在船上	Stash a Leatherman Multitool in the boat	1	0
regular	5a27b75b86f7742e97191958	5a27b75b86f7742e97191958_5a3ba11786f7742c9d4f5d29	visit	在海岸线找到防波堤旁边的船只	Locate the boat hidden next to the breakwater on Shoreline	0	0
regular	5a27b7a786f774579c3eb376	5a27b7a786f774579c3eb376_66698a9eddc21e9441645819	mark	在海关使用 MS2000 指示器标记任意一辆 UN“虎”装甲车	Locate and mark any UN Tigr vehicle with an MS2000 Marker on Customs	1	0
regular	5a27b7d686f77460d847e6a6	5a27b7d686f77460d847e6a6_5a27fc8186f7746371546243	mark	在海岸线找到第二辆T-90坦克，并使用MS2000指示器标记	Locate and mark the second T-90 tank with an MS2000 Marker on Shoreline	1	0
regular	5a27b7d686f77460d847e6a6	5a27b7d686f77460d847e6a6_5a27fc9686f774675744bb60	mark	在海岸线找到第三辆T-90坦克，并使用MS2000指示器标记	Locate and mark the third T-90 tank with an MS2000 Marker on Shoreline	1	0
regular	5a27b7d686f77460d847e6a6	5a27b7d686f77460d847e6a6_5a37e8ae86f77415076b401d	mark	在海岸线找到第一辆T-90坦克，并使用MS2000指示器标记	Locate and mark the first T-90 tank with an MS2000 Marker on Shoreline	1	0
regular	5a27b80086f774429a5d7e20	5a27b80086f774429a5d7e20_5a27ffb186f774192932b3d5	findQuestItem	在第一架坠毁的无人机上找到SAS硬盘	Obtain the SAS disk from the first crashed drone	1	0
regular	5a27b80086f774429a5d7e20	5a27b80086f774429a5d7e20_5a27ffc786f77415ca58ae47	giveQuestItem	上交第一块SAS硬盘	Hand over the first SAS disk	1	0
regular	5a27b80086f774429a5d7e20	5a27b80086f774429a5d7e20_5a294f1686f774340c7b7e4a	findQuestItem	在第二架坠毁的无人机上找到SAS硬盘	Obtain the SAS disk from the second crashed drone	1	0
regular	5a27b80086f774429a5d7e20	5a27b80086f774429a5d7e20_5a294f3386f77433e923f9cd	giveQuestItem	上交第二块SAS硬盘	Hand over the second SAS disk	1	0
regular	5a27b80086f774429a5d7e20	5a27b80086f774429a5d7e20_5a3ba34286f7744eb240406a	visit	在海岸线找到第一架无人机的坠毁点	Locate the first UAV crash site on Shoreline	0	0
regular	5a27b80086f774429a5d7e20	5a27b80086f774429a5d7e20_5a3ba3b086f7745ab1081101	visit	在海岸线找到第二架无人机的坠毁点	Locate the second UAV crash site on Shoreline	0	0
regular	5a27b87686f77460de0252a8	5a27b87686f77460de0252a8_5a28017786f77452f6318b1b	mark	使用MS2000指示器标记第一辆UN卡车	Locate and mark the first UN truck with an MS2000 Marker	1	0
regular	5a27b87686f77460de0252a8	5a27b87686f77460de0252a8_5a2801f986f774531b679875	mark	使用MS2000指示器标记第二辆UN卡车	Locate and mark the second UN truck with an MS2000 Marker	1	0
regular	5a27b87686f77460de0252a8	5a27b87686f77460de0252a8_5a28023f86f774528903dd1e	giveItem	上交物品	Hand over the items	5	0
regular	5a27b87686f77460de0252a8	5a27b87686f77460de0252a8_5a3ba47986f7744df8667505	visit	在海岸线找到第一辆载有UN失踪货物的卡车	Locate the first truck that was holding the lost UN cargo on Shoreline	0	1
regular	5a27b87686f77460de0252a8	5a27b87686f77460de0252a8_5a3ba4ba86f7744df759b1e5	visit	在海岸线找到第二辆载有UN失踪货物的卡车	Locate the second truck that was holding the lost UN cargo on Shoreline	0	1
regular	5a27b87686f77460de0252a8	5a27b87686f77460de0252a8_5cb5fd3d86f7746ef64ca33c	findItem	取得物品：MRE 口粮	Obtain the item: MRE ration pack	5	0
regular	5a27b9de86f77464e5044585	5a27b9de86f77464e5044585_5a28051286f7740eb10bac04	extract	以幸存状态撤离该区域	Survive and extract from the location	1	0
regular	5a27b9de86f77464e5044585	5a27b9de86f77464e5044585_5a3ba51d86f7743af1475c3a	visit	在海岸线找到失踪的线人	Locate the missing informant on Shoreline	0	0
regular	5a27ba1c86f77461ea5a3c56	5a27ba1c86f77461ea5a3c56_5a2806e086f774291b084041	mark	用 MS2000 指示器标记森林的第一处仪式地点	Locate and mark the first ritual spot with an MS2000 Marker on Woods	1	0
regular	5a27ba1c86f77461ea5a3c56	5a27ba1c86f77461ea5a3c56_5a2806f886f774513d3e69f5	mark	用 MS2000 指示器标记海岸线的仪式地点	Locate and mark the ritual spot with an MS2000 Marker on Shoreline	1	0
regular	5a27ba1c86f77461ea5a3c56	5a27ba1c86f77461ea5a3c56_5fe0e9ed3f3a7d4169035e8e	mark	用 MS2000 指示器标记森林的第二处仪式地点	Locate and mark the second ritual spot with an MS2000 Marker on Woods	1	0
regular	5a27ba9586f7741b543d8e85	5a27ba9586f7741b543d8e85_5a28127b86f7743808504ecc	giveItem	上交美元	Hand over USD	8000	0
regular	5a27bafb86f7741c73584017	5a27bafb86f7741c73584017_6a5c10e883a51e292d11b976	plantItem	在海关实验楼的医学实验室内藏匿波纹软管	Stash a Corrugated hose in the med lab on Customs	1	0
regular	5a27bb1e86f7741f27621b7e	5a27bb1e86f7741f27621b7e_5a28183186f774398675d127	findQuestItem	在海岸线疗养院东楼的计算机中心找到可能包含情报的物品	Locate and obtain the data in Health Resort east wing computer room on Shoreline	1	0
regular	5a27bb1e86f7741f27621b7e	5a27bb1e86f7741f27621b7e_5a28184c86f774376e43772a	giveQuestItem	上交找回的数据	Hand over the retrieved data	1	0
regular	5a27bb3d86f77411ea361a21	5a27bb3d86f77411ea361a21_5a2819c886f77460ba564f38	findQuestItem	取得任何有关第二部分货物运输的信息	Obtain any information about the second part of the cargo shipment	1	0
regular	5a27bb3d86f77411ea361a21	5a27bb3d86f77411ea361a21_5a2e966286f7742f6c4f27a6	giveQuestItem	上交找回的信息	Hand over the retrieved information	1	0
regular	5a27bb3d86f77411ea361a21	5a27bb3d86f77411ea361a21_5a3ba76486f7744d39436da2	visit	在海岸线疗养院找到蓝色水桶所在的房间	Locate the room with reservoirs in the Health Resort on Shoreline	0	0
regular	5a27bb3d86f77411ea361a21	5a27bb3d86f77411ea361a21_6a5cd1942858d1ede4317068	visit	在海岸线疗养院内找到被藏匿的 TerraGroup 货物	Locate the hidden TerraGroup cargo in the Health Resort on Shoreline	0	0
regular	5a27bb5986f7741dfb660900	5a27bb5986f7741dfb660900_5a37de5486f7741535394d69	extract	以幸存状态撤离该区域	Survive and extract from the location	1	0
regular	5a27bb5986f7741dfb660900	5a27bb5986f7741dfb660900_5a3ba7db86f7744f0e568c9c	visit	在海岸线疗养院内找到被藏匿的 TerraGroup 货物	Locate the TerraGroup cargo hidden inside the Health Resort on Shoreline	0	0
regular	5a27bb8386f7741c770d2d0a	5a27bb8386f7741c770d2d0a_5c9de99286f7741ced54c902	shoot	在海岸线使用 M4A1、M16、ADAR 或 TX-15 消灭 Scav	Eliminate Scavs with an M4A1, M16, ADAR, or TX-15 on Shoreline	10	0
regular	5a27bbf886f774333a418eeb	5a27bbf886f774333a418eeb_5a281efe86f7745bc42005cc	mark	使用MS2000指示器标记钓鱼桌	Mark the fishing table with an MS2000 Marker	1	0
regular	5a27bbf886f774333a418eeb	5a27bbf886f774333a418eeb_5a3ba97386f77459df27d10e	visit	在海岸线找到渔民的住所	Locate the fishermen's dwelling on Shoreline	0	0
regular	5a27bc1586f7741f6d40fa2f	5a27bc1586f7741f6d40fa2f_5a3baa2586f7745b791b72fa	visit	在海岸线找到Artyom的车	Locate Artyom’s car on Shoreline	0	0
regular	5a27bc1586f7741f6d40fa2f	5a27bc1586f7741f6d40fa2f_6a5de9b9fee6abb95244f018	mark	使用 MS2000 指示器标记 Artyom 的车	Mark Artyom's car with an MS2000 Marker	1	0
regular	5a27bc3686f7741c73584026	5a27bc3686f7741c73584026_5a28221e86f7741d5b719624	findQuestItem	在海岸线取得疗养院房客名单	Locate and obtain the list of Health Resort tenants on Shoreline	1	0
regular	5a27bc3686f7741c73584026	5a27bc3686f7741c73584026_5a28223786f7741c7a0b5401	giveQuestItem	上交找到的物品	Hand over the found items	1	0
regular	5a27bc6986f7741c7358402b	5a27bc6986f7741c7358402b_5a2822de86f7740a245249ce	giveQuestItem	上交信息	Hand over the information	1	0
regular	5a27bc6986f7741c7358402b	5a27bc6986f7741c7358402b_5a2e958d86f77416be092111	findQuestItem	在海岸线找到关于Artyom工作的信息	Locate and obtain any information on Artyom’s work on Shoreline	1	0
regular	5a27bc8586f7741b543d8ea4	5a27bc8586f7741b543d8ea4_6a5dea83a4dd339f77be89eb	shoot	使用 7.62x51 口径的精确射手步枪在海岸线或灯塔从 50 米外消灭任意敌对目标	Eliminate any target with any 7.62x51 DMR from over 50 meters away on Shoreline or Lighthouse	15	0
regular	5a27c99a86f7747d2c6bdd8e	5a27c99a86f7747d2c6bdd8e_5be0198686f774595412d9c4	shoot	消灭 PMC 行动人员	Eliminate PMC operatives	5	0
regular	5a27d2af86f7744e1115b323	5a27d2af86f7744e1115b323_5a27d34586f7744e1115b327	giveItem	上交美元	Hand over USD	5000	0
regular	5a68661a86f774500f48afb0	5a68661a86f774500f48afb0_5a6873bc86f7741f8d4589a3	mark	在海岸线找到第一辆救护车，并使用MS2000指示器标记	Locate and mark the first ambulance with an MS2000 Marker on Shoreline	1	0
regular	5a68661a86f774500f48afb0	5a68661a86f774500f48afb0_5a6873d786f7743ad1151d6e	mark	在海岸线找到第二辆救护车，并使用MS2000指示器标记	Locate and mark the second ambulance with an MS2000 Marker on Shoreline	1	0
regular	5a68661a86f774500f48afb0	5a68661a86f774500f48afb0_5a6873ec86f7743cc55d8622	mark	在海岸线找到第三辆救护车，并使用MS2000指示器标记	Locate and mark the third ambulance with an MS2000 Marker on Shoreline	1	0
regular	5a68661a86f774500f48afb0	5a68661a86f774500f48afb0_6a6072ab2b1e6883ea9d9311	mark	在海岸线找到第四辆救护车，并使用MS2000指示器标记	Locate and mark the fourth ambulance with an MS2000 Marker on Shoreline	1	0
regular	5a68663e86f774501078f78a	5a68663e86f774501078f78a_5a68760f86f7743cc55d8709	findQuestItem	在海岸线疗养院西楼的房间内找到任何关于 TerraGroup 研究的文件	Locate and obtain any info about TerraGroup's research in Health Resort west wing on Shoreline	1	0
regular	5a68663e86f774501078f78a	5a68663e86f774501078f78a_5a68763786f77474c33a40a1	giveQuestItem	上交找回的信息	Hand over the retrieved information	1	0
regular	5a68663e86f774501078f78a	5a68663e86f774501078f78a_5a68764c86f77474c4269f3c	extract	以幸存状态撤离该区域	Survive and extract from the location	1	0
regular	5a68665c86f774255929b4c7	5a68665c86f774255929b4c7_5a68770f86f774747d4b0d8b	visit	在森林找到那辆曾属于疗养院医疗服务负责人的车	Locate the van of the Health Resort medical services director on Woods	0	0
regular	5a68665c86f774255929b4c7	5a68665c86f774255929b4c7_5a68776786f774759f1f55f6	findQuestItem	提取血液样本	Take a sample of the blood	1	0
regular	5a68665c86f774255929b4c7	5a68665c86f774255929b4c7_5a68777586f774747d4b0d9e	giveQuestItem	上交血液样本	Hand over the blood sample	1	0
regular	5a68667486f7742607157d28	5a68667486f7742607157d28_6a606eb43eb95a13ff6aa1f3	experience	耗尽腿部耐力获得“疲劳”效果，并持续至少 8 分钟	Gain the Fatigue status effect (by exhausting leg stamina) and maintain it for 8 minutes	1	0
regular	5a68669a86f774255929b4d4	5a68669a86f774255929b4d4_5a6879be86f774284429b1bb	visit	在夜间工厂找到交货点	Locate the drop spot on night-time Factory	0	0
regular	5a68669a86f774255929b4d4	5a68669a86f774255929b4d4_5a687a1c86f7745f2152168c	plantItem	将任意类型的火药埋藏在指定地点	Stash any Gunpowder in the designated spot	3	0
regular	5ac23c6186f7741247042bad	5ac23c6186f7741247042bad_5accd5e386f77463027e9397	buildWeapon	按照要求改装MP-133	Modify an MP-133 to comply with the given specifications	1	0
regular	5ac2426c86f774138762edfe	5ac2426c86f774138762edfe_5accd9b686f774112d7173d1	buildWeapon	按照要求改装AKS-74U	Modify an AKS-74U to comply with the given specifications	1	0
regular	5ac2428686f77412450b42bf	5ac2428686f77412450b42bf_5accde3686f7740cea1b7ec2	buildWeapon	按照要求改装MP5	Modify an MP5 to comply with the given specifications	1	0
regular	5ac242ab86f77412464f68b4	5ac242ab86f77412464f68b4_5acce08b86f7745f8521fa64	buildWeapon	按照要求改装DVL-10	Modify a DVL-10 to comply with the given specifications	1	0
regular	5ac244c486f77413e12cf945	5ac244c486f77413e12cf945_5acce11786f77411ed6fa6eb	buildWeapon	按照要求改装R11 RSASS	Modify an R11 RSASS to comply with the given specifications	1	0
regular	5ac244eb86f7741356335af1	5ac244eb86f7741356335af1_5accdfdb86f77412265cbfc9	buildWeapon	按照要求改装M4A1	Modify an M4A1 to comply with the given specifications	1	0
regular	5ac345dc86f774288030817f	5ac345dc86f774288030817f_5ac7a4ba86f77409f3423628	plantItem	在工厂使用一套工具修复第一块控制面板	Fix the first control board with a Toolset on Factory	1	0
regular	5ac345dc86f774288030817f	5ac345dc86f774288030817f_5ac7a51a86f774738a4ffc96	plantItem	在工厂使用一套工具修复第二块控制面板	Fix the second control board with a Toolset on Factory	1	0
regular	5ac3460c86f7742880308185	5ac3460c86f7742880308185_5ac502a786f7740bde1b000c	findItem	在战局中找到电源线	Find Power cords in raid	2	0
regular	5ac3460c86f7742880308185	5ac3460c86f7742880308185_5ac5055a86f7745cae22b582	giveItem	上交电源线	Hand over the items	2	0
regular	5ac3460c86f7742880308185	5ac3460c86f7742880308185_5ac505c386f7740be0424d19	findItem	在战局中找到T形插座	Find T-Shaped Plugs in raid	4	0
regular	5ac3460c86f7742880308185	5ac3460c86f7742880308185_5ac505e186f7740bdf2ceabe	giveItem	上交T形插座	Hand over the items	4	0
regular	5ac3460c86f7742880308185	5ac3460c86f7742880308185_5ac5061386f77417e429ce7a	findItem	在战局中找到印制电路板	Find Printed circuit boards in raid	2	0
regular	5ac3460c86f7742880308185	5ac3460c86f7742880308185_5ac5062586f774587c327395	giveItem	上交印制电路板	Hand over the items	2	0
regular	5ac3462b86f7741d6118b983	5ac3462b86f7741d6118b983_5ac6240786f77417204ca2b9	visit	在海关找到罚没品仓库	Locate the warehouse of seized goods on Customs	0	0
regular	5ac3462b86f7741d6118b983	5ac3462b86f7741d6118b983_5ac6248586f77416781dd3a3	findQuestItem	取得装有显卡的包裹	Obtain the package of graphics cards	1	0
regular	5ac3462b86f7741d6118b983	5ac3462b86f7741d6118b983_5ac624b286f77416781dd3ac	giveQuestItem	上交显卡包裹	Hand over the package	1	0
regular	5ac3464c86f7741d651d6877	5ac3464c86f7741d651d6877_5ac5081086f7740bde1b002f	findItem	在战局中找到物品：显卡	Find the item in raid: Graphics card	1	0
regular	5ac3464c86f7741d651d6877	5ac3464c86f7741d651d6877_5ac5082586f77418804f7d4c	giveItem	上交物品	Hand over the item	1	0
regular	5ac3464c86f7741d651d6877	5ac3464c86f7741d651d6877_5ac5083d86f7740be2744eed	findItem	在战局中找到物品：CPU 风扇	Find the item in raid: CPU Fan	8	0
regular	5ac3464c86f7741d651d6877	5ac3464c86f7741d651d6877_5ac5084d86f7740bde1b0031	giveItem	上交CPU风扇	Hand over the items	8	0
regular	5ac3467986f7741d6224abc2	5ac3467986f7741d6224abc2_5ac5e0fa86f77431c305d243	visit	在海岸线找到第一个信号源	Locate the first signal source on Shoreline	0	0
regular	5ac3467986f7741d6224abc2	5ac3467986f7741d6224abc2_5ac5e13586f7746074388f93	visit	在海岸线找到第二个信号源	Locate the second signal source on Shoreline	0	0
regular	5ac3467986f7741d6224abc2	5ac3467986f7741d6224abc2_6a61fc7472fae1c698d421eb	mark	在海岸线第一个信号源放置信号干扰器	Place a Signal jammer on the first signal source	1	0
regular	5ac3467986f7741d6224abc2	5ac3467986f7741d6224abc2_6a61fc76ed2d982d9dea238d	mark	在海岸线第二个信号源放置信号干扰器	Place a Signal jammer on the second signal source	1	0
regular	5ac346a886f7744e1b083d67	5ac346a886f7744e1b083d67_5ac5e79986f7747398341847	giveItem	上交电脑CPU	Hand over the items	1	0
regular	5ac346a886f7744e1b083d67	5ac346a886f7744e1b083d67_5ac5e88e86f7741c5804f9db	giveItem	上交可充电电池	Hand over the items	1	0
regular	5ac346a886f7744e1b083d67	5ac346a886f7744e1b083d67_5ac5e98886f77479bc6ca201	giveItem	上交印制电路板	Hand over the items	1	0
regular	5ac346a886f7744e1b083d67	5ac346a886f7744e1b083d67_5cb6f81d86f7740e9d452683	findItem	在战局中找到物品：电脑 CPU	Find the item in raid: PC CPU	1	0
regular	5ac346a886f7744e1b083d67	5ac346a886f7744e1b083d67_5cb6f88d86f7747d215f09c1	findItem	在战局中找到物品：充电电池	Find the item in raid: Rechargeable battery	1	0
regular	5ac346a886f7744e1b083d67	5ac346a886f7744e1b083d67_5cb6f8de86f7740e9d452685	findItem	在战局中找到物品：印刷电路板	Find the item in raid: Printed circuit board	1	0
regular	5ac346cf86f7741d63233a02	5ac346cf86f7741d63233a02_5ac7a7bf86f774132252a524	mark	在海岸线的指定地点放置第一个信号干扰器	Place the Signal jammer on the first specified place on Shoreline	1	0
regular	5ac346cf86f7741d63233a02	5ac346cf86f7741d63233a02_5ac7a83b86f774665012340b	mark	在海岸线的指定地点放置第二个信号干扰器	Place the Signal jammer on the second specified place on Shoreline	1	0
regular	5ac346cf86f7741d63233a02	5ac346cf86f7741d63233a02_5ac7a8d386f7741321499e3c	mark	在海岸线的指定地点放置第三个信号干扰器	Place the Signal jammer on the third specified place on Shoreline	1	0
regular	5ac346e886f7741d6118b99b	5ac346e886f7741d6118b99b_5ac5eb3286f7746e7a509a09	skill	达到指定的专注技能等级	Reach the required Attention skill level	0	0
regular	5ac3475486f7741d6224abd3	5ac3475486f7741d6224abd3_5ac5ee9986f7746e7a509a26	findItem	在战局中找到物品：马宝路、云尔斯顿或无彩香烟	Find the item in raid: Malboro, Wilston, or Strike cigarettes	15	0
regular	5ac3475486f7741d6224abd3	5ac3475486f7741d6224abd3_5ac5eff886f7740f43322559	giveItem	上交云尔斯顿香烟	Hand over the items	15	0
regular	5ac3477486f7741d651d6885	5ac3477486f7741d651d6885_5ac61a8a86f7743a8d663c77	visit	找到第一个工厂撤离点	Locate the first Factory extraction	0	0
regular	5ac3477486f7741d651d6885	5ac3477486f7741d651d6885_5ac61ab986f7746e352cec8c	visit	找到第二个工厂撤离点	Locate the second Factory extraction	0	0
regular	5ac3477486f7741d651d6885	5ac3477486f7741d651d6885_5ac61adf86f774741c1bf096	visit	找到第三个工厂撤离点	Locate the third Factory extraction	0	0
regular	5ac3477486f7741d651d6885	5ac3477486f7741d651d6885_5ac61b1486f7743a8f30fc84	extract	以幸存状态撤离该区域	Survive and extract from the location	1	0
regular	5ac3477486f7741d651d6885	5ac3477486f7741d651d6885_63a865ce1943b749b5021f86	visit	找到第四个工厂撤离点	Locate the fourth Factory extraction	0	0
regular	5ac3479086f7742880308199	5ac3479086f7742880308199_5dbadfd186f77449467d1482	traderLevel	Prapor信任度达到3级	Reach Loyalty Level 3 with Prapor	0	0
regular	5ae3267986f7742a413592fe	5ae3267986f7742a413592fe_5ae34b8b86f7741e5b1e5d48	buildWeapon	按照要求改装雷明顿 Model 870	Modify a Remington Model 870 to comply with the given specifications	1	0
regular	5ae3270f86f77445ba41d4dd	5ae3270f86f77445ba41d4dd_5ae3550b86f7741cf44fc799	buildWeapon	按照要求改装AKM	Modify an AKM to comply with the given specifications	1	0
regular	5ae3277186f7745973054106	5ae3277186f7745973054106_5ae3570b86f7746efa6b4494	buildWeapon	按照要求改装AKS-74N	Modify an AKS-74N to comply with the given specifications	1	0
regular	5ae327c886f7745c7b3f2f3f	5ae327c886f7745c7b3f2f3f_5ae445f386f7744e87761331	buildWeapon	按照要求改装AK-105	Modify an AK-105 to comply with the given specifications	1	0
regular	5ae3280386f7742a41359364	5ae3280386f7742a41359364_5ae4479686f7744f6c79b7b3	buildWeapon	按照要求改装AS VAL	Modify an AS VAL to comply with the given specifications	1	0
regular	5ae448a386f7744d3730fff0	5ae448a386f7744d3730fff0_5ae44c6886f7744f1a7eb2b8	traderLevel	Ragman信任度达到2级	Reach Loyalty Level 2 with Ragman	0	0
regular	5ae448bf86f7744d733e55ee	5ae448bf86f7744d733e55ee_5ae44ecd86f77414a13c970e	shoot	在立交桥消灭任意目标	Eliminate any target on Interchange	10	0
regular	5ae448e586f7744dcf0c2a67	5ae448e586f7744dcf0c2a67_5ae4508386f7741250488337	visit	检查AVOKADO商店	Locate the AVOKADO store on Interchange	0	0
regular	5ae448e586f7744dcf0c2a67	5ae448e586f7744dcf0c2a67_5ae450db86f7741250488359	visit	检查KOSTIN商店	Locate the KOSTIN store on Interchange	0	0
regular	5ae448e586f7744dcf0c2a67	5ae448e586f7744dcf0c2a67_5ae450ee86f7740f9307859d	visit	检查tRend商店	Locate the tRend store on Interchange	0	0
regular	5ae448e586f7744dcf0c2a67	5ae448e586f7744dcf0c2a67_5ae4510786f7740fa614399f	visit	检查DINO CLOTHES商店	Locate the DINO CLOTHES store on Interchange	0	0
regular	5ae448e586f7744dcf0c2a67	5ae448e586f7744dcf0c2a67_5ae4511d86f7740ffc31ccb5	visit	检查TOP BRAND商店	Locate the TOP BRAND store on Interchange	0	0
regular	5ae448f286f77448d73c0131	5ae448f286f77448d73c0131_5ae452c086f774336a397578	mark	在立交桥使用 MS2000 指示器标记发电站周边的任意一辆油罐车	Locate and mark any fuel tank near the power station with an MS2000 Marker on Interchange	1	0
regular	5ae448f286f77448d73c0131	5ae448f286f77448d73c0131_5ae452de86f77450595c4333	mark	在立交桥使用 MS2000 指示器标记北部区域的任意一辆油罐车	Locate and mark any fuel tank in the northern territory with an MS2000 Marker on Interchange	1	0
regular	5ae4490786f7744ca822adcc	5ae4490786f7744ca822adcc_5ae4543686f7742dc043c903	giveItem	上交物品	Hand over the items	2	0
regular	5ae4490786f7744ca822adcc	5ae4490786f7744ca822adcc_5ae454a086f7742be909a81a	giveItem	上交物品	Hand over the items	2	0
regular	5ae4490786f7744ca822adcc	5ae4490786f7744ca822adcc_5fd89729a8c881276c560433	findItem	在战局中找到物品：任意苏联毛帽	Find the item in raid: any Ushanka hat	2	0
regular	5ae4490786f7744ca822adcc	5ae4490786f7744ca822adcc_5fd89799c54dc00f463272d3	findItem	在战局中找到物品：Kinda 牛仔帽	Find the item in raid: Kinda Cowboy hat	2	0
regular	5ae4493486f7744efa289417	5ae4493486f7744efa289417_5ae9b32486f7745bbc72275a	findQuestItem	在立交桥取得Goshan货物清单	Locate and obtain the Goshan cargo manifests on Interchange	1	0
regular	5ae4493486f7744efa289417	5ae4493486f7744efa289417_5ae9b34686f7743129512ccf	giveQuestItem	上交Goshan货物清单	Hand over the Goshan cargo manifests	1	0
regular	5ae4493486f7744efa289417	5ae4493486f7744efa289417_5ae9b36c86f774307c29df04	findQuestItem	在立交桥取得OLI货物清单	Locate and obtain the OLI cargo manifests on Interchange	1	0
regular	5ae4493486f7744efa289417	5ae4493486f7744efa289417_5ae9b38a86f77432c81e2ce3	giveQuestItem	上交OLI货物清单	Hand over the OLI cargo manifests	1	0
regular	5ae4493486f7744efa289417	5ae4493486f7744efa289417_5ae9b3b186f7745bbc722762	findQuestItem	在立交桥取得IDEA货物清单	Locate and obtain the IDEA cargo manifests on Interchange	1	0
regular	5ae4493486f7744efa289417	5ae4493486f7744efa289417_5ae9b3c986f77432c81e2ce6	giveQuestItem	上交IDEA货物清单	Hand over the IDEA cargo manifests	1	0
regular	5ae4493d86f7744b8e15aa8f	5ae4493d86f7744b8e15aa8f_5ae9b5bd86f774307c29df37	findQuestItem	在立交桥取得OLI货运路线文件	Locate and obtain the OLI cargo route documents on Interchange	1	0
regular	5ae4493d86f7744b8e15aa8f	5ae4493d86f7744b8e15aa8f_5ae9b63286f774229110402d	giveQuestItem	上交文件	Hand over the documents	1	0
regular	5ae4495086f77443c122bc40	5ae4495086f77443c122bc40_5ae4559386f7742dc043c95e	findItem	在战局中找到物品：带眼洞滑雪头套	Find the item in raid: Ski hat with holes for eyes	1	0
regular	5ae4495086f77443c122bc40	5ae4495086f77443c122bc40_5ae455be86f7742dc043c969	giveItem	上交物品	Hand over the item	1	0
regular	5ae4495086f77443c122bc40	5ae4495086f77443c122bc40_5ae455fb86f7744dd8242380	findItem	在战局中找到物品：Pilgrim 旅行包	Find the item in raid: Pilgrim tourist backpack	1	0
regular	5ae4495086f77443c122bc40	5ae4495086f77443c122bc40_5ae4562086f774498b05e0dc	giveItem	上交物品	Hand over the item	1	0
regular	5ae4495c86f7744e87761355	5ae4495c86f7744e87761355_5ae9b77f86f77432c81e3074	findItem	获得物品：HighCom Trooper TFO 防弹背心	Obtain the item: HighCom Trooper TFO body armor	2	0
regular	5ae4495c86f7744e87761355	5ae4495c86f7744e87761355_5ae9b7c886f774307c29df56	giveItem	上交物品	Hand over the items	2	0
regular	5ae4495c86f7744e87761355	5ae4495c86f7744e87761355_5ae9b91386f77415a869b3f3	findItem	获得物品：BNTI Gzhel-K（彩瓷-K）防弹衣	Obtain the item: BNTI Gzhel-K body armor	2	0
regular	5ae4495c86f7744e87761355	5ae4495c86f7744e87761355_5ae9b93b86f7746e0026221a	giveItem	上交物品	Hand over the items	2	0
regular	5ae4496986f774459e77beb6	5ae4496986f774459e77beb6_5ae9bc6e86f7746e0026222c	giveItem	上交物品：6B43 屏障-Sh 防弹衣	Hand over the item: 6B43 Zabralo-Sh body armor	1	0
regular	5ae4496986f774459e77beb6	5ae4496986f774459e77beb6_5ae9bea886f77468ab400e64	giveItem	上交战局中找到的物品：五级或六级防弹插板	Hand over the found in raid item: Class 5 or 6 ballistic plate	10	0
regular	5ae4497b86f7744cf402ed00	5ae4497b86f7744cf402ed00_5ae45d7786f774178f237745	findItem	上交战局内找到的物品：WARTECH TV-109 + TV-106 胸挂	Find the item in raid: WARTECH TV-109 + TV-106 chest rig	2	0
regular	5ae4497b86f7744cf402ed00	5ae4497b86f7744cf402ed00_5ae45d9386f774178f23774a	giveItem	上交物品	Hand over the items	2	0
regular	5ae4497b86f7744cf402ed00	5ae4497b86f7744cf402ed00_5af079e486f77434693ad7f8	findItem	上交战局内找到的物品：BlackRock 胸挂	Find the item in raid: BlackRock chest rig	2	0
regular	5ae4497b86f7744cf402ed00	5ae4497b86f7744cf402ed00_5af07a0286f7747dba10d8ac	giveItem	上交物品	Hand over the items	2	0
regular	5ae4498786f7744bde357695	5ae4498786f7744bde357695_5ae9c0a686f774703201f143	findQuestItem	在立交桥取得服装设计手册（一）	Locate and obtain the first book of clothes design on Interchange	1	0
regular	5ae4498786f7744bde357695	5ae4498786f7744bde357695_5ae9c0c986f77468ab400f88	giveQuestItem	上交服装设计手册（一）	Hand over the first book	1	0
regular	5ae4498786f7744bde357695	5ae4498786f7744bde357695_5ae9c0e186f7746419683c5e	findQuestItem	在立交桥取得服装设计手册（二）	Locate and obtain the second book of clothes design on Interchange	1	0
regular	5ae4498786f7744bde357695	5ae4498786f7744bde357695_5ae9c10686f774703201f146	giveQuestItem	上交服装设计手册（一）	Hand over the second book	1	0
regular	5ae4499a86f77449783815db	5ae4499a86f77449783815db_5ae9c29386f77427153c7fb0	skill	达到指定的魅力技能等级	Reach the required Charisma skill level	0	0
regular	5ae449a586f7744bde357696	5ae449a586f7744bde357696_5ae9c38e86f7743515398707	traderLevel	Therapist信任度达到3级	Reach Loyalty Level 3 with Therapist	0	0
regular	5ae449b386f77446d8741719	5ae449b386f77446d8741719_5ae9e1c786f77403fb3f9674	plantItem	将绿色提花头巾藏匿在森林锯木厂的码头上	Stash a Shemagh (Green) at the sawmill docks on Woods	1	0
regular	5ae449b386f77446d8741719	5ae449b386f77446d8741719_5ae9e2a286f7740de4152a0a	plantItem	把雷硼嬉皮太阳镜藏匿在森林锯木厂的码头上	Stash RayBench Hipster Reserve sunglasses at the sawmill docks on Woods	1	0
regular	5ae449c386f7744bde357697	5ae449c386f7744bde357697_5bb60cbc88a45011a8235cc5	visit	在立交桥查看铁路撤离点	Visit the Railway Exfil exit on Interchange	0	0
regular	5ae449c386f7744bde357697	5ae449c386f7744bde357697_6a60968c58aab7961885e537	visit	在立交桥查看 EMERCOM 检查站撤离点	Visit the Emercom Checkpoint exit on Interchange	0	0
regular	5ae449c386f7744bde357697	5ae449c386f7744bde357697_6a6096d81284478fd859003a	visit	在立交桥查看发电站载具撤离点	Visit the Power Station V-Ex exit on Interchange	0	0
regular	5ae449d986f774453a54a7e1	5ae449d986f774453a54a7e1_5ae9e55886f77445315f662a	findItem	获得 Goshan 收银机钥匙	Obtain the Goshan cash register key	1	1
regular	5ae449d986f774453a54a7e1	5ae449d986f774453a54a7e1_6a60aab8ada1a08abcaa3649	plantItem	在立交桥将 Goshan 收银机钥匙藏匿在 BIZARRO 商店的试衣间内	Stash the Goshan cash register key at the BIZARRO store fitting rooms on Interchange	1	0
regular	5ae449d986f774453a54a7e1	5ae449d986f774453a54a7e1_6a60aaba4566667d4c8eefad	plantItem	在立交桥将 IDEA 收银机钥匙藏匿在 #9 收银台	Stash the IDEA cash register key at Register #9 on Interchange	1	0
regular	5ae449d986f774453a54a7e1	5ae449d986f774453a54a7e1_6a60aabcecee1ccc0876e5e6	plantItem	在立交桥将 OLI 收银机钥匙藏匿在 #7-8 收银台	Stash the OLI cash register key at Register #7-8 on Interchange	1	0
regular	5ae449d986f774453a54a7e1	5ae449d986f774453a54a7e1_6a60ac2aa92d3737a04f252c	findItem	获得 IDEA 收银机钥匙	Obtain the IDEA cash register key	1	1
regular	5ae449d986f774453a54a7e1	5ae449d986f774453a54a7e1_6a60af31011aff00946731a7	findItem	获得 OLI 收银机钥匙	Obtain the OLI cash register key	1	1
regular	5b47749f86f7746c5d6a5fd4	5b47749f86f7746c5d6a5fd4_5b47796686f774374f4a8bb1	buildWeapon	按照要求改装AK-102	Modify an AK-102 to comply with the given specifications	1	0
regular	5b47799d86f7746c5d6a5fd8	5b47799d86f7746c5d6a5fd8_5b477b3b86f77401da02e6c4	buildWeapon	按照要求改装SIG MPX	Modify a SIG MPX to comply with the given specifications	1	0
regular	5b477b6f86f7747290681823	5b477b6f86f7747290681823_5b477f1486f7743009493232	buildWeapon	按照要求改装AKMN	Modify an AKMN to comply with the given specifications	1	0
regular	5b477f7686f7744d1b23c4d2	5b477f7686f7744d1b23c4d2_5b47824386f7744d190d8dd1	buildWeapon	按照要求改装M1A	Modify an M1A to comply with the given specifications	1	0
regular	5b47825886f77468074618d3	5b47825886f77468074618d3_5b4783ba86f7744d1c353185	buildWeapon	按照要求改装M4A1	Modify an M4A1 to comply with the given specifications	1	0
regular	5b47876e86f7744d1c353205	5b47876e86f7744d1c353205_5b47884886f7744d1c35327d	findItem	在战局中找到燃油添加剂	Find Fuel conditioners in raid	4	0
regular	5b47876e86f7744d1c353205	5b47876e86f7744d1c353205_5b47886986f7744d1a393e65	giveItem	上交燃油添加剂	Hand over the items	4	0
regular	5b47891f86f7744d1b23c571	5b47891f86f7744d1b23c571_5b4789b586f7744d190d8f43	giveItem	上交战局中找到的物品：青铜狮雕	Hand over the found in raid item: Bronze lion figurine	2	0
regular	5b47891f86f7744d1b23c571	5b47891f86f7744d1b23c571_5b478a0986f7744d190d8f46	giveItem	上交战局中找到的物品：马雕像	Hand over the found in raid item: Horse figurine	2	0
regular	5b47891f86f7744d1b23c571	5b47891f86f7744d1b23c571_5b478a3786f77470315db7fa	giveItem	上交战局中找到的物品：猫雕	Hand over the found in raid item: Cat figurine	2	0
regular	5b47891f86f7744d1b23c571	5b47891f86f7744d1b23c571_5b478a8486f7744d1c35328b	giveItem	上交战局中找到的物品：劳力土潜水金表	Hand over the found in raid item: Roler Submariner gold wrist watch	2	0
regular	5b47891f86f7744d1b23c571	5b47891f86f7744d1b23c571_62a70058ec21e50cad3b6709	giveItem	上交战局中找到的物品：金蛋	Hand over the found in raid item: Golden egg	2	0
regular	5b47891f86f7744d1b23c571	5b47891f86f7744d1b23c571_6a576acbc13842ba359b767f	giveItem	上交战局中找到的物品：金公鸡	Hand over the found in raid item: Golden rooster figurine	2	0
regular	5b478b1886f7744d1b23c57d	5b478b1886f7744d1b23c57d_5b478c4c86f7744d1a393fac	plantItem	在立交桥的指定位置藏匿 ComTac II 耳机	Stash a ComTac II headset in the specified place on Interchange	1	0
regular	5b478b1886f7744d1b23c57d	5b478b1886f7744d1b23c57d_5b478c7386f7744d1a393fb1	plantItem	在立交桥的指定位置藏匿 6B47 头盔（橄榄绿）	Stash a 6B47 helmet (Olive Drab) in the specified place on Interchange	1	0
regular	5b478b1886f7744d1b23c57d	5b478b1886f7744d1b23c57d_5b478cb586f7744d1a393fb5	plantItem	在立交桥的指定位置藏匿 Gzhel-K 护甲	Stash a Gzhel-K body armor in the specified place on Interchange	1	0
regular	5b478d0f86f7744d190d91b5	5b478d0f86f7744d190d91b5_5b478d8986f774563c7a4809	mark	在立交桥找到第一辆黄色微型客车，并使用MS2000指示器标记	Locate and mark the first yellow minibus with an MS2000 Marker on Interchange	1	0
regular	5b478d0f86f7744d190d91b5	5b478d0f86f7744d190d91b5_5b478daf86f7744d1c35339b	mark	在立交桥找到第二辆黄色微型客车，并使用MS2000指示器标记	Locate and mark the second yellow minibus with an MS2000 Marker on Interchange	1	0
regular	5b478d0f86f7744d190d91b5	5b478d0f86f7744d190d91b5_5b478dca86f7744d190d91c2	mark	在立交桥找到第三辆黄色微型客车，并使用MS2000指示器标记	Locate and mark the third yellow minibus with an MS2000 Marker on Interchange	1	0
regular	5b478eca86f7744642012254	5b478eca86f7744642012254_5b478f6886f774464201225a	findQuestItem	在工厂找到并获取化学品容器	Locate and obtain the chemical container on Factory	1	0
regular	5b478eca86f7744642012254	5b478eca86f7744642012254_5b478f8886f7744d1b23c622	giveQuestItem	上交容器	Hand over the container	1	0
regular	5b478eca86f7744642012254	5b478eca86f7744642012254_6a5a98a3540d8d824a49d5bd	giveItem	上交物品	Hand over the items	4	0
regular	5b478eca86f7744642012254	5b478eca86f7744642012254_6a5a98b4ef24027a7f3438be	giveItem	上交物品	Hand over the items	3	0
regular	5b478eca86f7744642012254	5b478eca86f7744642012254_6a5a995494755c6ceb832cb0	findItem	在战局中找到物品：呼吸面罩	Find the item in raid: Respirator	4	0
regular	5b478eca86f7744642012254	5b478eca86f7744642012254_6a5a996dff83204d8658461e	findItem	在战局中找到物品：医用输血工具	Find the item in raid: Medical bloodset	3	0
regular	5b478ff486f7744d184ecbbf	5b478ff486f7744d184ecbbf_5b47905886f7746807461fe2	giveItem	上交物品	Hand over the items	4	0
regular	5b478ff486f7744d184ecbbf	5b478ff486f7744d184ecbbf_5b4790a886f774563c7a489f	giveItem	上交物品	Hand over the items	3	0
regular	5b478ff486f7744d184ecbbf	5b478ff486f7744d184ecbbf_5cb5ffd986f7746ef55de2c7	findItem	在战局中找到物品：呼吸面罩	Find the item in raid: Respirator	4	0
regular	5b478ff486f7744d184ecbbf	5b478ff486f7744d184ecbbf_5ec1388d83b69d213d3c2ee0	findItem	在战局中找到物品：医用输血工具	Find the item in raid Medical bloodset	3	0
regular	5b478ff486f7744d184ecbbf	5b478ff486f7744d184ecbbf_6a5ab1920a2a6d86771ee14a	findQuestItem	在海关找到并获取化学品容器	Locate and obtain the chemical vial on Customs	1	0
regular	5b478ff486f7744d184ecbbf	5b478ff486f7744d184ecbbf_6a5ab19ed7c5bd68ea2803b6	giveQuestItem	上交化学品容器	Hand over the vial	1	0
regular	5b47926a86f7747ccc057c15	5b47926a86f7747ccc057c15_5b47932586f7747cc908b5dd	plantItem	在森林安装无线摄像头以监视伐木场码头	Install a WI-FI Camera to watch the sawmill dock on Woods	1	0
regular	5b47926a86f7747ccc057c15	5b47926a86f7747ccc057c15_5b47938086f7747ccc057c22	plantItem	在立交桥安装无线摄像头以监视Kiba武器商店大门	Install a WI-FI Camera to watch the Kiba Arms store entrance on Interchange	1	0
regular	5b4794cb86f774598100d5d4	5b4794cb86f774598100d5d4_5b47958e86f774598100d5e2	findQuestItem	在森林找到并获取第一个单轴光纤陀螺仪	Locate and obtain the single-axis fiber optic gyroscope on Woods	1	0
regular	5b4794cb86f774598100d5d4	5b4794cb86f774598100d5d4_5b4795a586f774587a39506d	giveQuestItem	上交找到的物品	Hand over the found item	1	0
regular	5b4794cb86f774598100d5d4	5b4794cb86f774598100d5d4_66d078aadf338e6c13578080	findQuestItem	在森林找到并获取第一个电机控制器	Locate and obtain the motor controller on Woods	1	0
regular	5b4794cb86f774598100d5d4	5b4794cb86f774598100d5d4_66d07de6c7ef9040fff0b789	giveQuestItem	上交找到的物品	Hand over the found item	1	0
regular	5b4795fb86f7745876267770	5b4795fb86f7745876267770_5b4796c086f7745877352c2c	plantItem	在海关将金项链藏到宿舍楼三楼的微波炉里	Stash Golden neck chains in the microwave on the 3rd floor of the dorm on Customs	3	0
regular	5b4795fb86f7745876267770	5b4795fb86f7745876267770_5b47971086f774587877ad34	plantItem	在森林将金项链藏到伐木场宿舍区的中间小屋内	Stash Golden neck chains in the middle wooden cabin at the sawmill on Woods	3	0
regular	5bc4776586f774512d07cf05	5bc4776586f774512d07cf05_5bc850d186f7747213700892	shoot	使用栓动式步枪在 40 米开外通过机械瞄具击杀 Scav	Eliminate Scavs from over 40 meters away with a bolt-action rifle with iron sights	5	0
regular	5bc479e586f7747f376c7da3	5bc479e586f7747f376c7da3_5bd983d886f7747ba73fc246	shoot	使用栓动式步枪在 40 米开外命中任意目标的腿部	Shoot any target in the legs from over 40 meters away with a bolt-action rifle	3	0
regular	5bc479e586f7747f376c7da3	5bc479e586f7747f376c7da3_5bd9944f86f774035c4877f3	shoot	使用栓动式步枪在 40 米开外命中任意目标的头部	Shoot any target in the head from over 40 meters away with a bolt-action rifle	2	0
regular	5bc47dbf86f7741ee74e93b9	5bc47dbf86f7741ee74e93b9_5bc47e3e86f7741e6b2f3332	shoot	使用栓动式步枪在 25 米以内消灭 PMC 行动人员	Eliminate PMC operatives from less than 25 meters away with a bolt-action rifle	3	0
regular	5bc480a686f7741af0342e29	5bc480a686f7741af0342e29_657b0567ec71635f16471dd2	shoot	使用栓动式步枪消灭任意敌对目标	Eliminate any target with a bolt-action rifle	15	0
regular	5bc4826c86f774106d22d88b	5bc4826c86f774106d22d88b_5bc84f7a86f774294c2f6862	shoot	21:00-05:00 期间在海关使用栓动式步枪消灭 Scav	Eliminate Scavs while using a bolt-action rifle in the time period of 21:00-05:00 on Customs	8	0
regular	5bc4836986f7740c0152911c	5bc4836986f7740c0152911c_5bc483ba86f77415034ba8d0	shoot	使用栓动式步枪消灭狙击 Scav	Eliminate Sniper Scavs with a bolt-action rifle	5	0
regular	5bc4856986f77454c317bea7	5bc4856986f77454c317bea7_5bc485b586f774726473a858	shoot	使用消音栓动式步枪消灭 PMC 行动人员	Eliminate PMC operatives with a suppressed bolt-action rifle	5	0
regular	5bc4893c86f774626f5ebf3e	5bc4893c86f774626f5ebf3e_5bc48aed86f77452c947ce67	shoot	使用栓动式步枪一命消灭 PMC 行动人员	Eliminate PMC operatives with a bolt-action rifle without dying	5	0
regular	5c0bbaa886f7746941031d82	5c0bbaa886f7746941031d82_5c0bc32986f7743e4d1002d2	plantItem	将 AXMC 狙击步枪藏匿在灯塔度假村网球场的垃圾堆内	Stash an AXMC sniper rifle in the trash bags at the chalet tennis court on Lighthouse	1	0
regular	5c0bbaa886f7746941031d82	5c0bbaa886f7746941031d82_5c0bc43e86f7744794440ba5	plantItem	将劳力土潜水金腕表藏匿在灯塔度假村网球场的垃圾堆内	Stash a Roler Submariner gold wrist watch in the trash bags at the chalet tennis court on Lighthouse	1	0
regular	5c0bbaa886f7746941031d82	5c0bbaa886f7746941031d82_5c12320586f77437e44bcb15	plantItem	将军用闪存装置藏匿在灯塔度假村网球场的垃圾堆内	Stash a Military flash drive in the trash bags at the chalet tennis court on Lighthouse	1	0
regular	5c0bbaa886f7746941031d82	5c0bbaa886f7746941031d82_6a82cd4e1b6419afe449763a	globalVariable	You must not kill Rogues or The Goons on Lighthouse while the task is active	You must not kill Rogues or The Goons on Lighthouse while the task is active	1	1
regular	5c0bbaa886f7746941031d82	5c0bbaa886f7746941031d82_6a8467953e97ee5e84f9d7fe	globalVariable	You must not kill Rogues or The Goons on Lighthouse while the task is active	You must not kill Rogues or The Goons on Lighthouse while the task is active	1	1
regular	5c0bbaa886f7746941031d82	5c0bbaa886f7746941031d82_6a8467a29862ad5aa577d78a	globalVariable	You must not kill Rogues or The Goons on Lighthouse while the task is active	You must not kill Rogues or The Goons on Lighthouse while the task is active	1	1
regular	5c0bc91486f7746ab41857a2	5c0bc91486f7746ab41857a2_5c0bc95086f7746e784f39ec	shoot	在储备站、灯塔、中心区或实验室使用消音 12 铅径霰弹枪消灭任意敌对目标	Eliminate any target with a suppressed 12ga shotgun on Reserve, Lighthouse, Ground Zero, or The Lab	30	0
regular	5c0bd01e86f7747cdd799e56	5c0bd01e86f7747cdd799e56_5c1242fa86f7742aa04fed52	shoot	21:00-06:00 期间在塔科夫街区、灯塔、储备站、中心区或海岸线消灭任意敌对目标	Eliminate any target during 21:00-06:00 on Streets or Tarkov, Lighthouse, Reserve, Ground Zero, or Shoreline	40	0
regular	5c0bd94186f7747a727f09b2	5c0bd94186f7747a727f09b2_5c1b765d86f77413193fa4f2	shoot	在灯塔或储备站使用装有 Hybrid 46 消音器和 PM II 1-8x24 瞄准镜的 SR-25 消灭 PMC	Eliminate PMCs with SR-25 with Hybrid 46 suppressor and S&B PM II 1-8x24 scope on Lighthouse or Reserve	6	0
regular	5c0bdb5286f774166e38eed4	5c0bdb5286f774166e38eed4_5c0bdbb586f774166e38eed5	skill	达到指定的抗压技能等级	Reach the required Stress Resistance skill level	0	0
regular	5c0bde0986f77479cf22c2f8	5c0bde0986f77479cf22c2f8_5c137f5286f7747ae267d8a3	shoot	在海关或灯塔使用栓动式步枪爆头击杀 PMC 行动人员	Eliminate PMC operatives with a bolt-action rifle headshot on Customs or Lighthouse	5	0
regular	5c0bde0986f77479cf22c2f8	5c0bde0986f77479cf22c2f8_629f10b114061f3074380298	shoot	在塔科夫街区或海岸线使用栓动式步枪爆头击杀 PMC 行动人员	Eliminate PMC operatives with a bolt-action rifle headshot on Streets of Tarkov or Shoreline	5	0
regular	5c0bde0986f77479cf22c2f8	5c0bde0986f77479cf22c2f8_63aec6f256503c322a190374	shoot	在立交桥或中心区使用栓动式步枪爆头击杀 PMC 行动人员	Eliminate PMC operatives with a bolt-action rifle headshot on Interchange or Ground Zero	5	0
regular	5c0bde0986f77479cf22c2f8	5c0bde0986f77479cf22c2f8_64b694c8a857ea477002a408	shoot	在森林或储备站使用栓动式步枪爆头击杀 PMC 行动人员	Eliminate PMC operatives with a bolt-action rifle headshot on Woods or Reserve	5	0
regular	5c0be13186f7746f016734aa	5c0be13186f7746f016734aa_64b67c6358b5637e2d71a655	shoot	使用栓动式步枪一命消灭任意敌对目标	Eliminate any target with a bolt-action rifle without dying	15	0
regular	5c0be5fc86f774467a116593	5c0be5fc86f774467a116593_5c0be66c86f7744523489ab2	giveItem	上交检眼镜	Hand over the Ophthalmoscope	1	0
regular	5c0be5fc86f774467a116593	5c0be5fc86f774467a116593_5c0be69086f7743c9c1ecf43	giveItem	上交LEDX皮肤透照仪	Hand over the LEDX Skin Transilluminator	1	0
regular	5c0be5fc86f774467a116593	5c0be5fc86f774467a116593_5fd892bc37b6e511a4734969	findItem	在战局中找到检眼镜	Find an Ophthalmoscope in raid	1	0
regular	5c0be5fc86f774467a116593	5c0be5fc86f774467a116593_5fd8935b7dd32f724e0fe7ee	findItem	在战局中找到LEDX皮肤透照仪	Find a LEDX Skin Transilluminator in raid	1	0
regular	5c0d0d5086f774363760aef2	5c0d0d5086f774363760aef2_5c0d0dfd86f7747f482a89a5	skill	达到指定的健康技能等级	Reach the required Health skill level	0	0
regular	5c0d0f1886f77457b8210226	5c0d0f1886f77457b8210226_6a64ac7ac5943cb1fead70c9	plantItem	将 Virtex 可编程处理器藏匿在灯塔简易实验室内	Stash a Virtex programmable processor inside the makeshift lab on Lighthouse	1	0
regular	5c0d0f1886f77457b8210226	5c0d0f1886f77457b8210226_6a64ac8f1865f0af52cee545	plantItem	将军用 COFDM 无线信号发射器藏匿在灯塔简易实验室内	Stash a Military COFDM Wireless Signal Transmitter inside the makeshift lab on Lighthouse	1	0
regular	5c0d190cd09282029f5390d8	5c0d190cd09282029f5390d8_5c1b760686f77412780211a3	shoot	使用手榴弹或者榴弹发射器消灭任意目标	Eliminate any target with hand grenades or grenade launchers	5	0
regular	5c0d1c4cd0928202a02a6f5c	5c0d1c4cd0928202a02a6f5c_5c1b778286f774294438b536	shoot	在实验室穿戴防毒面具或呼吸面罩，在 60 米内消灭任意敌对目标	Eliminate any target from less than 60 meters away while wearing a gas mask or respirator in The Lab	40	0
regular	5c0d4c12d09282029f539173	5c0d4c12d09282029f539173_5c1b713486f77413bc250406	shoot	在海关或灯塔穿戴 UN 制式装备（UN头盔与防弹背心）使用 5.56x45 口径 UN 武器消灭 Scav	Eliminate Scavs while using UNTAR helmet and armor, and 5.56x45 UN weapons on Customs or Lighthouse	12	0
regular	5c0d4c12d09282029f539173	5c0d4c12d09282029f539173_5c1b713f86f774719c22e8a0	shoot	在海岸线或塔科夫街区穿戴 UN 制式装备（UN头盔与防弹背心）使用 5.56x45 口径 UN 武器消灭 Scav	Eliminate Scavs while using UNTAR helmet and armor, and 5.56x45 UN weapons on Shoreline or Streets of Tarkov	12	0
regular	5c0d4c12d09282029f539173	5c0d4c12d09282029f539173_5c1fd66286f7743c7b261f7b	shoot	在森林或储备站穿戴 UN 制式装备（UN头盔与防弹背心）使用 5.56x45 口径 UN 武器消灭 Scav	Eliminate Scavs while using UNTAR helmet and armor, and 5.56x45 UN weapons on Woods or Reserve	12	0
regular	5c0d4c12d09282029f539173	5c0d4c12d09282029f539173_65e08aa9f5879b2586d5fd4c	shoot	在中心区或立交桥穿戴 UN 制式装备（UN头盔与防弹背心）使用 5.56x45 口径 UN 武器消灭 Scav	Eliminate Scavs while using UNTAR helmet and armor, and 5.56x45 UN weapons on Ground Zero or Interchange	12	0
regular	5c0d4e61d09282029f53920e	5c0d4e61d09282029f53920e_5c0e6876d09282029e2fffe0	extract	以“幸存”状态撤离森林或立交桥	Survive and extract from Woods or Interchange with the "Survived" exit status	1	0
regular	5c0d4e61d09282029f53920e	5c0d4e61d09282029f53920e_5c13982286f774365a69cc4d	extract	以“幸存”状态撤离海岸线或储备站	Survive and extract from Shoreline or Reserve with the "Survived" exit status	1	0
regular	5c0d4e61d09282029f53920e	5c0d4e61d09282029f53920e_5c13989886f7747878361a50	extract	以“幸存”状态撤离工厂或海关	Survive and extract from Factory or Customs with the "Survived" exit status	1	0
regular	5c0d4e61d09282029f53920e	5c0d4e61d09282029f53920e_5c1931e686f7747ce71bcbea	extract	以“幸存”状态撤离实验室或灯塔	Survive and extract from The Lab or Lighthouse with the "Survived" exit status	1	0
regular	5c0d4e61d09282029f53920e	5c0d4e61d09282029f53920e_65e08b7a2f82d184fcf9ef61	extract	以“幸存”状态撤离中心区或塔科夫街区	Survive and extract from Ground Zero or Streets of Tarkov with the "Survived" exit status	1	0
regular	5c0d4e61d09282029f53920e	5c0d4e61d09282029f53920e_6a5cdc97790159682d2bc19e	shoot	消灭任意敌对目标	Eliminate any target	15	0
regular	5c10f94386f774227172c572	5c10f94386f774227172c572_5c10f94386f774227172c574	mark	在森林找到第一个燃料堆，并使用MS2000指示器标记	Locate and mark the first fuel stash with an MS2000 Marker on Woods	1	0
regular	5c10f94386f774227172c572	5c10f94386f774227172c572_5c10f94386f774227172c575	mark	在森林找到第二个燃料堆，并使用MS2000指示器标记	Locate and mark the second fuel stash with an MS2000 Marker on Woods	1	0
regular	5c10f94386f774227172c572	5c10f94386f774227172c572_5c10f94386f774227172c576	mark	在森林找到第三个燃料堆，并使用MS2000指示器标记	Locate and mark the third fuel stash with an MS2000 Marker on Woods	1	0
regular	5c1128e386f7746565181106	5c1128e386f7746565181106_5c1129ed86f7746569440e88	giveItem	上交物品	Hand over the items	10	0
regular	5c1128e386f7746565181106	5c1128e386f7746565181106_5c112a1b86f774656777d1ae	giveItem	上交物品	Hand over the items	6	0
regular	5c1128e386f7746565181106	5c1128e386f7746565181106_5ca719ef86f7740a78020783	findItem	在战局中找到物品：电线	Find the item in raid: Bundle of wires	10	0
regular	5c1128e386f7746565181106	5c1128e386f7746565181106_5ca71a1e86f7740f5a5b88a2	findItem	在战局中找到物品：电容	Find the item in raid: Capacitors	6	0
regular	5c112d7e86f7740d6f647486	5c112d7e86f7740d6f647486_6a57553be11c6adb225f69b3	giveItem	上交战局中找到的物品：任意面部装备 (面罩 & 面具)	Hand over any found in raid items from the Facecovers category	15	0
regular	5c112d7e86f7740d6f647486	5c112d7e86f7740d6f647486_6a575543bb648e3e317d5bbf	giveItem	上交战局中找到的物品：任意头部装备 (头饰 & 头盔)	Hand over any found in raid items from the Headgear category	15	0
regular	5c112d7e86f7740d6f647486	5c112d7e86f7740d6f647486_6a57554a8715a99f675a8191	giveItem	上交战局中找到的物品：任意耳机	Hand over any found in raid items from the Headsets category	15	0
regular	5c112d7e86f7740d6f647486	5c112d7e86f7740d6f647486_6a5755579da173f9a707240f	giveItem	上交战局中找到的物品：任意眼部装备	Hand over any found in raid items from the Eyewear category	15	0
regular	5c112d7e86f7740d6f647486	5c112d7e86f7740d6f647486_6a575575a7263e4961397d13	giveItem	上交战局中找到的物品：任意型号的防弹衣	Hand over any found in raid items from the Body Armor category	15	0
regular	5c1141f386f77430ff393792	5c1141f386f77430ff393792_5c11427386f77430ff393793	giveItem	上交战局中找到的物品：古董茶壶	Hand over the found in raid item: Antique teapot	3	0
regular	5c1141f386f77430ff393792	5c1141f386f77430ff393792_5c122c5f86f77437e44bcb0e	giveItem	上交战局中找到的物品：古董花瓶	Hand over the found in raid item: Antique vase	3	0
regular	5c1141f386f77430ff393792	5c1141f386f77430ff393792_62a70094ec21e50cad3b670b	giveItem	上交战局中找到的物品：Axel鹦鹉雕像	Hand over the found in raid item: Axel parrot figurine	2	0
regular	5c1141f386f77430ff393792	5c1141f386f77430ff393792_62a700c2ec21e50cad3b670c	giveItem	上交战局中找到的物品：乌鸦雕像	Hand over the found in raid item: Raven figurine	2	0
regular	5c1141f386f77430ff393792	5c1141f386f77430ff393792_6a59e2a8a6c70ef1422952ee	giveItem	上交战局中找到的物品：黄金骷髅指环	Hand over the found in raid item: Gold skull ring	5	0
regular	5c1234c286f77406fa13baeb	5c1234c286f77406fa13baeb_5c1fa9c986f7740de474cb3d	shoot	在海关穿戴指定装备使用常见的 Scav 武器消灭 PMC	Eliminate PMC operatives with common Scav weapons while wearing the specified gear on Customs	8	0
regular	5c12452c86f7744b83469073	5c12452c86f7744b83469073_5c12470d86f77465ae27a8c0	traderLevel	Ragman信任度达到4级	Reach Loyalty Level 4 with Ragman	0	0
regular	5c12452c86f7744b83469073	5c12452c86f7744b83469073_5c1247f386f77452db1d2b03	traderLevel	Skier信任度达到4级	Reach Loyalty Level 4 with Skier	0	0
regular	5c12452c86f7744b83469073	5c12452c86f7744b83469073_5c12484586f7744b83469074	traderLevel	Mechanic信任度达到4级	Reach Loyalty Level 4 with Mechanic	0	0
regular	5c12452c86f7744b83469073	5c12452c86f7744b83469073_5c12487386f7742a60324299	traderLevel	Peacekeeper信任度达到4级	Reach Loyalty Level 4 with Peacekeeper	0	0
regular	5c12452c86f7744b83469073	5c12452c86f7744b83469073_5c12489886f77452db1d2b05	traderLevel	Prapor信任度达到4级	Reach Loyalty Level 4 with Prapor	0	0
regular	5c12452c86f7744b83469073	5c12452c86f7744b83469073_5c1248ef86f77428266184c2	traderLevel	Therapist信任度达到4级	Reach Loyalty Level 4 with Therapist	0	0
regular	5c12452c86f7744b83469073	5c12452c86f7744b83469073_65e08db1a97b2cd4e452432d	traderLevel	Jaeger信任度达到4级	Reach Loyalty Level 4 with Jaeger	0	0
regular	5c139eb686f7747878361a6f	5c139eb686f7747878361a6f_5c139eb686f7747878361a72	giveItem	上交物品	Hand over the item	1	0
regular	5c139eb686f7747878361a6f	5c139eb686f7747878361a6f_5c139eb686f7747878361a73	giveItem	上交物品	Hand over the item	1	0
regular	5c139eb686f7747878361a6f	5c139eb686f7747878361a6f_5ec14003e16f6c41ee73525f	findItem	上交战局内找到的物品：UHF RFID 固定式读取器	Find the item raid: UHF RFID Reader	1	0
regular	5c139eb686f7747878361a6f	5c139eb686f7747878361a6f_5ec14080c9ffe55cca300867	findItem	上交战局内找到的物品：VPX 闪存模块	Find the item raid: VPX Flash Storage Module	1	0
regular	5c51aac186f77432ea65c552	5c51aac186f77432ea65c552_5c51bed886f77478bb033461	giveItem	上交战局中找到的物品：破旧的古董书	Hand over the found in raid item: Battered antique book	1	0
regular	5c51aac186f77432ea65c552	5c51aac186f77432ea65c552_5c51bf8786f77416a11e5cb2	giveItem	上交战局中找到的物品：#FireKlean牌枪润滑油	Hand over the found in raid item: #FireKlean gun lube	1	0
regular	5c51aac186f77432ea65c552	5c51aac186f77432ea65c552_5c51bfb186f77478bd516d37	giveItem	上交战局中找到的物品：银徽章	Hand over the found in raid item: Silver Badge	1	0
regular	5c51aac186f77432ea65c552	5c51aac186f77432ea65c552_5c51bfc286f77478bc7ae1d9	giveItem	上交战局中找到的物品：Deadlyslob的胡须油	Hand over the found in raid item: Deadlyslob's beard oil	1	0
regular	5c51aac186f77432ea65c552	5c51aac186f77432ea65c552_5c51c03186f7740ada3f2c3d	giveItem	上交战局中找到的物品：金色1GPhone	Hand over the found in raid item: Golden 1GPhone smartphone	1	0
regular	5c51aac186f77432ea65c552	5c51aac186f77432ea65c552_5c51c24c86f77416a11e5cb7	giveItem	上交战局中找到的物品：假胡子	Hand over the found in raid item: Fake mustache	1	0
regular	5c51aac186f77432ea65c552	5c51aac186f77432ea65c552_5c52da5886f7747364267a14	giveItem	上交战局中找到的物品：古董斧头	Hand over the found in raid item: Antique axe	1	0
regular	5c51aac186f77432ea65c552	5c51aac186f77432ea65c552_5ec7998dc1683c0db84484e7	giveItem	上交战局中找到的物品：乌鸦雕像	Hand over the found in raid item: Raven figurine	1	0
regular	5c51aac186f77432ea65c552	5c51aac186f77432ea65c552_5ec79b3ced84ad5ddb58e24c	giveItem	上交战局中找到的物品：Pestily瘟疫面具	Hand over the found in raid item: Pestily plague mask	1	0
regular	5c51aac186f77432ea65c552	5c51aac186f77432ea65c552_5ec79c5ac1683c0db84484eb	giveItem	上交战局中找到的物品：Shroud半面巾	Hand over the found in raid item: Shroud half-mask	1	0
regular	5c51aac186f77432ea65c552	5c51aac186f77432ea65c552_5ec79fb273279f683254baaa	giveItem	上交战局中找到的物品：Dr. Lupo 的咖啡豆	Hand over the found in raid item: Can of Dr. Lupo's coffee beans	1	0
regular	5c51aac186f77432ea65c552	5c51aac186f77432ea65c552_5f75d4558f70ca7a1d684dac	giveItem	上交战局中找到的物品：42 Signature Blend英式茶	Hand over the found in raid item: 42 Signature Blend English Tea	1	0
regular	5c51aac186f77432ea65c552	5c51aac186f77432ea65c552_5f75d521edb90b73913272a3	giveItem	上交战局中找到的物品：Veritas吉他拨片	Hand over the found in raid item: Veritas guitar pick	1	0
regular	5c51aac186f77432ea65c552	5c51aac186f77432ea65c552_60d06e921bdece56c249cc0c	giveItem	上交战局中找到的物品：罐装六可乐	Hand over the found in raid item: Can of RatCola soda	1	0
regular	5c51aac186f77432ea65c552	5c51aac186f77432ea65c552_60d06f3420a6283a506aeb69	giveItem	上交战局中找到的物品：Loot Lord毛绒玩具	Hand over the found in raid item: Loot Lord plushie	1	0
regular	5c51aac186f77432ea65c552	5c51aac186f77432ea65c552_60d074211bdece56c249cc13	giveItem	上交WZ钱包	Hand over the found in raid item: WZ Wallet	1	0
regular	5c51aac186f77432ea65c552	5c51aac186f77432ea65c552_60d074ef401d874962160aee	giveItem	上交LVNDMARK的老鼠药	Hand over the found in raid item: LVNDMARK's rat poison	1	0
regular	5c51aac186f77432ea65c552	5c51aac186f77432ea65c552_60e827faf09904268a4dbc40	giveItem	上交战局中找到的物品：Smoke巴拉克拉瓦头套	Hand over the found in raid item: Smoke balaclava	1	0
regular	5c51aac186f77432ea65c552	5c51aac186f77432ea65c552_62a6ff004de19a4c3422ea5d	giveItem	上交战局中找到的物品：Missam叉车钥匙	Hand over the found in raid item: Missam forklift key	1	0
regular	5c51aac186f77432ea65c552	5c51aac186f77432ea65c552_62a6ff141c307729c3264f96	giveItem	上交战局中找到的物品：《天雷地火》录像带	Hand over the found in raid item: Video cassette with the Cyborg Killer movie	1	0
regular	5c51aac186f77432ea65c552	5c51aac186f77432ea65c552_62a6ff203e015d7ce1151d8a	giveItem	上交战局中找到的物品：BakeEzy烹饪书	Hand over the found in raid item: BakeEzy cook book	1	0
regular	5c51aac186f77432ea65c552	5c51aac186f77432ea65c552_62a6ff454de19a4c3422ea5e	giveItem	上交战局中找到的物品：JohnB Liquid DNB墨镜	Hand over the found in raid item: JohnB Liquid DNB glasses	1	0
regular	5c51aac186f77432ea65c552	5c51aac186f77432ea65c552_62a6ff633e015d7ce1151d8b	giveItem	上交战局中找到的物品：Baddie的红胡子	Hand over the found in raid item: Baddie's red beard	1	0
regular	5c51aac186f77432ea65c552	5c51aac186f77432ea65c552_62a6ff6b3e015d7ce1151d8c	giveItem	上交战局中找到的物品：DRD防弹衣	Hand over the found in raid item: DRD body armor	1	0
regular	5c51aac186f77432ea65c552	5c51aac186f77432ea65c552_62a6ff7f1c307729c3264f97	giveItem	上交战局中找到的物品：Gingy钥匙串	Hand over the found in raid item: Gingy keychain	1	0
regular	5c51aac186f77432ea65c552	5c51aac186f77432ea65c552_62a6ff897230237f257cac2a	giveItem	上交战局中找到的物品：金蛋	Hand over the found in raid item: Golden egg	1	0
regular	5c51aac186f77432ea65c552	5c51aac186f77432ea65c552_62a6ffaa7230237f257cac2c	giveItem	上交战局中找到的物品：记者证（签发给NoiceGuy）	Hand over the found in raid item: Press pass (issued for NoiceGuy)	1	0
regular	5c51aac186f77432ea65c552	5c51aac186f77432ea65c552_62a6ffb4a9a0ea77981b57d5	giveItem	上交战局中找到的物品：Axel鹦鹉雕像	Hand over the found in raid item: Axel parrot figurine	1	0
regular	5c51aac186f77432ea65c552	5c51aac186f77432ea65c552_62a6ffbcec21e50cad3b6708	giveItem	上交战局中找到的物品：BEAR Buddy毛绒玩具	Hand over the found in raid item: BEAR Buddy plush toy	1	0
regular	5c51aac186f77432ea65c552	5c51aac186f77432ea65c552_65b10c6a8511b7ef8694e060	giveItem	上交战局中找到的物品：Glorious E轻型防弹面具	Hand over the found in raid item: Glorious E lightweight armored mask	1	0
regular	5c51aac186f77432ea65c552	5c51aac186f77432ea65c552_66b4bcc0e6d7bc4faf7f817c	giveItem	上交战局中找到的物品：Inseq 燃气扳手	Hand over the found in raid item: Inseq gas pipe wrench	1	0
regular	5c51aac186f77432ea65c552	5c51aac186f77432ea65c552_66b4bcec0f6e68013a5f0bac	giveItem	上交战局中找到的物品：Viibiin 跑鞋	Hand over the found in raid item: Viibiin sneaker	1	0
regular	5c51aac186f77432ea65c552	5c51aac186f77432ea65c552_66b4bd0fe194ef246734689e	giveItem	上交战局中找到的物品：Tamatthi 苦无（仿制品）	Hand over the found in raid item: Tamatthi kunai knife replica	1	0
regular	5c51aac186f77432ea65c552	5c51aac186f77432ea65c552_693c3a908ad994118b846d63	giveItem	上交战局中找到的物品：Nut Sack 巴拉克拉瓦头套	Hand over the found in raid item: Nut Sack balaclava	1	0
regular	5c51aac186f77432ea65c552	5c51aac186f77432ea65c552_693c3a9fc17c9edbfc58325a	giveItem	上交战局中找到的物品：Mazoni 金色哑铃	Hand over the found in raid item: Mazoni golden dumbbell	1	0
regular	5c51aac186f77432ea65c552	5c51aac186f77432ea65c552_693c3aacf0cd3ec97007f2c1	giveItem	上交战局中找到的物品：Tigzresq 夹板	Hand over the found in raid item: Tigzresq splint	1	0
regular	5c51aac186f77432ea65c552	5c51aac186f77432ea65c552_693c3ab82b0477e3de2b2312	giveItem	上交战局中找到的物品：Domontovich 毛帽	Hand over the found in raid item: Domontovich ushanka hat	1	0
regular	5c51aac186f77432ea65c552	5c51aac186f77432ea65c552_6a084bc9ce9c4801ea14c706	giveItem	上交战局中找到的物品：Dunduk 软盘	Hand over the found in raid item: Dunduk floppy disk	1	0
regular	5c51aac186f77432ea65c552	5c51aac186f77432ea65c552_6a084c37c6b1ebf9df80c786	giveItem	上交战局中找到的物品：DesmondPilak CD 专辑	Hand over the found in raid item: DesmondPilak CD	1	0
regular	5c51aac186f77432ea65c552	5c51aac186f77432ea65c552_6a084c7cb25ea24598c24753	giveItem	上交战局中找到的物品：SheefGG 存钱罐	Hand over the found in raid item: SheefGG piggy bank	1	0
regular	5c51aac186f77432ea65c552	5c51aac186f77432ea65c552_6a68c0143bc6154298306d6d	giveItem	上交战局中找到的物品：GigaBeef 牛肉罐头	Hand over the found in raid item: Can of GigaBeef meat	1	0
regular	5c51aac186f77432ea65c552	5c51aac186f77432ea65c552_6a68c04e7ab222e7c1296c8e	giveItem	上交战局中找到的物品：LM KC-130 飞机模型	Hand over the found in raid item: LM KC-130 model aircraft	1	0
regular	5c51aac186f77432ea65c552	5c51aac186f77432ea65c552_6a68c051610fac58d50fd62c	giveItem	上交战局中找到的物品：法国面包房特产法棍	Hand over the found in raid item: French bakery baguette	1	0
regular	5c51aac186f77432ea65c552	5c51aac186f77432ea65c552_6a68c0540358801696d6c0e4	giveItem	上交战局中找到的物品：油墨香车瓶装水	Hand over the found in raid item: Bottle of YXMC water	1	0
regular	5d2495a886f77425cd51e403	5d2495a886f77425cd51e403_5d249a6e86f774791546e952	findQuestItem	取得Jaeger的加密留言	Obtain Jaeger's encrypted message	1	0
regular	5d2495a886f77425cd51e403	5d2495a886f77425cd51e403_5d249aa286f77475e8376399	giveQuestItem	上交留言	Hand over the message	1	0
regular	5d2495a886f77425cd51e403	5d2495a886f77425cd51e403_63ac18f4972364554162a25c	visit	在森林坠机处旁边找到 Jaeger 的营地	Find Jaeger's camp at the specified spot on Woods	0	0
regular	5d24b81486f77439c92d6ba8	5d24b81486f77439c92d6ba8_5d24ba7886f77439c92d6baa	giveItem	上交任意饮食	Hand over any items from the Food category	10	0
regular	5d25aed386f77442734d25d2	5d25aed386f77442734d25d2_5d25af3c86f77443ff46b9e7	shoot	不穿戴任何防弹衣或插板胸挂消灭 PMC 行动人员	Eliminate PMC operatives without wearing any body armor or plate carriers	5	0
regular	5d25b6be86f77444001e1b89	5d25b6be86f77444001e1b89_5d25beca86f77409dd5cdbb3	plantItem	在森林的ZB-016地堡里藏匿Iskra个人配给口粮	Stash an Iskra ration pack in the ZB-016 bunker on Woods	1	0
regular	5d25b6be86f77444001e1b89	5d25b6be86f77444001e1b89_5d25beeb86f77443fe45765f	plantItem	在森林的ZB-016地堡里藏匿瓶装水	Stash a Bottle of water (0.6L) in the ZB-016 bunker on Woods	1	0
regular	5d25b6be86f77444001e1b89	5d25b6be86f77444001e1b89_5d2deedc86f77459121c3118	plantItem	在森林的ZB-014地堡里藏匿Iskra个人配给口粮	Stash an Iskra ration pack in the ZB-014 bunker on Woods	1	0
regular	5d25b6be86f77444001e1b89	5d25b6be86f77444001e1b89_5d2defc586f774591510e6b9	plantItem	在森林的ZB-014地堡里藏匿瓶装水	Stash a Bottle of water (0.6L) in the ZB-014 bunker on Woods	1	0
regular	5d25bfd086f77442734d3007	5d25bfd086f77442734d3007_5d25c5a186f77443fe457661	experience	获得“脱水”状态，并维持状态生效 5 分钟时间（工厂除外）	Gain the Dehydration status effect and maintain it for 5 minutes (On any location excluding Factory)	1	0
regular	5d25bfd086f77442734d3007	5d25bfd086f77442734d3007_5d9f035086f7741cac4a9713	extract	以幸存状态撤离该区域	Survive and extract from the location	1	0
regular	5d25c81b86f77443e625dd71	5d25c81b86f77443e625dd71_5d25c8c986f77443e47ad47a	shoot	在疼痛状态下消灭 Scav	Eliminate Scavs while suffering from the Pain status effect	3	0
regular	5d25cf2686f77443e75488d4	5d25cf2686f77443e75488d4_5d25d09286f77444001e284c	shoot	在森林单局内不使用医疗物品的情况下击杀Scav	Eliminate Scavs in a single raid without using any medicine on Woods	3	0
regular	5d25d2c186f77443e35162e5	5d25d2c186f77443e35162e5_5d25d4e786f77442734d335d	shoot	在“颤栗”效果下爆头消灭 PMC 行动人员	Eliminate PMC operatives with headshots while suffering from the Tremor status effect	2	0
regular	5d25e29d86f7740a22516326	5d25e29d86f7740a22516326_5d25fd8386f77443fe457cae	shoot	不使用任何夜视仪或热成像瞄具，在 21:00-04:00 期间消灭 Scav （工厂除外）	Eliminate Scavs during 21:00-04:00 without using any NVGs or thermal sights (Excluding Factory)	6	0
regular	5d25e2a986f77409dd5cdf2a	5d25e2a986f77409dd5cdf2a_5d2605ef86f77469ef0f7622	skill	达到指定的活力技能等级	Reach the required Vitality skill level	0	0
regular	5d25e2b486f77409de05bba0	5d25e2b486f77409de05bba0_5d26143c86f77469ef0f894c	shoot	在工厂消灭 PMC 行动人员	Eliminate PMC operatives on Factory	6	0
regular	5d25e2c386f77443e7549029	5d25e2c386f77443e7549029_5d26fd8886f77469f0445745	shoot	找到并消灭 Reshala	Locate and neutralize Reshala	1	0
regular	5d25e2c386f77443e7549029	5d25e2c386f77443e7549029_5d2710e686f7742e9019a6b2	giveItem	上交战局中找到的物品：Reshala 的黄金 TT-33 手枪	Hand over the found in raid Reshala's Golden TT-33 pistol	1	0
regular	5d25e2cc86f77443e47ae019	5d25e2cc86f77443e47ae019_5d2701b586f77469f1599fe2	shoot	在塔科夫街区、储备站、灯塔或海岸线消灭 Scav	Eliminate Scavs on Streets of Tarkov, Reserve, Lighthouse, or Shoreline	50	0
regular	5d25e2d886f77442734d335e	5d25e2d886f77442734d335e_5d307fc886f77447f15f5b23	shoot	击杀被闪光弹致盲的PMC	Eliminate PMC operatives who are suffering from the Stun status effect	2	0
regular	5d25e2e286f77444001e2e48	5d25e2e286f77444001e2e48_5d2719b186f7740701348573	shoot	找到并消灭Killa	Locate and neutralize Killa	1	0
regular	5d25e2e286f77444001e2e48	5d25e2e286f77444001e2e48_5d271a3486f774483c7bdb12	giveItem	上交Killa的头盔	Hand over Killa's helmet	1	0
regular	5d25e2e286f77444001e2e48	5d25e2e286f77444001e2e48_5d667a8e86f774131e206b46	findItem	在战局中找到Killa的头盔	Find Killa's Maska-1SCh bulletproof helmet in raid	1	0
regular	5d25e2ee86f77443e35162ea	5d25e2ee86f77443e35162ea_5d27276886f7740701348578	shoot	找到并消灭Shturman	Locate and neutralize Shturman	1	0
regular	5d25e2ee86f77443e35162ea	5d25e2ee86f77443e35162ea_5d272a0b86f7745ba2701532	giveItem	上交Shturman的宝箱钥匙	Hand over Shturman's stash key	1	0
regular	5d25e2ee86f77443e35162ea	5d25e2ee86f77443e35162ea_5d2f464e498f71c8886f7656	findItem	搜索 Shturman 的尸体，找到他的储物箱钥匙	Search Shturman for his stash key	1	0
regular	5d25e43786f7740a212217fa	5d25e43786f7740a212217fa_5d272bd386f77446085fa4f9	shoot	消灭 Reshala 的保镖	Eliminate Reshala's guards	3	0
regular	5d25e43786f7740a212217fa	5d25e43786f7740a212217fa_6a43cea5c14049e0e90eba57	giveItem	上交 Reshala 保镖的防弹衣	Hand over one of Reshala's guards' armor vests	1	0
regular	5d25e44386f77409453bce7b	5d25e44386f77409453bce7b_5d2733c586f7741dea4f3072	shoot	在海关宿舍楼区域击杀PMC	Eliminate PMC operatives in the Dorms area on Customs	3	0
regular	5d25e44f86f77443e625e385	5d25e44f86f77443e625e385_5d27369586f774457411b264	shoot	找到并消灭Glukhar	Locate and neutralize Glukhar	1	0
regular	5d25e44f86f77443e625e385	5d25e44f86f77443e625e385_6a6a1ccf4bcac1a5fe2344f3	giveItem	上交在战局中找到的 Glukhar 保镖的头盔	Hand over the found in raid Glukhar's guards' helmets	2	0
regular	5d25e44f86f77443e625e385	5d25e44f86f77443e625e385_6a6a23d5aeb55e4783230255	findItem	搜索 Glukhar 保镖的尸体，搜集保镖佩戴的头盔（防护等级四级以上）	Search Glukhar's guards and collect their helmets of Class 4 or higher	2	1
regular	5d25e45e86f77408251c4bfa	5d25e45e86f77408251c4bfa_5d273a4d86f774457411b266	shoot	击杀掠夺者	Eliminate Raiders	6	0
regular	5d25e46e86f77409453bce7c	5d25e46e86f77409453bce7c_5d27446f86f77475a86565a3	giveItem	上交物品	Hand over the items	4	0
regular	5d25e46e86f77409453bce7c	5d25e46e86f77409453bce7c_5d7782c686f7742fa732bf07	giveItem	上交物品	Hand over the items	4	0
regular	5d25e46e86f77409453bce7c	5d25e46e86f77409453bce7c_5ec1504183b69d213d3c2ee8	findItem	在战局中找到任意创伤处理类医疗物品	Find the items from the Injury treatment category in raid	4	0
regular	5d25e46e86f77409453bce7c	5d25e46e86f77409453bce7c_5ec1538a92e95f77ac7a2529	findItem	在战局中找到任意医疗包	Find the items from the Medkits category in raid	4	0
regular	5d25e48186f77443e625e386	5d25e48186f77443e625e386_5d357b6c86f774588d4d7e25	visit	在海岸线的废弃村庄里找到村庄主席的房子	Locate the chairman's house in the abandoned village on Shoreline	0	0
regular	5d25e48186f77443e625e386	5d25e48186f77443e625e386_5d357b9586f7745b422d653f	visit	在海岸线的废弃村庄里找到渔夫的房子	Locate the fisherman's house in the abandoned village on Shoreline	0	0
regular	5d25e48186f77443e625e386	5d25e48186f77443e625e386_5d357bb786f774588d4d7e27	visit	在海岸线的废弃村庄里找到牧师的房子	Locate the priest's house in the abandoned village on Shoreline	0	0
regular	5d25e48186f77443e625e386	5d25e48186f77443e625e386_629f4f080f57046e362e6e9e	extract	以“幸存”状态撤离海岸线	Survive and extract from the location with the "Survived" exit status	1	0
regular	5d25e48d86f77408251c4bfb	5d25e48d86f77408251c4bfb_5d27491686f77475aa5cf5b9	giveItem	上交加密U盘	Hand over the Flash drives	3	0
regular	5d25e48d86f77408251c4bfb	5d25e48d86f77408251c4bfb_5d6949e786f774238a38d9e0	findItem	在战局中找到加密U盘	Find Secure Flash drives in raid	3	0
regular	5d25e4ad86f77443e625e387	5d25e4ad86f77443e625e387_5d27522686f774304e316405	giveQuestItem	上交相册	Hand over the photo album	1	0
regular	5d25e4ad86f77443e625e387	5d25e4ad86f77443e625e387_5d357e0e86f7745b3f307c56	visit	在疗养院找到Jaeger的海景房间	Locate Jaeger's Health Resort room with a view of the bay on Shoreline	0	0
regular	5d25e4ad86f77443e625e387	5d25e4ad86f77443e625e387_5d357e8786f7745b5e66a51a	findQuestItem	找到并获取 Jaeger 的相册	Locate and obtain Jaeger's photo album	1	0
regular	5d25e4b786f77408251c4bfc	5d25e4b786f77408251c4bfc_5d2f375186f7745916404955	findItem	在战局中找到物品：TerraGroup 实验室访问钥匙卡	Find the item in raid: TerraGroup Labs access keycard	2	0
regular	5d25e4b786f77408251c4bfc	5d25e4b786f77408251c4bfc_5d8a09d386f77410b4225d13	giveItem	上交物品	Hand over the items	2	0
regular	5d25e4ca86f77409dd5cdf2c	5d25e4ca86f77409dd5cdf2c_5fd8aa3206fb3a6b8154a2c3	shoot	使用装有指定瞄具的M700狙击步枪从40米开外爆头击杀Shturman	Locate and neutralize Shturman with a headshot from over 40 meters away while using an M700 sniper rifle with the specified scope	20	0
regular	5d25e4d586f77443e625e388	5d25e4d586f77443e625e388_5d8a05d086f77410b4225d10	visit	在储备站找到地下食品仓库	Locate the food warehouse on Reserve	0	0
regular	5d25e4d586f77443e625e388	5d25e4d586f77443e625e388_629f1259422dff20ff234b4d	extract	以幸存状态撤离该区域	Survive and extract from the location	1	0
regular	5d4bec3486f7743cac246665	5d4bec3486f7743cac246665_5d4bfe4b86f7744a9d4fe032	findItem	在战局中找到物品：6-STEN-140-M 军用电池	Find the item in raid: 6-STEN-140-M military battery	1	0
regular	5d4bec3486f7743cac246665	5d4bec3486f7743cac246665_5d4bfe7c86f7744a9c66b316	giveItem	上交物品	Hand over the item	1	0
regular	5d4bec3486f7743cac246665	5d4bec3486f7743cac246665_5d4c020a86f77449c463ced6	findItem	在战局中找到物品：OFZ 30x165 毫米炮弹	Find the item in raid: OFZ 30x165mm shell	3	0
regular	5d4bec3486f7743cac246665	5d4bec3486f7743cac246665_5d4c028c86f774389001e027	giveItem	上交物品	Hand over the items	3	0
regular	5d6fb2c086f77449da599c24	5d6fb2c086f77449da599c24_5d6fb8a886f77449db3db8b6	giveItem	上交卢布	Hand over RUB	400000	0
regular	5d6fbc2886f77449d825f9d3	5d6fbc2886f77449d825f9d3_5d6fbf0f86f77449d97f738e	giveItem	上交欧元	Hand over EUR	50000	0
regular	5e381b0286f77420e3417a74	5e381b0286f77420e3417a74_5e38261886f77429853af26c	findItem	在战局中找到物品：芳纶纤维布料	Find the item in raid: Aramid fabric	5	0
regular	5e381b0286f77420e3417a74	5e381b0286f77420e3417a74_5e382b6986f7741b72695045	findItem	在战局中找到物品：防撕布料	Find the item in raid: Ripstop fabric	10	0
regular	5e381b0286f77420e3417a74	5e381b0286f77420e3417a74_5e382d6386f77429a01f82fb	findItem	在战局中找到物品：尼龙绳索	Find the item in raid: Paracord	3	0
regular	5e381b0286f77420e3417a74	5e381b0286f77420e3417a74_5e382fef86f7741e53790d40	giveItem	上交布料	Hand over the fabrics	5	0
regular	5e381b0286f77420e3417a74	5e381b0286f77420e3417a74_5e38356d86f7742993306cac	giveItem	上交布料	Hand over the fabrics	10	0
regular	5e381b0286f77420e3417a74	5e381b0286f77420e3417a74_5e3835e886f77429910d4465	giveItem	上交物品	Hand over the items	3	0
regular	5e383a6386f77465910ce1f3	5e383a6386f77465910ce1f3_5e383a6386f77465910ce1f4	findItem	在战局中找到物品：芳纶纤维布料	Find the item in raid: Aramid fabric	5	0
regular	5e383a6386f77465910ce1f3	5e383a6386f77465910ce1f3_5e383a6386f77465910ce1f5	giveItem	上交布料	Hand over the fabrics	5	0
regular	5e383a6386f77465910ce1f3	5e383a6386f77465910ce1f3_5e383a6386f77465910ce1f6	findItem	在战局中找到物品：防撕布料	Find the item in raid: Ripstop fabric	10	0
regular	5e383a6386f77465910ce1f3	5e383a6386f77465910ce1f3_5e383a6386f77465910ce1f7	giveItem	上交布料	Hand over the fabrics	10	0
regular	5e383a6386f77465910ce1f3	5e383a6386f77465910ce1f3_5e383a6386f77465910ce1f8	findItem	在战局中找到物品：尼龙绳索	Find the item in raid: Paracord	3	0
regular	5e383a6386f77465910ce1f3	5e383a6386f77465910ce1f3_5e383a6386f77465910ce1f9	giveItem	上交物品	Hand over the items	3	0
regular	5e4d4ac186f774264f758336	5e4d4ac186f774264f758336_5e4d4ac186f774264f758337	findItem	在战局中找到物品：绒布布料	Find the item in raid: Fleece fabric	10	0
regular	5e4d4ac186f774264f758336	5e4d4ac186f774264f758336_5e4d4ac186f774264f758338	giveItem	上交绒布布料	Hand over the fabrics	10	0
regular	5e4d4ac186f774264f758336	5e4d4ac186f774264f758336_5e4d4ac186f774264f758339	findItem	在战局中找到物品：Cordura 聚酰胺面料	Find the item in raid: Cordura polyamide fabric	10	0
regular	5e4d4ac186f774264f758336	5e4d4ac186f774264f758336_5e4d4ac186f774264f75833a	giveItem	上交面料	Hand over the fabrics	10	0
regular	5e4d4ac186f774264f758336	5e4d4ac186f774264f758336_5e4d4ac186f774264f75833b	findItem	在战局中找到物品：KEKTAPE 管道胶带	Find the item in raid: KEKTAPE duct tape	5	0
regular	5e4d4ac186f774264f758336	5e4d4ac186f774264f758336_5e4d4ac186f774264f75833c	giveItem	上交物品	Hand over the items	5	0
regular	5e4d515e86f77438b2195244	5e4d515e86f77438b2195244_5e4d515e86f77438b2195245	findItem	在战局中找到物品：绒布布料	Find the item in raid: Fleece fabric	10	0
regular	5e4d515e86f77438b2195244	5e4d515e86f77438b2195244_5e4d515e86f77438b2195246	giveItem	上交布料	Hand over the fabrics	10	0
regular	5e4d515e86f77438b2195244	5e4d515e86f77438b2195244_5e4d515e86f77438b2195247	findItem	在战局中找到物品：Cordura 聚酰胺面料	Find the item in raid: Cordura polyamide fabric	10	0
regular	5e4d515e86f77438b2195244	5e4d515e86f77438b2195244_5e4d515e86f77438b2195248	giveItem	上交面料	Hand over the fabrics	10	0
regular	5e4d515e86f77438b2195244	5e4d515e86f77438b2195244_5e4d515e86f77438b2195249	findItem	在战局中找到物品：KEKTAPE 管道胶带	Find the item in raid: KEKTAPE duct tape	5	0
regular	5e4d515e86f77438b2195244	5e4d515e86f77438b2195244_5e4d515e86f77438b219524a	giveItem	上交物品	Hand over the items	5	0
regular	5eaaaa7c93afa0558f3b5a1c	5eaaaa7c93afa0558f3b5a1c_5eaaaa7c93afa0558f3b5a1f	shoot	在任意兴奋剂效果影响下，在森林消灭 Scav	Eliminate Scavs while under any stimulant status effect on Woods	15	0
regular	5eda19f0edce541157209cee	5eda19f0edce541157209cee_5eda1d6ec586607c09662d54	mark	在海岸线找到第一处交易现场，并使用MS2000指示器标记	Locate and mark the first trading post with an MS2000 Marker on Shoreline	1	0
regular	5eda19f0edce541157209cee	5eda19f0edce541157209cee_5eda1da9a58a4c49c74165ee	mark	在海岸线找到第二处交易现场，并使用MS2000指示器标记	Locate and mark the second trading post with an MS2000 Marker on Shoreline	1	0
regular	5eda19f0edce541157209cee	5eda19f0edce541157209cee_5eda1dd3317f6066993c1744	mark	在海岸线找到第三处交易现场，并使用MS2000指示器标记	Locate and mark the third trading post with an MS2000 Marker on Shoreline	1	0
regular	5edab4b1218d181e29451435	5edab4b1218d181e29451435_5edab5a6cecc0069284c0ec2	shoot	找到并消灭Sanitar	Locate and neutralize Sanitar	1	0
regular	5edab4b1218d181e29451435	5edab4b1218d181e29451435_6a5ffd702c6091f279537d66	giveItem	上交在战局中找到的 Sanitar 背包	Hand over the found in raid Sanitar's bag	1	0
regular	5edab736cc183c769d778bc2	5edab736cc183c769d778bc2_5edab7d3cc183c769d778bc5	visit	找到被派往海岸线疗养院的小组	Locate the group that was sent to the Health Resort on Shoreline	0	0
regular	5edab736cc183c769d778bc2	5edab736cc183c769d778bc2_5edab8890880da21347b3826	visit	找到被派往海岸线码头的小组	Locate the group that was sent to the pier on Shoreline	0	0
regular	5edab736cc183c769d778bc2	5edab736cc183c769d778bc2_5edab8e216d985118871ba18	visit	找到被派往海岸线别墅的小组	Locate the group that was sent to the cottages on Shoreline	0	0
regular	5edab736cc183c769d778bc2	5edab736cc183c769d778bc2_5f03969a51823847c253afa0	extract	以幸存状态撤离该区域	Survive and extract from the location	1	0
regular	5edaba7c0c502106f869bc02	5edaba7c0c502106f869bc02_5edabb0b0c502106f869bc03	findQuestItem	在海岸线找到并获取 Sanitar 的手术包	Locate and obtain Sanitar's surgery kit on Shoreline	1	0
regular	5edaba7c0c502106f869bc02	5edaba7c0c502106f869bc02_5edabb950c502106f869bc04	giveQuestItem	上交物品	Hand over the item	1	0
regular	5edaba7c0c502106f869bc02	5edaba7c0c502106f869bc02_5edabbff0880da21347b382b	findQuestItem	在海岸线别墅区找到并获取 Sanitar 的检眼镜	Locate and obtain Sanitar's ophthalmoscope on Shoreline	1	0
regular	5edaba7c0c502106f869bc02	5edaba7c0c502106f869bc02_5edabc2ca0055865214cb5a6	giveQuestItem	上交物品	Hand over the item	1	0
regular	5edabd13218d181e29451442	5edabd13218d181e29451442_5f071a9727cec53d5d24fe3b	plantItem	将MS200指示器放在海岸线疗养院的医疗物资箱上	Mark the medical container at the Health Resort with an MS2000 Marker on Shoreline	1	0
regular	5edabd13218d181e29451442	5edabd13218d181e29451442_5f071ae396d1ae55e476abc4	plantItem	将MS200指示器放在海岸线别墅的医疗物资箱上	Mark the medical container by cottages with an MS2000 Marker on Shoreline	1	0
regular	5edabd13218d181e29451442	5edabd13218d181e29451442_5f071b2a8ca6db7f3b41215f	plantItem	将MS200指示器放在海岸线码头的医疗物资箱上	Mark the medical container at the river pier with an MS2000 Marker on Shoreline	1	0
regular	5edac020218d181e29451446	5edac020218d181e29451446_5edac0e02ddc9e4c802cd969	findItem	在战局中找到物品：M.U.L.E. 兴奋剂注射器	Find the item in raid: M.U.L.E. stimulant injector	1	0
regular	5edac020218d181e29451446	5edac020218d181e29451446_5edac1040880da21347b3845	giveItem	上交注射器	Hand over the injector	1	0
regular	5edac020218d181e29451446	5edac020218d181e29451446_5edac13760bdcc7ff355811f	findItem	在战局中找到物品："Obdolbos"鸡尾酒兴奋剂注射器	Find the item in raid: "Obdolbos" cocktail injector	1	0
regular	5edac020218d181e29451446	5edac020218d181e29451446_5edac1530880da21347b3846	giveItem	上交“Obdolbos”鸡尾酒兴奋剂注射器	Hand over the injector	1	0
regular	5edac020218d181e29451446	5edac020218d181e29451446_5edac190cecc0069284c0ed2	findItem	在战局中找到物品：米屈肼兴奋剂注射器	Find the item in raid: Meldonin stimulant injector	1	0
regular	5edac020218d181e29451446	5edac020218d181e29451446_5edac1b2930f5454f51dcac4	giveItem	上交注射器	Hand over the injector	1	0
regular	5edac020218d181e29451446	5edac020218d181e29451446_5edac1e116d985118871ba24	findItem	在战局中找到物品：AHF1-M 兴奋剂注射器	Find the item in raid: AHF1-M stimulant injector	1	0
regular	5edac020218d181e29451446	5edac020218d181e29451446_5edac1fccc183c769d778bd3	giveItem	上交注射器	Hand over the injector	1	0
regular	5edac020218d181e29451446	5edac020218d181e29451446_5edac22860bdcc7ff3558124	findItem	在战局中找到物品：P22 兴奋剂注射器	Find the item in raid: P22 stimulant injector	1	0
regular	5edac020218d181e29451446	5edac020218d181e29451446_5edac2582ddc9e4c802cd970	giveItem	上交注射器	Hand over the injector	1	0
regular	5edac020218d181e29451446	5edac020218d181e29451446_5edac2897869412e9c669c32	findItem	在战局中找到物品：L1（去甲肾上腺素）兴奋剂注射器	Find the item in raid: L1 (Norepinephrine) stimulant injector	1	0
regular	5edac020218d181e29451446	5edac020218d181e29451446_5edac2a260bdcc7ff3558127	giveItem	上交注射器	Hand over the injector	1	0
regular	5edac020218d181e29451446	5edac020218d181e29451446_5edac2cc16d985118871ba29	findItem	在战局中找到物品：3-(b-TG) 兴奋剂注射器	Find the item in raid: 3-(b-TG) stimulant injector	1	0
regular	5edac020218d181e29451446	5edac020218d181e29451446_5edac2e10bb72a50635c2bf9	giveItem	上交注射器	Hand over the injector	1	0
regular	5edac34d0bb72a50635c2bfa	5edac34d0bb72a50635c2bfa_5f046f9825b2ad51bd275800	taskStatus	不要杀死Sanitar	Do not kill Sanitar	0	0
regular	5edac34d0bb72a50635c2bfa	5edac34d0bb72a50635c2bfa_5f04935cde3b9e0ecf03d864	giveItem	上交钥匙卡	Hand over the keycards	10	0
regular	5edac34d0bb72a50635c2bfa	5edac34d0bb72a50635c2bfa_5f0495458654d20be3564f4c	giveItem	上交注射器	Hand over the injector	1	0
regular	5edac34d0bb72a50635c2bfa	5edac34d0bb72a50635c2bfa_5f0495b8efefac7f7227de63	giveItem	上交注射器	Hand over the injector	1	0
regular	5edac34d0bb72a50635c2bfa	5edac34d0bb72a50635c2bfa_5f07025e27cec53d5d24fe25	findItem	在战局中找到物品：TerraGroup 实验室访问钥匙卡	Find the item in raid: TerraGroup Labs access keycard	10	0
regular	5edac34d0bb72a50635c2bfa	5edac34d0bb72a50635c2bfa_5f070323d57aeb6e09253785	findItem	在战局中找到物品：AHF1-M 兴奋剂注射器	Find the item in raid: AHF1-M stimulant injector	1	0
regular	5edac34d0bb72a50635c2bfa	5edac34d0bb72a50635c2bfa_5f070350f6b5847ad975ceac	findItem	在战局中找到物品：3-(b-TG) 兴奋剂注射器	Find the item in raid: 3-(b-TG) stimulant injector	1	0
regular	5edac63b930f5454f51e128b	5edac63b930f5454f51e128b_5edac8483c809a44ef12b4d2	giveQuestItem	上交找到的情报	Hand over the found intel	1	0
regular	5edac63b930f5454f51e128b	5edac63b930f5454f51e128b_5eec9d054110547f1f545c99	visit	在实验室找到 Sanitar 的工作室	Locate Sanitar's workplace in The Lab	0	0
regular	5edac63b930f5454f51e128b	5edac63b930f5454f51e128b_5eff5674befb6436ce3bbaf7	findQuestItem	取得有关 Sanitar 工作的情报物品	Locate and obtain any information about Sanitar's work	1	0
regular	5ede55112c95834b583f052a	5ede55112c95834b583f052a_5ee8eea538ca5b3b4f3c4647	visit	在储备站找到地堡	Locate the underground bunker on Reserve	0	0
regular	5ede55112c95834b583f052a	5ede55112c95834b583f052a_5ee8eecc0b4ef7326256c660	visit	在储备站的地堡内找到控制室	Locate the control room in the underground bunker on Reserve	0	0
regular	5ede55112c95834b583f052a	5ede55112c95834b583f052a_6a5f419a91369c05ae763827	visit	在储备站找到通往军医院的密闭门（白主教）	Locate the hermetic door leading to the hospital (White Bishop) on Reserve	0	0
regular	5ede55112c95834b583f052a	5ede55112c95834b583f052a_6a5f419cca7ba5dbb6dfec49	visit	在储备站找到通往学院大楼（黑主教）两扇密闭门中的任意一扇	Locate one of the two hermetic doors leading to the academy building (Black Bishop) on Reserve	0	0
regular	5ede55112c95834b583f052a	5ede55112c95834b583f052a_6a5f419eae9bbeb8ca0c46d0	visit	在储备站找到通往 1 号军营（黑兵楼）两扇密闭门中的任意一扇	Locate one of the two hermetic doors leading to barracks #1 (Black Pawn) on Reserve	0	0
regular	5ede55112c95834b583f052a	5ede55112c95834b583f052a_6a5f41a021f78bafb63c3d47	visit	在储备站找到通往 2 号军营（白兵楼）两扇密闭门中的任意一扇	Locate one of the two hermetic doors leading to barracks #2 (White Pawn) on Reserve	0	0
regular	5ede55112c95834b583f052a	5ede55112c95834b583f052a_6a5f41bf54a91e0d977db806	visit	在储备站找到通往空中管制中心大楼（白王楼）的密闭门	Locate the hermetic door leading to the air control center building (King) on Reserve	0	0
regular	5ede567cfa6dc072ce15d6e3	5ede567cfa6dc072ce15d6e3_5ee0e722c321a77fc55084d5	extract	以幸存状态撤离该区域	Survive and extract from the location	1	0
regular	5ede567cfa6dc072ce15d6e3	5ede567cfa6dc072ce15d6e3_5ee8ec5ed72d953f5d2aabd1	visit	找到通往军医院的密闭门（白主教）	Locate the hermetic door leading to the hospital (White Bishop) on Reserve	0	0
regular	5ede567cfa6dc072ce15d6e3	5ede567cfa6dc072ce15d6e3_5ee8ecd75eb3205dae135d17	visit	找到通往学院大楼的两扇密闭门中的一个（黑主教）	Locate one of the two hermetic doors leading to the academy building (Black Bishop) on Reserve	0	0
regular	5ede567cfa6dc072ce15d6e3	5ede567cfa6dc072ce15d6e3_5ee8ed18d72d953f5d2aabd4	visit	找到通往1号军营的两扇密闭门中的一个（黑兵）	Locate one of the two hermetic doors leading to barracks #1 (Black Pawn) on Reserve	0	0
regular	5ede567cfa6dc072ce15d6e3	5ede567cfa6dc072ce15d6e3_5ee8eddde932d53763761b2c	visit	找到通往2号军营的两扇密闭门中的一个（白兵）	Locate one of the two hermetic doors leading to barracks #2 (White Pawn) on Reserve	0	0
regular	5ede567cfa6dc072ce15d6e3	5ede567cfa6dc072ce15d6e3_5ee8edf1500391756d7498a7	visit	找到通往空中管制中心大楼的密闭门（白王）	Locate the hermetic door leading to the building of the air control center (King) on Reserve	0	0
regular	5f04886a3937dc337a6b8238	5f04886a3937dc337a6b8238_5f0488c590eea473df674002	visit	在海岸线疗养院找到Sanitar的办公室	Locate Sanitar's office in the health resort on Shoreline	0	0
regular	5f04886a3937dc337a6b8238	5f04886a3937dc337a6b8238_5f04983ffbed7a08077b4367	extract	以幸存状态撤离该区域	Survive and extract from the location	1	0
regular	5fd9fad9c1ce6b1a3b486d00	5fd9fad9c1ce6b1a3b486d00_5fd9fad9c1ce6b1a3b486d03	visit	在森林找到Prapor的失踪车队	Locate Prapor's missing convoy on Woods	0	0
regular	5fd9fad9c1ce6b1a3b486d00	5fd9fad9c1ce6b1a3b486d00_5fd9fad9c1ce6b1a3b486d05	visit	在森林找到USEC临时营地	Locate the temporary USEC camp on Woods	0	0
regular	600302d73b897b11364cd161	600302d73b897b11364cd161_600303250b79c6604058ce30	shoot	在立交桥、中心区、森林或海关消灭 Scav	Eliminate Scavs on Interchange, Ground Zero, Woods, or Customs	20	0
regular	6086c852c945025d41566124	6086c852c945025d41566124_6086c8ed1b0bb8063d5babb7	mark	标记第一辆BMP-2步战车	Mark the first BMP-2 with an MS2000 Marker	1	0
regular	6086c852c945025d41566124	6086c852c945025d41566124_6087d553d79a2b4e943482bf	visit	在储备站找到并检查第一辆BMP-2步战车	Locate and inspect the first BMP-2 on Reserve	0	0
regular	6086c852c945025d41566124	6086c852c945025d41566124_60882695949eb1096c454fcd	visit	在储备站找到并检查第二辆BMP-2步战车	Locate and inspect the second BMP-2 on Reserve	0	0
regular	6086c852c945025d41566124	6086c852c945025d41566124_608826d0a3994358a0751cfc	mark	标记第二辆BMP-2步战车	Mark the second BMP-2 with an MS2000 Marker	1	0
regular	6086c852c945025d41566124	6086c852c945025d41566124_608826f3949eb1096c454fd0	visit	在储备站找到并检查第三辆BMP-2步战车	Locate and inspect the third BMP-2 on Reserve	0	0
regular	6086c852c945025d41566124	6086c852c945025d41566124_60882714c18cfa2a4e2afe59	mark	标记第三辆BMP-2步战车	Mark the third BMP-2 with an MS2000 Marker	1	0
regular	6086c852c945025d41566124	6086c852c945025d41566124_6088274a82e40b3c727fd164	visit	在储备站找到并检查第四辆BMP-2步战车	Locate and inspect the fourth BMP-2 on Reserve	0	0
regular	6086c852c945025d41566124	6086c852c945025d41566124_60882779d241f77b8a49785d	mark	标记第四辆BMP-2步战车	Mark the fourth BMP-2 with an MS2000 Marker	1	0
regular	60896888e4a85c72ef3fa300	60896888e4a85c72ef3fa300_60929ad46342771d851b827a	findQuestItem	在储备站找到装有 T-90M 车长控制面板的包裹	Obtain the package with T-90M Commander control panel on Reserve	1	0
regular	60896888e4a85c72ef3fa300	60896888e4a85c72ef3fa300_60929afc35915c62b44fd05c	giveQuestItem	上交包裹	Hand over the package	1	0
regular	60896b7bfa70fc097863b8f5	60896b7bfa70fc097863b8f5_60916aeac49cf53e4772cc3c	findQuestItem	在储备站指挥地堡的办公室内取得第一份军事文件	Obtain the first folder with military documents in the command bunker offices on Reserve	1	0
regular	60896b7bfa70fc097863b8f5	60896b7bfa70fc097863b8f5_60916b41b89a3c264d7296f9	giveQuestItem	上交第一份文件	Hand over the first documents	1	0
regular	60896b7bfa70fc097863b8f5	60896b7bfa70fc097863b8f5_60ae0dfe2d6a8320983d19ba	findQuestItem	在储备站指挥地堡的办公室内取得第二份军事文件	Obtain the second folder with military documents in the command bunker offices on Reserve	1	0
regular	60896b7bfa70fc097863b8f5	60896b7bfa70fc097863b8f5_60ae0e2c79e83a2cf96f35ce	findQuestItem	在储备站指挥地堡的大厅内取得第三份军事文件	Obtain the third folder with military documents in the command bunker offices on Reserve	1	0
regular	60896b7bfa70fc097863b8f5	60896b7bfa70fc097863b8f5_60ae0f0586046842a754e21e	giveQuestItem	上交第二份文件	Hand over the second documents	1	0
regular	60896b7bfa70fc097863b8f5	60896b7bfa70fc097863b8f5_60ae0f17b809a4748759078c	giveQuestItem	上交第三份文件	Hand over the third documents	1	0
regular	60896bca6ee58f38c417d4f2	60896bca6ee58f38c417d4f2_608bffeee0cc9c2d4d2ccb29	shoot	消灭储备站地堡控制室中的掠夺者	Eliminate Raiders in the command bunker on Reserve	5	0
regular	60896e28e4a85c72ef3fa301	60896e28e4a85c72ef3fa301_6091698a30bb620b3239874c	findQuestItem	在储备站取得第一份医学报告	Obtain Medical record #1 on Reserve	1	0
regular	60896e28e4a85c72ef3fa301	60896e28e4a85c72ef3fa301_609169cfeca522371e5725c5	giveQuestItem	上交第一份报告	Hand over the first journal	1	0
regular	60896e28e4a85c72ef3fa301	60896e28e4a85c72ef3fa301_60ae12ffb809a474875907aa	findQuestItem	在储备站取得第二份医学报告	Obtain Medical record #2 on Reserve	1	0
regular	60896e28e4a85c72ef3fa301	60896e28e4a85c72ef3fa301_60ae134cabb9675f0062cf6e	giveQuestItem	上交第二份报告	Hand over the second journal	1	0
regular	6089732b59b92115597ad789	6089732b59b92115597ad789_6092942fb0f07c6ea1246e3a	findQuestItem	在储备站取得MBT综合导航模块	Obtain the MBT Integrated Navigation System on Reserve	1	0
regular	6089732b59b92115597ad789	6089732b59b92115597ad789_6092947635915c62b44fd05b	giveQuestItem	上交导航模块	Hand over the navigation system	1	0
regular	6089736efa70fc097863b8f6	6089736efa70fc097863b8f6_608a94101a66564e74191fc3	visit	在储备站找到地下指挥地堡的秘密出口	Locate the secret underground bunker exit on Reserve	0	0
regular	6089736efa70fc097863b8f6	6089736efa70fc097863b8f6_608a94ae1a66564e74191fc6	extract	以幸存状态从秘密出口撤离	Survive and extract from the location through the secret exit	1	0
regular	6089736efa70fc097863b8f6	6089736efa70fc097863b8f6_6a4e6a3ee26b316718da2390	visit	找到开启地堡出口的开关	Locate the switch that activates the exit	0	1
regular	6089743983426423753cd58a	6089743983426423753cd58a_608ab22755f4ac386d7e7fdc	shoot	在储备站地下仓库内消灭 Scav	Eliminate Scavs in the underground storage warehouse on Reserve	5	0
regular	6089743983426423753cd58a	6089743983426423753cd58a_6a5ab8ac7119466cb512579d	giveItem	上交任意战局中找到的地下仓库钥匙（RB-PSP 或 RB-PSV）	Hand over any found in raid keys for the underground storage warehouse (RB-PSP and RB-PSV)	3	0
regular	608974af4b05530f55550c21	608974af4b05530f55550c21_608bd0a053b9dd01a116f474	visit	检查储备站兵营东楼（黑兵）的第一个军械库	Check the first armory in the eastern barracks (Black Pawn) on Reserve	0	0
regular	608974af4b05530f55550c21	608974af4b05530f55550c21_608bd0c20637f21f9934b6e4	visit	检查储备站兵营东楼（黑兵）的第二个军械库	Check the second armory in the eastern barracks (Black Pawn) on Reserve	0	0
regular	608974af4b05530f55550c21	608974af4b05530f55550c21_608bd136c61c4b541b381da3	visit	检查储备站兵营南楼（白兵）的第一个军械库	Check the first armory in the southern barracks (White Pawn) on Reserve	0	0
regular	608974af4b05530f55550c21	608974af4b05530f55550c21_608bd149f597ad0a33574d74	visit	检查储备站兵营南楼（白兵）的第二个军械库	Check the second armory in the southern barracks (White Pawn) on Reserve	0	0
regular	608974af4b05530f55550c21	608974af4b05530f55550c21_608bd2465e0ef91ab810f98a	visit	检查储备站兵营东楼（黑兵）的值班室	Check the duty room in the eastern barracks (Black Pawn) on Reserve	0	0
regular	608974af4b05530f55550c21	608974af4b05530f55550c21_6a5761ff44baf1d1830bfa5c	giveItem	上交在这些房间内找到的装备	Hand over the gear found in the rooms	3	0
regular	608974af4b05530f55550c21	608974af4b05530f55550c21_6a6d0ec764f81ad96ce823eb	findItem	在军械室内找到并获取任意俄式装备	Locate and obtain any Russian gear in the armory rooms	3	1
regular	608974d01a66564e74191fc0	608974d01a66564e74191fc0_60a4dc7e4e734e57d07fb335	mark	在储备站使用MS2000指示器标记第一组油罐	Mark the first group of fuel tanks with an MS2000 Marker on Reserve	1	0
regular	608974d01a66564e74191fc0	608974d01a66564e74191fc0_60b90232ec7c6f5eb510c195	mark	在储备站使用MS2000指示器标记第二组油罐	Mark the second group of fuel tanks with an MS2000 Marker on Reserve	1	0
regular	608a768d82e40b3c727fd17d	608a768d82e40b3c727fd17d_608a8356fa70fc097863b8f8	shoot	消灭储备站兵营大楼周围的 Scav	Eliminate Scavs around the main barracks on Reserve	10	0
regular	60c0c018f7afb4354815096a	60c0c018f7afb4354815096a_60c0d187938d68438757cda2	shoot	找到并消灭Tagilla	Locate and neutralize Tagilla	1	0
regular	60c0c018f7afb4354815096a	60c0c018f7afb4354815096a_60cfa590f81cc57f471718cc	findItem	在战局中找到BOSS鸭舌帽	Find Tagilla's BOSS cap in raid	1	0
regular	60c0c018f7afb4354815096a	60c0c018f7afb4354815096a_60cfa5a85f9e6175514de2e3	giveItem	上交BOSS鸭舌帽	Hand over the BOSS cap	1	0
regular	60e71b62a0beca400d69efc4	60e71b62a0beca400d69efc4_60ec07bcd7b7cb55e94c1760	shoot	于白天在工厂击杀PMC	Eliminate PMC operatives on daytime Factory	2	0
regular	60e71b62a0beca400d69efc4	60e71b62a0beca400d69efc4_60ec08fafd1bf4491c4e4550	shoot	在海关击杀PMC	Eliminate PMC operatives on Customs	2	0
regular	60e71b62a0beca400d69efc4	60e71b62a0beca400d69efc4_60ec09f05d67b234af3d392f	shoot	在海岸线击杀PMC	Eliminate PMC operatives on Shoreline	2	0
regular	60e71b62a0beca400d69efc4	60e71b62a0beca400d69efc4_60ec0a9571035f300c301acb	shoot	在储备站击杀PMC	Eliminate PMC operatives on Reserve	2	0
regular	60e71b62a0beca400d69efc4	60e71b62a0beca400d69efc4_60ec0ad2ad25e3185465bbd0	shoot	在森林击杀PMC	Eliminate PMC operatives on Woods	2	0
regular	60e71b62a0beca400d69efc4	60e71b62a0beca400d69efc4_60ec0af8a664b027ab1441af	shoot	在立交桥击杀PMC	Eliminate PMC operatives on Interchange	2	0
regular	60e71b62a0beca400d69efc4	60e71b62a0beca400d69efc4_60ec0b1871035f300c301acd	shoot	在实验室击杀PMC	Eliminate PMC operatives in The Lab	2	0
regular	60e71b62a0beca400d69efc4	60e71b62a0beca400d69efc4_65e19abadf39d26751b3bb1e	shoot	在中心区击杀PMC	Eliminate PMC operatives on Ground Zero	2	0
regular	60e71b9bbd90872cb85440f3	60e71b9bbd90872cb85440f3_60ec18b73b5f7d790a7ad034	shoot	在海关、海岸线或森林的指定 Scav 营地内消灭 PMC 行动人员	Eliminate PMC operatives at the specified Scav bases on Customs, Shoreline, or Woods	12	0
regular	60e71bb4e456d449cd47ca75	60e71bb4e456d449cd47ca75_60e8650e5d67b234af3d3926	shoot	命中头部击杀Scav	Eliminate Scavs with headshots	40	0
regular	60e71c11d54b755a3b53eb65	60e71c11d54b755a3b53eb65_60e82c12fd1bf4491c4e4547	findItem	获得不寻常的邪教仪式刀	Obtain the unusual cultist knives	12	0
regular	60e71c11d54b755a3b53eb65	60e71c11d54b755a3b53eb65_60e82c5926b88043510e0ad7	giveItem	上交物品	Hand over the items	12	0
regular	60e71c11d54b755a3b53eb65	60e71c11d54b755a3b53eb65_6a5abd63b45ef5b1a87b8273	shoot	找到并消灭消灭邪教徒	Locate and neutralize the hooded men	5	0
regular	60e71c48c1bfa3050473b8e5	60e71c48c1bfa3050473b8e5_60e8658571035f300c301ac6	findItem	在战局中找到物品：便携式除颤器	Find the item in raid: Portable defibrillator	3	0
regular	60e71c48c1bfa3050473b8e5	60e71c48c1bfa3050473b8e5_60e865a60cef122b414a156a	findItem	在战局中找到物品：检眼镜	Find the item in raid: Ophthalmoscope	3	0
regular	60e71c48c1bfa3050473b8e5	60e71c48c1bfa3050473b8e5_60e866175d67b234af3d392a	findItem	在战局中找到物品：LEDX 皮肤透照仪	Find the item in raid: LEDX Skin Transilluminator	2	0
regular	60e71c48c1bfa3050473b8e5	60e71c48c1bfa3050473b8e5_60e866c50cef122b414a156c	giveItem	上交物品	Hand over the items	3	0
regular	60e71c48c1bfa3050473b8e5	60e71c48c1bfa3050473b8e5_60e866f926b88043510e0adf	giveItem	上交物品	Hand over the items	3	0
regular	60e71c48c1bfa3050473b8e5	60e71c48c1bfa3050473b8e5_60e867265d67b234af3d392c	giveItem	上交物品	Hand over the items	2	0
regular	60e71c48c1bfa3050473b8e5	60e71c48c1bfa3050473b8e5_60f028ca86abc00cdc03ab89	findItem	在战局中找到物品：一堆药	Find the item in raid: Pile of meds	20	0
regular	60e71c48c1bfa3050473b8e5	60e71c48c1bfa3050473b8e5_60f028f85caf08029e0d6277	giveItem	上交物品	Hand over the items	20	0
regular	60e71c48c1bfa3050473b8e5	60e71c48c1bfa3050473b8e5_62a701587230237f257cac30	findItem	在战局中找到物品：OLOLO 瓶装复合维生素	Find the item in raid: Bottle of OLOLO Multivitamins	10	0
regular	60e71c48c1bfa3050473b8e5	60e71c48c1bfa3050473b8e5_62a70168eb3cb46d9a0bba7a	giveItem	上交物品	Hand over the items	10	0
regular	60e71c9ad54b755a3b53eb66	60e71c9ad54b755a3b53eb66_60e745d6479eef59b01b0bdc	shoot	在实验室消灭掠夺者或黑色军团干员	Eliminate Raiders or Black Division operatives on Reserve or The Lab	10	0
regular	60e71ccb5688f6424c7bfec4	60e71ccb5688f6424c7bfec4_60e8174d0367e10a450f7818	giveItem	上交战局中找到的物品：BEAR 狗牌（转生 1 级或更高）	Hand over the found in raid item: Dogtag BEAR (Prestige 1 or higher)	10	0
regular	60e71ccb5688f6424c7bfec4	60e71ccb5688f6424c7bfec4_60e81795479eef59b01b0bdf	giveItem	上交战局中找到的物品：USEC 狗牌（转生 1 级或更高）	Hand over the found in raid item: Dogtag USEC (Prestige 1 or higher)	10	0
regular	60e71ce009d7c801eb0c0ec6	60e71ce009d7c801eb0c0ec6_60e74302d1a062318d3d225f	giveItem	上交物品	Hand over the items	5	0
regular	60e71ce009d7c801eb0c0ec6	60e71ce009d7c801eb0c0ec6_60e7432875131b4e61703b7a	giveItem	上交物品	Hand over the items	5	0
regular	60e71ce009d7c801eb0c0ec6	60e71ce009d7c801eb0c0ec6_60e7434ed1a062318d3d2260	findItem	在战局中找到物品：VPX 闪存模块	Find the item in raid: VPX Flash Storage Module	5	0
regular	60e71ce009d7c801eb0c0ec6	60e71ce009d7c801eb0c0ec6_60e7436675131b4e61703b7b	findItem	在战局中找到物品：UHF RFID 固定式读取器	Find the item in raid: UHF RFID Reader	5	0
regular	60e71ce009d7c801eb0c0ec6	60e71ce009d7c801eb0c0ec6_60e7439975131b4e61703b7c	findItem	在战局中找到物品：Virtex 可编程处理器	Find the item in raid: Virtex programmable processor	5	0
regular	60e71ce009d7c801eb0c0ec6	60e71ce009d7c801eb0c0ec6_60e743cd0367e10a450f780e	findItem	在战局中找到物品：军用 COFDM 无线信号发射器	Find the item in raid: Military COFDM Wireless Signal Transmitter	5	0
regular	60e71ce009d7c801eb0c0ec6	60e71ce009d7c801eb0c0ec6_60e7449875131b4e61703b7e	giveItem	上交物品	Hand over the items	5	0
regular	60e71ce009d7c801eb0c0ec6	60e71ce009d7c801eb0c0ec6_60e744c9d1a062318d3d2262	giveItem	上交物品	Hand over the items	5	0
regular	60e71ce009d7c801eb0c0ec6	60e71ce009d7c801eb0c0ec6_62a70191a9a0ea77981b57d9	findItem	在战局中找到物品：军用闪存装置	Find the item in raid: Military flash drive	4	0
regular	60e71ce009d7c801eb0c0ec6	60e71ce009d7c801eb0c0ec6_62a7019ea9a0ea77981b57da	giveItem	上交物品	Hand over the items	4	0
regular	60e71d23c1bfa3050473b8e6	60e71d23c1bfa3050473b8e6_60e740b8b567ff641b129573	shoot	从100米开外击杀PMC	Eliminate PMC operatives from over 100 meters away	20	0
regular	60e71d6d7fcf9c556f325055	60e71d6d7fcf9c556f325055_60e85b2a26b88043510e0ada	plantItem	将 1 个 Trijicon REAP-IR 瞄准镜藏匿在海关新加油站垃圾箱后方	Stash a Trijicon REAP-IR scope behind the trash containers at the new gas station on Customs	1	0
regular	60e71dc0a94be721b065bbfc	60e71dc0a94be721b065bbfc_60e73ee8b567ff641b129570	shoot	在立交桥消灭 PMC 行动人员	Eliminate PMC operatives on Interchange	4	0
regular	60e71dc67fcf9c556f325056	60e71dc67fcf9c556f325056_60e73333465ea8368012cc5b	findItem	在战局中找到物品：Tarkovskaya 瓶装伏特加	Find the item in raid: Bottle of Tarkovskaya vodka	10	0
regular	60e71dc67fcf9c556f325056	60e71dc67fcf9c556f325056_60e733590367e10a450f7805	findItem	在战局中找到物品：Dan Jackiel 瓶装威士忌	Find the item in raid: Bottle of Dan Jackiel whiskey	10	0
regular	60e71dc67fcf9c556f325056	60e71dc67fcf9c556f325056_60e73397479eef59b01b0bd5	giveItem	上交物品	Hand over the items	10	0
regular	60e71dc67fcf9c556f325056	60e71dc67fcf9c556f325056_60e733b80367e10a450f7807	giveItem	上交物品	Hand over the items	10	0
regular	60e71dc67fcf9c556f325056	60e71dc67fcf9c556f325056_60f028268b669d08a35bfad8	findItem	在战局中找到物品：桶装纯净水	Find the item in raid: Canister with purified water	3	0
regular	60e71dc67fcf9c556f325056	60e71dc67fcf9c556f325056_60f0284e8b669d08a35bfada	giveItem	上交物品	Hand over the items	3	0
regular	60e71dc67fcf9c556f325056	60e71dc67fcf9c556f325056_62a700fb7230237f257cac2e	findItem	在战局中找到物品：瓶装 Pevko 淡啤酒	Find the item in raid: Bottle of Pevko Light beer	20	0
regular	60e71dc67fcf9c556f325056	60e71dc67fcf9c556f325056_62a70110eb3cb46d9a0bba78	giveItem	上交物品	Hand over the items	20	0
regular	60e71e8ed54b755a3b53eb67	60e71e8ed54b755a3b53eb67_60e7259e465ea8368012cc45	shoot	找到并消灭Tagilla	Locate and neutralize Tagilla	1	0
regular	60e71e8ed54b755a3b53eb67	60e71e8ed54b755a3b53eb67_60e725d8b567ff641b129555	shoot	找到并消灭Killa	Locate and neutralize Killa	1	0
regular	60e71e8ed54b755a3b53eb67	60e71e8ed54b755a3b53eb67_60e72604a6e322250215f066	shoot	找到并消灭Reshala	Locate and neutralize Reshala	1	0
regular	60e71e8ed54b755a3b53eb67	60e71e8ed54b755a3b53eb67_60e7261382576b5f4f21c495	shoot	找到并消灭Shturman	Locate and neutralize Shturman	1	0
regular	60e71e8ed54b755a3b53eb67	60e71e8ed54b755a3b53eb67_60e7261eb567ff641b129557	shoot	找到并消灭Glukhar	Locate and neutralize Glukhar	1	0
regular	60e71e8ed54b755a3b53eb67	60e71e8ed54b755a3b53eb67_60e72629465ea8368012cc47	shoot	找到并消灭Sanitar	Locate and neutralize Sanitar	1	0
regular	60e729cf5698ee7b05057439	60e729cf5698ee7b05057439_60e729cf5698ee7b0505743c	shoot	在森林不穿戴任何防弹护甲与头盔击杀任意目标	Eliminate any target without wearing any armor and helmets on Woods	10	0
regular	60effd818b669d08a35bfad5	60effd818b669d08a35bfad5_60effdac12fec20321367038	giveItem	上交Epsilon安全箱	Hand over Secure container Epsilon	1	0
regular	6179ac7511973d018217d0b9	6179ac7511973d018217d0b9_6179b804bca27a099552e057	mark	使用MS2000指示器标记直升机	Mark the helicopter with an MS2000 Marker	1	0
regular	6179ac7511973d018217d0b9	6179ac7511973d018217d0b9_63ac1e0a87413d64ae0ac233	visit	在灯塔的污水处理厂找到直升机	Locate the helicopter at the water treatment plant on Lighthouse	0	0
regular	6179ac7511973d018217d0b9	6179ac7511973d018217d0b9_6a32a392e606f585c978ef38	shoot	消灭污水处理厂直升机停机坪周围任意目标	Eliminate any target around the helicopter area	10	0
regular	6179acbdc760af5ad2053585	6179acbdc760af5ad2053585_617bd94c5a52d2390a2630c7	shoot	消灭灯塔污水处理厂直升机周围的任意敌人	Eliminate any target around the helicopter area at the water treatment plant on Lighthouse	10	0
regular	6179ad0a6e9dd54ac275e3f2	6179ad0a6e9dd54ac275e3f2_617bf1e1d93d977d2452051f	shoot	消灭游荡者	Eliminate Rogues	10	0
regular	6179ad56c760af5ad2053587	6179ad56c760af5ad2053587_617bf29a52e86c73d372a917	giveQuestItem	上交找到的包裹	Hand over the found package	1	0
regular	6179ad56c760af5ad2053587	6179ad56c760af5ad2053587_617bf2a6f8e6c97ec70878b7	findQuestItem	在灯塔找到并获取线人的公文包	Locate and obtain the informant's briefcase on Lighthouse	1	0
regular	6179afd0bca27a099552e040	6179afd0bca27a099552e040_6190464d74169a76c90aa230	extract	以幸存状态撤离该区域	Survive and extract from the location	1	0
regular	6179afd0bca27a099552e040	6179afd0bca27a099552e040_63ac0c99f83fd608393890bf	visit	在灯塔度假村区域找到失踪的小队	Locate the lost group in the chalet area on Lighthouse	0	0
regular	6179aff8f57fb279792c60a1	6179aff8f57fb279792c60a1_617bf4e152e86c73d372a95d	shoot	在灯塔度假村区域消灭任意敌对目标	Eliminate any target around the chalets on Lighthouse	10	0
regular	6179aff8f57fb279792c60a1	6179aff8f57fb279792c60a1_6a5cd4d03a5504087ed636d3	giveItem	上交战局中找到的物品：地形调查地图、情报文件夹，或 TerraGroup 蓝色文件夹	Hand over the found in raid item: Topographic survey maps, Intelligence folder, or TerraGroup "Blue Folders" materials	5	0
regular	6179b3a12153c15e937d52bc	6179b3a12153c15e937d52bc_617bf5860cf4a041de5b396b	mark	在灯塔找到一组油罐，并使用MS2000指示器标记	Find and mark the group of fuel tanks with an MS2000 Marker on Lighthouse	1	0
regular	6179b3a12153c15e937d52bc	6179b3a12153c15e937d52bc_61926522b0295324b5484459	mark	在灯塔找到第一辆油罐车，并使用MS2000指示器标记	Find and mark the first tanker truck with an MS2000 Marker on Lighthouse	1	0
regular	6179b3a12153c15e937d52bc	6179b3a12153c15e937d52bc_6192653d80c326298126aee1	mark	在灯塔找到第二辆油罐车，并使用MS2000指示器标记	Find and mark the second tanker truck with an MS2000 Marker on Lighthouse	1	0
regular	6179b3a12153c15e937d52bc	6179b3a12153c15e937d52bc_61926544bb0c712ed42d583c	mark	在灯塔找到第三辆油罐车，并使用MS2000指示器标记	Find and mark the third tanker truck with an MS2000 Marker on Lighthouse	1	0
regular	6179b3bdc7560e13d23eeb8d	6179b3bdc7560e13d23eeb8d_617bf6c70cf4a041de5b3972	findQuestItem	在灯塔污水处理厂找到并获取水泵运行数据	Locate and obtain the data on the water pump operation on Lighthouse	1	0
regular	6179b3bdc7560e13d23eeb8d	6179b3bdc7560e13d23eeb8d_617bf77a3de8a6689b533a2a	giveQuestItem	上交提取的数据	Hand over the extracted data	1	0
regular	6179b3bdc7560e13d23eeb8d	6179b3bdc7560e13d23eeb8d_61951c30aa0f643f9a0ae1b7	findQuestItem	在灯塔污水处理厂找到并获取泵站运行数据	Locate and obtain the data on the pumping station operation on Lighthouse	1	0
regular	6179b3bdc7560e13d23eeb8d	6179b3bdc7560e13d23eeb8d_61951c3e2e2805073c2d29db	giveQuestItem	上交提取的数据	Hand over the extracted data	1	0
regular	6179b4d1bca27a099552e04e	6179b4d1bca27a099552e04e_61952308aa0f643f9a0ae20f	mark	在灯塔找到第一辆BRDM装甲车，并使用MS2000指示器标记	Locate and mark the first BRDM with an MS2000 Marker on Lighthouse	1	0
regular	6179b4d1bca27a099552e04e	6179b4d1bca27a099552e04e_6195231dd07bdc6de57b40a5	mark	在灯塔找到第二辆BRDM装甲车，并使用MS2000指示器标记	Locate and mark the second BRDM with an MS2000 Marker on Lighthouse	1	0
regular	6179b4d1bca27a099552e04e	6179b4d1bca27a099552e04e_61952325aa0f643f9a0ae212	mark	在灯塔找到第一辆斯特赖克轮式突击炮，并使用MS2000指示器标记	Locate and mark the first Stryker with an MS2000 Marker on Lighthouse	1	0
regular	6179b4d1bca27a099552e04e	6179b4d1bca27a099552e04e_6195232a1e972a652931edb6	mark	在灯塔找到第二辆斯特赖克轮式突击炮，并使用MS2000指示器标记	Locate and mark the second Stryker with an MS2000 Marker on Lighthouse	1	0
regular	6179b4f16e9dd54ac275e407	6179b4f16e9dd54ac275e407_61a00eff2d708d41a34f19b4	findQuestItem	找到并获取线人的情报文件夹	Locate and obtain the informant's intelligence folder	1	0
regular	6179b4f16e9dd54ac275e407	6179b4f16e9dd54ac275e407_61a00f3f177fb945751bbe92	giveQuestItem	上交文件夹	Hand over the folder	1	0
regular	6179b4f16e9dd54ac275e407	6179b4f16e9dd54ac275e407_63ac1a941b5c95746621ddb2	visit	在灯塔找到失事的直升机	Locate the crashed helicopter on Lighthouse	0	0
regular	6179b5b06e9dd54ac275e409	6179b5b06e9dd54ac275e409_6193dc1e6623e330c82e0be9	shoot	使用 GP-25 榴弹发射器消灭游荡者	Eliminate Rogues with a GP-25 grenade launcher	10	0
regular	6179b5eabca27a099552e052	6179b5eabca27a099552e052_617fc08b30ccff6c7c37fcd3	giveItem	上交战局中找到的物品：BEAR 狗牌	Hand over the found in raid item: Dogtag BEAR	20	0
regular	6179b5eabca27a099552e052	6179b5eabca27a099552e052_61a61c085d06a344766f3a29	shoot	在灯塔、中心区、储备站、海岸线或塔科夫街区消灭 BEAR PMC	Eliminate BEAR PMC operatives on Lighthouse, Ground Zero, Reserve, Shoreline, or Streets of Tarkov	20	0
regular	61904daa7d0d857927447b9c	61904daa7d0d857927447b9c_61904e76f62c89219a56e04c	findQuestItem	找到写给Jaeger的留言	Find and obtain the message for Jaeger	1	0
regular	61904daa7d0d857927447b9c	61904daa7d0d857927447b9c_61904ebb22e6d82ee97ccbbe	giveQuestItem	上交留言	Hand over the message	1	0
regular	61904daa7d0d857927447b9c	61904daa7d0d857927447b9c_63ac22351b5c95746621ddc4	visit	在灯塔找到Jaeger朋友的藏身处	Locate the hideout of Jaeger's friend on Lighthouse	0	0
regular	6193850f60b34236ee0483de	6193850f60b34236ee0483de_6193dabd5f6468204470571f	shoot	消灭灯塔或海岸线海边与主路上的 Scav	Eliminate Scavs along the shore and the main road on Lighthouse or Shoreline	4	0
regular	61958c366726521dd96828ec	61958c366726521dd96828ec_61958d54aa0f643f9a0aed73	mark	在灯塔的海边找到TerraGroup的货物	Locate and mark the TerraGroup cargo with an MS2000 Marker on Lighthouse	1	0
regular	61958c366726521dd96828ec	61958c366726521dd96828ec_6a5cd57d36c4fb654692787c	shoot	在灯塔或储备站使用 M203 榴弹发射器消灭任意敌对目标	Eliminate any target with an M203 grenade launcher on Lighthouse or Reserve	10	0
regular	61e6e5e0f5b9633f6719ed95	61e6e5e0f5b9633f6719ed95_61e6e679b350e406c823a205	giveItem	上交在战局中找到的BEAR狗牌	Hand over the found in raid BEAR PMC dogtags	5	0
regular	61e6e5e0f5b9633f6719ed95	61e6e5e0f5b9633f6719ed95_61e6e68db2728a406f4ad009	giveItem	上交在战局中找到的USEC狗牌	Hand over the found in raid USEC PMC dogtags	5	0
regular	61e6e60223374d168a4576a6	61e6e60223374d168a4576a6_61e6ed30d007ca50d54baae5	shoot	使用任意AK系列突击步枪击杀PMC干员	Eliminate PMC operatives while using any AK-series assault rifle	7	0
regular	61e6e60c5ca3b3783662be27	61e6e60c5ca3b3783662be27_61e6f5a1eea2935bc018a2c7	giveItem	上交卢布	Hand over RUB	1000000	0
regular	61e6e615eea2935bc018a2c5	61e6e615eea2935bc018a2c5_61e703205ca3b3783662be2b	giveItem	上交在战局中找到的Dan Jackiel瓶装威士忌	Hand over the found in raid Bottle of Dan Jackiel whiskey	1	0
regular	61e6e615eea2935bc018a2c5	61e6e615eea2935bc018a2c5_61e7034b95a8910716185486	giveItem	上交在战局中找到的塔可乐	Hand over the found in raid Cans of TarCola soda	3	0
regular	61e6e621bfeab00251576265	61e6e621bfeab00251576265_61e704a123374d168a4576a8	giveItem	上交在战局中找到的柯尔特M4A1突击步枪	Hand over the found in raid Colt M4A1 assault rifles	2	0
regular	625d6ff5ddc94657c21a1625	625d6ff5ddc94657c21a1625_625eb7fe1ed3bb5bcc5bd9e6	giveItem	上交在战局中找到的电子元件	Hand over the found in raid Electronic components	4	0
regular	625d6ff5ddc94657c21a1625	625d6ff5ddc94657c21a1625_625eb80da4eb80027c4f2e0a	giveItem	上交在战局中找到的军用COFDM无线信号发射器	Hand over the found in raid Military COFDM Wireless Signal Transmitters	4	0
regular	625d6ff5ddc94657c21a1625	625d6ff5ddc94657c21a1625_625eb81df7308432be1d44c6	giveItem	上交在战局中找到的气体分析仪	Hand over the found in raid Gas analyzers	4	0
regular	625d6ff5ddc94657c21a1625	625d6ff5ddc94657c21a1625_625eb82ac4874104f230c0c6	giveItem	上交在战局中找到的损坏的Gphone	Hand over the found in raid Broken GPhone smartphones	4	0
regular	625d6ffaf7308432be1d44c5	625d6ffaf7308432be1d44c5_625ecedaa4eb80027c4f2e0b	mark	将信号中继器安装在灯塔污水处理厂的米-8 直升机内部	Set up the radio repeater inside the MI-8 helicopter at the water treatment plant on Lighthouse	1	0
regular	625d6ffaf7308432be1d44c5	625d6ffaf7308432be1d44c5_625ecee6f7308432be1d44c7	mark	将信号中继器安装在灯塔废弃的 USEC 别墅区内	Set up the radio repeater inside the abandoned USEC cottage on Lighthouse	1	0
regular	625d6ffaf7308432be1d44c5	625d6ffaf7308432be1d44c5_625eceebc4874104f230c0c7	mark	将信号中继器安装在可以俯瞰灯塔的高处	Set up the radio repeater at a high elevation overlooking the peninsula on Lighthouse	1	0
regular	625d6ffaf7308432be1d44c5	625d6ffaf7308432be1d44c5_6386410704a59f742a7a3b45	mark	将信号中继器安装在灯塔海边沉没建筑的房顶	Set up the radio repeater on the roof of the sunken building at the shore on Lighthouse	1	0
regular	625d6ffcaa168e51321d69d7	625d6ffcaa168e51321d69d7_625ed292c4874104f230c0c8	shoot	消灭位于灯塔本体区域的PMC行动人员	Eliminate PMC operatives near the Lighthouse peninsula	15	0
regular	625d6fff4149f1149b5b12c9	625d6fff4149f1149b5b12c9_62602852c48e6c62a440fab6	mark	在森林找到第一个地堡，并使用MS2000指示器标记	Locate and mark the first bunker with an MS2000 marker on Woods	1	0
regular	625d6fff4149f1149b5b12c9	625d6fff4149f1149b5b12c9_62602858efebc4442a7b3876	mark	在森林找到第二个地堡，并使用MS2000指示器标记	Locate and mark the second bunker with an MS2000 marker on Woods	1	0
regular	625d6fff4149f1149b5b12c9	625d6fff4149f1149b5b12c9_6260285c1ed3bb5bcc5bd9e8	mark	在森林找到第三个地堡，并使用MS2000指示器标记	Locate and mark the third bunker with an MS2000 marker on Woods	1	0
regular	625d6fff4149f1149b5b12c9	625d6fff4149f1149b5b12c9_638643e03674202b7d07c9e5	mark	在森林找到第四个地堡，并使用MS2000指示器标记	Locate and mark the fourth bunker with an MS2000 marker on Woods	1	0
regular	625d7001c4874104f230c0c5	625d7001c4874104f230c0c5_6260295faa168e51321d69d9	shoot	在实验室消灭掠夺者	Eliminate Raiders in The Lab	7	0
regular	625d7001c4874104f230c0c5	625d7001c4874104f230c0c5_62602a37c4874104f230c0ca	giveItem	上交在战局中找到的SJ6 TGLabs战斗兴奋剂注射器	Hand over the found in raid SJ6 TGLabs combat stimulant injector	5	0
regular	625d7001c4874104f230c0c5	625d7001c4874104f230c0c5_62602a44e7578c305945c9c5	giveItem	上交在战局中找到的SJ9 TGLabs战斗兴奋剂注射器	Hand over the found in raid SJ9 TGLabs combat stimulant injector	1	0
regular	625d7001c4874104f230c0c5	625d7001c4874104f230c0c5_62602aaff7308432be1d44c9	giveItem	上交在战局中找到的SJ1 TGLabs战斗兴奋剂注射器	Hand over the found in raid SJ1 TGLabs combat stimulant injector	15	0
regular	625d70031ed3bb5bcc5bd9e5	625d70031ed3bb5bcc5bd9e5_62602b061ed3bb5bcc5bd9ea	giveItem	上交在战局中找到的有机玻璃片	Hand over the found in raid Piece of plexiglass	2	0
regular	625d70031ed3bb5bcc5bd9e5	625d70031ed3bb5bcc5bd9e5_62602b0ea4eb80027c4f2e0e	giveItem	上交在战局中找到的绝缘胶带	Hand over the found in raid Insulating tape	1	0
regular	625d70031ed3bb5bcc5bd9e5	625d70031ed3bb5bcc5bd9e5_62602b17f7308432be1d44ca	giveItem	上交在战局中找到的军用电路板	Hand over the found in raid Military circuit board	2	0
regular	625d70031ed3bb5bcc5bd9e5	625d70031ed3bb5bcc5bd9e5_62602b1ec4874104f230c0cb	giveItem	上交在战局中找到的军用COFDM无线信号发射器	Hand over the found in raid Military COFDM Wireless Signal Transmitter	1	0
regular	625d70031ed3bb5bcc5bd9e5	625d70031ed3bb5bcc5bd9e5_62602b26e7578c305945c9c6	giveItem	上交在战局中找到的可用液晶显示屏	Hand over the found in raid Working LCD	1	0
regular	625d70031ed3bb5bcc5bd9e5	625d70031ed3bb5bcc5bd9e5_633d8b5dbc99da1cf0685f36	findQuestItem	在灯塔找到无线电发射器主机	Obtain the Radio transmitter body on Lighthouse	1	0
regular	625d70031ed3bb5bcc5bd9e5	625d70031ed3bb5bcc5bd9e5_633d8b77f2ab4f3f095029d6	giveQuestItem	上交无线电发射器主机	Hand over the Radio transmitter body	1	0
regular	625d7005a4eb80027c4f2e09	625d7005a4eb80027c4f2e09_62602c89a4eb80027c4f2e0f	extract	以幸存状态撤离该区域	Survive and extract from the location	1	0
regular	625d7005a4eb80027c4f2e09	625d7005a4eb80027c4f2e09_63ab617b87413d64ae0ac210	visit	在灯塔半岛附近检查应答机能否正常工作	Check if the radio transmitter works near the Lighthouse peninsula	0	0
regular	625d700cc48e6c62a440fab5	625d700cc48e6c62a440fab5_6391e2f9e705511c8a4a1b85	findQuestItem	获得V3 U盘	Obtain the V3 Flash drive on Lighthouse	1	0
regular	625d700cc48e6c62a440fab5	625d700cc48e6c62a440fab5_6391e31bfa894f0a866afdec	findItem	重置无线电发射器	Reflash the Radio transmitter	1	0
regular	625d700cc48e6c62a440fab5	625d700cc48e6c62a440fab5_6391e329c115f907b14700b1	giveQuestItem	上交U盘	Hand over the flash drive	1	0
regular	625d700cc48e6c62a440fab5	625d700cc48e6c62a440fab5_63ab727b1287ef0b827d0c95	visit	前往灯塔	Visit the Lighthouse building	0	0
regular	626148251ed3bb5bcc5bd9ed	626148251ed3bb5bcc5bd9ed_62616a9ca4eb80027c4f2e12	giveItem	上交卢布	Hand over RUB	1000000	0
regular	6261482fa4eb80027c4f2e11	6261482fa4eb80027c4f2e11_62616b17e7578c305945c9c9	giveItem	上交在战局中找到的SVDS狙击步枪	Hand over the found in raid SVDS sniper rifles	4	0
regular	626148334149f1149b5b12ca	626148334149f1149b5b12ca_62668b98ddc94657c21a1628	plantItem	在污水处理厂附近南部大桥上的黄色公交车处放置WI-FI摄像头	Place a WI-FI Camera at the yellow bus on the southern bridge approaching the water treatment plant	1	0
regular	626148334149f1149b5b12ca	626148334149f1149b5b12ca_62668ba11ed3bb5bcc5bd9ef	plantItem	在污水处理厂东南角的黄色推土机处放置WI-FI摄像头	Place a WI-FI Camera at the yellow bulldozer in the south-eastern part of the water treatment plant	1	0
regular	626148334149f1149b5b12ca	626148334149f1149b5b12ca_62668ba4aa168e51321d69e0	plantItem	在污水处理厂西边的警车处放置WI-FI摄像头	Place a WI-FI Camera at the police truck in the western part of the water treatment plant	1	0
regular	626148334149f1149b5b12ca	626148334149f1149b5b12ca_62668ba9a4eb80027c4f2e16	plantItem	在污水处理厂北边工业区附近的军车处放置WI-FI摄像头	Place a WI-FI Camera at the army truck near the industrial zone in the northern part of the water treatment plant	1	0
regular	62614836f7308432be1d44cc	62614836f7308432be1d44cc_626171a0f7308432be1d44cd	shoot	在储备站击杀掠夺者	Eliminate Raiders on Reserve	25	0
regular	6261483ac48e6c62a440fab7	6261483ac48e6c62a440fab7_626676e1c48e6c62a440faba	giveItem	上交在战局中找到的加密U盘	Hand over the found in raid Secure Flash drives	15	0
regular	6261483dc4874104f230c0cd	6261483dc4874104f230c0cd_62692a8a161ea75b3470d90e	plantItem	在实验室的隔离区内放置WI-FI摄像头	Place a WI-FI Camera inside the quarantine zone in The Lab	1	0
regular	626bd75b05f287031503c7f6	626bd75b05f287031503c7f6_626c3010a371ee3a7a3514cb	plantItem	在毒品实验室中藏匿WI-FI摄像头	Stash a WI-FI Camera in the drug lab	1	0
regular	626bd75b05f287031503c7f6	626bd75b05f287031503c7f6_63ac210b1287ef0b827d0cb8	visit	在灯塔找到隐蔽的毒品实验室	Locate the hidden drug lab on Lighthouse	0	0
regular	626bd75c71bd851e971b82a5	626bd75c71bd851e971b82a5_62987d43b7bd956bd62a09b3	extract	以幸存状态撤离该区域	Survive and extract from the location	1	0
regular	626bd75c71bd851e971b82a5	626bd75c71bd851e971b82a5_63ac1b741b5c95746621ddb4	visit	前往灯塔，调查污水处理厂任意一座厂房建筑的屋顶	Investigate the roof of any water treatment plant facility on Lighthouse	0	0
regular	626bd75d5bef5d7d590bd415	626bd75d5bef5d7d590bd415_626c30c55bef5d7d590bd41b	giveQuestItem	上交硬盘	Hand over the drive	1	0
regular	626bd75d5bef5d7d590bd415	626bd75d5bef5d7d590bd415_62863b9ae5b4f5010e0d30c8	findQuestItem	在房间内找到并获取装有航班路线的军用机械硬盘	Locate and obtain the HDD with archived flight routes inside the room	1	0
regular	626bd75d5bef5d7d590bd415	626bd75d5bef5d7d590bd415_63ac19f9de609574d97adf78	visit	在灯塔找到雷达站指挥员的办公室	Locate the radar station commandant's office on Lighthouse	0	0
regular	626bd75e47ea7f506e5493c5	626bd75e47ea7f506e5493c5_626c3158a371ee3a7a3514cc	plantItem	在录制室内放置信号干扰器	Place a Signal Jammer inside the studio	1	0
regular	626bd75e47ea7f506e5493c5	626bd75e47ea7f506e5493c5_63ac232087413d64ae0ac23c	visit	在灯塔找到隐蔽的录制室	Locate the hidden recording studio on Lighthouse	0	0
regular	626bdcc3a371ee3a7a3514c5	626bdcc3a371ee3a7a3514c5_626c317e05f287031503c7fd	shoot	在同场战局中找到并消灭 Knight	Locate and neutralize Knight (in one raid)	1	0
regular	626bdcc3a371ee3a7a3514c5	626bdcc3a371ee3a7a3514c5_626c318147ea7f506e5493c7	shoot	在同场战局中找到并消灭 Big Pipe	Locate and neutralize Big Pipe (in one raid)	1	0
regular	626bdcc3a371ee3a7a3514c5	626bdcc3a371ee3a7a3514c5_626c3183af14a41d9a1f4ea7	shoot	在同场战局中找到并消灭 Birdeye	Locate and neutralize Birdeye (in one raid)	1	0
regular	638fcd23dc65553116701d33	638fcd23dc65553116701d33_638fd070202cd55bee01ca11	findQuestItem	在塔科夫街区取得财务记录	Obtain the financial records on Streets of Tarkov	1	0
regular	638fcd23dc65553116701d33	638fcd23dc65553116701d33_638fd0805e5a195d2c443754	giveQuestItem	上交日志	Hand over the journal	1	0
regular	639135534b15ca31f76bc317	639135534b15ca31f76bc317_639135534b15ca31f76bc318	findQuestItem	在塔科夫街区的车行办公室找到数字存储装置	Obtain the digital storage device from the car dealership manager's office on Streets of Tarkov	1	0
regular	639135534b15ca31f76bc317	639135534b15ca31f76bc317_639135534b15ca31f76bc319	giveQuestItem	上交存储装置	Hand over the storage device	1	0
regular	6391359b9444fb141f4e6ee6	6391359b9444fb141f4e6ee6_6391359b9444fb141f4e6ee7	findQuestItem	在塔科夫街区找到并获取挂号信	Locate and obtain the registered mail on Streets of Tarkov	1	0
regular	6391359b9444fb141f4e6ee6	6391359b9444fb141f4e6ee6_6391359b9444fb141f4e6ee8	giveQuestItem	上交信件	Hand over the letter	1	0
regular	639135a7e705511c8a4a1b78	639135a7e705511c8a4a1b78_63a7da6f5199ab1f7d4a774a	visit	在塔科夫街区找到芭蕾舞爱好者的公寓	Locate the balletmeister's apartment on Streets of Tarkov	0	0
regular	639135a7e705511c8a4a1b78	639135a7e705511c8a4a1b78_63a7daae04d3dc28a52a2109	extract	以幸存状态撤离该区域	Survive and extract from the location	1	0
regular	639135b04ed9512be67647d7	639135b04ed9512be67647d7_639c8c875573fd6cc27d99bb	extract	以幸存状态撤离该区域	Survive and extract from the location	1	0
regular	639135b04ed9512be67647d7	639135b04ed9512be67647d7_63a7db4a3e491955e65fb88b	visit	在塔科夫街区找到Prapor朋友的公寓	Locate the apartment of Prapor's friend on Streets of Tarkov	0	0
regular	639135bbc115f907b14700a6	639135bbc115f907b14700a6_639135bbc115f907b14700a7	findQuestItem	找到并获取带有刻字的吉他拨片	Locate and obtain the engraved guitar pick	1	0
regular	639135bbc115f907b14700a6	639135bbc115f907b14700a6_639135bbc115f907b14700a8	giveQuestItem	上交吉他拨片	Hand over the guitar pick	1	0
regular	639135bbc115f907b14700a6	639135bbc115f907b14700a6_63a7d8f404d3dc28a52a2104	visit	在塔科夫街区找到音乐人集会点	Locate the musician gathering spot on Streets of Tarkov	0	0
regular	639135c3744e452011470807	639135c3744e452011470807_63a7d767f32fa1316250c3da	visit	在塔科夫街区找到失踪小队被关押的位置	Locate where the missing group was held captive on Streets of Tarkov	0	0
regular	639135c3744e452011470807	639135c3744e452011470807_6a5a95f70cfa2d5efcf39d77	visit	在塔科夫街区找到老赖	Locate the debtor on Streets of tarkov	0	0
regular	639135c3744e452011470807	639135c3744e452011470807_6a5a962ba945960673b0e2d2	giveItem	上交物品：Chekannaya 15 公寓钥匙	Hand over the item: Chekannaya 15 apartment key	1	0
regular	639135cd8ba6894d155e77cb	639135cd8ba6894d155e77cb_63972db222ea23711e21aaaa	extract	以幸存状态撤离该区域	Survive and extract from the location	1	0
regular	639135cd8ba6894d155e77cb	639135cd8ba6894d155e77cb_63a7dbc31943b749b5021ec3	visit	在塔科夫街区找到临时监狱看守者的公寓	Locate the improvised jail warden's apartment on Streets of Tarkov	0	0
regular	639135cd8ba6894d155e77cb	639135cd8ba6894d155e77cb_63a7dbefee7b4d0d5507baf8	visit	调查看守者的遭遇	Find out what happened to the warden	0	0
regular	639135d89444fb141f4e6eea	639135d89444fb141f4e6eea_639135d89444fb141f4e6eeb	findQuestItem	在塔科夫街区取得记载有人口数据的记录	Obtain the journal containing resident details on Streets of Tarkov	1	0
regular	639135d89444fb141f4e6eea	639135d89444fb141f4e6eea_639135d89444fb141f4e6eec	giveQuestItem	上交日志	Hand over the journal	1	0
regular	639135e0fa894f0a866afde6	639135e0fa894f0a866afde6_639135e0fa894f0a866afde7	findQuestItem	取得装有毒品样本的容器	Obtain the container with drug samples	1	0
regular	639135e0fa894f0a866afde6	639135e0fa894f0a866afde6_639135e0fa894f0a866afde8	giveQuestItem	上交容器	Hand over the container	1	0
regular	639135e0fa894f0a866afde6	639135e0fa894f0a866afde6_63a7d64710b7a13eb015961f	visit	在塔科夫街区找到化学品实验室	Locate the chemical laboratory on Streets of Tarkov	0	0
regular	639135e0fa894f0a866afde6	639135e0fa894f0a866afde6_6a5675112830d55110e00a8f	shoot	在塔科夫街区消灭 Scav	Eliminate Scavs on Streets of Tarkov	10	0
regular	639135e8c115f907b14700aa	639135e8c115f907b14700aa_639135e8c115f907b14700ab	findQuestItem	取得塔科夫街区 Concordia 公寓区停车场车辆进出情况的相关数据	Obtain the data on vehicle movement at the Concordia residential complex parking lot on Streets of Tarkov	1	0
regular	639135e8c115f907b14700aa	639135e8c115f907b14700aa_639135e8c115f907b14700ac	giveQuestItem	上交信息	Hand over the information	1	0
regular	639135f286e646067c176a87	639135f286e646067c176a87_63927f14744e452011470816	mark	在塔科夫街区找到第一辆LAV III装甲车，并使用MS2000指示器标记	Locate and mark the first LAV III with an MS2000 Marker on Streets of Tarkov	1	0
regular	639135f286e646067c176a87	639135f286e646067c176a87_63927f2d8ba6894d155e77e6	mark	在塔科夫街区找到斯特赖克轮式突击炮，并使用MS2000指示器标记	Locate and mark the Stryker with an MS2000 Marker on Streets of Tarkov	1	0
regular	639135f286e646067c176a87	639135f286e646067c176a87_63927f349444fb141f4e6f24	mark	在塔科夫街区找到第二辆LAV III装甲车，并使用MS2000指示器标记	Locate and mark the second LAV III with an MS2000 Marker on Streets of Tarkov	1	0
regular	639136d68ba6894d155e77cf	639136d68ba6894d155e77cf_639cee16f5765f47cc7f0ea1	extract	以幸存状态撤离该区域	Survive and extract from the location	1	0
regular	639136d68ba6894d155e77cf	639136d68ba6894d155e77cf_63a7d53904d3dc28a52a2100	visit	在塔科夫街区找到运送货物的车队	Locate the cargo convoy on Streets of Tarkov	0	0
regular	639136d68ba6894d155e77cf	639136d68ba6894d155e77cf_63a7d58004d3dc28a52a2102	visit	找到偷袭位置	Determine the ambush spot	0	0
regular	639136df4b15ca31f76bc31f	639136df4b15ca31f76bc31f_639285879444fb141f4e6f25	shoot	在森林的列车停放处消灭任意敌对目标	Eliminate any target at the train depot on Reserve	6	0
regular	639136df4b15ca31f76bc31f	639136df4b15ca31f76bc31f_63aaccae87413d64ae079631	useItem	在储备站火车站台上发射一枚黄色信号弹	Launch a yellow signal flare at the train depot on Reserve	1	0
regular	639136e84ed9512be67647db	639136e84ed9512be67647db_63929101744e452011470818	extract	在塔科夫街区幸存，并通过 Klimov 大街信号弹撤离点撤离	Survive and extract from Streets of Tarkov through Klimov Street (Flare)	1	0
regular	639136f086e646067c176a8b	639136f086e646067c176a8b_63929224744e45201147081a	shoot	在塔科夫街区消灭狙击 Scav	Eliminate Sniper Scavs on Streets of Tarkov	8	0
regular	639136fa9444fb141f4e6eee	639136fa9444fb141f4e6eee_639136fa9444fb141f4e6eef	findQuestItem	取得观察结果	Obtain the observation results	1	0
regular	639136fa9444fb141f4e6eee	639136fa9444fb141f4e6eee_639136fa9444fb141f4e6ef0	giveQuestItem	上交数据	Hand over the data	1	0
regular	639136fa9444fb141f4e6eee	639136fa9444fb141f4e6eee_63a7d8665199ab1f7d4a7747	visit	在塔科夫街区找到监视点位	Locate the surveillance spot on Streets of Tarkov	0	0
regular	63913715f8e5dd32bf4e3aaa	63913715f8e5dd32bf4e3aaa_639da5ec8fe84d33a25a1435	extract	以幸存状态撤离该区域	Survive and extract from the location	1	0
regular	63913715f8e5dd32bf4e3aaa	63913715f8e5dd32bf4e3aaa_63a7d99804d3dc28a52a2106	visit	在塔科夫街区的杂货商店找到血腥直播的拍摄地点	Locate the place of bloody broadcast inside the grocery store on Streets of Tarkov	0	0
regular	6391372c8ba6894d155e77d7	6391372c8ba6894d155e77d7_639da86bad9d7e3216668fd7	extract	以幸存状态撤离该区域	Survive and extract from the location	1	0
regular	6391372c8ba6894d155e77d7	6391372c8ba6894d155e77d7_63a7d6d61f06d111271f5aeb	visit	在塔科夫街区找到邪教徒的聚集处	Locate the cultist meeting spot on Streets of Tarkov	0	0
regular	6391d90f4ed9512be67647df	6391d90f4ed9512be67647df_6391d9ba4b15ca31f76bc325	findQuestItem	在灯塔获得V3 U盘	Obtain the V3 Flash drive on Lighthouse	1	0
regular	6391d90f4ed9512be67647df	6391d90f4ed9512be67647df_6391d9e7ee79ee703e3012e5	findItem	重置无线电发射器	Reflash the Radio transmitter	1	0
regular	6391d90f4ed9512be67647df	6391d90f4ed9512be67647df_6391d9fd8ba6894d155e77db	giveQuestItem	上交U盘	Hand over the flash drive	1	0
regular	6391d90f4ed9512be67647df	6391d90f4ed9512be67647df_63ab6a89e842787ad2135719	visit	前往灯塔	Visit the Lighthouse building	0	0
regular	6391d912f8e5dd32bf4e3ab2	6391d912f8e5dd32bf4e3ab2_6391d9ba4b15ca31f76bc325	findQuestItem	在灯塔获得V3 U盘	Obtain the V3 Flash drive on Lighthouse	1	0
regular	6391d912f8e5dd32bf4e3ab2	6391d912f8e5dd32bf4e3ab2_6391d9e7ee79ee703e3012e5	findItem	重置无线电发射器	Reflash the Radio transmitter	1	0
regular	6391d912f8e5dd32bf4e3ab2	6391d912f8e5dd32bf4e3ab2_6391d9fd8ba6894d155e77db	giveQuestItem	上交U盘	Hand over the flash drive	1	0
regular	6391d912f8e5dd32bf4e3ab2	6391d912f8e5dd32bf4e3ab2_63ab6a89e842787ad2135719	visit	前往灯塔	Visit the Lighthouse building	0	0
regular	6391d9144b15ca31f76bc323	6391d9144b15ca31f76bc323_6391d9ba4b15ca31f76bc325	findQuestItem	在灯塔获得V3 U盘	Obtain the V3 Flash drive on Lighthouse	1	0
regular	6391d9144b15ca31f76bc323	6391d9144b15ca31f76bc323_6391d9e7ee79ee703e3012e5	findItem	重置无线电发射器	Reflash the Radio transmitter	1	0
regular	6391d9144b15ca31f76bc323	6391d9144b15ca31f76bc323_6391d9fd8ba6894d155e77db	giveQuestItem	上交U盘	Hand over the flash drive	1	0
regular	6391d9144b15ca31f76bc323	6391d9144b15ca31f76bc323_63ab6a89e842787ad2135719	visit	前往灯塔	Visit the Lighthouse building	0	0
regular	639282134ed9512be67647ed	639282134ed9512be67647ed_639cdf9aad9d7e3216668fd0	extract	以幸存状态撤离该区域	Survive and extract from the location	1	0
regular	639282134ed9512be67647ed	639282134ed9512be67647ed_63a7d444f32fa1316250c3d5	visit	在塔科夫街区找到运送货物的车队	Locate the cargo convoy on Streets of Tarkov	0	0
regular	639282134ed9512be67647ed	639282134ed9512be67647ed_63a7d461f32fa1316250c3d7	visit	找到偷袭位置	Determine the ambush spot	0	0
regular	63966faeea19ac7ed845db2c	63966faeea19ac7ed845db2c_6397a2eee5d9c6753c61e2d8	extract	在森林幸存，并通过南部载具撤离点撤离	Survive and extract from Woods through Bridge V-Ex	1	0
regular	63966faeea19ac7ed845db2c	63966faeea19ac7ed845db2c_6397a3b6f376f0344e45711b	extract	在海关幸存，并通过宿舍载具撤离点撤离	Survive and extract from Customs through Dorms V-Ex	1	0
regular	63966faeea19ac7ed845db2c	63966faeea19ac7ed845db2c_6397a47fe5d9c6753c61e2da	extract	在立交桥幸存，并通过发电站载具撤离点撤离	Survive and extract from Interchange through Power Station V-Ex	1	0
regular	63966faeea19ac7ed845db2c	63966faeea19ac7ed845db2c_6397a5cbdcdd126fef173f36	extract	在塔科夫街区幸存，并通过Primorsky（Приморский）大道出租车载具撤离点撤离	Survive and extract from Streets of Tarkov through Primorsky Ave Taxi V-Ex	1	0
regular	63966faeea19ac7ed845db2c	63966faeea19ac7ed845db2c_6397a6942e519e69d2139b25	mark	在塔科夫街区找到第一辆Patrol-A装甲车，并使用MS2000指示器标记	Locate and mark the first Patrol-A armored vehicle with an MS2000 Marker on Streets of Tarkov	1	0
regular	63966faeea19ac7ed845db2c	63966faeea19ac7ed845db2c_6397a7ce706b793c7d6094c9	mark	在塔科夫街区找到第二辆Patrol-A装甲车，并使用MS2000指示器标记	Locate and mark the second Patrol-A armored vehicle with an MS2000 Marker on Streets of Tarkov	1	0
regular	63966faeea19ac7ed845db2c	63966faeea19ac7ed845db2c_65e09d3f0d1442c78274027e	extract	在中心区通过警方封锁线载具撤离点撤离	Survive and extract from Ground Zero through Police Cordon V-Ex	1	0
regular	63966fbeea19ac7ed845db2e	63966fbeea19ac7ed845db2e_63990a1ddcdd126fef1771c1	findQuestItem	找到线人的日记	Obtain the informant's journal	1	0
regular	63966fbeea19ac7ed845db2e	63966fbeea19ac7ed845db2e_63990ae2dcdd126fef1771c2	giveQuestItem	将情报上交给Lightkeeper	Bring the information to Lightkeeper	1	0
regular	63966fbeea19ac7ed845db2e	63966fbeea19ac7ed845db2e_63a7cee004d3dc28a52a20f8	visit	在塔科夫街区找到线人备用藏身处	Locate the informant's backup hideout on Streets of Tarkov	0	0
regular	63966fccac6f8f3c677b9d89	63966fccac6f8f3c677b9d89_6399b45d98e4ed53fa4632db	findQuestItem	在灯塔的游荡者基地找到伪造的情报	Obtain the forged intelligence at the Rogue base on Lighthouse	1	0
regular	63966fccac6f8f3c677b9d89	63966fccac6f8f3c677b9d89_6399c929d65735732c6ba766	findQuestItem	在储备站的维修中心里找到原始情报	Obtain the original intelligence in the repair station on Reserve	1	0
regular	63966fccac6f8f3c677b9d89	63966fccac6f8f3c677b9d89_6399ca5fe101160ce05706ac	plantQuestItem	将伪造的情报藏匿在BMP-2下方以完成调包	Stash the forged intelligence under the BMP-2 in place of the original	1	0
regular	63966fccac6f8f3c677b9d89	63966fccac6f8f3c677b9d89_6399cc30b5992f573c65782b	giveQuestItem	将原始情报带给Lightkeeper	Bring the original intelligence to Lightkeeper	1	0
regular	63966fccac6f8f3c677b9d89	63966fccac6f8f3c677b9d89_63b33cd9862e1142130b610c	extract	撤离灯塔	Extract from Lighthouse	1	0
regular	63966fd9ea19ac7ed845db30	63966fd9ea19ac7ed845db30_6397ae22e301557ae24cbfe7	shoot	找到并消灭Glukhar	Locate and neutralize Glukhar	1	0
regular	63966fd9ea19ac7ed845db30	63966fd9ea19ac7ed845db30_6397ae672e519e69d2139b28	shoot	消灭Glukhar的保镖	Eliminate Glukhar's guards	6	0
regular	63966fd9ea19ac7ed845db30	63966fd9ea19ac7ed845db30_6397af5cf376f0344e457120	extract	在储备站幸存，并从峭壁斜坡撤离	Survive and extract from Reserve through Cliff Descent	1	0
regular	63966fd9ea19ac7ed845db30	63966fd9ea19ac7ed845db30_63a9ad4cc31b00242d28a99d	useItem	在雷达站发射一枚黄色信号弹	Shoot a yellow signal flare at the radar station	1	0
regular	63966fe7ea74a47c2d3fc0e6	63966fe7ea74a47c2d3fc0e6_639914b61c712b1e1d4dafcb	shoot	在森林的山区附近击杀PMC	Eliminate PMC operatives around the mountain area on Woods	15	0
regular	63966fe7ea74a47c2d3fc0e6	63966fe7ea74a47c2d3fc0e6_639915f339cb4711771bedc6	plantItem	将TerraGroup "蓝色文件夹"藏匿在森林USEC营地的黑色SUV里面	Hide the TerraGroup "Blue Folders" materials inside the black SUV in the USEC camp on Woods	1	0
regular	63966fe7ea74a47c2d3fc0e6	63966fe7ea74a47c2d3fc0e6_63991601deadb12b2d7c6027	plantItem	将TerraGroup "蓝色文件夹"藏匿在USEC营地卫星天线附近的箱子里	Hide the TerraGroup "Blue Folders" materials in the crates near the satellite antenna in the USEC camp on Woods	1	0
regular	63966ff54c3ef01b6f3ffad8	63966ff54c3ef01b6f3ffad8_639a76e3e4aa7349085cb6e3	shoot	在立交桥使用Ash-12击杀任何位于Kiba Arms商店附近的敌人	Eliminate any target around the Kiba Arms store while using an ASh-12 on Interchange	20	0
regular	63966ff54c3ef01b6f3ffad8	63966ff54c3ef01b6f3ffad8_639a77b97cb1a8023d49f683	plantItem	将咸狗牛肉肠藏匿在Kiba Arms商店里	Stash a Salty Dog beef sausage inside the Kiba Arms store	1	0
regular	63966ff54c3ef01b6f3ffad8	63966ff54c3ef01b6f3ffad8_639a78046402c537c15d012f	plantItem	将一瓶“凶狠跑刀崽”月光藏匿在秘密安全屋里	Stash a Bottle of Fierce Hatchling moonshine inside the secret secure hideout	1	0
regular	63966ff54c3ef01b6f3ffad8	63966ff54c3ef01b6f3ffad8_639a78c27cb1a8023d49f684	plantItem	将厕纸藏匿在秘密物资箱里	Stash a Toilet paper inside the secret container stash	1	0
regular	63966ff54c3ef01b6f3ffad8	63966ff54c3ef01b6f3ffad8_639a79785e3c9b787264d672	extract	以幸存状态撤离该区域	Survive and extract from the location	1	0
regular	639670029113f06a7c3b2377	639670029113f06a7c3b2377_639adf3edbf1d842d260cda6	shoot	击杀掠夺者	Eliminate Raiders	20	0
regular	639670029113f06a7c3b2377	639670029113f06a7c3b2377_639ae49a5e3c9b787264d675	findQuestItem	在实验室的主管办公室里找到加密磁带	Obtain the secured tape inside the manager's office in The Lab	1	0
regular	639670029113f06a7c3b2377	639670029113f06a7c3b2377_639ae5445b201a534f436ef3	giveQuestItem	将磁带上交给Lightkeeper	Bring the tape to Lightkeeper	1	0
regular	639670029113f06a7c3b2377	639670029113f06a7c3b2377_63a7cf9f04d3dc28a52a20fa	visit	搜索实验室的武器测试区域	Search the weapon testing area in The Lab	0	0
regular	639670029113f06a7c3b2377	639670029113f06a7c3b2377_63a7cfe104d3dc28a52a20fc	visit	搜索实验室的人体实验室	Search the human experiment room in The Lab	0	0
regular	6396700fea19ac7ed845db32	6396700fea19ac7ed845db32_639c359f0a20a7001f00c7a8	plantItem	在红色桌子附近藏匿一个 AI .338 LM 战术声音抑制器	Hide AI Tactical Sound Moderator .338 LM near the red table	1	0
regular	6396700fea19ac7ed845db32	6396700fea19ac7ed845db32_639c39807c1532d85b0162a9	plantItem	在山羊床底下藏匿一个Trijicon REAP-IR热成像步枪瞄准镜	Hide Trijicon REAP-IR thermal scope under Makhors' bed	1	0
regular	6396700fea19ac7ed845db32	6396700fea19ac7ed845db32_639c3e21a1c5f814670c35e8	extract	以幸存状态撤离该区域	Survive and extract from the location	1	0
regular	6396700fea19ac7ed845db32	6396700fea19ac7ed845db32_63a7d2acee7b4d0d5507baf2	visit	在塔科夫街区的 Concordia 公寓内找到一处能够俯瞰建筑工地的狙击点	Locate a good sniping position in Concordia overlooking the construction site	0	0
regular	6396700fea19ac7ed845db32	6396700fea19ac7ed845db32_63a7d315f32fa1316250c3d2	visit	在塔科夫街区的 Primorsky 公寓楼内找到一处能够俯瞰十字路口的狙击点	Locate a good sniping position at Primorsky overlooking the movie theater	0	0
regular	6396701b9113f06a7c3b2379	6396701b9113f06a7c3b2379_6397ac912e519e69d2139b26	shoot	从350开外击杀狙击Scav	Eliminate Sniper Scavs from over 350 meters away	10	0
regular	6396701b9113f06a7c3b2379	6396701b9113f06a7c3b2379_639a169e6cd47c525121a116	skill	达到指定的栓动式步枪操作技能等级	Reach the required Bolt-action Rifles skill level	0	0
regular	63967028c4a91c5cb76abd81	63967028c4a91c5cb76abd81_639ae7423174277743234bb7	shoot	清理区域内的PMC	Secure the area from hostile PMC operatives	50	0
regular	63967028c4a91c5cb76abd81	63967028c4a91c5cb76abd81_639aea2228d8a21b593a3491	mark	使用MS2000指示器标记货物所在区域	Mark the cargo area with an MS2000 Marker	1	0
regular	63967028c4a91c5cb76abd81	63967028c4a91c5cb76abd81_639b002fda859817035a344b	extract	以幸存状态撤离该区域	Survive and extract from the location	1	0
regular	63967028c4a91c5cb76abd81	63967028c4a91c5cb76abd81_63bd64552803ffbfad0e3e48	visit	在塔科夫街区找到装有货物的载具	Locate the transport holding the cargo on Streets of Tarkov	0	0
regular	63967028c4a91c5cb76abd81	63967028c4a91c5cb76abd81_63bd64ba3d34b0e64b0d0a17	useItem	在装甲车队附近发射黄色信号弹以表明任务完成	Launch a yellow flare near the armored convoy to confirm that the job is done	1	0
regular	639872f9decada40426d3447	639872f9decada40426d3447_63987404e5163c24b3029356	buildWeapon	按照要求改装OP-SKS	Modify an OP-SKS to comply with the given specifications	1	0
regular	639872fa9b4fb827b200d8e5	639872fa9b4fb827b200d8e5_6398776f93ae507d5858c3a8	buildWeapon	按照要求改装P226R	Modify a P226R to comply with the given specifications	1	0
regular	639872fc93ae507d5858c3a6	639872fc93ae507d5858c3a6_63987860c8f8cc12a47b02a6	buildWeapon	按照要求改装KRISS Vector 9x19	Modify a KRISS Vector 9x19 to comply with the given specifications	1	0
regular	639872fe8871e1272b10ccf6	639872fe8871e1272b10ccf6_639879addecada40426d3449	buildWeapon	按照要求改装HK 416A5	Modify an HK 416A5 to comply with the given specifications	1	0
regular	639873003693c63d86328f25	639873003693c63d86328f25_63987a4e3693c63d86328f27	buildWeapon	按照要求改装SVDS	Modify an SVDS to comply with the given specifications	1	0
regular	63987301e11ec11ff5504036	63987301e11ec11ff5504036_63987b49cd51826f7a069b85	buildWeapon	按照要求改装M700	Modify an M700 to comply with the given specifications	1	0
regular	63987301e11ec11ff5504036	63987301e11ec11ff5504036_63987b9c05aa481907106505	buildWeapon	按照要求改装M1911	Modify an M1911 to comply with the given specifications	1	0
regular	639dbaf17c898a131e1cffff	639dbaf17c898a131e1cffff_63a7cd3aee7b4d0d5507baee	visit	在塔科夫街区找到老赖	Locate the debtor on Streets of Tarkov	0	0
regular	639dbaf17c898a131e1cffff	639dbaf17c898a131e1cffff_6a5a96d23542bf577a87a59d	giveItem	上交物品：铁门钥匙	Hand over the item: Iron gate key	1	0
regular	639dbaf17c898a131e1cffff	639dbaf17c898a131e1cffff_6a5a9710671cbfe928bbfde2	visit	在塔科夫街区找到私人监狱看守的公寓房间	Locate the private prison warden's apartment on Streets of Tarkov	0	0
regular	63a511ea30d85e10e375b045	63a511ea30d85e10e375b045_63a511ea30d85e10e375b047	extract	以幸存状态撤离该区域	Survive and extract from the location	1	0
regular	63a511ea30d85e10e375b045	63a511ea30d85e10e375b045_63ac22b8f627f540861d1b2d	visit	在塔科夫街区的老房子里找到血腥直播的拍摄地点	Locate the place of bloody broadcast inside the old house on Streets of Tarkov	0	0
regular	63a5cf262964a7488f5243ce	63a5cf262964a7488f5243ce_63a5cf262964a7488f5243d1	shoot	在森林、中心区、立交桥或海关使用 MP5SD 消灭 PMC 行动人员	Eliminate PMC operatives with an MP5SD on Woods, Ground Zero, Interchange, or Customs	5	0
regular	63a88045abf76d719f42d715	63a88045abf76d719f42d715_63a98cdf655ec5555b4aa9e6	giveItem	上交战局中找到的物品：咸狗牛肉肠	Hand over the found in raid item: Salty Dog beef sausage	1	0
regular	63a88045abf76d719f42d715	63a88045abf76d719f42d715_63a98cfbc31b00242d28a95b	visit	搜索Nikitskaya大街的Shestyorochka（Шестёрочка）商店	Scout the Shestyorochka store at Nikitskaya street	0	0
regular	63a88045abf76d719f42d715	63a88045abf76d719f42d715_63a98d24655ec5555b4aa9e7	visit	搜索Primorsky大道的Sparja（Спаржа）商店	Scout the Sparja store at Primorsky ave	0	0
regular	63a88045abf76d719f42d715	63a88045abf76d719f42d715_63a98d39da7999196148ba3a	visit	搜索Pinewood酒店的Sparja（Спаржа）商店	Scout the Sparja store in Pinewood hotel	0	0
regular	63a88045abf76d719f42d715	63a88045abf76d719f42d715_63a98d60c0f61a5d8731cd9f	visit	搜索Concordia区的Goshan商店	Scout the Goshan store in Concordia	0	0
regular	63a9ae24009ffc6a551631a5	63a9ae24009ffc6a551631a5_63a9ae63da7999196148ba5c	shoot	在储备站或灯塔使用 AK-74 系列突击步枪消灭任意目标	Eliminate any target with AK-74 series weapons on Reserve or Lighthouse	30	0
regular	63a9b229813bba58a50c9ee5	63a9b229813bba58a50c9ee5_63a9b229813bba58a50c9ee6	shoot	使用 AR-15 系列武器在储备站、灯塔、海岸线或中心区从 100 米外消灭任意敌对目标	Eliminate any target with AR-15 weapons from over 100 meters away on Reserve, Lighthouse, Shoreline, or Ground Zero	30	0
regular	63a9b36cc31b00242d28a99f	63a9b36cc31b00242d28a99f_63a9b3d7813bba58a50c9ee9	shoot	在日间工厂使用近战武器消灭 Scav	Eliminate Scavs with melee weapons on daytime Factory	10	0
regular	63a9b36cc31b00242d28a99f	63a9b36cc31b00242d28a99f_63a9b41dad5cc12f22162022	shoot	在塔科夫街区使用近战武器消灭 Scav	Eliminate Scavs with melee weapons on Streets of Tarkov	10	0
regular	63a9b36cc31b00242d28a99f	63a9b36cc31b00242d28a99f_63a9b45bda7999196148ba5f	shoot	在灯塔使用近战武器消灭 Scav	Eliminate Scavs with melee weapons on Lighthouse	10	0
regular	63a9b36cc31b00242d28a99f	63a9b36cc31b00242d28a99f_63a9b557da7999196148ba61	shoot	在海岸线使用近战武器消灭 Scav	Eliminate Scavs with melee weapons on Shoreline	10	0
regular	63a9b36cc31b00242d28a99f	63a9b36cc31b00242d28a99f_63a9b5f064b9631d9178276b	shoot	在储备站使用近战武器消灭 Scav	Eliminate Scavs with melee weapons on Reserve	10	0
regular	63a9b36cc31b00242d28a99f	63a9b36cc31b00242d28a99f_65e0a329893b7bf535c6a9fd	shoot	在中心区使用近战武器消灭 Scav	Eliminate Scavs with melee weapons on Ground Zero	10	0
regular	63ab180c87413d64ae0ac20a	63ab180c87413d64ae0ac20a_63ab184ff627f540861d1185	extract	在塔科夫街区幸存，并通过Primorsky（Приморский）大道出租车载具撤离点撤离	Survive and extract from Streets of Tarkov through Primorsky Ave Taxi V-Ex	1	0
regular	64e7b971f9d6fa49d6769b44	64e7b971f9d6fa49d6769b44_64e7ba17220ee966bf425ecb	shoot	找到并消灭Kaban	Locate and neutralize Kaban	1	0
regular	64e7b99017ab941a6f7bf9d7	64e7b99017ab941a6f7bf9d7_64e7bc2c5e6d3e61ca2ca097	shoot	在塔科夫街区的 Stylobate 大楼附近使用手枪消灭任意目标	Eliminate any target at the stylobate building while using Pistols on Streets of Tarkov	15	0
regular	64e7b9a4aac4cd0a726562cb	64e7b9a4aac4cd0a726562cb_64e7bd0c6393886f74119f41	shoot	在塔科夫街区的Rodina影院建筑附近使用冲锋枪击杀任意敌对目标	Eliminate any target at the Rodina cinema while using SMGs on Streets of Tarkov	25	0
regular	64e7b9bffd30422ed03dad38	64e7b9bffd30422ed03dad38_64e7bdd52d369a1c0172722f	shoot	在塔科夫街区使用突击步枪或突击卡宾枪消灭任意敌对目标	Eliminate any target with Assault rifles or Assault carbines on Streets of Tarkov	20	0
regular	64ee99639878a0569d6ec8c9	64ee99639878a0569d6ec8c9_64ee9a979878a0569d6ec8cb	visit	在塔科夫街区的Chekannaya大街找到仪式地点	Locate the ritual spot on Chekannaya st. on Streets of Tarkov	0	0
regular	64ee99639878a0569d6ec8c9	64ee99639878a0569d6ec8c9_64ee9b5a1a5f313cb144bf87	plantItem	在仪式地点藏匿一把邪教徒的刀	Stash a Cultist knife at the ritual spot	1	0
regular	64ee99639878a0569d6ec8c9	64ee99639878a0569d6ec8c9_64eea404a2a5bb727b61c31e	shoot	找到并消灭邪教徒祭司	Locate and neutralize Priest	1	0
regular	64ee9df4496db64f9b7a4432	64ee9df4496db64f9b7a4432_64ee9df4496db64f9b7a4433	visit	在塔科夫街区调查神秘的信号干扰	Locate the cause of the signal interference on Streets of Tarkov	0	0
regular	64ee9df4496db64f9b7a4432	64ee9df4496db64f9b7a4432_64ee9df4496db64f9b7a4435	plantItem	安装WI-FI摄像头以监视房门	Install a WI-FI Camera to watch the door	1	0
regular	64ee9df4496db64f9b7a4432	64ee9df4496db64f9b7a4432_64eea6059878a0569d6ec98b	plantItem	安装WI-FI摄像头以监视楼梯	Install a WI-FI Camera to watch the stairwell	1	0
regular	64f3176921045e77405d63b5	64f3176921045e77405d63b5_64f3176921045e77405d63ba	findQuestItem	在塔科夫街区找到并获取救护车急救员的手机	Locate and obtain the ambulance paramedic's smartphone on Streets of Tarkov	1	0
regular	64f3176921045e77405d63b5	64f3176921045e77405d63b5_64f3176921045e77405d63bb	giveQuestItem	上交手机	Hand over the smartphone	1	0
regular	64f3176921045e77405d63b5	64f3176921045e77405d63b5_64f4fdfa67e11a7c6206de72	extract	通过Primorsky大道出租车载具撤离点撤离	Extract from Streets of Tarkov through Primorsky Ave Taxi V-Ex	1	0
regular	64f5aac4b63b74469b6c14c2	64f5aac4b63b74469b6c14c2_64f5aac4b63b74469b6c14c7	visit	在塔科夫街区找到Prapor朋友的工作地点	Locate the place of work of Prapor's friend on Streets of Tarkov	0	0
regular	64f5aac4b63b74469b6c14c2	64f5aac4b63b74469b6c14c2_64f5b876a2a5bb727b61c5ad	findQuestItem	收集任何与 Prapor 朋友下落有关的信息	Obtain any information on the fate of Prapor's friend	1	0
regular	64f5aac4b63b74469b6c14c2	64f5aac4b63b74469b6c14c2_64f5bbc967e11a7c6206e00e	giveQuestItem	上交数据	Hand over the found data	1	0
regular	64f5aac4b63b74469b6c14c2	64f5aac4b63b74469b6c14c2_6a26943d55478d73e6b4fadf	visit	在塔科夫街区找到Prapor朋友的公寓	Locate the apartment of Prapor's friend on Streets of Tarkov	0	1
regular	64f5deac39e45b527a7c4232	64f5deac39e45b527a7c4232_64f5deac39e45b527a7c4235	shoot	在灯塔、海关或储备站使用装有Valday PS-320 1/6x瞄准镜与消音器的AK-12击杀PMC行动人员	Eliminate 20 PMCs with AK-12 with the proprietary suppressor and PS-320 scope on Lighthouse, Customs, or Reserve	10	0
regular	64f5e20652fc01298e2c61e3	64f5e20652fc01298e2c61e3_64f6a9e6dd44b6417729b535	findQuestItem	在塔科夫街区的白鲸餐厅找到并获取有关烹饪的秘密信息	Locate and obtain information on culinary secrets at the Beluga restaurant on Streets of Tarkov	1	0
regular	64f5e20652fc01298e2c61e3	64f5e20652fc01298e2c61e3_64f6aa6cdd44b6417729b536	giveQuestItem	上交找到的信息	Hand over the found data	1	0
regular	64f6aafd67e11a7c6206e0d0	64f6aafd67e11a7c6206e0d0_64f6aafd67e11a7c6206e0d1	findQuestItem	在塔科夫街区的 TerraGroup 办公室找到并获取红色瓶装神秘原料	Locate and obtain the red vial at the TerraGroup office on Streets of Tarkov	1	0
regular	64f6aafd67e11a7c6206e0d0	64f6aafd67e11a7c6206e0d0_64f6aafd67e11a7c6206e0d2	giveQuestItem	上交找到的物品	Hand over the found item	1	0
regular	64f731ab83cfca080a361e42	64f731ab83cfca080a361e42_64f731fa39e45b527a7c4300	visit	在塔科夫街区找到并检查兽医诊所	Locate and scout the vet clinic on Streets of Tarkov	0	0
regular	64f731ab83cfca080a361e42	64f731ab83cfca080a361e42_64f732240e186112c4455d84	visit	在塔科夫街区找到并检查 X 光技师的工作间	Locate and scout the x-ray technician's room on Streets of Tarkov	0	0
regular	64f731ab83cfca080a361e42	64f731ab83cfca080a361e42_6a568465f58d7f6b0a60fe7f	visit	在塔科夫街区 Primorsky 大街找到第一家药店	Locate the first pharmacy on Primorsky Ave on Streets of tarkov	0	0
regular	64f731ab83cfca080a361e42	64f731ab83cfca080a361e42_6a56846efc5f232676a88d09	visit	在塔科夫街区 Primorsky 大街找到第二家药店	Locate the second pharmacy on Primorsky Ave on Streets of tarkov	0	0
regular	64f731ab83cfca080a361e42	64f731ab83cfca080a361e42_6a56847638efe4385b7efdb3	visit	在塔科夫街区 Cardinal 公寓区附近找到第三家药店	Locate the pharmacy near Cardinal apartment complex on Streets of tarkov	0	0
regular	64f731ab83cfca080a361e42	64f731ab83cfca080a361e42_6a5684f79688ddb4fea39af6	giveItem	上交任意在战局中找到的医疗物品	Hand over any found in raid medicine items	5	0
regular	64f83bb69878a0569d6ecfbe	64f83bb69878a0569d6ecfbe_64f83d0eed30ed471f49bcde	buildWeapon	按照要求改装CMMG Mk47	Modify a CMMG Mk47 Mutant to comply with the given specifications	1	0
regular	64f83bcdde58fc437700d8fa	64f83bcdde58fc437700d8fa_64f83e9d52fc01298e2c857e	buildWeapon	按照要求改装KAC SR-25	Modify a KAC SR-25 to comply with the given specifications	1	0
regular	64f83bd983cfca080a362c82	64f83bd983cfca080a362c82_64f841199a4f905106515448	buildWeapon	按照要求改装PKP机枪	Modify a PKP machine gun to comply with the given specifications	1	0
regular	6572e876dc0d635f633a5714	6572e876dc0d635f633a5714_6572e876dc0d635f633a5718	visit	在塔科夫街区的Klimov大街找到第一批ATM机	Locate the first group of ATMs on Klimov Street on Streets of Tarkov	0	1
regular	6572e876dc0d635f633a5714	6572e876dc0d635f633a5714_65730579d50436e87723dae4	visit	在塔科夫街区的Klimov大街找到第一台ATM机	Locate the first ATM on Klimov Street on Streets of Tarkov	0	1
regular	6572e876dc0d635f633a5714	6572e876dc0d635f633a5714_6573058b4e3f646b0e364add	visit	在塔科夫街区 Klimov 大街找到第一批 ATM 机	Locate the first group of ATMs inside Klimov Shopping Mall on Streets of Tarkov	0	1
regular	6572e876dc0d635f633a5714	6572e876dc0d635f633a5714_6573058d6a542c099ce5d92b	visit	在塔科夫街区 Klimov 商场内找到第一台 ATM 机	Locate the first ATM inside Klimov Shopping Mall on Streets of Tarkov	0	1
regular	6572e876dc0d635f633a5714	6572e876dc0d635f633a5714_6573058f5c2ba64444301c25	visit	在塔科夫街区 Klimov 商场内找到第二批 ATM 机	Locate the second group of ATMs inside Klimov Shopping Mall on Streets of Tarkov	0	1
regular	6572e876dc0d635f633a5714	6572e876dc0d635f633a5714_657305913186869491d7f5fd	visit	在塔科夫街区 Klimov 商场内找到第二台 ATM 机	Locate the second ATM inside Klimov Shopping Mall on Streets of Tarkov	0	1
regular	6572e876dc0d635f633a5714	6572e876dc0d635f633a5714_65730593d4b1bd9359203a74	visit	在塔科夫街区 Klimov 商场内找到第三台 ATM 机	Locate the third ATM inside Klimov Shopping Mall on Streets of Tarkov	0	1
regular	6572e876dc0d635f633a5714	6572e876dc0d635f633a5714_65730595fd5ec1426ebd5484	visit	在塔科夫街区 Klimov 商场内找到第三批 ATM 机	Locate the third group of ATMs inside Klimov Shopping Mall on Streets of Tarkov	0	1
regular	6572e876dc0d635f633a5714	6572e876dc0d635f633a5714_65730597d64537696cc661c6	visit	在塔科夫街区 Klimov 大街找到第二台ATM机	Locate the second ATM on Klimov Street on Streets of Tarkov	0	1
regular	6572e876dc0d635f633a5714	6572e876dc0d635f633a5714_657305989d1d1fe81237e9e7	visit	在塔科夫街区 Klimov 大街找到第三台ATM机	Locate the third ATM on Klimov Street on Streets of Tarkov	0	1
regular	6572e876dc0d635f633a5714	6572e876dc0d635f633a5714_6a5b8db01dc53f0f3ec7f0d9	mark	在塔科夫街区使用 MS2000 指示器标记 Klimov 大道上的任意一台 ATM 机	Mark any ATM on Klimov Street with an MS2000 Marker on Streets of Tarkov	1	0
regular	657315ddab5a49b71f098853	657315ddab5a49b71f098853_65732ac3c67dcd96adffa3c7	visit	在中心区找到 Emercom 站点	Locate the Emercom station on Ground Zero	0	0
regular	657315ddab5a49b71f098853	657315ddab5a49b71f098853_65817bf31404f3565aef9fec	giveItem	上交任意在战局中找到的医疗物品	Hand over any found in raid medicine items	3	0
regular	657315df034d76585f032e01	657315df034d76585f032e01_657333fee3fbaa77d3b5cd7c	visit	在中心区找到 KORD Utyos 机枪	Locate the Utyos machine gun on Ground Zero	0	0
regular	657315df034d76585f032e01	657315df034d76585f032e01_6573340403f471fb2bb12df1	visit	在中心区找到 AGS 榴弹发射器	Locate the AGS grenade launcher on Ground Zero	0	0
regular	657315df034d76585f032e01	657315df034d76585f032e01_6a54a310b22ea41cf1c54a20	shoot	在中心区消灭任意敌对目标	Eliminate any target on Ground Zero	5	0
regular	657315e1dccd301f1301416a	657315e1dccd301f1301416a_6575aa67197bd678a0c3f552	visit	在中心区找到酒商店	Locate the liquor store on Ground Zero	0	0
regular	657315e1dccd301f1301416a	657315e1dccd301f1301416a_65817cabba2ba6ef71fc72ca	findQuestItem	在商店中找到并获取酒瓶	Locate and obtain the wine bottle in the store	1	0
regular	657315e1dccd301f1301416a	657315e1dccd301f1301416a_65817cd2881a7e07b3ec1249	giveQuestItem	上交酒瓶	Hand over the wine bottle	1	0
regular	657315e270bb0b8dba00cc48	657315e270bb0b8dba00cc48_65733e571b7e7ed95fcd2f0c	extract	在中心区使用载具撤离点	Use the paid vehicle extraction on Ground Zero	1	0
regular	657315e4a6af4ab4b50f3459	657315e4a6af4ab4b50f3459_6575a524a39d2be74e620546	visit	在中心区的 TerraGroup 大楼停车场找到 USEC PMC的踪迹	Locate the USEC group at the parking lot of the TerraGroup complex	0	1
regular	657315e4a6af4ab4b50f3459	657315e4a6af4ab4b50f3459_6575a62a62028c6d5cb43cb7	visit	在中心区的 TerraGroup 总部内找到实验室科学家	Locate the lab scientist in the TerraGroup complex	0	1
regular	657315e4a6af4ab4b50f3459	657315e4a6af4ab4b50f3459_6575a64d3fc09bdfb38b713d	visit	获得钥匙并进入科学家办公室	Access the lab scientist's office on Ground Zero	0	0
regular	657315e4a6af4ab4b50f3459	657315e4a6af4ab4b50f3459_65817fbbb454159976c91917	findQuestItem	找到并获取科学家的硬盘	Locate and obtain the scientist's hard drive	1	0
regular	657315e4a6af4ab4b50f3459	657315e4a6af4ab4b50f3459_65817fc99a039ed2e97896e4	giveQuestItem	上交硬盘	Hand over the hard drive	1	0
regular	65733403eefc2c312a759ddb	65733403eefc2c312a759ddb_65733403eefc2c312a759ddc	visit	在塔科夫街区找到IT公司的办公室	Locate the IT firm office on Streets of Tarkov	0	0
regular	65733403eefc2c312a759ddb	65733403eefc2c312a759ddb_65801ad655315fdce2096bec	visit	解开公司获得成功的秘密	Unravel the secret of the firm's success	0	0
regular	65733403eefc2c312a759ddb	65733403eefc2c312a759ddb_65801b07a26e65a69c2fedd1	extract	以幸存状态撤离该区域	Survive and extract from the location	1	0
regular	6573382e557ff128bf3da536	6573382e557ff128bf3da536_6573382e557ff128bf3da537	visit	解开塔科夫街区IT公司员工士气高涨的秘密	Unravel the secret of the IT firm's employees' high morale on Streets of Tarkov	0	0
regular	6573382e557ff128bf3da536	6573382e557ff128bf3da536_65800413f41301adef3c9698	extract	以幸存状态撤离该区域	Survive and extract from the location	1	0
regular	6573387d0b26ed4fde798de3	6573387d0b26ed4fde798de3_6573387d0b26ed4fde798de4	visit	在塔科夫街区的Primorsky大街找到第一家药店	Locate the first pharmacy on Primorsky Ave on Streets of Tarkov	0	0
regular	6573387d0b26ed4fde798de3	6573387d0b26ed4fde798de3_657338ded9b444e1fb07b1a8	visit	在塔科夫街区的Primorsky大街找到第二家药店	Locate the second pharmacy on Primorsky Ave on Streets of Tarkov	0	0
regular	6573387d0b26ed4fde798de3	6573387d0b26ed4fde798de3_657338ed8e8e3a05445b760d	visit	在塔科夫街区的Cardinal公寓区找到第三家药店	Locate the third pharmacy at Cardinal apartment complex on Streets of Tarkov	0	0
regular	6573387d0b26ed4fde798de3	6573387d0b26ed4fde798de3_658009db6b313a8a4ed58851	extract	以幸存状态撤离该区域	Survive and extract from the location	1	0
regular	6573397ef3f8344c4575cd87	6573397ef3f8344c4575cd87_6573397ef3f8344c4575cd88	visit	在塔科夫街区找到不动产管理处	Locate the real estate fund on Streets of Tarkov	0	0
regular	6573397ef3f8344c4575cd87	6573397ef3f8344c4575cd87_6581676e7a18ff402fd23e68	findQuestItem	找到并获取塔科夫地区的不动产交易记录	Locate and obtain the Tarkov real estate transactions document	1	0
regular	6573397ef3f8344c4575cd87	6573397ef3f8344c4575cd87_658167a0e53c40116f8632fa	giveQuestItem	上交找到的信息	Hand over the obtained information	1	0
regular	65734c186dc1e402c80dc19e	65734c186dc1e402c80dc19e_65734c186dc1e402c80dc1a2	shoot	在塔科夫街区佩戴 Bomber 无檐小便帽和雷硼嬉皮太阳镜消灭任意敌人	Eliminate any target while wearing a Bomber beanie and RayBench Hipster Reserve sunglasses on Streets of Tarkov	15	0
regular	65734c186dc1e402c80dc19e	65734c186dc1e402c80dc19e_657356c410becd24bc776f55	plantItem	在塔科夫街区的理发店里藏匿Bomber 无檐小便帽	Stash a Bomber beanie inside the barber shop on Streets of Tarkov	1	0
regular	65734c186dc1e402c80dc19e	65734c186dc1e402c80dc19e_657356d0a95a1e7e1a8d8d99	plantItem	在塔科夫街区的理发店里藏匿雷硼嬉皮太阳镜	Stash RayBench Hipster Reserve sunglasses inside the barber shop on Streets of Tarkov	1	0
regular	6574e0dedc0d635f633a5805	6574e0dedc0d635f633a5805_6574e0dedc0d635f633a5807	shoot	在海岸线、灯塔或储备站使用带有 EKP-1S-03 瞄具的 RPDN 机枪消灭任意目标	Eliminate any target with an RPDN with EKP-1S-03 sight on Shoreline, Lighthouse, or Reserve	40	0
regular	6578eb36e5020875d64645cd	6578eb36e5020875d64645cd_6578eb36e5020875d64645d0	shoot	找到并消灭Kollontay	Locate and neutralize Kollontay	1	0
regular	6578eb36e5020875d64645cd	6578eb36e5020875d64645cd_6582b05dc992d6dcc0a40c75	giveItem	上交在战局中找到的Kollontay的警棍	Hand over the found in raid Kollontay's police baton	1	0
regular	6578ec473dbd035d04531a8d	6578ec473dbd035d04531a8d_6578ec473dbd035d04531a92	mark	在森林使用 MS2000 指示器标记任意一个气象站	Mark any of the weather stations with an MS2000 Marker on Woods	1	0
regular	658027799634223183395339	658027799634223183395339_65802779963422318339533c	shoot	在海岸线或立交桥走私者营地范围内消灭任意目标	Eliminate any target at the smuggler bases on Shoreline or Interchange	10	0
regular	65802b627b44fa5e14638899	65802b627b44fa5e14638899_65802b627b44fa5e1463889a	visit	在海岸线找到Ragman的SUV	Locate Ragman's SUV on Shoreline	0	0
regular	65802b627b44fa5e14638899	65802b627b44fa5e14638899_65802bfabac8c53c548fca2a	extract	以幸存状态撤离该区域	Survive and extract from the location	1	0
regular	66058cb22cee99303f1ba067	66058cb22cee99303f1ba067_6606b709f7ce34bb26221cab	plantItem	将竞技场广告海报安放在海关 Scav 营地	Plant the Arena advertisement poster in the living quarters at the Scav base on Customs	1	0
regular	66058cb5ae4719735349b9e8	66058cb5ae4719735349b9e8_6606bd2aa49db36b69b6dbf9	giveItem	上交战局中找到的物品：饮料	Hand over the found in raid items from the Drinks category	5	0
regular	66058cb5ae4719735349b9e8	66058cb5ae4719735349b9e8_6606bd6768f8018fffebd998	giveItem	上交战局中找到的物品：食物	Hand over the found in raid items from the Food category	5	0
regular	66058cb7c7f3584787181476	66058cb7c7f3584787181476_6606d133fcb99b9004aa2d1d	shoot	在任意地图使用 Steyr AUG 消灭 Scav	Eliminate Scavs while using a Steyr AUG on any location	5	0
regular	66058cb9e8e4f17985230805	66058cb9e8e4f17985230805_660a9c99c650fa4d531f4c96	shoot	在任意地图穿戴 PACA 防弹衣击杀 PMC 行动人员	Eliminate PMC operatives while wearing a PACA Soft Armor on any location	2	0
regular	66058cbb06ef1d50a60c1f46	66058cbb06ef1d50a60c1f46_6606d08b4e2e27ca2d80085e	giveItem	上交战局中找到的物品：四级及以上装甲板	Hand over the found in raid items: Class 4 or higher ballistic plates	3	0
regular	66058cbd9f59e625462acc8e	66058cbd9f59e625462acc8e_660a9dc64c0927ead4fcfeef	plantItem	在中心区区域的咖啡馆二楼安放TP-200 砖型TNT	Plant TP-200 TNT bricks on the second floor of the cafe on Ground Zero	3	0
regular	66058cbf2f19c31a5a1337ec	66058cbf2f19c31a5a1337ec_660d5effb318c171fb1ca234	shoot	在塔科夫街区消灭Kaban或Kollontay的保镖	Eliminate Kaban's or Kollontay's guards on Streets of Tarkov	2	0
regular	66058cc1da30b620a34e6e86	66058cc1da30b620a34e6e86_662ba5a89d8041c264dd9673	visit	在竞技场 CheckPoint 或 LastHero 模式下赢得一场战斗	Win a match in CheckPoint or LastHero mode in Arena	0	0
regular	66058cc208308761cf390993	66058cc208308761cf390993_662ba78e19c86d3199ae0a93	visit	在竞技场赢得一场 TeamFight 或 BlastGang 或 CheckPoint 模式的战斗	Win a match in TeamFight, BlastGang, or CheckPoint mode in Arena	0	0
regular	66058cc5bb83da7ba474aba9	66058cc5bb83da7ba474aba9_662ba61d3ed61b6b78187b71	visit	在竞技场赢得两场 TeamFight 或 BlastGang 或 CheckPoint 模式的战斗，至少取得前三名的排名	Win 2 matches while claiming at least 3rd place in TeamFight, BlastGang, or CheckPoint mode in Arena	0	0
regular	66058cc72cee99303f1ba069	66058cc72cee99303f1ba069_662bb23200ae352a6d5a415d	visit	在竞技场进行六场 TeamFight 或 BlastGang 或 CheckPoint 模式的战斗，至少赢得其中三场	Win three out of six matches in TeamFight, BlastGang, or CheckPoint mode in Arena	0	0
regular	66058cc72cee99303f1ba069	66058cc72cee99303f1ba069_6633a85e347a2a2b4051a26b	giveItem	上交卢布	Hand over Roubles	1000000	0
regular	66058cc72cee99303f1ba069	66058cc72cee99303f1ba069_665493a649bd17856482ba77	visit	在竞技场进行六场 TeamFight 或 BlastGang 或 CheckPoint 模式的战斗，至少赢得其中三场	Win three out of six matches in TeamFight, BlastGang, or CheckPoint mode in Arena	0	1
regular	66058cc9ae4719735349b9ea	66058cc9ae4719735349b9ea_6978a38c3df6fd9e18d5ed3b	visit	在竞技场赢得一场 TeamFight 或 BlastGang 或 CheckPoint 模式的战斗，至少排名前两名	Win a match claiming at least 2nd place in the team in TeamFight, BlastGang, or CheckPoint mode	0	0
regular	66058ccbc7f3584787181478	66058ccbc7f3584787181478_664ef2e5c11296c444642040	visit	在海关找到前冠军的房间	Locate the old champion's room on Customs	0	0
regular	66058ccbc7f3584787181478	66058ccbc7f3584787181478_664ef37c4c1e8a2e6c4b1e9a	visit	调查前任冠军的遭遇	Find out what happened to the champion	0	0
regular	66058ccbc7f3584787181478	66058ccbc7f3584787181478_664ef3c238dad5c6686a6d1e	extract	以幸存状态撤离海关	Survive and extract from the location	1	0
regular	66058ccbc7f3584787181478	66058ccbc7f3584787181478_67e6b531ca71d03c35350b31	findItem	在海岸线的走私者营地找到并获取钥匙	Locate and obtain the key at the smugglers' base on Shoreline	1	1
regular	66058ccde8e4f17985230807	66058ccde8e4f17985230807_663b9bb7fe7953705cb09114	shoot	在竞技场任意游戏模式中消灭敌人	Eliminate enemies in any game mode in Arena	100	0
regular	66058ccf06ef1d50a60c1f48	66058ccf06ef1d50a60c1f48_664fd7aba8d870609d099fed	findQuestItem	找到并获取竞技场裁判的黑料	Locate and obtain the compromising information on Ref	1	0
regular	66058ccf06ef1d50a60c1f48	66058ccf06ef1d50a60c1f48_664fd7f0837ee02ad4c8e658	giveQuestItem	上交找到的信息	Hand over the found info	1	0
regular	66058ccf06ef1d50a60c1f48	66058ccf06ef1d50a60c1f48_6658eb28849643547f210708	visit	返回海关的前冠军藏身处	Return to the old champion's hideout on Customs	0	0
regular	66058cd19f59e625462acc90	66058cd19f59e625462acc90_664fd86520fa1bd9f8fa5489	findQuestItem	找到并获取竞技场裁判的黑料	Locate and obtain the compromising information on Ref	1	0
regular	66058cd19f59e625462acc90	66058cd19f59e625462acc90_664fd88c4f7e4352f0799f92	giveQuestItem	上交找到的信息	Hand over the found info	1	0
regular	6613f3007f6666d56807c929	6613f3007f6666d56807c929_6613f36ca4dc044e13e02295	shoot	击杀掠夺者	Eliminate Raiders	100	0
regular	6613f3007f6666d56807c929	6613f3007f6666d56807c929_6616819ac7c53d7769413d9c	giveItem	上交在战局中找到的 WARTECH 品牌装备	Hand over the found in raid WARTECH brand equipment	50	0
regular	6613f307fca4f2f386029409	6613f307fca4f2f386029409_6615127fd998c5f2aaa4a8a0	shoot	击杀游荡者	Eliminate Rogues	100	0
regular	6613f307fca4f2f386029409	6613f307fca4f2f386029409_661681edabe376e7d6eab98f	giveItem	上交在战局中找到的 LBT 品牌装备	Hand over the found in raid LBT brand equipment	50	0
regular	66151401efb0539ae10875ae	66151401efb0539ae10875ae_66151401efb0539ae10875af	shoot	击杀掠夺者	Eliminate Raiders	100	0
regular	66151401efb0539ae10875ae	66151401efb0539ae10875ae_66168239957ac58c30b29135	giveItem	上交在战局中找到的 WARTECH 品牌装备	Hand over the found in raid WARTECH brand equipment	50	0
regular	6615141bfda04449120269a7	6615141bfda04449120269a7_6615141bfda04449120269a8	shoot	击杀游荡者	Eliminate Rogues	100	0
regular	6615141bfda04449120269a7	6615141bfda04449120269a7_661682aed31d408548016468	giveItem	上交在战局中找到的 LBT 品牌装备	Hand over the found in raid LBT brand equipment	50	0
regular	665eeacf5d86b6c8aa03c79b	665eeacf5d86b6c8aa03c79b_665eed28bdbf7b1f92394ecb	shoot	22:00-07:00 期间在海岸线消灭 Scav	Eliminate Scavs during 22:00-07:00 on Shoreline	12	0
regular	665eec1f5e47a79f8605565a	665eec1f5e47a79f8605565a_665ef4d93bd11acd294ac48c	findItem	在战局中找到物品：5 升丙烷罐	Find the item in raid: Propane tank (5L)	2	0
regular	665eec1f5e47a79f8605565a	665eec1f5e47a79f8605565a_665ef4f08f3a505364a8ab09	giveItem	上交物品	Hand over the items	2	0
regular	665eec4a4dfc83b0ed0a9dca	665eec4a4dfc83b0ed0a9dca_6661a14545909ae2e92ca2d5	visit	在森林找到指定埋藏点	Locate the specified stash spot on Woods	0	0
regular	665eec4a4dfc83b0ed0a9dca	665eec4a4dfc83b0ed0a9dca_6661a170945719c63f28d9c6	plantItem	埋藏第一个丙烷罐	Stash the first Propane tank (5L)	1	0
regular	665eec4a4dfc83b0ed0a9dca	665eec4a4dfc83b0ed0a9dca_6661a18a12e8457716d59f5d	visit	在海关找到指定埋藏点	Locate the specified stash spot on Customs	0	0
regular	665eec4a4dfc83b0ed0a9dca	665eec4a4dfc83b0ed0a9dca_6661a1a1b1953d6c96da8f0e	plantItem	埋藏第二个丙烷罐	Stash the second Propane tank (5L)	1	0
regular	665eeca45d86b6c8aa03c79d	665eeca45d86b6c8aa03c79d_6660785fc37356435d193ae4	visit	在海岸线找到与“渴死鬼”有关的任何信息	Locate any information about Thirsty on Shoreline	0	0
regular	665eeca45d86b6c8aa03c79d	665eeca45d86b6c8aa03c79d_66607896f2ea02201517c203	findQuestItem	在“渴死鬼”的藏身处找到信息	Obtain the information in Thirsty's hideout	1	0
regular	665eeca45d86b6c8aa03c79d	665eeca45d86b6c8aa03c79d_666078bee6ed30ab2294f593	giveQuestItem	上交找到的信息	Hand over the found information	1	0
regular	665eeca92f7aedcc900b0437	665eeca92f7aedcc900b0437_6661a28be2cdba6a469447c7	giveItem	上交战局中找到的物品：肾上腺素注射器	Hand over the found in raid item: Adrenaline injector	2	0
regular	665eeca92f7aedcc900b0437	665eeca92f7aedcc900b0437_6661a2ae387c59056c822add	giveItem	上交战局中找到的物品：OLOLO 瓶装复合维生素	Hand over the found in raid item: Bottle of OLOLO Multivitamins	4	0
regular	665eeca92f7aedcc900b0437	665eeca92f7aedcc900b0437_6661a2bf4846fd2b6ba30f90	giveItem	上交战局中找到的物品：瓶装生理盐水	Hand over the found in raid item: Bottle of saline solution	3	0
regular	66631489acf8442f8b05319f	66631489acf8442f8b05319f_6667193a41b0135d2df10fd9	shoot	在不消灭 Scav 的情况下消灭 PMC	Eliminate PMC operatives without killing Scavs	7	0
regular	6663148ca9290f9e0806cca1	6663148ca9290f9e0806cca1_666719fc7c5ae40e6adcf43e	extract	在“未知毒素”效果影响下撤离区域	Extract from the location with the "Unknown toxin" status effect	1	0
regular	6663148ed7f171c4c20226c1	6663148ed7f171c4c20226c1_666729738d4b7a9182ad4a89	findItem	在战局中找到物品：圣诞老人玩偶	Find the item in raid: Ded Moroz figurine	1	0
regular	6663148ed7f171c4c20226c1	6663148ed7f171c4c20226c1_66672a1a928cfea6db3ff6cb	giveItem	上交物品	Hand over the item	1	0
regular	6663148ed7f171c4c20226c1	6663148ed7f171c4c20226c1_66672a99bf7a7a1fcee35af0	findItem	在战局中找到物品：Mutkevich 政客玩偶	Find the item in raid: Politician Mutkevich figurine	1	0
regular	6663148ed7f171c4c20226c1	6663148ed7f171c4c20226c1_66672a9e351098ce6dee9d3e	giveItem	上交物品	Hand over the item	1	0
regular	6663148ed7f171c4c20226c1	6663148ed7f171c4c20226c1_66672b010cf940754acb3a83	findItem	在战局中找到物品：Killa 玩偶	Find the item in raid: Killa figurine	1	0
regular	6663148ed7f171c4c20226c1	6663148ed7f171c4c20226c1_66672b18eba38faad31d29c3	giveItem	上交物品	Hand over the item	1	0
regular	6663148ed7f171c4c20226c1	6663148ed7f171c4c20226c1_66672b3330d5ad1d58cc1e95	findItem	在战局中找到物品：Reshala 玩偶	Find the item in raid: Reshala figurine	1	0
regular	6663148ed7f171c4c20226c1	6663148ed7f171c4c20226c1_66672b47d515c72d9075fe64	giveItem	上交物品	Hand over the item	1	0
regular	6663148ed7f171c4c20226c1	6663148ed7f171c4c20226c1_66672b7dd70d15a60bb41e04	findItem	在战局中找到物品：Ryzhy 玩偶	Find the item in raid: Ryzhy figurine	1	0
regular	6663148ed7f171c4c20226c1	6663148ed7f171c4c20226c1_66672b88a8236f9caf29c39e	giveItem	上交物品	Hand over the item	1	0
regular	6663148ed7f171c4c20226c1	6663148ed7f171c4c20226c1_6667306ec19fb654f22fa05a	findItem	在战局中找到物品：Scav 玩偶	Find the item in raid: Scav figurine	1	0
regular	6663148ed7f171c4c20226c1	6663148ed7f171c4c20226c1_6667308a456e86f33c87437c	giveItem	上交物品	Hand over the item	1	0
regular	6663148ed7f171c4c20226c1	6663148ed7f171c4c20226c1_666730b475bbbbfd5049b7da	findItem	在战局中找到物品：Tagilla 玩偶	Find the item in raid: Tagilla figurine	1	0
regular	6663148ed7f171c4c20226c1	6663148ed7f171c4c20226c1_666730d6386cf75012a431f2	giveItem	上交物品	Hand over the item	1	0
regular	6663148ed7f171c4c20226c1	6663148ed7f171c4c20226c1_666730f88db8c7927a859959	findItem	在战局中找到物品：邪教徒玩偶	Find the item in raid: Cultist figurine	1	0
regular	6663148ed7f171c4c20226c1	6663148ed7f171c4c20226c1_6667310584936a1238607d39	giveItem	上交物品	Hand over the item	1	0
regular	6663148ed7f171c4c20226c1	6663148ed7f171c4c20226c1_66673136b23cfc3ecab865d6	findItem	在战局中找到物品：Den 玩偶	Find the item in raid: Den figurine	1	0
regular	6663148ed7f171c4c20226c1	6663148ed7f171c4c20226c1_6667314ae24cc783e69ad784	giveItem	上交物品	Hand over the item	1	0
regular	6663149196a9349baa021baa	6663149196a9349baa021baa_666732298477f79f3f6ea229	shoot	消灭任意 Scav 阵营 Boss 的保镖，但不击杀 Boss 本人	Eliminate any Scav Boss guards without killing the Bosses	10	0
regular	66631493312343839d032d22	66631493312343839d032d22_666733e0c62a5c652f3c4b45	plantItem	在海岸线沉陷村庄内的祭祀圈埋藏一把邪教徒的刀	Stash a Cultist knife at the sunken village marked circle on Shoreline	1	0
regular	66631493312343839d032d22	66631493312343839d032d22_666733e3f2c2969cf600991b	plantItem	在海岸线疗养院内的祭祀圈埋藏一把邪教徒的刀	Stash a Cultist knife at the Health Resort east wing marked circle on Shoreline	1	0
regular	66631493312343839d032d22	66631493312343839d032d22_666733e565831d5bafa18bbb	plantItem	在森林河边村庄内的祭祀圈埋藏一把邪教徒的刀	Stash a Cultist knife at the river village marked circle on Woods	1	0
regular	66631493312343839d032d22	66631493312343839d032d22_666733e7430c8972d6a5f438	plantItem	在森林锯木厂旁的祭祀圈埋藏一把邪教徒的刀	Stash a Cultist knife at the sawmill marked circle on Woods	1	0
regular	6663149cfd5ca9577902e037	6663149cfd5ca9577902e037_66696cd3997231debad40d19	shoot	消灭背包容量在 20 格以上的任意目标	Eliminate any target that is using a 20+ container size backpack	15	0
regular	6663149f1d3ec95634095e75	6663149f1d3ec95634095e75_666973ee1d80fbbbfeaf46c9	sellItem	向 Ragman 出售任意背包或胸挂	Sell Ragman any backpacks or tactical rigs	250	0
regular	666314a1920800278d0f6746	666314a1920800278d0f6746_666976536518781b9feb2f28	findItem	在战局中找到物品：Sanitar 的包	Find the item in raid: Sanitar's bag	1	0
regular	666314a1920800278d0f6746	666314a1920800278d0f6746_6669766290442b8d8e0688b3	giveItem	上交装备	Hand over the equipment	1	0
regular	666314a1920800278d0f6746	666314a1920800278d0f6746_6669769ff0cb253ff7649f27	findItem	在战局中找到物品：AVS 插板胸挂（Tagilla 版）	Find the item in raid: Crye Precision AVS plate carrier (Tagilla Edition)	1	0
regular	666314a1920800278d0f6746	666314a1920800278d0f6746_666976ab1a6ef5fa7b813883	giveItem	上交装备	Hand over the equipment	1	0
regular	666314a1920800278d0f6746	666314a1920800278d0f6746_66697774640ec1284ed1621f	findItem	在战局中找到物品：LBT-1961A 胸挂 (Goons特别版)	Find the item in raid: LBT-1961A Load Bearing Chest Rig (Goons Edition)	1	0
regular	666314a1920800278d0f6746	666314a1920800278d0f6746_666977849154974010adb5ec	giveItem	上交装备	Hand over the equipment	1	0
regular	666314a1920800278d0f6746	666314a1920800278d0f6746_666977bfe975ac480a8f914e	findItem	在战局中找到物品：NICE COMM 3 BVS 系统	Find the item in raid: Mystery Ranch NICE COMM 3 BVS frame system (Coyote)	1	0
regular	666314a1920800278d0f6746	666314a1920800278d0f6746_666977ca5fa54985173f8e2c	giveItem	上交装备	Hand over the equipment	1	0
regular	666314a1920800278d0f6746	666314a1920800278d0f6746_666977f2dd6e511e9f33005a	findItem	在战局中找到物品：CPC 插板胸挂（Goons 特别版）	Find the item in raid: Crye Precision CPC plate carrier (Goons Edition)	1	0
regular	666314a1920800278d0f6746	666314a1920800278d0f6746_666978023255d2720cbdf76d	giveItem	上交装备	Hand over the equipment	1	0
regular	666314a31cd52e3d040a2e76	666314a31cd52e3d040a2e76_6669abb8dac5788ebd0ff74a	shoot	穿戴任意款式的 Goon 版胸挂找到并消灭除 Goon 小队、Wedge 与 Partisan 外的任意 Boss	Locate and neutralize any Boss (excluding The Goons, The Wedge and Partisan) while using any Goons Edition tactical rig	5	0
regular	666314a50aa5c7436c00908a	666314a50aa5c7436c00908a_6669acb8c4d34bd547a4d2ac	giveItem	上交物品：实体比特币	Hand over the item: Physical Bitcoin	15	0
regular	666314b0acf8442f8b0531a1	666314b0acf8442f8b0531a1_66632cf3fbd7dedfa6153a9f	buildWeapon	按照要求改装 MP-43-1C 霰弹枪	Modify an MP-43-1C shotgun to comply with the given specifications	1	0
regular	666314b2a9290f9e0806cca3	666314b2a9290f9e0806cca3_66632deea5607d352f3aa844	shoot	使用双管霰弹枪消灭邪教徒	Eliminate the hooded men with the double barrel shotgun	2	0
regular	666314b4d7f171c4c20226c3	666314b4d7f171c4c20226c3_666333e93962787efd64004a	shoot	穿戴 6B43 防弹衣和 Kiver-M 头盔在工厂消灭 PMC 行动人员	Eliminate PMC operatives while wearing 6B43 body armor and Kiver-M helmet on Factory	5	0
regular	666314b696a9349baa021bac	666314b696a9349baa021bac_6672e47f25ab92726912c3e5	findQuestItem	在实验室找到并获取特殊版本的 LEDX 皮肤透照仪	Locate and obtain the special version of the LEDX Skin Transilluminator in The Lab	1	0
regular	666314b696a9349baa021bac	666314b696a9349baa021bac_6672e49679243c500ec02c2e	giveQuestItem	上交找到的物品	Hand over the found item	1	0
regular	666314b8312343839d032d24	666314b8312343839d032d24_6672edebec0c3e2ad7d4e489	useItem	在森林的旧锯木厂发射一枚红色信号弹	Launch a red signal flare at the old sawmill on Woods	1	0
regular	666314bafd5ca9577902e03a	666314bafd5ca9577902e03a_6663389aa257916ad3c89529	shoot	使用黄金 TT-33 手枪消灭任意目标	Eliminate any target with the golden TT-33 pistol	10	0
regular	666314bc1d3ec95634095e77	666314bc1d3ec95634095e77_667a958eb30fe2e2938a6387	findQuestItem	在立交桥找到并获取特殊版本的游戏杂志	Locate and obtain the special edition of the gaming magazine on Interchange	1	0
regular	666314bc1d3ec95634095e77	666314bc1d3ec95634095e77_667a95972740eaeca1ecda21	giveQuestItem	上交找到的物品	Hand over the found item	1	0
regular	666314bd920800278d0f6748	666314bd920800278d0f6748_667bf8370849ce7edf2b124e	plantItem	在森林山上的悬崖处安装 WI-FI 摄像头	Install a WI-FI Camera on the mountain ledge on Woods	1	0
regular	666314bd920800278d0f6748	666314bd920800278d0f6748_667bf840981b1c594af358ce	plantItem	在海岸线码头的观景台处安装 WI-FI 摄像头	Install a WI-FI Camera at the pier tower on Shoreline	1	0
regular	666314bd920800278d0f6748	666314bd920800278d0f6748_66d07fa69d373d977f437fe0	plantItem	在工厂的办公区走廊处安装WI-FI摄像头	Install a WI-FI Camera at the office corridor on Factory	1	0
regular	666314bf1cd52e3d040a2e78	666314bf1cd52e3d040a2e78_667571ad6889d3af44af7be2	findQuestItem	在海岸线的木屋内找到并获取硬盘	Locate and obtain the hard drive at the old house on Shoreline	1	0
regular	666314bf1cd52e3d040a2e78	666314bf1cd52e3d040a2e78_667571cb7620e3041bad913c	giveQuestItem	上交找到的物品	Hand over the found item	1	0
regular	666314c10aa5c7436c00908c	666314c10aa5c7436c00908c_66675a4567c0cf0989946e12	giveItem	上交战局中找到的物品：SSD 固态硬盘	Hand over the found in raid item: SSD drive	1	0
regular	666314c10aa5c7436c00908c	666314c10aa5c7436c00908c_66675a50f15c3daac1fcb57d	giveItem	上交战局中找到的物品：USB 适配器	Hand over the found in raid item: USB Adapter	1	0
regular	666314c10aa5c7436c00908c	666314c10aa5c7436c00908c_66675a5b89c89dbbf90361d5	giveItem	上交战局中找到的物品：充电宝	Hand over the found in raid item: Portable Powerbank	1	0
regular	666314c10aa5c7436c00908c	666314c10aa5c7436c00908c_66675a66e7b6dbc6ff88de91	giveItem	上交战局中找到的物品：充电电池	Hand over the found in raid item: Rechargeable battery	1	0
regular	666314c10aa5c7436c00908c	666314c10aa5c7436c00908c_667c252898eab887725ef789	giveItem	上交战局中找到的物品：CPU 处理器	Hand over the found in raid item: PC CPU	1	0
regular	666314c10aa5c7436c00908c	666314c10aa5c7436c00908c_667c25452c353b0176f883d1	giveItem	上交战局中找到的物品：电子元件	Hand over the found in raid item: Electronic components	1	0
regular	666314c10aa5c7436c00908c	666314c10aa5c7436c00908c_667c257562774a862480925c	giveItem	上交战局中找到的物品：电线	Hand over the found in raid item: Bundle of wires	1	0
regular	666314c10aa5c7436c00908c	666314c10aa5c7436c00908c_667c25970b2c3c93bfc0f204	giveItem	上交战局中找到的物品：电容	Hand over the found in raid item: Capacitors	1	0
regular	666314c10aa5c7436c00908c	666314c10aa5c7436c00908c_667c25a8b3d49a2e3f4bd05c	giveItem	上交战局中找到的物品：NIXXOR 镜头	Hand over the found in raid item: NIXXOR lens	1	0
regular	666314c10aa5c7436c00908c	666314c10aa5c7436c00908c_667c25b7b4419ddadbe352be	giveItem	上交战局中找到的物品：内存条	Hand over the found in raid item: RAM stick	1	0
regular	666314c10aa5c7436c00908c	666314c10aa5c7436c00908c_667c25eeb3fba3b8f07b9193	giveItem	上交战局中找到的物品：完好的液晶显示屏	Hand over the found in raid item: Working LCD	1	0
regular	666314c10aa5c7436c00908c	666314c10aa5c7436c00908c_667c26159bd3d32fb565578e	giveItem	上交战局中找到的物品：灯泡	Hand over the found in raid item: Light bulb	1	0
regular	666314c3acf8442f8b0531a3	666314c3acf8442f8b0531a3_667442da875be5fb415df535	plantItem	在森林 Prapor 安放 WI-FI 摄像头的地点藏匿金公鸡雕像	Stash a Golden rooster figurine at Prapor's WI-FI Camera on Woods	1	0
regular	666314c3acf8442f8b0531a3	666314c3acf8442f8b0531a3_6682873d755938fa4cb73073	plantItem	在海岸线 Prapor 安放 WI-FI 摄像头的地点藏匿金公鸡雕像	Stash a Golden rooster figurine at Prapor's WI-FI Camera on Shoreline	1	0
regular	666314c3acf8442f8b0531a3	666314c3acf8442f8b0531a3_66d080533a3c33d823a3477d	plantItem	在工厂 Prapor 安放 WI-FI 摄像头的地点藏匿金公鸡雕像	Stash a Golden rooster figurine at Prapor's WI-FI Camera on Factory	1	0
regular	666314c5a9290f9e0806cca5	666314c5a9290f9e0806cca5_6679884cef969161e3e9d64d	findQuestItem	在塔科夫街区的城市博物馆找到并获取纪念钥匙	Locate and obtain the souvenir key to the city on Streets of Tarkov	1	0
regular	666314c5a9290f9e0806cca5	666314c5a9290f9e0806cca5_667988545af9f7082798b67d	giveQuestItem	上交找到的物品	Hand over the found item	1	0
regular	6672d9def1c88688a707d042	6672d9def1c88688a707d042_66813c01decf4560581ca0c0	traderStanding	Fence 信任度达到 5.0	Reach 5.0 reputation with Fence	0	0
regular	669fa38fad7f1eac2607ed46	669fa38fad7f1eac2607ed46_669faeb6a6e02d00c47ad812	findQuestItem	在工厂找到实验室日志	Locate and obtain the lab journal on Factory	1	0
regular	669fa38fad7f1eac2607ed46	669fa38fad7f1eac2607ed46_669faecceb01bf6324de66c4	plantQuestItem	在森林的旧锯木厂中藏匿日志	Stash the journal at the old sawmill on Woods	1	0
regular	669fa3910c828825de06d69f	669fa3910c828825de06d69f_669faef62c68a5925a36fccc	giveQuestItem	上交实验室日志	Hand over the lab journal	1	0
regular	669fa395c4c5c04798002497	669fa395c4c5c04798002497_669fb12eb01ceef19a5b4ebc	extract	在工厂以幸存状态通过“庭院大门”撤离点撤离	Survive and extract from Factory through the Courtyard Gate	1	0
regular	669fa3979b0ce3feae01a130	669fa3979b0ce3feae01a130_669fb1ffe34e78d618792b41	shoot	在工厂的老旧地下通道内消灭任意目标	Eliminate any target in basement tunnel network on Factory	5	0
regular	669fa399033a3ce9870338a8	669fa399033a3ce9870338a8_669fb4a56e66d3d79183a5c9	findQuestItem	在工厂找到直升机飞行日志	Locate and obtain the helicopter logbook on Factory	1	0
regular	669fa399033a3ce9870338a8	669fa399033a3ce9870338a8_669fb4b21f2e5268651cc96a	giveQuestItem	上交找到的信息	Hand over the found information	1	0
regular	669fa39b91b0a8c9680fc467	669fa39b91b0a8c9680fc467_669fb647a5be751be095da27	mark	在工厂使用 MS2000 指示器标记任意一个热交换器	Locate and mark any of the heat exchangers with an MS2000 Marker on Factory	1	0
regular	669fa39c64ea11e84c0642a6	669fa39c64ea11e84c0642a6_669fb5c58c03e61e1a33ddf0	plantItem	在工厂的第一个起重机驾驶室内安装WI-FI摄像头	Install a WI-FI Camera in the first crane's cockpit on Factory	1	0
regular	669fa39c64ea11e84c0642a6	669fa39c64ea11e84c0642a6_669fb5c7d5fbaaa7b285e83d	plantItem	在工厂的第二个起重机驾驶室内安装WI-FI摄像头	Install a WI-FI Camera in the second crane's cockpit on Factory	1	0
regular	669fa39c64ea11e84c0642a6	669fa39c64ea11e84c0642a6_669fb5c9d798aa41b9bd60b5	plantItem	在工厂的第三个起重机驾驶室内安装WI-FI摄像头	Install a WI-FI Camera in the third crane's cockpit on Factory	1	0
regular	669fa39ee749756c920d02c8	669fa39ee749756c920d02c8_669fb6c859bdae826f7325d4	findQuestItem	在工厂提取破损罐体中的化学品样本	Take a sample of the chemicals from the damaged tank container on Factory	1	0
regular	669fa39ee749756c920d02c8	669fa39ee749756c920d02c8_66a7eebed6bac3ecc16f7d6b	giveQuestItem	上交采集到的样本	Hand over the collected sample	1	0
regular	669fa3a08b4a64b332041ff7	669fa3a08b4a64b332041ff7_66a0e692281e56a89b717b7d	findQuestItem	在工厂的TerraGroup仓库找到化学品容器	Locate and obtain the chemical container at the TerraGroup warehouse on Factory	1	0
regular	669fa3a08b4a64b332041ff7	669fa3a08b4a64b332041ff7_66a0e69ec03c2dad1a84993a	giveQuestItem	上交化学品容器	Hand over the chemical container	1	0
regular	669fa3a3ad7f1eac2607ed48	669fa3a3ad7f1eac2607ed48_66a0f391676953651bd8b796	findQuestItem	在工厂找到死亡的工人，并获取他们的血液样本	Locate the dead worker and take their blood sample on Factory	1	0
regular	669fa3a3ad7f1eac2607ed48	669fa3a3ad7f1eac2607ed48_6a60703aaa77a4b86e07aa3b	giveItem	上交战局中找到的物品：LEDX 皮肤透照仪	Hand over the found in raid item: LEDX Skin Transilluminator	1	0
regular	669fa3a3ad7f1eac2607ed48	669fa3a3ad7f1eac2607ed48_6a6070549ba7daf0a3ca7ae9	plantQuestItem	在实验室将血液样本藏匿在 Sanitar 的办公室里	Stash the blood sample in Sanitar's office in The Lab	1	0
regular	669fa3a40c828825de06d6a1	669fa3a40c828825de06d6a1_66a0f5a7f9eae6761253114c	shoot	使用装有消音器和 KP-SR2 反射式瞄具的 SR-2M 在储备站或灯塔消灭任意目标	Eliminate any target with SR-2M with suppressor and KP-SR2 sight on Reserve or Lighthouse	30	0
regular	66aa58245ab22944110db6e9	66aa58245ab22944110db6e9_66aa5b2cecad9c067780924b	visit	在同场战局中侦察中心区 Mira 大道和高架路的交汇路口	Scout the intersection of Mira Ave and the overpass on Ground Zero (In one raid)	0	0
regular	66aa58245ab22944110db6e9	66aa58245ab22944110db6e9_66aa5bb281dff8466b076894	visit	在同场战局中找到中心区通往塔科夫街区的道路	Locate the passage leading to Streets of Tarkov on Ground Zero (In one raid)	0	0
regular	66aa58245ab22944110db6e9	66aa58245ab22944110db6e9_66aa5be8035c6a410dc570b2	extract	在同场战局中使用转移功能从中心区转移到塔科夫街区	Use the transit from Ground Zero to Streets of Tarkov (In one raid)	1	0
regular	66aa61663aa37705c5024277	66aa61663aa37705c5024277_66aa61663aa37705c5024278	shoot	同场战局中在塔科夫街区消灭任意目标	Eliminate any target on Streets of Tarkov (In one raid)	5	0
regular	66aa61663aa37705c5024277	66aa61663aa37705c5024277_66aa61663aa37705c502427c	extract	使用转移功能从街区转移到立交桥（在单次战局中）	Use the transit from Streets of Tarkov to Interchange (In one raid)	1	0
regular	66aa61663aa37705c5024277	66aa61663aa37705c5024277_66aa61663aa37705c502427e	shoot	同场战局中在立交桥区消灭任意目标	Eliminate any target on Interchange (In one raid)	5	0
regular	66aa74571e5e199ecd094f18	66aa74571e5e199ecd094f18_66aa74571e5e199ecd094f1b	extract	使用转移功能从海关转移到工厂（在单次战局中）	Use the transit from Customs to Factory (In one raid)	1	0
regular	66aa74571e5e199ecd094f18	66aa74571e5e199ecd094f18_66ab97a5c74ce045d6c32578	findQuestItem	在海关实验楼的医疗实验室找到并获取精密工具	Locate and obtain the precision tools package in the med lab on Customs	1	0
regular	66aa74571e5e199ecd094f18	66aa74571e5e199ecd094f18_66ab97d56cb6e3bfd7c79fbc	plantQuestItem	在工厂的实验室储藏间藏匿精密工具	Stash the package at the laboratory storage room on Factory	1	0
regular	66ab970848ddbe9d4a0c49a8	66ab970848ddbe9d4a0c49a8_66ab970848ddbe9d4a0c49ab	extract	使用转移功能从森林转移到储备站	Use the transit from Woods to Reserve	1	0
regular	66ab970848ddbe9d4a0c49a8	66ab970848ddbe9d4a0c49a8_66ab9c5c60199cdb0902f8cc	plantItem	在森林 RUAF 大门旁的巨石处藏匿军用电缆	Stash a Military cable at the boulder next to RUAF gate on Woods	1	0
regular	66ab970848ddbe9d4a0c49a8	66ab970848ddbe9d4a0c49a8_66ab9c7ea3a7219e87d4b75e	plantItem	在储备站 LAV 装甲车旁地下仓库顶的沙袋处藏匿 Bulbex 剪线器	Stash a Bulbex cable cutter at the sandbags next to LAV III above the storage warehouse on Reserve	1	0
regular	66ab9da7eb102b9bcd08591c	66ab9da7eb102b9bcd08591c_66ab9da7eb102b9bcd08591d	shoot	在灯塔消灭 Scav（单场战局内完成）	Eliminate Scavs on Lighthouse (In one raid)	5	0
regular	66ab9da7eb102b9bcd08591c	66ab9da7eb102b9bcd08591c_66ab9da7eb102b9bcd08591f	extract	使用转移功能从灯塔转移到海岸线（在单次战局中）	Use the transit from Lighthouse to Shoreline (In one raid)	1	0
regular	66ab9da7eb102b9bcd08591c	66ab9da7eb102b9bcd08591c_66ab9da7eb102b9bcd085922	shoot	在海岸线消灭 Scav（单场战局内完成）	Eliminate Scavs on Shoreline (In one raid)	5	0
regular	66aba85403e0ee3101042877	66aba85403e0ee3101042877_66aba85403e0ee3101042878	visit	在同场战局中找到塔科夫街区通往实验室的道路	Locate the passage leading to The Lab on Streets of Tarkov (In one raid)	0	1
regular	66aba85403e0ee3101042877	66aba85403e0ee3101042877_66aba85403e0ee310104287a	extract	使用转移功能从塔科夫街区转移到实验室（在单次战局中）	Use the transit from Streets of Tarkov to The Lab (In one raid)	1	0
regular	66aba85403e0ee3101042877	66aba85403e0ee3101042877_66aba97b1000025218c82ea8	visit	在同场战局中找到实验室通往塔科夫街区的道路	Locate the passage leading to Streets of Tarkov in The Lab (In one raid)	0	1
regular	66aba85403e0ee3101042877	66aba85403e0ee3101042877_66b090f5723e7bbe8b518ca8	visit	在同场战局中侦查实验室的服务器机房	Scout the server room in The Lab (In one raid)	0	0
regular	66aba85403e0ee3101042877	66aba85403e0ee3101042877_66b0910951c5294b9d213918	visit	在同场战局中侦查实验室存放危险化合物的圆顶帐篷	Scout the hazard dome in The Lab (In one raid)	0	0
regular	66aba85403e0ee3101042877	66aba85403e0ee3101042877_66b10eef0951e90ec383850b	visit	在同场战局中侦查实验室库房大门的控制室	Scout the control room in The Lab (In one raid)	0	0
regular	66b38c7bf85b8bf7250f9cb6	66b38c7bf85b8bf7250f9cb6_66b38c7bf85b8bf7250f9cb7	visit	在森林 USEC 营地周围找到高密度雷区	Locate the heavily mined area at the USEC camp on Woods	0	0
regular	66b38c7bf85b8bf7250f9cb6	66b38c7bf85b8bf7250f9cb6_66b38de6a97d8cbafd711846	visit	在中心区找到阔剑地雷	Locate the Claymore mine on Ground Zero	0	0
regular	66b38e144f2ab7cc530c3fe7	66b38e144f2ab7cc530c3fe7_66b38e144f2ab7cc530c3fe8	visit	在工厂需要破门的位置找到合适的绊线布设点位	Locate a good tripwire installation spot in the breach room on Factory	0	0
regular	66b38e144f2ab7cc530c3fe7	66b38e144f2ab7cc530c3fe7_66b38e144f2ab7cc530c3fea	visit	在海关三层宿舍楼楼梯间处找到合适的绊线布设点位	Locate a good tripwire installation spot at the three-story dorm stairs on Customs	0	0
regular	66d9cbb67b491f9d5304f6e6	66d9cbb67b491f9d5304f6e6_66d9cbb67b491f9d5304f6e9	plantItem	在塔科夫街区的水陆两栖披萨爱好者藏身处安装 WI-FI 摄像头	Install a WI-FI Camera at the amphibian pizza lovers' hideout on Streets of Tarkov	1	0
regular	66d9cbb67b491f9d5304f6e6	66d9cbb67b491f9d5304f6e6_66d9cbb67b491f9d5304f6ea	plantItem	在塔科夫街区的烧伤女孩病房处安装 WI-FI 摄像头	Install a WI-FI Camera at the burned girl's sickroom on Streets of Tarkov	1	0
regular	66d9cbb67b491f9d5304f6e6	66d9cbb67b491f9d5304f6e6_66d9cbb67b491f9d5304f6eb	plantItem	在塔科夫街区被铁丝网缠绕的尸体处安装 WI-FI 摄像头	Install a WI-FI Camera at the barbed wire body on Streets of Tarkov	1	0
regular	66d9cbb67b491f9d5304f6e6	66d9cbb67b491f9d5304f6e6_66dacf2a88c7001436a67390	plantItem	在塔科夫街区特别吓人的大洞处安装 WI-FI 摄像头	Install a WI-FI Camera at the really scary hole in the wall on Streets of Tarkov	1	0
regular	66d9cbb67b491f9d5304f6e6	66d9cbb67b491f9d5304f6e6_66dad1d7811532f53e472c13	plantItem	在中心区虎胆龙威一展身手处安装 WI-FI 摄像头	Install a WI-FI Camera at the high rise where one die-hard guy kicked ass on Ground Zero	1	0
regular	66d9cbb67b491f9d5304f6e6	66d9cbb67b491f9d5304f6e6_66dad1d941756590432b0eaa	plantItem	在中心区只有程序员才懂的笑话处安装 WI-FI 摄像头	Install a WI-FI Camera at the computer with a joke for programmers on Ground Zero	1	0
regular	66d9cbb67b491f9d5304f6e6	66d9cbb67b491f9d5304f6e6_66dad1dbb16caebe0e214d89	plantItem	在中心区五黑一白椅子处安装 WI-FI 摄像头	Install a WI-FI Camera at the little chair surrounded by big black chairs on Ground Zero	1	0
regular	66d9cbb67b491f9d5304f6e6	66d9cbb67b491f9d5304f6e6_66dad1ddec53b0df3b10a1b9	plantItem	在灯塔你的朋友 Wilson 处安装 WI-FI 摄像头	Install a WI-FI Camera by your friend Wilson on Lighthouse	1	0
regular	66d9cbb67b491f9d5304f6e6	66d9cbb67b491f9d5304f6e6_66dad1de93c8fcffd5790d89	plantItem	在灯塔点燃的篝火处安装 WI-FI 摄像头	Install a WI-FI Camera at the kindled rest place on Lighthouse	1	0
regular	66d9cbb67b491f9d5304f6e6	66d9cbb67b491f9d5304f6e6_66dad1e0703b718902451ee4	plantItem	在灯塔的诡异欢迎招牌处安装 WI-FI 摄像头	Install a WI-FI Camera at the ominous welcome sign on Lighthouse	1	0
regular	66d9cbb67b491f9d5304f6e6	66d9cbb67b491f9d5304f6e6_66dad1e21e7ef28d17a69a93	plantItem	在灯塔的超天才科学家座椅处安装 WI-FI 摄像头	Install a WI-FI Camera at the megagenius scientist's seat on Lighthouse	1	0
regular	66d9cbb67b491f9d5304f6e6	66d9cbb67b491f9d5304f6e6_66dad1e607181e2f78a3a0a2	plantItem	在储备站义务兵进行最重要的任务处安装 WI-FI 摄像头	Install a WI-FI Camera at the place where conscripts did a very important task on Reserve	1	0
regular	66d9cbb67b491f9d5304f6e6	66d9cbb67b491f9d5304f6e6_66dad1e843a718561db0fdd3	plantItem	在储备站的两把椅子谜团处安装 WI-FI 摄像头	Install a WI-FI Camera at the two chair riddle on Reserve	1	0
regular	66d9cbb67b491f9d5304f6e6	66d9cbb67b491f9d5304f6e6_66dad1ebc5c8e6cd26dd1d31	plantItem	在储备站所有坦克手的第一款游戏处安装 WI-FI 摄像头	Install a WI-FI Camera at every tank driver's first videogame on Reserve	1	0
regular	66d9cbb67b491f9d5304f6e6	66d9cbb67b491f9d5304f6e6_66dad1edbc4fdd0c6eb38c5e	plantItem	在海关的水桶头人偶处安装 WI-FI 摄像头	Install a WI-FI Camera at the bucket-head villain on Customs	1	0
regular	66d9cbb67b491f9d5304f6e6	66d9cbb67b491f9d5304f6e6_66dad1f00e049ac7abb6d801	plantItem	在海关 Anvil 3-4 乘员被处决处安装 WI-FI 摄像头	Install a WI-FI Camera at Anvil 3-4 crew member's execution site on Customs	1	0
regular	66d9cbb67b491f9d5304f6e6	66d9cbb67b491f9d5304f6e6_66dad1f22edc2103eb176de8	plantItem	在海关所有独立开发者的梦魇处安装 WI-FI 摄像头	Install a WI-FI Camera at every indie developer's worst nightmare on Customs	1	0
regular	66d9cbb67b491f9d5304f6e6	66d9cbb67b491f9d5304f6e6_66db1f8d7539f4b4eb640aff	plantItem	在工厂消防员烧书取乐处安装WI-FI摄像头	Install a WI-FI Camera in the room where the firefighter burned the books to become happy on Factory	1	0
regular	66d9cbb67b491f9d5304f6e6	66d9cbb67b491f9d5304f6e6_66db1f8f564045697071d934	plantItem	在工厂阀门技术人员不会数三安装WI-FI摄像头	Install a WI-FI Camera at the place where some valve technicians couldn't finish their third project on Factory	1	0
regular	66d9cbb67b491f9d5304f6e6	66d9cbb67b491f9d5304f6e6_66db1f928d59a9fe511dfc25	plantItem	在工厂的终结者爱莲巧娃娃处安装WI-FI摄像头	Install a WI-FI Camera at the dangerous Russian chocolate beauty on Factory	1	0
regular	66d9cbb67b491f9d5304f6e6	66d9cbb67b491f9d5304f6e6_66db1f94a147d9840ec0dfba	plantItem	在工厂的“阴谋论学家”处安装WI-FI摄像头	Install a WI-FI Camera in the conspiracy theorist's room on Factory	1	0
regular	66d9cbb67b491f9d5304f6e6	66d9cbb67b491f9d5304f6e6_66db1f98b8e22a92437fe5c6	plantItem	在工厂的“魔法学校传送门”处安装WI-FI摄像头	Install a WI-FI Camera near where someone thought he'd get transported to the magic school on Factory	1	0
regular	66d9cbb67b491f9d5304f6e6	66d9cbb67b491f9d5304f6e6_66db1f9b4f7bf01d937eb150	plantItem	在工厂的“策略游戏之母”处安装WI-FI摄像头	Install a WI-FI Camera at the mother of all strategy games on Factory	1	0
regular	66d9cbb67b491f9d5304f6e6	66d9cbb67b491f9d5304f6e6_66db1ff798d52a5a8e4ed1f8	plantItem	在工厂的登天楼梯处安装WI-FI摄像头	Install a WI-FI Camera at the stairway to the skies on Factory	1	0
regular	66d9cbb67b491f9d5304f6e6	66d9cbb67b491f9d5304f6e6_66debf2b9e4ce2ef233ee5b7	plantItem	在森林过火车辆残骸里的小熊身边安装WI-FI摄像头	Install a WI-FI Camera at the bear who sat into a flaming car on Woods	1	0
regular	66d9cbb67b491f9d5304f6e6	66d9cbb67b491f9d5304f6e6_66debf2e1e254957b82711ff	plantItem	在海岸线的反重力椅子处安装WI-FI摄像头	Install a WI-FI Camera at the upside-down chair on Shoreline	1	0
regular	66d9cbb67b491f9d5304f6e6	66d9cbb67b491f9d5304f6e6_66debf30802386a45d0adb60	plantItem	在海岸线的面面相觑卫生间里安装WI-FI摄像头	Install a WI-FI Camera at the not-so-lonely bathroom on Shoreline	1	0
regular	671a49f77d49aea42c029b5f	671a49f77d49aea42c029b5f_671a5941cb557f8656561a12	findQuestItem	在立交桥找到并获取丢失的武器箱	Locate and obtain the lost weapon crate on Interchange	1	0
regular	671a49f77d49aea42c029b5f	671a49f77d49aea42c029b5f_671a598e596272a846fa862a	giveQuestItem	上交找回的货物	Hand over the retrieved cargo	1	0
regular	671a59e43d73dac1360765cc	671a59e43d73dac1360765cc_671ac68e30609eb2c7e9a7f7	shoot	使用 AA-12 霰弹枪消灭任意目标	Eliminate any target with an AA-12 shotgun	20	0
regular	673f2cd5d3346c2167020484	673f2cd5d3346c2167020484_673f2d938504a2d993bc2e68	visit	找到并侦察森林铁路技术站的仓库	Locate and scout the warehouses at the depot on Woods	0	0
regular	673f2cd5d3346c2167020484	673f2cd5d3346c2167020484_673f2d9a73ff76dd6d5a6344	visit	找到并侦察森林铁路技术站的办公室	Locate and scout the office at the depot on Woods	0	0
regular	673f2cd5d3346c2167020484	673f2cd5d3346c2167020484_673f2da118e615f9f5550544	visit	找到并侦察森林铁路技术站的车库	Locate and scout the garages at the depot on Woods	0	0
regular	673f2cd5d3346c2167020484	673f2cd5d3346c2167020484_674eefb9b48df9e0cbba4e2f	taskStatus	完成任务：一臂之力	Complete the task A Helping Hand	0	0
regular	673f348dd3346c21670217e7	673f348dd3346c21670217e7_673f34c674ec5bf80ea69eee	giveQuestItem	上交在森林交货点找到的包裹	Hand over the package from the depot on Woods	1	0
regular	673f4e956f1b89c7bc0f56ef	673f4e956f1b89c7bc0f56ef_673f5065cdfe082966842575	plantItem	尽快达成主要任务	Complete the main objective as soon as possible	1	1
regular	673f4e956f1b89c7bc0f56ef	673f4e956f1b89c7bc0f56ef_673f507029a1128d5c4d7498	plantItem	找到 BTR 的备用路轮，并使用 MS2000 标记器标记	Locate and mark the spare BTR wheels with an MS2000 Marker	1	0
regular	673f5a4976553f78350bdac1	673f5a4976553f78350bdac1_673f5a9537550b9d7fd30777	plantItem	在储备站找到 BTR 的备用路轮，并使用 MS2000 标记器标记	Locate and mark the spare BTR wheels with an MS2000 Marker on Reserve	1	0
regular	673f6027352b4da8e00322d2	673f6027352b4da8e00322d2_673f60910aed589d887b5ea1	shoot	在森林击杀Scav	Eliminate Scavs on Woods	5	0
regular	673f6027352b4da8e00322d2	673f6027352b4da8e00322d2_67499a4f03b8295863172dea	extract	使用转移功能从森林转移到储备站	Use the transit from Woods to Reserve	1	0
regular	673f6027352b4da8e00322d2	673f6027352b4da8e00322d2_67499a61ddf14e140a675607	shoot	在储备站击杀Scav	Eliminate Scavs on Reserve	5	0
regular	673f61a066e6a521aa04b62b	673f61a066e6a521aa04b62b_673f61d9c2bc3dc676297fde	findQuestItem	在储备站的机电仓库找到并获取电子干扰器	Locate and obtain the electronic jammer at the electromechanical warehouse on Reserve	1	0
regular	673f61a066e6a521aa04b62b	673f61a066e6a521aa04b62b_673f61ea87e01cfaf780a482	plantQuestItem	将该装置藏匿在森林的指定位置	Stash the device at the specified location on Woods	1	0
regular	673f629c5b555b53460cf827	673f629c5b555b53460cf827_673f637a1fbc23a60a72b743	sellItem	卖任何物品给Ragman	Sell any items to Ragman	50	0
regular	673f629c5b555b53460cf827	673f629c5b555b53460cf827_67519696567b9773f0811bae	sellItem	卖任何物品给Prapor	Sell any items to Prapor	50	0
regular	673f629c5b555b53460cf827	673f629c5b555b53460cf827_675196dff77c0b8436ec1ef5	sellItem	卖任何物品给Peacekeeper	Sell any items to Peacekeeper	50	0
regular	6740a02a69a58fceba0ff399	6740a02a69a58fceba0ff399_6740a0c33c7152ccfe151146	plantItem	将第一个金属燃料桶藏匿在海岸线的走私者基地	Stash the first metal fuel tank at the smugglers' base on Shoreline	1	0
regular	6740a02a69a58fceba0ff399	6740a02a69a58fceba0ff399_6740a0d5b05fb787316fe7d5	plantItem	将第二个金属燃料桶藏匿在海岸线的走私者营地	Stash the second metal fuel tank at the smugglers' base on Shoreline	1	0
regular	6740a15566e6a521aa051b15	6740a15566e6a521aa051b15_6740a202086cf3dbf687279a	findQuestItem	在海岸线找到并获取 Prapor 的货物	Locate and obtain Prapor's cargo on Shoreline	1	0
regular	6740a15566e6a521aa051b15	6740a15566e6a521aa051b15_6740a20cc6daae7f8f12a77d	giveQuestItem	上交找到的货物	Hand over the found cargo	1	0
regular	6740a2c17e3818d5bb0648b6	6740a2c17e3818d5bb0648b6_6740a33685a62f9581c2beaf	giveItem	上交战局中找到的物品：电脑配件	Hand over the found in raid PC component items	10	0
regular	6740a2c17e3818d5bb0648b6	6740a2c17e3818d5bb0648b6_6749aa9b1badcb1e8056d769	giveItem	上交战局中找到的物品：军规电子元件	Hand over the found in raid military electronic items	5	0
regular	6740a3f4eca8acb2d2055159	6740a3f4eca8acb2d2055159_6740a42c508599fd5a066f19	shoot	在任意地点击杀任意目标	Eliminate any target on any location	30	0
regular	6740b60c60a98cad1b0e0aa0	6740b60c60a98cad1b0e0aa0_6740b64f024f0e44fbed2c48	visit	在森林找到失踪的送货人员	Locate the missing courier crew on Woods	0	0
regular	6740b60c60a98cad1b0e0aa0	6740b60c60a98cad1b0e0aa0_6740b66079ff8ea717dad584	extract	以幸存状态撤离该区域	Survive and extract from the location	1	0
regular	674492b6909d2013670a347a	674492b6909d2013670a347a_674492e56e8d2d5239a3fd37	mark	在灯塔找到峭壁通路的第一段，并使用 MS2000 指示器标记	Locate and mark the first section of the cliff path with an MS2000 Marker on Lighthouse	1	0
regular	674492b6909d2013670a347a	674492b6909d2013670a347a_674492ebf6f84f7d09ef1abb	mark	在灯塔找到峭壁通路的第二段，并使用 MS2000 指示器标记	Locate and mark the second section of the cliff path with an MS2000 Marker on Lighthouse	1	0
regular	674492b6909d2013670a347a	674492b6909d2013670a347a_674492f0636d0661476732f2	mark	在灯塔找到峭壁通路的第三段，并使用 MS2000 指示器标记	Locate and mark the third section of the cliff path with an MS2000 Marker on Lighthouse	1	0
regular	674492b6909d2013670a347a	674492b6909d2013670a347a_674492f30f45cb752f21df39	mark	在灯塔找到峭壁通路的第四段，并使用 MS2000 指示器标记	Locate and mark the fourth section of the cliff path with an MS2000 Marker on Lighthouse	1	0
regular	6744a4717e3818d5bb0680bb	6744a4717e3818d5bb0680bb_6744a4e6c8a456e74064e7d7	shoot	在中心区单场战局内击杀 Scav	Eliminate Scavs in one raid on Ground Zero	7	0
regular	6744a4717e3818d5bb0680bb	6744a4717e3818d5bb0680bb_6744a6b96cefb76fd3f70555	extract	以幸存状态撤离地点	Survive and extract from the location	1	0
regular	6744a728352b4da8e003eda9	6744a728352b4da8e003eda9_6744a964dc1b1e2ee134ffeb	giveItem	上交物品：6-STEN-140-M 军用电池	Hand over the item: 6-STEN-140-M military battery	1	0
regular	6744a728352b4da8e003eda9	6744a728352b4da8e003eda9_683db718d1c3c712dac4b5c9	findItem	找到物品：6-STEN-140-M 军用电池	Find the item: 6-STEN-140-M military battery	1	0
regular	6744a9dfef61d56e020b5c4a	6744a9dfef61d56e020b5c4a_6744a9dfef61d56e020b5c54	giveItem	上交物品：6-STEN-140-M 军用电池	Hand over the item: 6-STEN-140-M military battery	1	0
regular	6744a9dfef61d56e020b5c4a	6744a9dfef61d56e020b5c4a_683db86c1090d855fb0f2c23	findItem	Find the item: 6-STEN-140-M military battery	Find the item: 6-STEN-140-M military battery	1	0
regular	6744ab1def61d56e020b5c56	6744ab1def61d56e020b5c56_6744ab1def61d56e020b5c5f	findQuestItem	在森林指定交货点取得包裹	Locate the package in the specified spot on Woods	1	0
regular	6744ab1def61d56e020b5c56	6744ab1def61d56e020b5c56_6744ab1def61d56e020b5c60	giveQuestItem	上交包裹	Hand over the package	1	0
regular	6744aca8d3346c216702c583	6744aca8d3346c216702c583_6744ae5cc771515803d615ec	plantItem	在森林的第一个 RPG 弹药箱藏匿一个 VOG-25 Khattabka 手榴弹	Stash a VOG-25 Khattabka grenade at the first RPG ammo crate on Woods	1	0
regular	6744aca8d3346c216702c583	6744aca8d3346c216702c583_6744ae63b3b4be24ffc607a4	plantItem	在森林的第二个 RPG 弹药箱藏匿一个 VOG-25 Khattabka 手榴弹	Stash a VOG-25 Khattabka grenade at the second RPG ammo crate on Woods	1	0
regular	6744aca8d3346c216702c583	6744aca8d3346c216702c583_6744ae65f8c1438fb9374575	plantItem	在森林的第三个 RPG 弹药箱藏匿一个 VOG-25 Khattabka 手榴弹	Stash a VOG-25 Khattabka grenade at the third RPG ammo crate on Woods	1	0
regular	6744af0969a58fceba101fed	6744af0969a58fceba101fed_6745c8ccb4adeab3910332cc	findQuestItem	在海关找到并获取控告信	Locate and obtain the incriminating letter on Customs	1	0
regular	6744af0969a58fceba101fed	6744af0969a58fceba101fed_6745c8de22c7ee46e3319c34	plantQuestItem	将信件藏匿在储备站驻军总部的三楼	Stash the letter on the third floor of the military headquarters on Reserve	1	0
regular	6744af0969a58fceba101fed	6744af0969a58fceba101fed_6745c8ee54d6972417ad7bad	extract	使用转移功能从海关转移到储备站	Use the transit from Customs to Reserve	1	0
regular	6744af0969a58fceba101fed	6744af0969a58fceba101fed_6745c90842db81af412eae97	extract	使用转移功能从储备站转移到森林	Use the transit from Reserve to Woods	1	0
regular	6744af0969a58fceba101fed	6744af0969a58fceba101fed_6745c9482ac6bee79dca869a	shoot	在森林击杀任意目标	Eliminate any target on Woods	3	0
regular	6744af0969a58fceba101fed	6744af0969a58fceba101fed_6745c9623d362cd373b1de93	extract	使用转移功能从森林转移到灯塔	Use the transit from Woods to Lighthouse	1	0
regular	6744af0969a58fceba101fed	6744af0969a58fceba101fed_6745c986a3e10e0bf6472d8e	useItem	在灯塔火车站仓库发射一枚黄色信号弹	Launch a yellow signal flare at the train station warehouse on Lighthouse	1	0
regular	6744af0969a58fceba101fed	6744af0969a58fceba101fed_6745c992bf76b3aeaf6370e0	useItem	在灯塔码头发射一枚黄色信号弹	Launch a yellow signal flare at the pier on Lighthouse	1	0
regular	6744af0969a58fceba101fed	6744af0969a58fceba101fed_6745c9a86086867a2c723e9d	extract	以幸存状态撤离灯塔	Survive and extract from Lighthouse	1	0
regular	6744af0969a58fceba101fed	6744af0969a58fceba101fed_6745c9b89c84a273d4a2dc28	shoot	在完成其他目标的同时消灭 Scav	Eliminate Scavs while completing the other objectives	10	0
regular	6745cbee909d2013670a4a55	6745cbee909d2013670a4a55_6745cbee909d2013670a4a60	findQuestItem	在海关找到并获取控告信	Locate and obtain the incriminating letter on Customs	1	0
regular	6745cbee909d2013670a4a55	6745cbee909d2013670a4a55_6745cbee909d2013670a4a61	extract	使用转移功能从海关转移到储备站	Use the transit from Customs to Reserve	1	0
regular	6745cbee909d2013670a4a55	6745cbee909d2013670a4a55_6745cbee909d2013670a4a63	plantQuestItem	将信件藏匿在储备站驻军总部的三楼	Stash the letter on the third floor of the military headquarters on Reserve	1	0
regular	6745cbee909d2013670a4a55	6745cbee909d2013670a4a55_6745cbee909d2013670a4a64	extract	使用转移功能从储备站转移到森林	Use the transit from Reserve to Woods	1	0
regular	6745cbee909d2013670a4a55	6745cbee909d2013670a4a55_6745cbee909d2013670a4a66	shoot	在森林击杀任意目标	Eliminate any target on Woods	3	0
regular	6745cbee909d2013670a4a55	6745cbee909d2013670a4a55_6745cbee909d2013670a4a68	extract	使用转移功能从森林转移到灯塔	Use the transit from Woods to Lighthouse	1	0
regular	6745cbee909d2013670a4a55	6745cbee909d2013670a4a55_6745cbee909d2013670a4a6a	useItem	在灯塔火车站仓库发射一枚黄色信号弹	Launch a yellow signal flare at the train station warehouse on Lighthouse	1	0
regular	6745cbee909d2013670a4a55	6745cbee909d2013670a4a55_6745cbee909d2013670a4a6c	useItem	在灯塔码头发射一枚黄色信号弹	Launch a yellow signal flare at the pier on Lighthouse	1	0
regular	6745cbee909d2013670a4a55	6745cbee909d2013670a4a55_6745cbee909d2013670a4a6e	shoot	在完成其他目标的同时消灭 Scav	Eliminate Scavs while completing the other objectives	10	0
regular	6745cbee909d2013670a4a55	6745cbee909d2013670a4a55_6745cbee909d2013670a4a70	extract	以幸存状态撤离灯塔	Survive and extract from Lighthouse	1	0
regular	6745fae369a58fceba10343d	6745fae369a58fceba10343d_6745fae369a58fceba103458	shoot	在森林击杀 PMC 行动人员	Eliminate PMC operatives on Woods	2	0
regular	6745fcded0fbbc74ca0f721d	6745fcded0fbbc74ca0f721d_6745fd2e3d6070c3563039a9	shoot	在森林击杀 Scav	Eliminate Scavs on Woods	10	0
regular	6745fdddd3346c216702e0bf	6745fdddd3346c216702e0bf_6745fe81eae30b9fb3bb6166	findQuestItem	在储备站军医院楼顶找到并获取 Lightkeeper 的货箱	Locate and obtain Lightkeeper's cargo crate on the roof of the military hospital on Reserve	1	0
regular	6745fdddd3346c216702e0bf	6745fdddd3346c216702e0bf_6745fe8d48cd7aeda7152b24	plantQuestItem	将货物藏匿在森林的 Scav 小屋	Stash the cargo at the Scav house on Woods	1	0
regular	674600a366e6a521aa05eb66	674600a366e6a521aa05eb66_67460118d3498f1b35e0a025	mark	在塔科夫街区使用 MS2000 标记器标记“倒塌的吊车”BTR 站点	Mark the Collapsed Crane BTR stop with an MS2000 Marker on Streets of Tarkov	1	0
regular	674600a366e6a521aa05eb66	674600a366e6a521aa05eb66_6746011dfd1dc9d0f502e55d	mark	在塔科夫街区使用 MS2000 标记器标记“废弃 Scav 检查站”BTR 站点	Mark the Old Scav Checkpoint BTR stop with an MS2000 Marker on Streets of Tarkov	1	0
regular	674600a366e6a521aa05eb66	674600a366e6a521aa05eb66_674601247aa943781a1cf3fc	mark	在塔科夫街区使用 MS2000 标记器标记“Pinewood 酒店”BTR 站点	Mark the Pinewood Hotel BTR stop with an MS2000 Marker on Streets of Tarkov	1	0
regular	674600a366e6a521aa05eb66	674600a366e6a521aa05eb66_674601282043d1ef3c6b2eec	mark	在塔科夫街区使用 MS2000 标记器标记“市中心”BTR 站点	Mark the City Center BTR stop with an MS2000 Marker on Streets of Tarkov	1	0
regular	674600a366e6a521aa05eb66	674600a366e6a521aa05eb66_6746012a35218bb89951248e	mark	在塔科夫街区使用 MS2000 标记器标记“电车”BTR 站点	Mark the Tram BTR stop with an MS2000 Marker on Streets of Tarkov	1	0
regular	674600a366e6a521aa05eb66	674600a366e6a521aa05eb66_6746012d871e69a9abb5873d	mark	在塔科夫街区使用 MS2000 标记器标记“Rodina 影院”BTR 站点	Mark the Rodina Cinema BTR stop with an MS2000 Marker on Streets of Tarkov	1	0
regular	674602307e3818d5bb069489	674602307e3818d5bb069489_674602682cb1c1f5999f27aa	visit	在森林找到山下的地堡	Locate the bunker under the mountain on Woods	0	0
regular	674602307e3818d5bb069489	674602307e3818d5bb069489_674da90a45aa075a44b4d687	plantItem	在地堡内藏匿第一包俄制口径穿甲弹药包	Stash the first Russian armor-piercing ammo pack inside the bunker	1	0
regular	674602307e3818d5bb069489	674602307e3818d5bb069489_674da90f96d4f32d517cb770	plantItem	在地堡内藏匿第二包俄制口径穿甲弹药包	Stash the second Russian armor-piercing ammo pack inside the bunker	1	0
regular	674602307e3818d5bb069489	674602307e3818d5bb069489_674da9141cc05673dc69e7e7	plantItem	在地堡内藏匿第三包俄制口径穿甲弹药包	Stash the third Russian armor-piercing ammo pack inside the bunker	1	0
regular	6746053b5b555b53460d9896	6746053b5b555b53460d9896_675197664e610fc2b88e0bf3	sellItem	卖任何物品给 Peacekeeper	Sell any items to Peacekeeper	75	0
regular	674605df60a98cad1b0ec799	674605df60a98cad1b0ec799_6746061983996c4aa4765025	findQuestItem	在森林找到并获取 RPG 弹药包裹	Locate and obtain the package with RPG ammo on Woods	1	0
regular	674605df60a98cad1b0ec799	674605df60a98cad1b0ec799_674606266884ca9cfc83530e	giveQuestItem	上交包裹	Hand over the package	1	0
regular	67460662d0fbbc74ca0f7229	67460662d0fbbc74ca0f7229_674606bac840f707bea6242f	extract	使用转移功能从海关转移到储备站	Use the transit from Customs to Reserve	1	0
regular	67460662d0fbbc74ca0f7229	67460662d0fbbc74ca0f7229_674606ccff406a9f6a28e26f	extract	使用转移功能从储备站转移到森林	Use the transit from Reserve to Woods	1	0
regular	67460662d0fbbc74ca0f7229	67460662d0fbbc74ca0f7229_674606f1c63637e54bede3a6	extract	使用转移功能从森林转移到灯塔	Use the transit from Woods to Lighthouse	1	0
regular	67460662d0fbbc74ca0f7229	67460662d0fbbc74ca0f7229_6746071002dfd67c0629a379	extract	以幸存状态撤离灯塔	Survive and extract from Lighthouse	1	0
regular	67460662d0fbbc74ca0f7229	67460662d0fbbc74ca0f7229_674607317781508c405fb979	shoot	在完成其他目标的同时消灭 PMC 行动人员	Eliminate PMC operatives while completing the other objectives	5	0
regular	6752f6d83038f7df520c83e8	6752f6d83038f7df520c83e8_6752f85800c5b2c48240c45f	taskStatus	完成任务：货运延误 - 1	Complete the task Shipping Delay - Part 1	0	0
regular	6752f6d83038f7df520c83e8	6752f6d83038f7df520c83e8_6752f86d538945df8cc3fc3a	findQuestItem	在森林找到并获取 Prapor 的包裹	Locate and obtain Prapor's package on Woods	1	0
regular	6752f6d83038f7df520c83e8	6752f6d83038f7df520c83e8_6756bcb3f93f4c1fc2b2d685	extract	以幸存状态撤离该区域	Survive and extract from the location	1	0
regular	675c03d1f7da9792a405549a	675c03d1f7da9792a405549a_675c0444db2b69f48942f37c	mark	在海关使用 MS2000 指示器标记任意一个 TerraGroup 特殊货箱	Mark any of the special TerraGroup cargo boxes with an MS2000 Marker on Customs	1	0
regular	675c03d1f7da9792a405549a	675c03d1f7da9792a405549a_6a574fe188bf38e4f6c954f6	visit	在海关找到第一批 TerraGroup 特殊货物	Locate the first special TerraGroup cargo on Customs	0	1
regular	675c03d1f7da9792a405549a	675c03d1f7da9792a405549a_6a574ff13e5804d879146872	visit	在海关找到第二批 TerraGroup 特殊货物	Locate the second special TerraGroup cargo on Customs	0	1
regular	675c03d1f7da9792a405549a	675c03d1f7da9792a405549a_6a574ff78f1b3fc8bdbb8755	visit	在海关找到第三批 TerraGroup 特殊货物	Locate the third special TerraGroup cargo on Customs	0	1
regular	675c03d1f7da9792a405549a	675c03d1f7da9792a405549a_6a574ffc261a237f28375818	visit	在海关找到第四批 TerraGroup 特殊货物	Locate the fourth special TerraGroup cargo on Customs	0	1
regular	675c03d1f7da9792a405549a	675c03d1f7da9792a405549a_6a575000eddb07c675a2567c	visit	在海关找到第五批 TerraGroup 特殊货物	Locate the fifth special TerraGroup cargo on Customs	0	1
regular	675c03d1f7da9792a405549a	675c03d1f7da9792a405549a_6a575004d14917ff71ab6aec	visit	在海关找到第六批 TerraGroup 特殊货物	Locate the sixth special TerraGroup cargo on Customs	0	1
regular	675c03d1f7da9792a405549a	675c03d1f7da9792a405549a_6a57500b923ac62ea96d47aa	visit	在海关找到第七批 TerraGroup 特殊货物	Locate the seventh special TerraGroup cargo on Customs	0	1
regular	675c047fa46173572a0bd878	675c047fa46173572a0bd878_675c04b3fc6b273a36ed294a	findQuestItem	在海关找到并获取 TerraGroup 货运清单	Locate and obtain the TerraGroup shipment lists on Customs	1	0
regular	675c047fa46173572a0bd878	675c047fa46173572a0bd878_675c04c1b68cc8180efb38c6	giveQuestItem	上交找到的信息	Hand over the found information	1	0
regular	675c04f4db8807b75d0f38e8	675c04f4db8807b75d0f38e8_675c04f4db8807b75d0f38eb	findQuestItem	在海关找到并获取货运班组的日志	Locate and obtain the delivery crew's shipment notes on Customs	1	0
regular	675c04f4db8807b75d0f38e8	675c04f4db8807b75d0f38e8_675c04f4db8807b75d0f38ec	giveQuestItem	上交找到的信息	Hand over the found information	1	0
regular	675c085d59b0575973005f52	675c085d59b0575973005f52_675c14f54662a2fae349dbb9	plantItem	在海关指定位置藏匿 DVL-10 狙击步枪	Stash a DVL-10 sniper rifle at the specified spot on Customs	1	0
regular	675c085d59b0575973005f52	675c085d59b0575973005f52_675c152299549b5b62094f06	plantItem	在海关指定位置藏匿 DVL-10 狙击步枪弹匣	Stash a DVL-10 magazine at the specified spot on Customs	1	0
regular	675c085d59b0575973005f52	675c085d59b0575973005f52_675c153ae96d38136d02f670	plantItem	在海关指定位置藏匿 ELCAN SpecterDR 瞄准镜	Stash an ELCAN SpecterDR scope at the specified spot on Customs	1	0
regular	675c085d59b0575973005f52	675c085d59b0575973005f52_67604476b1ae3717835ccaed	plantItem	在海关指定地点藏匿任意 7.62x51 弹药包	Stash a pack of any 7.62x51 ammo at the specified spot on Customs	1	0
regular	675c1570526ff496850895d9	675c1570526ff496850895d9_675c15916580a378dc0f012f	findQuestItem	在海关车库区找到并获取经过改装的工具套件	Locate and obtain the customized tool set at the garage complex on Customs	1	0
regular	675c1570526ff496850895d9	675c1570526ff496850895d9_675c1595a4c063af74ee5279	giveQuestItem	上交找到的物品	Hand over the found item	1	0
regular	675c15fbf7da9792a4059871	675c15fbf7da9792a4059871_675c1c87caddcfa893af10e9	plantItem	在海关的工厂厂房内安装第一个 WI-FI 摄像头	Install the first WI-FI Camera inside the industrial plant on Customs	1	0
regular	675c15fbf7da9792a4059871	675c15fbf7da9792a4059871_675c1c980fd114390c638b89	shoot	在海关的工厂厂房内击杀任意目标	Eliminate any target inside the industrial plant on Customs	15	0
regular	675c15fbf7da9792a4059871	675c15fbf7da9792a4059871_676047054c9696a7d071bc08	plantItem	在海关的工厂厂房内安装第二个 WI-FI 摄像头	Install the second WI-FI Camera inside the industrial plant on Customs	1	0
regular	675c15fbf7da9792a4059871	675c15fbf7da9792a4059871_6760470877d1b7790af5de11	plantItem	在海关的工厂厂房内安装第三个 WI-FI 摄像头	Install the third WI-FI Camera inside the industrial plant on Customs	1	0
regular	675c15fbf7da9792a4059871	675c15fbf7da9792a4059871_6760470b7d65f702a6295820	plantItem	在海关的工厂厂房内安装第四个 WI-FI 摄像头	Install the fourth WI-FI Camera inside the industrial plant on Customs	1	0
regular	675c1cf4a757ddd00404f0a3	675c1cf4a757ddd00404f0a3_675c1cf4a757ddd00404f0a6	visit	在海关找到秘密撤离点	Locate the secret exfil on Customs	0	0
regular	675c1cf4a757ddd00404f0a3	675c1cf4a757ddd00404f0a3_676ab31c058363b09072c78e	findItem	获得指定道具并从秘密撤离点撤离	Obtain the special item to extract through the secret exfil	1	1
regular	675c1d6d59b0575973008fc7	675c1d6d59b0575973008fc7_675c1d6d59b0575973008fc9	extract	使用转移功能从海关转移到海岸线	Use the transit from Customs to Shoreline	1	0
regular	675c1d6d59b0575973008fc7	675c1d6d59b0575973008fc7_675c1dbdcca03cb7f61fc735	extract	以幸存状态撤离海岸线	Survive and extract from Shoreline	1	0
regular	675c1ec7a46173572a0bf20a	675c1ec7a46173572a0bf20a_675c1f040a1128e59422a876	shoot	在海关的老加油站击杀 Scav	Eliminate Scavs at the old gas station on Customs	10	0
regular	675c1ec7a46173572a0bf20a	675c1ec7a46173572a0bf20a_675c1f17cf59d5433be7ae77	shoot	在海关的新加油站击杀 Scav	Eliminate Scavs at the new gas station on Customs	10	0
regular	675c1ec7a46173572a0bf20a	675c1ec7a46173572a0bf20a_675c1f311bd716cdb87947d1	giveItem	上交战局中找到的物品：金属油桶	Hand over the found in raid item: Metal fuel tank	2	0
regular	675c1ff1a757ddd00404f0aa	675c1ff1a757ddd00404f0aa_675c1ff1a757ddd00404f0ae	shoot	在灯塔或实验室使用 Aklys Defense“迅猛龙”突击步枪消灭任意目标	Eliminate any target with an Aklys Defense Velociraptor on Lighthouse or The Lab	30	0
regular	675c3507a06634b5110e3c18	675c3507a06634b5110e3c18_675c3507a06634b5110e3c1a	extract	在海关以幸存状态通过“铁路通道”信号弹撤离点撤离	Survive and extract from Customs through Railroad Passage (Flare)	1	0
regular	675c3582f6ddc329a90f9c6d	675c3582f6ddc329a90f9c6d_675c37d2da4b531ba8daaadd	findQuestItem	在海关找到并获取 Skier 的钱包	Locate and obtain Skier's wallet on Customs	1	0
regular	675c3582f6ddc329a90f9c6d	675c3582f6ddc329a90f9c6d_675c37e07ac1a33fff170966	giveQuestItem	上交找到的物品	Hand over the found item	1	0
regular	6761f28a022f60bb320f3e95	6761f28a022f60bb320f3e95_6761f6f1bacf72169272e381	giveItem	上交任意样式的 PMC 玩偶	Hand over any PMC figurine	1	0
regular	6761f28a022f60bb320f3e95	6761f28a022f60bb320f3e95_6761f7d086fd2d9c941b8aa3	giveItem	上交任意 Scav 玩偶	Hand over any Scav figurine	1	0
regular	6761f28a022f60bb320f3e95	6761f28a022f60bb320f3e95_6761f7f87b309912d6b5f2a9	giveItem	上交任意 Boss 玩偶	Hand over any Boss figurine	1	0
regular	6761f28a022f60bb320f3e95	6761f28a022f60bb320f3e95_6761f87227aeff895cef62c5	giveItem	上交任意商人玩偶	Hand over any Trader figurine	1	0
regular	6761f28a022f60bb320f3e95	6761f28a022f60bb320f3e95_6761f93bc757eb8c228fa754	shoot	消灭 Scav	Eliminate Scavs	50	0
regular	6761f28a022f60bb320f3e95	6761f28a022f60bb320f3e95_6761f9d718fa62aac3264ff2	extract	以幸存状态撤离实验室	Survive and extract from The Lab	1	0
regular	6761ff17cdc36bd66102e9d0	6761ff17cdc36bd66102e9d0_6761ff17cdc36bd66102e9d6	extract	以幸存状态撤离实验室	Survive and extract from The Lab	1	0
regular	6761ff17cdc36bd66102e9d0	6761ff17cdc36bd66102e9d0_6761ff17cdc36bd66102e9d8	giveItem	上交任意在战局中找到的 PMC 玩偶	Hand over any found in raid PMC figurine	2	0
regular	6761ff17cdc36bd66102e9d0	6761ff17cdc36bd66102e9d0_6761ff17cdc36bd66102e9d9	giveItem	上交任意在战局中找到的 Scav 玩偶	Hand over any found in raid Scav figurine	2	0
regular	6761ff17cdc36bd66102e9d0	6761ff17cdc36bd66102e9d0_6761ff17cdc36bd66102e9da	giveItem	上交任意在战局中找到的 Boss 玩偶	Hand over any found in raid Boss figurine	2	0
regular	6761ff17cdc36bd66102e9d0	6761ff17cdc36bd66102e9d0_6761ff17cdc36bd66102e9e1	giveItem	上交任意在战局中找到的 商人 玩偶	Hand over any found in raid Trader figurine	2	0
regular	6761ff17cdc36bd66102e9d0	6761ff17cdc36bd66102e9d0_6762015739c53fca8ac51336	shoot	消灭 PMC 行动人员	Eliminate PMC operatives	10	0
regular	6764174c86addd02bc033d68	6764174c86addd02bc033d68_676418a60b9bcbe280972288	shoot	使用装有夜视仪或热成像瞄具的栓动式步枪消灭 PMC 行动人员	Eliminate PMC operatives with a bolt-action rifle with night or thermal scope	20	0
regular	676529af9c90953d090882e7	676529af9c90953d090882e7_676529af9c90953d090882ea	buildWeapon	按照要求改装 PP-19-01	Modify a PP-19-01 to comply with the given specifications	1	0
regular	676529af9c90953d090882e7	676529af9c90953d090882e7_676529e759261ce07bc47b62	buildWeapon	按照要求改装 T-5000M	Modify a T-5000M to comply with the given specifications	1	0
regular	676529af9c90953d090882e7	676529af9c90953d090882e7_67652a2f4f75e1a9543289ed	buildWeapon	按照要求改装 Glock 17	Modify a Glock 17 to comply with the given specifications	1	0
regular	67a09636b8725511260bc421	67a09636b8725511260bc421_67a0a91f4681b4e43d13892b	visit	在中心区找到 Knossos LLC 高级经理的轿车	Locate the Knossos LLC senior manager's car on Ground Zero	0	0
regular	67a09636b8725511260bc421	67a09636b8725511260bc421_67a0ab610345d81cb3cbb24c	findQuestItem	找到并获取经理的日志	Locate and obtain the manager's diary	1	0
regular	67a09636b8725511260bc421	67a09636b8725511260bc421_67a0ab83359e2d00cf9d6b06	giveQuestItem	上交日志	Hand over the diary	1	0
regular	67a0964e972c11a3f507731b	67a0964e972c11a3f507731b_67a0bc81fcbc1c559d09b58f	visit	在中心区调查调查 TerraGroup 总部门前的公园	Investigate the courtyard park by TerraGroup HQ on Ground Zero	0	0
regular	67a0964e972c11a3f507731b	67a0964e972c11a3f507731b_67a0bc83182c4b0c71edd0ce	visit	在立交桥调查卡丁车场	Investigate the kart track on Interchange	0	0
regular	67a0964e972c11a3f507731b	67a0964e972c11a3f507731b_67a0bc84f19d5b1120a55762	visit	在立交桥调查儿童游乐场	Investigate the indoor children's playground on Interchange	0	0
regular	67a0964e972c11a3f507731b	67a0964e972c11a3f507731b_67a0bc87c60a93d7a3f28b23	visit	在塔科夫街区调查 Concordia 公寓的儿童游乐场	Investigate the children's playground by Concordia on Streets of Tarkov	0	0
regular	67a0964e972c11a3f507731b	67a0964e972c11a3f507731b_67a0bc8848d9d2cbd274ffd9	visit	在海岸线调查岸边的建筑工地	Investigate the coast-side construction site on Shoreline	0	0
regular	67a0964e972c11a3f507731b	67a0964e972c11a3f507731b_67a0bc8ab12fe4b1baa60e4c	visit	在海岸线调查疗养院内的儿童游乐场	Investigate the children's playground by the Health Resort on Shoreline	0	0
regular	67a096577e86e067eb045733	67a096577e86e067eb045733_67a0bf7103442ae640dba835	visit	找到与 Knossos LLC 相关的有效线索	Locate a good lead related to Knossos LLC	0	0
regular	67a096577e86e067eb045733	67a096577e86e067eb045733_67dbdd4d6a2e4b8e002b647d	visit	尝试进入 Knossos LLC 设施	Find a way inside the Knossos LLC facility	0	0
regular	67a096577e86e067eb045733	67a096577e86e067eb045733_67dbdd819d8208bb2082480e	findItem	找到并获取 Knossos LLC 设施钥匙	Locate and obtain the Knossos LLC facility key	1	1
regular	67a09673972c11a3f507731d	67a09673972c11a3f507731d_67a0d92a6cf4a5745d0bc94f	findQuestItem	在中心区找到并获取化学品容器	Locate and obtain the chemical container on Ground Zero	1	0
regular	67a09673972c11a3f507731d	67a09673972c11a3f507731d_6a57565d0c4e021f681b32f0	plantQuestItem	在塔科夫街区将化学容器放置藏匿在警察局	Stash the container by the police station on Streets of Tarkov	1	0
regular	67a0967c003a9986cb0f5ac1	67a0967c003a9986cb0f5ac1_67dc294d681db91b2fa3b279	taskStatus	上交“凶狠跑刀崽”私酒给 BTR 司机	Hand over the Bottle of Fierce Hatchling moonshine to BTR driver	0	0
regular	67a0967c003a9986cb0f5ac1	67a0967c003a9986cb0f5ac1_67dc3861d5c0070b960c1bba	findItem	获得物品：“凶狠跑刀崽”私酒	Obtain the item: Bottle of Fierce Hatchling moonshine	1	0
regular	67a0967c003a9986cb0f5ac1	67a0967c003a9986cb0f5ac1_67dc393c6089aa48050efa02	visit	前往森林或塔科夫街区	Go to Woods or Streets of Tarkov	0	0
regular	67a096ed77dd677f600804ba	67a096ed77dd677f600804ba_67a0da26a3b8d254347b8634	giveItem	上交 1 瓶“凶狠跑刀崽”私酒	Hand over a Bottle of Fierce Hatchling moonshine	1	0
regular	67a096ed77dd677f600804ba	67a096ed77dd677f600804ba_683dbecbfc878c4569e892c2	findItem	找到 1 瓶“凶狠跑刀崽”私酒	Find a Bottle of Fierce Hatchling moonshine	1	0
regular	67a0970744893b9f3f0d9b68	67a0970744893b9f3f0d9b68_67a0dc94a4d798e79853f2eb	findItem	获得 Labrys 访问钥匙卡	Obtain the Labrys access keycard	1	1
regular	67a0970744893b9f3f0d9b68	67a0970744893b9f3f0d9b68_67dbe0f532ff08bfa13237a8	visit	找出海岸线疗养院地堡密闭门后有什么	Find out what is behind the Health Resort bunker door on Shoreline	0	0
regular	67a0970f05d1611ed90be75d	67a0970f05d1611ed90be75d_67a0dcf4ff6f74931359b9f9	giveItem	上交战局中找到的物品：Labrys研发记录	Hand over the found in raid item: Labrys research notes	5	0
regular	67a0970f05d1611ed90be75d	67a0970f05d1611ed90be75d_67dbe16ece16a02860ed9d33	visit	在迷宫内找到武器原型测试区域	Locate the lab area with the prototype weapon inside The Labyrinth	0	0
regular	67a09724972c11a3f5077324	67a09724972c11a3f5077324_67a0dd7a2519959b187db47f	findQuestItem	在迷宫内找到并获取特殊的储存模块	Locate and obtain the special storage module inside The Labyrinth	1	0
regular	67a09724972c11a3f5077324	67a09724972c11a3f5077324_67a0dda1370e2f877a6c8531	giveQuestItem	上交找到的信息	Hand over the found information	1	0
regular	67a09724972c11a3f5077324	67a09724972c11a3f5077324_67a0de2750fdff39d267ea16	plantItem	在迷宫的组装车间内安放一枚手榴弹	Plant a hand grenade in the assembly workshop inside The Labyrinth	1	0
regular	67a0972e77dd677f600804bd	67a0972e77dd677f600804bd_67a0de6954c67082e9148328	visit	在迷宫中找到行刑室	Locate the torture room inside The Labyrinth	0	0
regular	67a0972e77dd677f600804bd	67a0972e77dd677f600804bd_67a0de84e8e35296a13500c8	findQuestItem	找到并获取任何酷刑折磨的证据	Locate and obtain any evidence of torture	1	0
regular	67a0972e77dd677f600804bd	67a0972e77dd677f600804bd_67a0de9190545ec5612fdda5	giveQuestItem	上交找到的信息	Hand over the found information	1	0
regular	67a097379f2068e74603c6ac	67a097379f2068e74603c6ac_67a0df619fb6c42b9a08e8e9	shoot	在迷宫中找到并消灭“米诺陶”	Locate and neutralize the "Minotaur" inside The Labyrinth	1	0
regular	67a097379f2068e74603c6ac	67a097379f2068e74603c6ac_67a0df7f2cd4d4413cd29b45	shoot	在迷宫中消灭米诺陶的保镖	Eliminate the "Minotaur's" guards inside The Labyrinth	6	0
regular	67a09761e720611a6a01f288	67a09761e720611a6a01f288_67a0e4df8cddbe2df31dd1d9	plantItem	在迷宫的第一个特殊位置藏匿邪教徒的刀	Stash a Cultist knife in the first special place inside The Labyrinth	1	0
regular	67a09761e720611a6a01f288	67a09761e720611a6a01f288_67a0e4e399e34c9ffcdc6e00	plantItem	在迷宫的第二个特殊位置藏匿邪教徒的刀	Stash a Cultist knife in the second special place inside The Labyrinth	1	0
regular	67a09761e720611a6a01f288	67a09761e720611a6a01f288_67a0e4e64cb065811d95c6d9	plantItem	在迷宫的第三个特殊位置藏匿邪教徒的刀	Stash a Cultist knife in the third special place inside The Labyrinth	1	0
regular	67af4c1405c58dc6f7056667	67af4c1405c58dc6f7056667_67af6dd0f5685508d9050158	giveItem	上交物品：Trijicon REAP-IR热成像瞄准镜	Hand over the item: Trijicon REAP-IR thermal scope	15	0
regular	67af4c169d95ad16e004fd86	67af4c169d95ad16e004fd86_67af6e1ee67a772b14e08061	giveItem	上交物品：BNTI Zhuk护甲（EMR）	Hand over the item: BNTI Zhuk body armor (EMR)	15	0
regular	67af4c169d95ad16e004fd86	67af4c169d95ad16e004fd86_67af6f1d268fd33c21524a02	giveItem	上交物品：Vulkan-5 LShZ-5重型头盔	Hand over the item: Vulkan-5 LShZ-5 bulletproof helmet	12	0
regular	67af4c169d95ad16e004fd86	67af4c169d95ad16e004fd86_67af6f7961ee5d07d0c210c9	giveItem	上交物品：Maska-1SCh面罩（Killa版本）	Hand over the item: Maska-1SCh face shield (Killa Edition)	3	0
regular	67af4c17f4f1fb58a907f8f6	67af4c17f4f1fb58a907f8f6_67af7037f7937389517f0569	giveItem	上交物品：HK 416A5 5.56x45突击步枪	Hand over the item: HK 416A5 5.56x45 assault rifle	15	0
regular	67af4c17f4f1fb58a907f8f6	67af4c17f4f1fb58a907f8f6_67af7055a7ffd02753b8c5bd	giveItem	上交物品：5.56x45mm MK 318 Mod 0 (SOST)	Hand over the item: 5.56x45mm MK 318 Mod 0 (SOST)	4500	0
regular	67af4c17f4f1fb58a907f8f6	67af4c17f4f1fb58a907f8f6_67af70650fa4c937ca034063	giveItem	上交物品：UVSR Taiga-1求生砍刀	Hand over the item: UVSR Taiga-1 survival machete	8	0
regular	67af4c1991ee75c6d7060a16	67af4c1991ee75c6d7060a16_67af70d60ef31f2d26f1a4d5	giveItem	上交物品：SJ6 TGLabs战斗兴奋剂注射器	Hand over the item: SJ6 TGLabs combat stimulant injector	30	0
regular	67af4c1991ee75c6d7060a16	67af4c1991ee75c6d7060a16_67af70e894e1096f325b8050	giveItem	上交物品：Obdolbos 2 鸡尾酒兴奋剂注射器	Hand over the item: Obdolbos 2 cocktail injector	30	0
regular	67af4c1991ee75c6d7060a16	67af4c1991ee75c6d7060a16_67af70f3cfdf90b749b5eb36	giveItem	上交物品：Propital 再生兴奋剂注射器	Hand over the item: Propital regenerative stimulant injector	30	0
regular	67af4c1991ee75c6d7060a16	67af4c1991ee75c6d7060a16_67af70fe8c503a010078afd0	giveItem	上交物品：M.U.L.E. 兴奋剂注射器	Hand over the item: M.U.L.E. stimulant injector	30	0
regular	67af4c1991ee75c6d7060a16	67af4c1991ee75c6d7060a16_67af710c5662b533d9f5b9ca	giveItem	上交物品：eTG-change再生兴奋剂注射器	Hand over the item: eTG-change regenerative stimulant injector	30	0
regular	67af4c1991ee75c6d7060a16	67af4c1991ee75c6d7060a16_67af7117f8c948d02b632085	giveItem	上交物品：SJ9 TGLabs战斗兴奋剂注射器	Hand over the item: SJ9 TGLabs combat stimulant injector	30	0
regular	67af4c1991ee75c6d7060a16	67af4c1991ee75c6d7060a16_67af7121aeed86a73d8653be	giveItem	上交物品：SJ12 TGLabs战斗兴奋剂注射器	Hand over the item: SJ12 TGLabs combat stimulant injector	30	0
regular	67af4c1991ee75c6d7060a16	67af4c1991ee75c6d7060a16_67af712cf5f86ab56db8f198	giveItem	上交物品：米屈肼注射器	Hand over the item: Meldonin injector	30	0
regular	67af4c1a6c3ebfd8e6034916	67af4c1a6c3ebfd8e6034916_67af7168fab0681948d9ed8b	giveItem	上交物品：显卡	Hand over the item: Graphics card	30	0
regular	67af4c1a6c3ebfd8e6034916	67af4c1a6c3ebfd8e6034916_67af7178ea4fed9c667abb17	giveItem	上交物品：实体比特币	Hand over the item: Physical Bitcoin	15	0
regular	67af4c1cc0e59d55e2010b97	67af4c1cc0e59d55e2010b97_67af71c90036a462a17a72d3	giveItem	上交物品：Tarkovskaya瓶装伏特加	Hand over the item: Bottle of Tarkovskaya vodka	12	0
regular	67af4c1cc0e59d55e2010b97	67af4c1cc0e59d55e2010b97_67af71d6a6e77337205f5bfe	giveItem	上交物品：Dan Jackiel瓶装威士忌	Hand over the item: Bottle of Dan Jackiel whiskey	20	0
regular	67af4c1cc0e59d55e2010b97	67af4c1cc0e59d55e2010b97_67af71f19ce81d8ebb21530f	giveItem	上交物品：“凶狠跑刀崽”月光	Hand over the item: Bottle of Fierce Hatchling moonshine	20	0
regular	67af4c1d8c9482eca103e477	67af4c1d8c9482eca103e477_67af727750e1b6f21d9f5511	extract	以幸存状态撤离实验室	Survive and extract from The Lab	15	0
regular	67af4c1d8c9482eca103e477	67af4c1d8c9482eca103e477_67af730c69887224a61084ac	shoot	在实验室消灭任意目标	Eliminate any target in The Lab	100	0
regular	67b45467814ab0ffa000c7e7	67b45467814ab0ffa000c7e7_67b45467814ab0ffa000c7ea	shoot	使用手榴弹或者榴弹发射器消灭 PMC 行动人员	Eliminate PMC operatives with grenades or grenade launchers	20	0
regular	67d03be712fb5f8fd2096332	67d03be712fb5f8fd2096332_67d03be712fb5f8fd2096334	shoot	在迷宫中击杀任意目标	Eliminate any target inside The Labyrinth	36	0
regular	67e993b1ac26bf29380a320b	67e993b1ac26bf29380a320b_67e993b1ac26bf29380a320e	visit	返回海关的前冠军藏身处	Return to the old champion's hideout on Customs	0	0
regular	67e993b1ac26bf29380a320b	67e993b1ac26bf29380a320b_67e993b1ac26bf29380a3210	findQuestItem	找到并获取竞技场裁判的黑料	Locate and obtain the compromising information on Ref	1	0
regular	67e993b1ac26bf29380a320b	67e993b1ac26bf29380a320b_67e993b1ac26bf29380a3212	giveQuestItem	上交找到的信息	Hand over the found info	1	0
regular	67e993f5ed537409f009da75	67e993f5ed537409f009da75_67ebc5f501052193cdb4c9ac	giveItem	上交物品：传奇奖章	Hand over the item: Lega Medal	1	0
regular	684009026ceedc792c09b2a7	684009026ceedc792c09b2a7_68406fd3b614b3db64e6097d	findQuestItem	在储备站找到并获取 AK-50 枪管	Locate and obtain the AK-50 barrel on Reserve	1	0
regular	684009026ceedc792c09b2a7	684009026ceedc792c09b2a7_684070a1a550c194cf2f833a	findQuestItem	在塔科夫一处检查站找到并获取 AK-50 防尘盖	Locate and obtain the AK-50 dust cover at one of Tarkov's security checkpoints	1	0
regular	684009026ceedc792c09b2a7	684009026ceedc792c09b2a7_6840711071516aad97bd9156	visit	在储备站找到格鲁哈的车间	Locate Glukhar's workshop on Reserve	0	1
regular	684009026ceedc792c09b2a7	684009026ceedc792c09b2a7_6840714469caa738cc1225c3	visit	找到被抢货物所在的检查站	Locate the checkpoint with seized cargo	0	1
regular	684009026ceedc792c09b2a7	684009026ceedc792c09b2a7_685e95c44b14e68996ad6590	plantItem	在海关指定位置藏匿 AK-50 枪身主体	Stash the AK-50 body at the specified spot on Customs	1	0
regular	684009026ceedc792c09b2a7	684009026ceedc792c09b2a7_685e95d28ba62d57a3235675	plantQuestItem	在海关指定位置藏匿 AK-50 护木	Stash the AK-50 handguard at the specified spot on Customs	1	0
regular	684009026ceedc792c09b2a7	684009026ceedc792c09b2a7_685e95def338135da83ff978	plantQuestItem	在海关指定位置藏匿 AK-50 枪管	Stash the AK-50 barrel at the specified spot on Customs	1	0
regular	684009026ceedc792c09b2a7	684009026ceedc792c09b2a7_685e95f0ac5f975749f6c1f3	plantQuestItem	在海关指定位置藏匿 AK-50 防尘盖	Stash the AK-50 dust cover at the specified spot on Customs	1	0
regular	684009026ceedc792c09b2a7	684009026ceedc792c09b2a7_685e97f9892281cf7a89f39c	findItem	组装 AK-50 枪身主体	Build the AK-50 body	1	1
regular	68400926706e0a55e90b0007	68400926706e0a55e90b0007_684180b0b22d582a57c5a8d7	giveItem	上交欧元	Hand over EUR	50000	0
regular	68400953506db3b4db0700e7	68400953506db3b4db0700e7_6841814c20c9a6c68800ab79	findQuestItem	在森林的旧锯木厂找到并获取 AK-50 护木	Locate and obtain the AK-50 handguard at the old sawmill on Woods	1	1
regular	68400953506db3b4db0700e7	68400953506db3b4db0700e7_6841815b3d5e6b08d1f6e474	visit	找到埋藏地点	Locate the stash spot	0	1
regular	68400953506db3b4db0700e7	68400953506db3b4db0700e7_684181808b21759f04e1c4ee	taskStatus	完成任务：同好俱乐部	Complete the task Hobby Club	0	0
regular	6848100b00afffa81f09e365	6848100b00afffa81f09e365_6848100b00afffa81f09e369	shoot	消灭 PMC 行动人员	Eliminate PMC operatives	15	0
regular	6848100b00afffa81f09e365	6848100b00afffa81f09e365_6848100b00afffa81f09e36b	extract	使用转移功能从实验室转移到塔科夫街区	Use the transit from The Lab to Streets of Tarkov	1	0
regular	6848100b00afffa81f09e365	6848100b00afffa81f09e365_6848100b00afffa81f09e36d	giveItem	上交任意在战局中找到的 PMC 玩偶	Hand over any found in raid PMC figurine	3	0
regular	6848100b00afffa81f09e365	6848100b00afffa81f09e365_6848100b00afffa81f09e36e	giveItem	上交任意在战局中找到的 Scav 玩偶	Hand over any found in raid Scav figurine	3	0
regular	6848100b00afffa81f09e365	6848100b00afffa81f09e365_6848100b00afffa81f09e36f	giveItem	上交任意在战局中找到的 Boss 玩偶	Hand over any found in raid Boss figurine	3	0
regular	6848100b00afffa81f09e365	6848100b00afffa81f09e365_6848100b00afffa81f09e376	giveItem	上交任意在战局中找到的 商人 玩偶	Hand over any found in raid Trader figurine	3	0
regular	6848100b00afffa81f09e365	6848100b00afffa81f09e365_6848116061809d65b8503617	extract	以幸存状态撤离塔科夫街区	Survive and extract from Streets of Tarkov	1	0
regular	6848100b00afffa81f09e365	6848100b00afffa81f09e365_684812156189183883f13947	shoot	消灭 掠夺者	Eliminate Raiders	20	0
regular	68481881f43abfdda2058369	68481881f43abfdda2058369_68481881f43abfdda205836d	shoot	消灭 PMC 行动人员	Eliminate PMC operatives	20	0
regular	68481881f43abfdda2058369	68481881f43abfdda2058369_68481881f43abfdda205836f	extract	使用转移功能从实验室转移到塔科夫街区	Use the transit from The Lab to Streets of Tarkov	1	0
regular	68481881f43abfdda2058369	68481881f43abfdda2058369_68481881f43abfdda2058371	giveItem	上交任意在战局中找到的 PMC 玩偶	Hand over any found in raid PMC figurine	3	0
regular	68481881f43abfdda2058369	68481881f43abfdda2058369_68481881f43abfdda2058372	giveItem	上交任意在战局中找到的 Scav 玩偶	Hand over any found in raid Scav figurine	3	0
regular	68481881f43abfdda2058369	68481881f43abfdda2058369_68481881f43abfdda2058373	giveItem	上交任意在战局中找到的 Boss 玩偶	Hand over any found in raid Boss figurine	3	0
regular	68481881f43abfdda2058369	68481881f43abfdda2058369_68481881f43abfdda205837a	giveItem	上交任意在战局中找到的 商人 玩偶	Hand over any found in raid Trader figurine	3	0
regular	68481881f43abfdda2058369	68481881f43abfdda2058369_68481a8eda10b760b3b1a73f	shoot	消灭 游荡者	Eliminate Rogues	30	0
regular	68481881f43abfdda2058369	68481881f43abfdda2058369_68483a05801f8d9e40ac05b1	extract	使用转移功能从塔科夫街区转移到立交桥	Use the transit from Streets of Tarkov to Interchange	1	0
regular	68481881f43abfdda2058369	68481881f43abfdda2058369_68486a0eda4828c0772e337b	extract	以幸存状态撤离立交桥	Survive and extract from Interchange	1	0
regular	68db9c7557bc51a8c804c14b	68db9c7557bc51a8c804c14b_68db9ea0e6c69908254eceee	shoot	使用 9x39 毫米口径的武器在 50 米开外消灭 PMC	Eliminate PMC operatives with any 9x39 caliber weapon from over 50 meters away	20	0
regular	68ee1c18b4e5bc9a68018cd7	68ee1c18b4e5bc9a68018cd7_68ee1cc7e8b13097f525e6f2	giveItem	上交战局中找到的物品：Red Rebel 冰镐	Hand over the found in raid item: Red Rebel ice pick	1	0
regular	6942b44f891369fc790e385a	6942b44f891369fc790e385a_6942b48e6998a45a7b90cd5b	shoot	不穿戴任何护甲、头盔或插板胸挂，仅佩戴耳机消灭 PMC 行动人员	Eliminate PMC operatives while using an active headset without wearing any armor or helmet	10	0
regular	6942b44f891369fc790e385a	6942b44f891369fc790e385a_6942b72980d7f587b5b3ca86	shoot	不佩戴任何耳机，穿戴 TSH-4M-L 软质坦克乘员头盔消灭 PMC 行动人员	Eliminate PMC operatives while wearing the TSh-4M-L soft tank crew helmet	10	0
regular	697877e0c639962b2e0cf24f	697877e0c639962b2e0cf24f_69789727f9ef98d604a0a4eb	taskStatus	完成任务：专业热身 - 2	Complete the task Professional Fitness - Part 2	0	0
regular	697877e0c639962b2e0cf24f	697877e0c639962b2e0cf24f_69789737271caeeb3db66e8d	taskStatus	完成任务：再创新高！- 6	Complete the task To Great Heights! - Part 6	0	0
regular	697877e0c639962b2e0cf24f	697877e0c639962b2e0cf24f_6978973c2834db5eb178fdc8	taskStatus	完成任务：保持领先	Complete the task Hold the Lead	0	0
regular	69788c2bac719606e40b4e77	69788c2bac719606e40b4e77_69788c6d403c43a13a7ba7c2	visit	在 CheckPoint 或 LastHero 模式下完成一场战斗	Play a match in CheckPoint or Last Hero mode	0	0
regular	69788db3878a4385d10c0718	69788db3878a4385d10c0718_69788fc3dc3074ce1c851e20	shoot	在竞技场消灭敌人	Eliminate enemies in Arena	20	0
regular	69789418b2187365e70bb947	69789418b2187365e70bb947_6978a28fe2bee676ada49c79	visit	在竞技场连续赢得两场 TeamFight 或 BlastGang 或 CheckPoint 模式的战斗	Win two matches in a row in TeamFight, BlastGang, or CheckPoint mode	0	0
regular	697895b6c639962b2e0cf268	697895b6c639962b2e0cf268_697895e700201d158bb28f22	shoot	在竞技场消灭敌人	Eliminate enemies in Arena	75	0
regular	69c26c07683c9831020018c7	69c26c07683c9831020018c7_69c26dfeaa4283497aab0d36	shoot	消灭游荡者	Eliminate Rogues	30	0
regular	69c27158e350f01390049e77	69c27158e350f01390049e77_69c2740bdbeade0b8e55eeea	mark	在森林使用 MS2000 指示器标记前往灯塔的转移点	Mark the transit to Lighthouse with an MS2000 Marker on Woods	1	0
regular	69c27158e350f01390049e77	69c27158e350f01390049e77_69c27425f79e528d73ed4b2e	extract	使用转移功能从森林转移到灯塔	Use the transit from Woods to Lighthouse	1	0
regular	69c27158e350f01390049e77	69c27158e350f01390049e77_69c2745137b8de0e367891c6	mark	在灯塔使用 MS2000 指示器标记前往森林的转移点	Mark the transit to Woods with an MS2000 Marker on Lighthouse	1	0
regular	69c277f3ea6da9c23e07f8d2	69c277f3ea6da9c23e07f8d2_69c27887c921a0bbeb1889f5	giveItem	上交物品：“凶狠跑刀崽”私酒	Hand over the item: Bottle of Fierce Hatchling moonshine	2	0
regular	69c277f3ea6da9c23e07f8d2	69c277f3ea6da9c23e07f8d2_69c278972aaa73481e71ddf7	findItem	取得物品：黑麦面包块	Obtain the item: Rye croutons	4	1
regular	69c277f3ea6da9c23e07f8d2	69c277f3ea6da9c23e07f8d2_69c278be0634a7d5f463fc3b	findItem	取得物品：Tarkovskaya瓶装伏特加	Obtain the item: Bottle of Tarkovskaya vodka	4	1
regular	69c277f3ea6da9c23e07f8d2	69c277f3ea6da9c23e07f8d2_69c278cc962d59d4fe7d8d82	findItem	取得物品：咸狗牛肉肠	Obtain the item: Salty Dog beef sausage	2	1
regular	69c277f3ea6da9c23e07f8d2	69c277f3ea6da9c23e07f8d2_69c278e24c0bedf890ce8873	findItem	获得物品：“凶狠跑刀崽”私酒	Obtain the item: Bottle of Fierce Hatchling moonshine	2	1
regular	69c277f3ea6da9c23e07f8d2	69c277f3ea6da9c23e07f8d2_69c278f14dc0363079d5bb40	giveItem	上交物品：咸狗牛肉肠	Hand over the item: Salty Dog beef sausage	2	0
regular	69c277f3ea6da9c23e07f8d2	69c277f3ea6da9c23e07f8d2_69c278fff569bda0e2652705	giveItem	上交物品：Tarkovskaya瓶装伏特加	Hand over the item: Bottle of Tarkovskaya vodka	4	0
regular	69c277f3ea6da9c23e07f8d2	69c277f3ea6da9c23e07f8d2_69c27909f96f171f6982c4c7	giveItem	上交物品：黑麦面包块	Hand over the item: Rye croutons	4	0
regular	69c277f3ea6da9c23e07f8d2	69c277f3ea6da9c23e07f8d2_69c294f2bffe2159a3e4d56a	globalVariable	与 BTR 司机对话	Talk to the BTR Driver	2	0
regular	69c277f3ea6da9c23e07f8d2	69c277f3ea6da9c23e07f8d2_6a102713a973fbe02db53bf1	extract	以幸存状态撤离该区域	Survive and extract from the location	1	0
regular	69c2a2d004de49c8f0055a3d	69c2a2d004de49c8f0055a3d_69c2a5ba8d7f2db5aff26bd2	dialogue	返回 BTR 司机处，了解司机和走私者的谈判情况	Return to the BTR Driver and ask about the negotiations with the smugglers	1	0
regular	69ce1cfb298a6529b30d712b	69ce1cfb298a6529b30d712b_69ce1cfb298a6529b30d712d	shoot	找到并消灭 Wedge 小队	Locate and neutralize The Wedge's squad	4	0
regular	69ce1cfb298a6529b30d712b	69ce1cfb298a6529b30d712b_6a03343990ee160507db2294	findItem	从 Wedge 身上取得战利品	Claim a trophy from The Wedge	1	0
regular	69ce1cfb298a6529b30d712b	69ce1cfb298a6529b30d712b_6a033442e041f8512e182c8e	giveItem	上交找到的物品	Hand over the found item	1	0
regular	69ce1de03e15cd80bd06f6c9	69ce1de03e15cd80bd06f6c9_69ce1e2614b1a16885f61da4	findItem	在战局中找到物品：AMG-10 液压油	Find the item in raid: AMG-10 hydraulic fluid	5	0
regular	69ce1de03e15cd80bd06f6c9	69ce1de03e15cd80bd06f6c9_69ce1e30e2c52320f2eba4ee	giveItem	上交物品	Hand over the items	5	0
regular	69ce1f84ebbdbf36a200627c	69ce1f84ebbdbf36a200627c_69ce1f84ebbdbf36a200627e	findQuestItem	在破冰船上找到并获取核反应单元控制日志	Locate and obtain the nuclear power unit control log on Icebreaker	1	0
regular	69ce1f84ebbdbf36a200627c	69ce1f84ebbdbf36a200627c_69ce1f84ebbdbf36a200627f	giveQuestItem	上交找到的物品	Hand over the found item	1	0
regular	69ce204c8702b378f9091e4b	69ce204c8702b378f9091e4b_69ce204c8702b378f9091e4d	findItem	在战局中找到物品：Nooby Shield 碘化钾片	Find the item in raid: Nooby Shield potassium iodide tablets	10	0
regular	69ce204c8702b378f9091e4b	69ce204c8702b378f9091e4b_69ce204c8702b378f9091e4e	giveItem	上交物品	Hand over the items	10	0
regular	69ce213a298a6529b30d7134	69ce213a298a6529b30d7134_69ce213a298a6529b30d7136	giveItem	在战局中找到物品：Aceso Xpress 半自动生化分析仪	Find the item in raid: Aceso Xpress semi-automatic biochemical analyzer	3	0
regular	69ce21e990144e437802b1e0	69ce21e990144e437802b1e0_69ce21e990144e437802b1e2	findItem	在战局中找到物品：黑色军团插板胸挂	Find the item in raid: Black Division plate carrier	5	0
regular	69ce21e990144e437802b1e0	69ce21e990144e437802b1e0_69ce21e990144e437802b1e3	giveItem	上交物品	Hand over the items	5	0
regular	69e5583240c3e6c8ba0edbd5	69e5583240c3e6c8ba0edbd5_69e5593e3f425636f1d762d9	plantItem	修复破冰船通往轮机舱路上自动化控制室内的设备	Repair the equipment in the automation room leading to the engine room on Icebreaker	1	0
regular	69e5583240c3e6c8ba0edbd5	69e5583240c3e6c8ba0edbd5_69e5594c6dd4d9e12fa3de0d	plantItem	修复破冰船轮机舱下方自动化控制室内的设备	Repair the equipment in the automation room under the engine room on Icebreaker	1	0
regular	69e5583240c3e6c8ba0edbd5	69e5583240c3e6c8ba0edbd5_69e559525afcf4e746e98e33	plantItem	修复破冰船靠近货舱位置自动化控制室内的设备	Repair the equipment in the automation room near the storage room on Icebreaker	1	0
regular	69e5583240c3e6c8ba0edbd5	69e5583240c3e6c8ba0edbd5_69e559bf4b53b554a2779130	plantItem	在破冰船主控室内安放黑客入侵装置	Install the hacking device in the central control station room on Icebreaker	1	0
regular	6a45208043b8d7604d00b8d5	6a45208043b8d7604d00b8d5_6a45208043b8d7604d00b8d7	shoot	在灯塔火车站范围内消灭任意目标	Eliminate any target at the train station territory on Lighthouse	6	0
regular	6a45208043b8d7604d00b8d5	6a45208043b8d7604d00b8d5_6a45208043b8d7604d00b8d9	useItem	在灯塔火车站发射一枚黄色信号弹	Launch a yellow signal flare at the train station on Lighthouse	1	0
regular	6a4532e48e82d8ffea0c3eae	6a4532e48e82d8ffea0c3eae_6a4532e48e82d8ffea0c3eb0	shoot	同场战局中在实验室内消灭任意目标	Eliminate any target in The Lab (in one raid)	10	0
regular	6a5424ae135497b9df0c68be	6a5424ae135497b9df0c68be_6a5424ae135497b9df0c68c1	findItem	在战局中找到物品：一次性注射器	Find the item in raid: Disposable syringe	5	0
regular	6a5424ae135497b9df0c68be	6a5424ae135497b9df0c68be_6a5424ae135497b9df0c68c2	giveItem	上交物品	Hand over the items	5	0
regular	6a5c1578f2689567c30eb0f3	6a5c1578f2689567c30eb0f3_6a667849c90044ddde3e7c26	shoot	在森林 USEC 营地、Scav 营地、旧锯木厂或废弃村庄消灭 Scav	Eliminate Scavs at USEC camp, Scav camp, sawmill, or abandoned village on Woods	10	0
regular	6a5ccda873f06065630d61b0	6a5ccda873f06065630d61b0_6a5ccda873f06065630d61b2	shoot	在塔科夫街区使用 12 号霰弹枪爆头击杀任意敌对目标	Eliminate any target with headshots using a 12ga shotgun on Streets of Tarkov	15	0
regular	6a5cd2178fd7c2b201032f3f	6a5cd2178fd7c2b201032f3f_6a5cd2178fd7c2b201032f41	shoot	在储备站使用 7.62x51 口径的突击步枪或精确射手步枪爆头消灭任意敌对目标	Eliminate any target with headshots with 7.62x51 assault rifles or DMRs on Reserve	15	0
pve	5936d90786f7742b1420ba5b	5936d90786f7742b1420ba5b_5967379186f77463860dadd6	shoot	在森林、中心区、立交桥或海关消灭 Scav	Eliminate Scavs on Woods, Ground Zero, Interchange, or Customs	5	0
pve	5936da9e86f7742d65037edf	5936da9e86f7742d65037edf_5967920f86f77468d219d632	giveQuestItem	上交青铜怀表	Hand over the found item	1	0
pve	5936da9e86f7742d65037edf	5936da9e86f7742d65037edf_5968ec9986f7741ddd6c1012	findQuestItem	在海关取得青铜怀表	Locate and obtain the bronze pocket watch on Customs	1	0
pve	5936da9e86f7742d65037edf	5936da9e86f7742d65037edf_5975de1f86f7744ca53b7c82	findItem	取得油罐车钥匙	Obtain the key to the fuel tanker truck	1	1
pve	59674cd986f7744ab26e32f2	59674cd986f7744ab26e32f2_5cb31b6188a450159d330a18	shoot	在森林、中心区、海关或立交桥消灭任意敌对目标	Eliminate any target on Woods, Ground Zero, Customs, or Interchange	15	0
pve	59674eb386f774539f14813a	59674eb386f774539f14813a_59674fe586f7744f4e358aa2	plantQuestItem	将包裹藏匿在工厂 3 号门旁的二层铁皮休息室内	Stash the package in the break room on the 2nd floor near Gate 3 on Factory	1	0
pve	59674eb386f774539f14813a	59674eb386f774539f14813a_5968929e86f7740d121082d3	findQuestItem	在位于海关关口的Tarcone公司主管办公室内找到一个保险盒	Locate and obtain the valuable folder in Tarcone director's office on Customs	1	0
pve	5967530a86f77462ba22226b	5967530a86f77462ba22226b_596762ec86f77426d3687a87	extract	以幸存状态撤离海关	Survive and extract from the location	1	0
pve	5967530a86f77462ba22226b	5967530a86f77462ba22226b_5968941f86f7740d1570bbd2	findItem	取得简易工棚钥匙	Obtain the Portable bunkhouse key	1	1
pve	5967530a86f77462ba22226b	5967530a86f77462ba22226b_5968943f86f7740d137ebfc2	findQuestItem	在海关工棚中取得0031号机密文件夹	Locate and obtain Secure Folder 0031 in one of the bunkhouses on Customs	1	0
pve	5967530a86f77462ba22226b	5967530a86f77462ba22226b_5968948986f7740d121082d4	giveQuestItem	上交机密文件夹0031	Hand over the folder	1	0
pve	5967530a86f77462ba22226b	5967530a86f77462ba22226b_5a3fbdb086f7745a554f0c31	visit	设法进入工厂办公区三楼的上锁房间	Gain access to the locked room in the office hallway on the third floor on Factory	0	1
pve	59675d6c86f7740a842fc482	59675d6c86f7740a842fc482_59675e1d86f77414b07f137d	giveItem	上交 60 发 6L31 弹匣	Hand over the items	3	0
pve	59675d6c86f7740a842fc482	59675d6c86f7740a842fc482_5967938c86f77468cf5f9f54	findItem	在海关宿舍楼 TerraGroup 员工的房间找到地堡钥匙	Obtain the key to the bunker in the TerraGroup employee's dorm room	1	1
pve	59675d6c86f7740a842fc482	59675d6c86f7740a842fc482_5968ed3186f77420d2328013	findItem	在战局中找到 5.45x39 6L31 60发弹匣	Find the item in raid: AK-74 5.45x39 6L31 60-round magazine	3	0
pve	59675d6c86f7740a842fc482	59675d6c86f7740a842fc482_5a3fbe3a86f77414422e0d9b	visit	在森林找到上锁的地堡	Locate the locked bunker on Woods	0	1
pve	59675ea386f77414b32bded2	59675ea386f77414b32bded2_596895f986f7740d14064722	findQuestItem	在工厂找到死去的信使，并获取信件	Locate the dead messenger and obtain his letter on Factory	1	0
pve	59675ea386f77414b32bded2	59675ea386f77414b32bded2_5968962686f7740e7266d973	extract	以幸存状态撤离工厂	Survive and extract from the location	1	0
pve	59675ea386f77414b32bded2	59675ea386f77414b32bded2_596896c386f7740d1570bbd4	taskStatus	把信交给 Therapist	Hand over the letter to Therapist	0	0
pve	596760e186f7741e11214d58	596760e186f7741e11214d58_5968975586f7740e7266d974	giveQuestItem	上交Prapor信使身上的信件	Hand over the letter from Prapor's messenger	1	0
pve	5967725e86f774601a446662	5967725e86f774601a446662_5968981986f7740d1648df42	findQuestItem	在海关宿舍203房间取得高价值物品	Locate and obtain the valuable item in dorm room 203 on Customs	1	0
pve	5967725e86f774601a446662	5967725e86f774601a446662_5968988286f7740d14064724	giveQuestItem	上交高价值物品	Hand over the valuable item	1	0
pve	5967725e86f774601a446662	5967725e86f774601a446662_5a3fc03286f77414d64f9941	visit	设法进入宿舍214房间	Gain access to dorm room 214 on Customs	0	1
pve	5967733e86f774602332fc84	5967733e86f774602332fc84_59689eb886f7740d137ebfc3	giveItem	上交Salewa急救包	Hand over the items	3	0
pve	5967733e86f774602332fc84	5967733e86f774602332fc84_5968edc086f77420d2328014	findItem	在战局中找到物品：Salewa 急救包	Find the item in raid: Salewa first aid kit	3	0
pve	59689ee586f7740d1570bbd5	59689ee586f7740d1570bbd5_59689f7586f7740d14064726	giveItem	上交战局中找到的物品：气体分析仪	Hand over the found in raid item: Gas analyzer	2	0
pve	59689ee586f7740d1570bbd5	59689ee586f7740d1570bbd5_6a56800fc1311a6bb4cecf9b	visit	在工厂找到有气体分析仪的房间	Locate the room with gas analyzers on Factory	0	1
pve	59689ee586f7740d1570bbd5	59689ee586f7740d1570bbd5_6a576ccec23300f0309ab511	plantItem	在日间工厂的医学实验室内藏匿气体分析仪	Stash a Gas analyzer in the med lab on Daytime Factory	1	0
pve	59689fbd86f7740d137ebfc4	59689fbd86f7740d137ebfc4_5a3fb73b86f77458e0324376	visit	在海关找到被藏在宿舍楼里的水	Locate the water stockpile hidden inside one of the dorm rooms on Customs	0	0
pve	59689fbd86f7740d137ebfc4	59689fbd86f7740d137ebfc4_6a541b897b253a0f64adfafc	giveItem	上交任意在战局中找到的饮用水	Hand over any found in raid drinking water items	3	0
pve	5968eb3186f7741dde183a4d	5968eb3186f7741dde183a4d_5968eb9b86f7741ddb481543	shoot	在海关击杀Scav	Eliminate Scavs on Customs	15	0
pve	5969f90786f77420d2328015	5969f90786f77420d2328015_5969f98286f774576d4c9542	findItem	在战局中找到物品：肾上腺素注射器	Find the item in raid: Adrenaline injector	5	0
pve	5969f90786f77420d2328015	5969f90786f77420d2328015_5969f99286f77456630ea442	giveItem	上交物品	Hand over the items	5	0
pve	5969f9e986f7741dde183a50	5969f9e986f7741dde183a50_5969fa4886f7741ddb481544	findQuestItem	在海关找到装有设备的箱子	Locate and obtain the suitcase with the device on Customs	1	0
pve	5969f9e986f7741dde183a50	5969f9e986f7741dde183a50_5969fa8986f7741ddc2d3154	giveQuestItem	上交手提箱	Hand over the suitcase	1	0
pve	5969f9e986f7741dde183a50	5969f9e986f7741dde183a50_5a3fb8f686f7742384533f10	visit	在海关找到急救员的车	Locate the paramedic’s car on Customs	0	1
pve	5969f9e986f7741dde183a50	5969f9e986f7741dde183a50_5a3fb92286f77422b46cdb18	visit	进入海关双层宿舍楼的114房间	Find a way inside the two-story dorm room 114 on Customs	0	1
pve	596a0e1686f7741ddf17dbee	596a0e1686f7741ddf17dbee_596a0e7086f7741ddf17dbef	findQuestItem	在森林锯木厂小屋里取得机密文件夹0052	Locate and obtain Secure Folder 0052 in the sawmill cabin on Woods	1	0
pve	596a0e1686f7741ddf17dbee	596a0e1686f7741ddf17dbee_596a0e8086f7741ddd6c104c	giveQuestItem	上交机密文件夹	Hand over the folder	1	0
pve	596a0e1686f7741ddf17dbee	596a0e1686f7741ddf17dbee_596a0eaf86f774576d4c957f	extract	以幸存状态撤离森林	Survive and extract from the location	1	0
pve	596a101f86f7741ddb481582	596a101f86f7741ddb481582_596a10d886f7741ddf17dbf0	giveQuestItem	把0052号机密文件夹交给Skier	Hand over Secure Folder 0052	1	0
pve	596a1e6c86f7741ddc2d3206	596a1e6c86f7741ddc2d3206_596a1f0486f77456630ea4d2	findItem	在战局中找到物品：牛肉罐头（小包装）	Find the item in raid: Can of beef stew (Small)	15	0
pve	596a1e6c86f7741ddc2d3206	596a1e6c86f7741ddc2d3206_596a1f1586f77420d2328077	giveItem	上交物品	Hand over the items	15	0
pve	596a204686f774576d4c95de	596a204686f774576d4c95de_596a20ac86f7741ddf17dbf4	giveItem	上交气体分析仪	Hand over the items	2	0
pve	596a204686f774576d4c95de	596a204686f774576d4c95de_5ec1398886f7561e047757a5	findItem	在战局中找到气体分析仪	Find Gas analyzers in raid	2	0
pve	596a218586f77420d232807c	596a218586f77420d232807c_596b46d886f77457ca186189	findItem	在战局中找到物品：汽车蓄电池	Find the item in raid: Car battery	4	0
pve	596a218586f77420d232807c	596a218586f77420d232807c_596b46ec86f77457c7006f89	findItem	在战局中找到物品：火花塞	Find the item in raid: Spark plug	8	0
pve	596a218586f77420d232807c	596a218586f77420d232807c_596b470c86f77457ca18618a	giveItem	上交物品	Hand over the items	4	0
pve	596a218586f77420d232807c	596a218586f77420d232807c_596b472686f77457c7006f8a	giveItem	上交物品	Hand over the items	8	0
pve	596b36c586f77450d6045ad2	596b36c586f77450d6045ad2_597867e986f7741b265c6bd3	giveItem	上交物品：Module-3M 防弹衣	Hand over the item: BNTI Module-3M body armor	1	0
pve	596b36c586f77450d6045ad2	596b36c586f77450d6045ad2_5ab8d44c86f7745b2325bd0c	giveItem	上交物品：TOZ-106 20 铅径栓动式霰弹枪	Hand over the item: TOZ-106 20ga bolt-action shotgun	1	0
pve	596b43fb86f77457ca186186	596b43fb86f77457ca186186_596b44b686f77457cb50ecca	findQuestItem	在海关找到并获取被藏匿的高价值货物	Locate and obtain the hidden valuable cargo on Customs	1	0
pve	596b43fb86f77457ca186186	596b43fb86f77457ca186186_596b450986f7745a7e510b54	giveQuestItem	上交高价值货物	Hand over the valuable cargo	1	0
pve	596b43fb86f77457ca186186	596b43fb86f77457ca186186_5a3fbab086f77421593d9bf0	visit	在海关找到信使藏匿货物的地点	Locate the place where the messenger hid the cargo on Customs	0	1
pve	596b43fb86f77457ca186186	596b43fb86f77457ca186186_5a3fbabc86f774231d75afbe	visit	在海关找到信使的尸体	Locate the messenger's body on Customs	0	1
pve	596b455186f77457cb50eccb	596b455186f77457cb50eccb_5c9b5e3f86f7744aab7329b5	shoot	在工厂使用手枪消灭任意敌对目标	Eliminate any target with pistols on Factory	10	0
pve	5979ed3886f77431307dc512	5979ed3886f77431307dc512_5979ee2986f7743ec214c7a4	findItem	在战局中找到物品：加密 U 盘	Find the item in raid: Secure Flash drive	2	0
pve	5979ed3886f77431307dc512	5979ed3886f77431307dc512_5979ee4586f7743ec214c7a5	giveItem	上交物品	Hand over the items	2	0
pve	5979eee086f774311955e614	5979eee086f774311955e614_5979ef4586f77431307dc513	findQuestItem	在海关宿舍 303 房间找到并获取镀金 Zibbo 打火机	Locate and obtain the golden Zibbo lighter from Dorm room 303 on Customs	1	0
pve	5979eee086f774311955e614	5979eee086f774311955e614_5979ef7986f77431307dc514	plantItem	在海关宿舍 303 房间藏匿一个普通 Zibbo 打火机	Stash a regular Zibbo lighter at Dorm room 303 on Customs	1	0
pve	5979eee086f774311955e614	5979eee086f774311955e614_6a5a91ade94475b65ec117ef	giveQuestItem	上交找到的物品	Hand over the found item	1	0
pve	5979f8bb86f7743ec214c7a6	5979f8bb86f7743ec214c7a6_5b0e766b86f7746bfa618964	shoot	在立交桥、中心区或森林消灭 Scav	Eliminate Scavs on Interchange, Ground Zero, or Woods	25	0
pve	5979f9ba86f7740f6c3fe9f2	5979f9ba86f7740f6c3fe9f2_5979fc2686f77426d702a0f2	findQuestItem	在海关取得任何关于安全副官生平的信息	Locate and obtain any information about the deputy chief’s past life on Customs	1	0
pve	5979f9ba86f7740f6c3fe9f2	5979f9ba86f7740f6c3fe9f2_5979fc5386f77426d702a0f3	findItem	找到任何有助于调查的物品	Locate and obtain any item that could help with the investigation	1	0
pve	5979f9ba86f7740f6c3fe9f2	5979f9ba86f7740f6c3fe9f2_5979fc7e86f77426d702a0f4	giveQuestItem	上交信息	Hand over the information	1	0
pve	5979f9ba86f7740f6c3fe9f2	5979f9ba86f7740f6c3fe9f2_5979fc9286f77426d702a0f5	giveItem	上交物品	Hand over the item	1	0
pve	5979f9ba86f7740f6c3fe9f2	5979f9ba86f7740f6c3fe9f2_5a3fbbfd86f77459d52a16a8	visit	在海关找到化工厂前安全副官的住处	Locate the sleeping place of the former deputy chief of security on Customs	0	1
pve	597a0b2986f77426d66c0633	597a0b2986f77426d66c0633_597a0bb486f77426d66c0634	findQuestItem	在海关找到任何有助于调查的信息	Locate and obtain any information that could help with the investigation on Customs	1	0
pve	597a0b2986f77426d66c0633	597a0b2986f77426d66c0633_597a0bdb86f7742717106d12	giveQuestItem	上交信息	Hand over the info	1	0
pve	597a0b2986f77426d66c0633	597a0b2986f77426d66c0633_597a0be986f774273b74f673	findQuestItem	在海关找到任何有助于调查的证据	Locate and obtain any evidence that could help with the investigation on Customs	1	0
pve	597a0b2986f77426d66c0633	597a0b2986f77426d66c0633_597a0bf886f7742717106d13	giveQuestItem	上交证据	Hand over the evidence	1	0
pve	597a0e5786f77426d66c0636	597a0e5786f77426d66c0636_597a15b386f774799e5cd152	findQuestItem	在工厂取得装有化学品的注射器	Locate and obtain the chemical syringe on Factory	1	0
pve	597a0e5786f77426d66c0636	597a0e5786f77426d66c0636_597a15c386f77405ba6887d2	giveQuestItem	上交装有化学品的注射器	Hand over the syringe	1	0
pve	597a0f5686f774273b74f676	597a0f5686f774273b74f676_59b242ea86f7741e6e0e7a86	mark	使用MS2000指示器标记化学品转运车	Mark the vehicle with an MS2000 Marker	1	0
pve	597a0f5686f774273b74f676	597a0f5686f774273b74f676_5a3fbc9586f77459d52a16c4	visit	在海关找到装有化学品的载具	Locate the transport with the chemicals on Customs	0	0
pve	597a160786f77477531d39d2	597a160786f77477531d39d2_5998366886f77455853b2d9f	mark	使用MS2000指示器标记载具	Mark the vehicle with an MS2000 Marker	1	0
pve	597a160786f77477531d39d2	597a160786f77477531d39d2_5a3fc1f286f7744ccc15d643	visit	在海关找到装有化学品的载具	Locate the transport with the chemicals on Customs	0	0
pve	597a171586f77405ba6887d3	597a171586f77405ba6887d3_5998360886f77456936817f3	mark	使用MS2000指示器标记化学品转运车	Mark the vehicle with an MS2000 Marker	1	0
pve	597a171586f77405ba6887d3	597a171586f77405ba6887d3_5a3fbec386f77413bd5fc20a	visit	找到装有化学品的载具	Locate the transport with the chemicals on Customs	0	0
pve	59c124d686f774189b3c843f	59c124d686f774189b3c843f_59c128b986f77415037680df	mark	在海关使用 MS2000 指示器标记任意一辆油罐车	Locate and mark any of the fuel tank trucks with an MS2000 Marker on Customs	1	0
pve	59c50a9e86f7745fef66f4ff	59c50a9e86f7745fef66f4ff_59674d5186f00443b872d5f7	shoot	在海岸线使用 AKM 系列武器消灭 Scav	Eliminate Scavs with AKM series weapons on Shoreline	15	0
pve	59c50c8886f7745fed3193bf	59c50c8886f7745fed3193bf_59624d5386f77446b872d5f7	shoot	在储备站使用 9x39 口径武器消灭 Scav	Eliminate Scavs with 9x39 caliber weapons on Reserve	12	0
pve	59c50c8886f7745fed3193bf	59c50c8886f7745fed3193bf_59c50f1686f77412ef2c01e7	giveItem	上交物品	Hand over the items	7	0
pve	59c50c8886f7745fed3193bf	59c50c8886f7745fed3193bf_5cb5e2ff86f7746ef64c979b	findItem	在战局中找到物品：半面巾	Find the item in raid: Lower half-mask	7	0
pve	59c512ad86f7741f0d09de9b	59c512ad86f7741f0d09de9b_59674d5186f77446b852d5f7	shoot	在海关使用 AKS-74U 消灭 Scav	Eliminate Scavs with AKS-74U on Customs	25	0
pve	59c9392986f7742f6923add2	59c9392986f7742f6923add2_59c93bdb86f7742a19140434	findItem	获得物品：宿舍 303 房钥匙	Obtain the item: Dorm room 303 key	1	0
pve	59c9392986f7742f6923add2	59c9392986f7742f6923add2_59c93c1986f7742a424eaa33	findItem	获得物品：ZB-014 钥匙	Obtain the item: ZB-014 key	1	0
pve	59c9392986f7742f6923add2	59c9392986f7742f6923add2_59c93cbb86f7742a19140435	findItem	获得物品：军事检查站钥匙	Obtain the item: Military checkpoint key	1	0
pve	59c9392986f7742f6923add2	59c9392986f7742f6923add2_59c93cea86f7742a08623162	findItem	获得物品：加油站储藏室钥匙	Obtain the item: Gas station storage room key	1	0
pve	59c9392986f7742f6923add2	59c9392986f7742f6923add2_59c93d4e86f774496b698953	giveItem	上交物品	Hand over the item	1	0
pve	59c9392986f7742f6923add2	59c9392986f7742f6923add2_59c93d8086f7742a19140436	giveItem	上交物品	Hand over the item	1	0
pve	59c9392986f7742f6923add2	59c9392986f7742f6923add2_59c93d9c86f7742f6923add3	giveItem	上交物品	Hand over the item	1	0
pve	59c9392986f7742f6923add2	59c9392986f7742f6923add2_59c93dbf86f7742a424eaa34	giveItem	上交物品	Hand over the item	1	0
pve	59c93e8e86f7742a406989c4	59c93e8e86f7742a406989c4_596a10d886f7741ddf11dbf0	giveItem	上交卢布	Hand over RUB	1000000	0
pve	59ca1a6286f774509a270942	59ca1a6286f774509a270942_59ca1b4f86f774509a270943	giveItem	上交任意在战局中找到的俄制手榴弹	Hand over any found in raid Russian grenades	10	0
pve	59ca1a6286f774509a270942	59ca1a6286f774509a270942_6a5f44d815430d6a5b5161b1	shoot	使用 GP-25 榴弹发射器消灭任意敌对目标	Eliminate any target with a GP-25 grenade launcher	10	0
pve	59ca264786f77445a80ed044	59ca264786f77445a80ed044_59674d5986f77446b872d5f7	shoot	在灯塔使用 SVDS 或 TKPD 消灭 Scav	Eliminate Scavs with an SVDS or TKPD on Lighthouse	10	0
pve	59ca264786f77445a80ed044	59ca264786f77445a80ed044_59ca27f786f77445aa0ddc14	shoot	在灯塔穿戴 Scav 背心消灭 Scav	Eliminate Scavs while wearing a Scav vest on Lighthouse	10	0
pve	59ca264786f77445a80ed044	59ca264786f77445a80ed044_59ca293c86f91445a80ed047	findItem	在战局中找到物品：Bars A-2607 95Kh18 匕首	Find the item in raid: Bars A-2607 95Kh18 knife	5	0
pve	59ca264786f77445a80ed044	59ca264786f77445a80ed044_59ca29ab86f77445ab431c86	giveItem	上交物品	Hand over the items	5	0
pve	59ca29fb86f77445ab465c87	59ca29fb86f77445ab465c87_59ca293c86f77445a80ed147	findItem	在战局中找到物品：任意 AK-74 突击步枪	Find the item in raid: any Kalashnikov AK-74 assault rifle	1	0
pve	59ca29fb86f77445ab465c87	59ca29fb86f77445ab465c87_59ca29ab86f77445ab133c86	giveItem	上交 AK-74 系列突击步枪	Hand over the AK-74	1	0
pve	59ca29fb86f77445ab465c87	59ca29fb86f77445ab465c87_59ca2bdc86f77445a80ed148	findItem	在战局中找到物品：柯尔特 M4A1 卡宾枪	Find the item in raid: Colt M4A1 assault rifle	1	0
pve	59ca29fb86f77445ab465c87	59ca29fb86f77445ab465c87_59ca2c3086f77445aa0ddc15	giveItem	上交M4A1突击步枪	Hand over the M4A1	1	0
pve	59ca29fb86f77445ab465c87	59ca29fb86f77445ab465c87_59ca2c9e86f77428ea721232	findItem	在战局中找到物品：马卡洛夫 PM 手枪	Find the item in raid: Makarov PM pistol	2	0
pve	59ca29fb86f77445ab465c87	59ca29fb86f77445ab465c87_59ca2cbe86f7740fe95c3e52	giveItem	上交手枪	Hand over the pistols	2	0
pve	59ca29fb86f77445ab465c87	59ca29fb86f77445ab465c87_5c922dde86f77438500a0fec	shoot	使用轻机枪消灭 PMC 行动人员	Eliminate PMC operatives with Light machine guns	10	0
pve	59ca29fb86f77445ab465c87	59ca29fb86f77445ab465c87_6a57a51fe5c2c08b474109fb	shoot	使用轻机枪消灭 Scav	Eliminate Scavs with Light machine guns	20	0
pve	59ca2eb686f77445a80ed049	59ca2eb686f77445a80ed049_59ca2fba86f77445e4732b25	shoot	使用指定类型武器在灯塔、海岸线、储备站、中心区或实验室消灭 PMC 行动人员	Eliminate PMC operatives with the specified weapons on Lighthouse, Shoreline, Reserve, Ground Zero, or The Lab	30	0
pve	59ca2eb686f77445a80ed049	59ca2eb686f77445a80ed049_5b0548e686f7740306753506	giveItem	上交战局中找到物品：BEAR 或 USEC 狗牌	Hand over the item: Dogtag BEAR or Dogtag USEC	10	0
pve	59ca2eb686f77445a80ed049	59ca2eb686f77445a80ed049_6a57a60057699da0521e1c7b	shoot	找到并消灭任意 Boss	Locate and neutralize any Boss	5	0
pve	5a03153686f77442d90e2171	5a03153686f77442d90e2171_5c9a17c686f7747dbe2da3c1	shoot	在工厂使用 AUG 爆头消灭任意敌对目标	Eliminate any target with headshots using a Steyr AUG on Factory	15	0
pve	5a03173786f77451cb427172	5a03173786f77451cb427172_5a0317da86f77451cb427295	mark	在海岸线的疗养院使用 MS2000 指示器标记直升机	Locate and mark the helicopter at the Health Resort with an MS2000 Marker on Shoreline	1	0
pve	5a03173786f77451cb427172	5a03173786f77451cb427172_5a0325f286f7744384509230	mark	在海岸线使用 MS2000 指示器标记通往直升机的安全通道	Mark the safe passage to the helicopter with an MS2000 Marker on Shoreline	1	0
pve	5a0327ba86f77456b9154236	5a0327ba86f77456b9154236_5a03289686f7745dbc6c5063	giveItem	上交战局中找到的物品：任意家居用品	Hand over the found in raid items from the Household goods category	5	0
pve	5a0327ba86f77456b9154236	5a0327ba86f77456b9154236_5a0328cb86f77456b91543b8	giveItem	上交战局中找到的物品：任意易燃物品	Hand over the found in raid items from the Flammable materials category	3	0
pve	5a03296886f774569778596a	5a03296886f774569778596a_5a3ba62786f7742c9d4f5ee9	visit	在海岸线疗养院东楼找到发电机	Locate the generators in the east wing of the Health Resort on Shoreline	0	0
pve	5a03296886f774569778596a	5a03296886f774569778596a_5a3ba65f86f7743af1475f11	visit	在海岸线疗养院西楼找到发电机	Locate the generators in the west wing of the Health Resort on Shoreline	0	0
pve	5a03296886f774569778596a	5a03296886f774569778596a_6a5cd11e5cf929b0f5d76816	giveItem	上交战局中找到的物品：金属油桶或野营燃料桶	Hand over the found in raid item: Metal fuel tank or Expeditionary fuel tank	3	0
pve	5a0449d586f77474e66227b7	5a0449d586f77474e66227b7_5a044a6c86f7747370402d91	findQuestItem	在海岸线后山碉堡内找到疗养院封闭区域的钥匙	Locate and obtain the key to the closed premises of the Health Resort on Shoreline	1	0
pve	5a0449d586f77474e66227b7	5a0449d586f77474e66227b7_5a280f8d86f774141b501756	giveQuestItem	上交钥匙	Hand over the key	1	0
pve	5a27b75b86f7742e97191958	5a27b75b86f7742e97191958_5a27d81a86f774472a6e0456	plantItem	将 MF-UNTAR 防弹衣藏匿在船上	Stash an MF-UNTAR body armor in the boat	1	0
pve	5a27b75b86f7742e97191958	5a27b75b86f7742e97191958_5a27d85286f77448d82084e7	plantItem	将 Leatherman 多功能工具藏匿在船上	Stash a Leatherman Multitool in the boat	1	0
pve	5a27b75b86f7742e97191958	5a27b75b86f7742e97191958_5a3ba11786f7742c9d4f5d29	visit	在海岸线找到防波堤旁边的船只	Locate the boat hidden next to the breakwater on Shoreline	0	0
pve	5a27b7a786f774579c3eb376	5a27b7a786f774579c3eb376_66698a9eddc21e9441645819	mark	在海关使用 MS2000 指示器标记任意一辆 UN“虎”装甲车	Locate and mark any UN Tigr vehicle with an MS2000 Marker on Customs	1	0
pve	5a27b7d686f77460d847e6a6	5a27b7d686f77460d847e6a6_5a27fc8186f7746371546243	mark	在海岸线找到第二辆T-90坦克，并使用MS2000指示器标记	Locate and mark the second T-90 tank with an MS2000 Marker on Shoreline	1	0
pve	5a27b7d686f77460d847e6a6	5a27b7d686f77460d847e6a6_5a27fc9686f774675744bb60	mark	在海岸线找到第三辆T-90坦克，并使用MS2000指示器标记	Locate and mark the third T-90 tank with an MS2000 Marker on Shoreline	1	0
pve	5a27b7d686f77460d847e6a6	5a27b7d686f77460d847e6a6_5a37e8ae86f77415076b401d	mark	在海岸线找到第一辆T-90坦克，并使用MS2000指示器标记	Locate and mark the first T-90 tank with an MS2000 Marker on Shoreline	1	0
pve	5a27b80086f774429a5d7e20	5a27b80086f774429a5d7e20_5a27ffb186f774192932b3d5	findQuestItem	在第一架坠毁的无人机上找到SAS硬盘	Obtain the SAS disk from the first crashed drone	1	0
pve	5a27b80086f774429a5d7e20	5a27b80086f774429a5d7e20_5a27ffc786f77415ca58ae47	giveQuestItem	上交第一块SAS硬盘	Hand over the first SAS disk	1	0
pve	5a27b80086f774429a5d7e20	5a27b80086f774429a5d7e20_5a294f1686f774340c7b7e4a	findQuestItem	在第二架坠毁的无人机上找到SAS硬盘	Obtain the SAS disk from the second crashed drone	1	0
pve	5a27b80086f774429a5d7e20	5a27b80086f774429a5d7e20_5a294f3386f77433e923f9cd	giveQuestItem	上交第二块SAS硬盘	Hand over the second SAS disk	1	0
pve	5a27b80086f774429a5d7e20	5a27b80086f774429a5d7e20_5a3ba34286f7744eb240406a	visit	在海岸线找到第一架无人机的坠毁点	Locate the first UAV crash site on Shoreline	0	0
pve	5a27b80086f774429a5d7e20	5a27b80086f774429a5d7e20_5a3ba3b086f7745ab1081101	visit	在海岸线找到第二架无人机的坠毁点	Locate the second UAV crash site on Shoreline	0	0
pve	5a27b87686f77460de0252a8	5a27b87686f77460de0252a8_5a28017786f77452f6318b1b	mark	使用MS2000指示器标记第一辆UN卡车	Locate and mark the first UN truck with an MS2000 Marker	1	0
pve	5a27b87686f77460de0252a8	5a27b87686f77460de0252a8_5a2801f986f774531b679875	mark	使用MS2000指示器标记第二辆UN卡车	Locate and mark the second UN truck with an MS2000 Marker	1	0
pve	5a27b87686f77460de0252a8	5a27b87686f77460de0252a8_5a28023f86f774528903dd1e	giveItem	上交物品	Hand over the items	5	0
pve	5a27b87686f77460de0252a8	5a27b87686f77460de0252a8_5a3ba47986f7744df8667505	visit	在海岸线找到第一辆载有UN失踪货物的卡车	Locate the first truck that was holding the lost UN cargo on Shoreline	0	1
pve	5a27b87686f77460de0252a8	5a27b87686f77460de0252a8_5a3ba4ba86f7744df759b1e5	visit	在海岸线找到第二辆载有UN失踪货物的卡车	Locate the second truck that was holding the lost UN cargo on Shoreline	0	1
pve	5a27b87686f77460de0252a8	5a27b87686f77460de0252a8_5cb5fd3d86f7746ef64ca33c	findItem	取得物品：MRE 口粮	Obtain the item: MRE ration pack	5	0
pve	5a27b9de86f77464e5044585	5a27b9de86f77464e5044585_5a28051286f7740eb10bac04	extract	以幸存状态撤离该区域	Survive and extract from the location	1	0
pve	5a27b9de86f77464e5044585	5a27b9de86f77464e5044585_5a3ba51d86f7743af1475c3a	visit	在海岸线找到失踪的线人	Locate the missing informant on Shoreline	0	0
pve	5a27ba1c86f77461ea5a3c56	5a27ba1c86f77461ea5a3c56_5a2806e086f774291b084041	mark	用 MS2000 指示器标记森林的第一处仪式地点	Locate and mark the first ritual spot with an MS2000 Marker on Woods	1	0
pve	5a27ba1c86f77461ea5a3c56	5a27ba1c86f77461ea5a3c56_5a2806f886f774513d3e69f5	mark	用 MS2000 指示器标记海岸线的仪式地点	Locate and mark the ritual spot with an MS2000 Marker on Shoreline	1	0
pve	5a27ba1c86f77461ea5a3c56	5a27ba1c86f77461ea5a3c56_5fe0e9ed3f3a7d4169035e8e	mark	用 MS2000 指示器标记森林的第二处仪式地点	Locate and mark the second ritual spot with an MS2000 Marker on Woods	1	0
pve	5a27ba9586f7741b543d8e85	5a27ba9586f7741b543d8e85_5a28127b86f7743808504ecc	giveItem	上交美元	Hand over USD	8000	0
pve	5a27bafb86f7741c73584017	5a27bafb86f7741c73584017_6a5c10e883a51e292d11b976	plantItem	在海关实验楼的医学实验室内藏匿波纹软管	Stash a Corrugated hose in the med lab on Customs	1	0
pve	5a27bb1e86f7741f27621b7e	5a27bb1e86f7741f27621b7e_5a28183186f774398675d127	findQuestItem	在海岸线疗养院东楼的计算机中心找到可能包含情报的物品	Locate and obtain the data in Health Resort east wing computer room on Shoreline	1	0
pve	5a27bb1e86f7741f27621b7e	5a27bb1e86f7741f27621b7e_5a28184c86f774376e43772a	giveQuestItem	上交找回的数据	Hand over the retrieved data	1	0
pve	5a27bb3d86f77411ea361a21	5a27bb3d86f77411ea361a21_5a2819c886f77460ba564f38	findQuestItem	取得任何有关第二部分货物运输的信息	Obtain any information about the second part of the cargo shipment	1	0
pve	5a27bb3d86f77411ea361a21	5a27bb3d86f77411ea361a21_5a2e966286f7742f6c4f27a6	giveQuestItem	上交找回的信息	Hand over the retrieved information	1	0
pve	5a27bb3d86f77411ea361a21	5a27bb3d86f77411ea361a21_5a3ba76486f7744d39436da2	visit	在海岸线疗养院找到蓝色水桶所在的房间	Locate the room with reservoirs in the Health Resort on Shoreline	0	0
pve	5a27bb3d86f77411ea361a21	5a27bb3d86f77411ea361a21_6a5cd1942858d1ede4317068	visit	在海岸线疗养院内找到被藏匿的 TerraGroup 货物	Locate the hidden TerraGroup cargo in the Health Resort on Shoreline	0	0
pve	5a27bb5986f7741dfb660900	5a27bb5986f7741dfb660900_5a37de5486f7741535394d69	extract	以幸存状态撤离该区域	Survive and extract from the location	1	0
pve	5a27bb5986f7741dfb660900	5a27bb5986f7741dfb660900_5a3ba7db86f7744f0e568c9c	visit	在海岸线疗养院内找到被藏匿的 TerraGroup 货物	Locate the TerraGroup cargo hidden inside the Health Resort on Shoreline	0	0
pve	5a27bb8386f7741c770d2d0a	5a27bb8386f7741c770d2d0a_5c9de99286f7741ced54c902	shoot	在海岸线使用 M4A1、M16、ADAR 或 TX-15 消灭 Scav	Eliminate Scavs with an M4A1, M16, ADAR, or TX-15 on Shoreline	10	0
pve	5a27bbf886f774333a418eeb	5a27bbf886f774333a418eeb_5a281efe86f7745bc42005cc	mark	使用MS2000指示器标记钓鱼桌	Mark the fishing table with an MS2000 Marker	1	0
pve	5a27bbf886f774333a418eeb	5a27bbf886f774333a418eeb_5a3ba97386f77459df27d10e	visit	在海岸线找到渔民的住所	Locate the fishermen's dwelling on Shoreline	0	0
pve	5a27bc1586f7741f6d40fa2f	5a27bc1586f7741f6d40fa2f_5a3baa2586f7745b791b72fa	visit	在海岸线找到Artyom的车	Locate Artyom’s car on Shoreline	0	0
pve	5a27bc1586f7741f6d40fa2f	5a27bc1586f7741f6d40fa2f_6a5de9b9fee6abb95244f018	mark	使用 MS2000 指示器标记 Artyom 的车	Mark Artyom's car with an MS2000 Marker	1	0
pve	5a27bc3686f7741c73584026	5a27bc3686f7741c73584026_5a28221e86f7741d5b719624	findQuestItem	在海岸线取得疗养院房客名单	Locate and obtain the list of Health Resort tenants on Shoreline	1	0
pve	5a27bc3686f7741c73584026	5a27bc3686f7741c73584026_5a28223786f7741c7a0b5401	giveQuestItem	上交找到的物品	Hand over the found items	1	0
pve	5a27bc6986f7741c7358402b	5a27bc6986f7741c7358402b_5a2822de86f7740a245249ce	giveQuestItem	上交信息	Hand over the information	1	0
pve	5a27bc6986f7741c7358402b	5a27bc6986f7741c7358402b_5a2e958d86f77416be092111	findQuestItem	在海岸线找到关于Artyom工作的信息	Locate and obtain any information on Artyom’s work on Shoreline	1	0
pve	5a27bc8586f7741b543d8ea4	5a27bc8586f7741b543d8ea4_6a5dea83a4dd339f77be89eb	shoot	使用 7.62x51 口径的精确射手步枪在海岸线或灯塔从 50 米外消灭任意敌对目标	Eliminate any target with any 7.62x51 DMR from over 50 meters away on Shoreline or Lighthouse	15	0
pve	5a27c99a86f7747d2c6bdd8e	5a27c99a86f7747d2c6bdd8e_5be0198686f774595412d9c4	shoot	消灭 PMC 行动人员	Eliminate PMC operatives	5	0
pve	5a27d2af86f7744e1115b323	5a27d2af86f7744e1115b323_5a27d34586f7744e1115b327	giveItem	上交美元	Hand over USD	5000	0
pve	5a68661a86f774500f48afb0	5a68661a86f774500f48afb0_5a6873bc86f7741f8d4589a3	mark	在海岸线找到第一辆救护车，并使用MS2000指示器标记	Locate and mark the first ambulance with an MS2000 Marker on Shoreline	1	0
pve	5a68661a86f774500f48afb0	5a68661a86f774500f48afb0_5a6873d786f7743ad1151d6e	mark	在海岸线找到第二辆救护车，并使用MS2000指示器标记	Locate and mark the second ambulance with an MS2000 Marker on Shoreline	1	0
pve	5a68661a86f774500f48afb0	5a68661a86f774500f48afb0_5a6873ec86f7743cc55d8622	mark	在海岸线找到第三辆救护车，并使用MS2000指示器标记	Locate and mark the third ambulance with an MS2000 Marker on Shoreline	1	0
pve	5a68661a86f774500f48afb0	5a68661a86f774500f48afb0_6a6072ab2b1e6883ea9d9311	mark	在海岸线找到第四辆救护车，并使用MS2000指示器标记	Locate and mark the fourth ambulance with an MS2000 Marker on Shoreline	1	0
pve	5a68663e86f774501078f78a	5a68663e86f774501078f78a_5a68760f86f7743cc55d8709	findQuestItem	在海岸线疗养院西楼的房间内找到任何关于 TerraGroup 研究的文件	Locate and obtain any info about TerraGroup's research in Health Resort west wing on Shoreline	1	0
pve	5a68663e86f774501078f78a	5a68663e86f774501078f78a_5a68763786f77474c33a40a1	giveQuestItem	上交找回的信息	Hand over the retrieved information	1	0
pve	5a68663e86f774501078f78a	5a68663e86f774501078f78a_5a68764c86f77474c4269f3c	extract	以幸存状态撤离该区域	Survive and extract from the location	1	0
pve	5a68665c86f774255929b4c7	5a68665c86f774255929b4c7_5a68770f86f774747d4b0d8b	visit	在森林找到那辆曾属于疗养院医疗服务负责人的车	Locate the van of the Health Resort medical services director on Woods	0	0
pve	5a68665c86f774255929b4c7	5a68665c86f774255929b4c7_5a68776786f774759f1f55f6	findQuestItem	提取血液样本	Take a sample of the blood	1	0
pve	5a68665c86f774255929b4c7	5a68665c86f774255929b4c7_5a68777586f774747d4b0d9e	giveQuestItem	上交血液样本	Hand over the blood sample	1	0
pve	5a68667486f7742607157d28	5a68667486f7742607157d28_6a606eb43eb95a13ff6aa1f3	experience	耗尽腿部耐力获得“疲劳”效果，并持续至少 8 分钟	Gain the Fatigue status effect (by exhausting leg stamina) and maintain it for 8 minutes	1	0
pve	5a68669a86f774255929b4d4	5a68669a86f774255929b4d4_5a6879be86f774284429b1bb	visit	在夜间工厂找到交货点	Locate the drop spot on night-time Factory	0	0
pve	5a68669a86f774255929b4d4	5a68669a86f774255929b4d4_5a687a1c86f7745f2152168c	plantItem	将任意类型的火药埋藏在指定地点	Stash any Gunpowder in the designated spot	3	0
pve	5ac23c6186f7741247042bad	5ac23c6186f7741247042bad_5accd5e386f77463027e9397	buildWeapon	按照要求改装MP-133	Modify an MP-133 to comply with the given specifications	1	0
pve	5ac2426c86f774138762edfe	5ac2426c86f774138762edfe_5accd9b686f774112d7173d1	buildWeapon	按照要求改装AKS-74U	Modify an AKS-74U to comply with the given specifications	1	0
pve	5ac2428686f77412450b42bf	5ac2428686f77412450b42bf_5accde3686f7740cea1b7ec2	buildWeapon	按照要求改装MP5	Modify an MP5 to comply with the given specifications	1	0
pve	5ac242ab86f77412464f68b4	5ac242ab86f77412464f68b4_5acce08b86f7745f8521fa64	buildWeapon	按照要求改装DVL-10	Modify a DVL-10 to comply with the given specifications	1	0
pve	5ac244c486f77413e12cf945	5ac244c486f77413e12cf945_5acce11786f77411ed6fa6eb	buildWeapon	按照要求改装R11 RSASS	Modify an R11 RSASS to comply with the given specifications	1	0
pve	5ac244eb86f7741356335af1	5ac244eb86f7741356335af1_5accdfdb86f77412265cbfc9	buildWeapon	按照要求改装M4A1	Modify an M4A1 to comply with the given specifications	1	0
pve	5ac345dc86f774288030817f	5ac345dc86f774288030817f_5ac7a4ba86f77409f3423628	plantItem	在工厂使用一套工具修复第一块控制面板	Fix the first control board with a Toolset on Factory	1	0
pve	5ac345dc86f774288030817f	5ac345dc86f774288030817f_5ac7a51a86f774738a4ffc96	plantItem	在工厂使用一套工具修复第二块控制面板	Fix the second control board with a Toolset on Factory	1	0
pve	5ac3460c86f7742880308185	5ac3460c86f7742880308185_5ac502a786f7740bde1b000c	findItem	在战局中找到电源线	Find Power cords in raid	2	0
pve	5ac3460c86f7742880308185	5ac3460c86f7742880308185_5ac5055a86f7745cae22b582	giveItem	上交电源线	Hand over the items	2	0
pve	5ac3460c86f7742880308185	5ac3460c86f7742880308185_5ac505c386f7740be0424d19	findItem	在战局中找到T形插座	Find T-Shaped Plugs in raid	4	0
pve	5ac3460c86f7742880308185	5ac3460c86f7742880308185_5ac505e186f7740bdf2ceabe	giveItem	上交T形插座	Hand over the items	4	0
pve	5ac3460c86f7742880308185	5ac3460c86f7742880308185_5ac5061386f77417e429ce7a	findItem	在战局中找到印制电路板	Find Printed circuit boards in raid	2	0
pve	5ac3460c86f7742880308185	5ac3460c86f7742880308185_5ac5062586f774587c327395	giveItem	上交印制电路板	Hand over the items	2	0
pve	5ac3462b86f7741d6118b983	5ac3462b86f7741d6118b983_5ac6240786f77417204ca2b9	visit	在海关找到罚没品仓库	Locate the warehouse of seized goods on Customs	0	0
pve	5ac3462b86f7741d6118b983	5ac3462b86f7741d6118b983_5ac6248586f77416781dd3a3	findQuestItem	取得装有显卡的包裹	Obtain the package of graphics cards	1	0
pve	5ac3462b86f7741d6118b983	5ac3462b86f7741d6118b983_5ac624b286f77416781dd3ac	giveQuestItem	上交显卡包裹	Hand over the package	1	0
pve	5ac3464c86f7741d651d6877	5ac3464c86f7741d651d6877_5ac5081086f7740bde1b002f	findItem	在战局中找到物品：显卡	Find the item in raid: Graphics card	1	0
pve	5ac3464c86f7741d651d6877	5ac3464c86f7741d651d6877_5ac5082586f77418804f7d4c	giveItem	上交物品	Hand over the item	1	0
pve	5ac3464c86f7741d651d6877	5ac3464c86f7741d651d6877_5ac5083d86f7740be2744eed	findItem	在战局中找到物品：CPU 风扇	Find the item in raid: CPU Fan	8	0
pve	5ac3464c86f7741d651d6877	5ac3464c86f7741d651d6877_5ac5084d86f7740bde1b0031	giveItem	上交CPU风扇	Hand over the items	8	0
pve	5ac3467986f7741d6224abc2	5ac3467986f7741d6224abc2_5ac5e0fa86f77431c305d243	visit	在海岸线找到第一个信号源	Locate the first signal source on Shoreline	0	0
pve	5ac3467986f7741d6224abc2	5ac3467986f7741d6224abc2_5ac5e13586f7746074388f93	visit	在海岸线找到第二个信号源	Locate the second signal source on Shoreline	0	0
pve	5ac3467986f7741d6224abc2	5ac3467986f7741d6224abc2_6a61fc7472fae1c698d421eb	mark	在海岸线第一个信号源放置信号干扰器	Place a Signal jammer on the first signal source	1	0
pve	5ac3467986f7741d6224abc2	5ac3467986f7741d6224abc2_6a61fc76ed2d982d9dea238d	mark	在海岸线第二个信号源放置信号干扰器	Place a Signal jammer on the second signal source	1	0
pve	5ac346a886f7744e1b083d67	5ac346a886f7744e1b083d67_5ac5e79986f7747398341847	giveItem	上交电脑CPU	Hand over the items	1	0
pve	5ac346a886f7744e1b083d67	5ac346a886f7744e1b083d67_5ac5e88e86f7741c5804f9db	giveItem	上交可充电电池	Hand over the items	1	0
pve	5ac346a886f7744e1b083d67	5ac346a886f7744e1b083d67_5ac5e98886f77479bc6ca201	giveItem	上交印制电路板	Hand over the items	1	0
pve	5ac346a886f7744e1b083d67	5ac346a886f7744e1b083d67_5cb6f81d86f7740e9d452683	findItem	在战局中找到物品：电脑 CPU	Find the item in raid: PC CPU	1	0
pve	5ac346a886f7744e1b083d67	5ac346a886f7744e1b083d67_5cb6f88d86f7747d215f09c1	findItem	在战局中找到物品：充电电池	Find the item in raid: Rechargeable battery	1	0
pve	5ac346a886f7744e1b083d67	5ac346a886f7744e1b083d67_5cb6f8de86f7740e9d452685	findItem	在战局中找到物品：印刷电路板	Find the item in raid: Printed circuit board	1	0
pve	5ac346cf86f7741d63233a02	5ac346cf86f7741d63233a02_5ac7a7bf86f774132252a524	mark	在海岸线的指定地点放置第一个信号干扰器	Place the Signal jammer on the first specified place on Shoreline	1	0
pve	5ac346cf86f7741d63233a02	5ac346cf86f7741d63233a02_5ac7a83b86f774665012340b	mark	在海岸线的指定地点放置第二个信号干扰器	Place the Signal jammer on the second specified place on Shoreline	1	0
pve	5ac346cf86f7741d63233a02	5ac346cf86f7741d63233a02_5ac7a8d386f7741321499e3c	mark	在海岸线的指定地点放置第三个信号干扰器	Place the Signal jammer on the third specified place on Shoreline	1	0
pve	5ac346e886f7741d6118b99b	5ac346e886f7741d6118b99b_5ac5eb3286f7746e7a509a09	skill	达到指定的专注技能等级	Reach the required Attention skill level	0	0
pve	5ac3475486f7741d6224abd3	5ac3475486f7741d6224abd3_5ac5ee9986f7746e7a509a26	findItem	在战局中找到物品：马宝路、云尔斯顿或无彩香烟	Find the item in raid: Malboro, Wilston, or Strike cigarettes	15	0
pve	5ac3475486f7741d6224abd3	5ac3475486f7741d6224abd3_5ac5eff886f7740f43322559	giveItem	上交云尔斯顿香烟	Hand over the items	15	0
pve	5ac3477486f7741d651d6885	5ac3477486f7741d651d6885_5ac61a8a86f7743a8d663c77	visit	找到第一个工厂撤离点	Locate the first Factory extraction	0	0
pve	5ac3477486f7741d651d6885	5ac3477486f7741d651d6885_5ac61ab986f7746e352cec8c	visit	找到第二个工厂撤离点	Locate the second Factory extraction	0	0
pve	5ac3477486f7741d651d6885	5ac3477486f7741d651d6885_5ac61adf86f774741c1bf096	visit	找到第三个工厂撤离点	Locate the third Factory extraction	0	0
pve	5ac3477486f7741d651d6885	5ac3477486f7741d651d6885_5ac61b1486f7743a8f30fc84	extract	以幸存状态撤离该区域	Survive and extract from the location	1	0
pve	5ac3477486f7741d651d6885	5ac3477486f7741d651d6885_63a865ce1943b749b5021f86	visit	找到第四个工厂撤离点	Locate the fourth Factory extraction	0	0
pve	5ac3479086f7742880308199	5ac3479086f7742880308199_5dbadfd186f77449467d1482	traderLevel	Prapor信任度达到3级	Reach Loyalty Level 3 with Prapor	0	0
pve	5ae3267986f7742a413592fe	5ae3267986f7742a413592fe_5ae34b8b86f7741e5b1e5d48	buildWeapon	按照要求改装雷明顿 Model 870	Modify a Remington Model 870 to comply with the given specifications	1	0
pve	5ae3270f86f77445ba41d4dd	5ae3270f86f77445ba41d4dd_5ae3550b86f7741cf44fc799	buildWeapon	按照要求改装AKM	Modify an AKM to comply with the given specifications	1	0
pve	5ae3277186f7745973054106	5ae3277186f7745973054106_5ae3570b86f7746efa6b4494	buildWeapon	按照要求改装AKS-74N	Modify an AKS-74N to comply with the given specifications	1	0
pve	5ae327c886f7745c7b3f2f3f	5ae327c886f7745c7b3f2f3f_5ae445f386f7744e87761331	buildWeapon	按照要求改装AK-105	Modify an AK-105 to comply with the given specifications	1	0
pve	5ae3280386f7742a41359364	5ae3280386f7742a41359364_5ae4479686f7744f6c79b7b3	buildWeapon	按照要求改装AS VAL	Modify an AS VAL to comply with the given specifications	1	0
pve	5ae448a386f7744d3730fff0	5ae448a386f7744d3730fff0_5ae44c6886f7744f1a7eb2b8	traderLevel	Ragman信任度达到2级	Reach Loyalty Level 2 with Ragman	0	0
pve	5ae448bf86f7744d733e55ee	5ae448bf86f7744d733e55ee_5ae44ecd86f77414a13c970e	shoot	在立交桥消灭任意目标	Eliminate any target on Interchange	10	0
pve	5ae448e586f7744dcf0c2a67	5ae448e586f7744dcf0c2a67_5ae4508386f7741250488337	visit	检查AVOKADO商店	Locate the AVOKADO store on Interchange	0	0
pve	5ae448e586f7744dcf0c2a67	5ae448e586f7744dcf0c2a67_5ae450db86f7741250488359	visit	检查KOSTIN商店	Locate the KOSTIN store on Interchange	0	0
pve	5ae448e586f7744dcf0c2a67	5ae448e586f7744dcf0c2a67_5ae450ee86f7740f9307859d	visit	检查tRend商店	Locate the tRend store on Interchange	0	0
pve	5ae448e586f7744dcf0c2a67	5ae448e586f7744dcf0c2a67_5ae4510786f7740fa614399f	visit	检查DINO CLOTHES商店	Locate the DINO CLOTHES store on Interchange	0	0
pve	5ae448e586f7744dcf0c2a67	5ae448e586f7744dcf0c2a67_5ae4511d86f7740ffc31ccb5	visit	检查TOP BRAND商店	Locate the TOP BRAND store on Interchange	0	0
pve	5ae448f286f77448d73c0131	5ae448f286f77448d73c0131_5ae452c086f774336a397578	mark	在立交桥使用 MS2000 指示器标记发电站周边的任意一辆油罐车	Locate and mark any fuel tank near the power station with an MS2000 Marker on Interchange	1	0
pve	5ae448f286f77448d73c0131	5ae448f286f77448d73c0131_5ae452de86f77450595c4333	mark	在立交桥使用 MS2000 指示器标记北部区域的任意一辆油罐车	Locate and mark any fuel tank in the northern territory with an MS2000 Marker on Interchange	1	0
pve	5ae4490786f7744ca822adcc	5ae4490786f7744ca822adcc_5ae4543686f7742dc043c903	giveItem	上交物品	Hand over the items	2	0
pve	5ae4490786f7744ca822adcc	5ae4490786f7744ca822adcc_5ae454a086f7742be909a81a	giveItem	上交物品	Hand over the items	2	0
pve	5ae4490786f7744ca822adcc	5ae4490786f7744ca822adcc_5fd89729a8c881276c560433	findItem	在战局中找到物品：任意苏联毛帽	Find the item in raid: any Ushanka hat	2	0
pve	5ae4490786f7744ca822adcc	5ae4490786f7744ca822adcc_5fd89799c54dc00f463272d3	findItem	在战局中找到物品：Kinda 牛仔帽	Find the item in raid: Kinda Cowboy hat	2	0
pve	5ae4493486f7744efa289417	5ae4493486f7744efa289417_5ae9b32486f7745bbc72275a	findQuestItem	在立交桥取得Goshan货物清单	Locate and obtain the Goshan cargo manifests on Interchange	1	0
pve	5ae4493486f7744efa289417	5ae4493486f7744efa289417_5ae9b34686f7743129512ccf	giveQuestItem	上交Goshan货物清单	Hand over the Goshan cargo manifests	1	0
pve	5ae4493486f7744efa289417	5ae4493486f7744efa289417_5ae9b36c86f774307c29df04	findQuestItem	在立交桥取得OLI货物清单	Locate and obtain the OLI cargo manifests on Interchange	1	0
pve	5ae4493486f7744efa289417	5ae4493486f7744efa289417_5ae9b38a86f77432c81e2ce3	giveQuestItem	上交OLI货物清单	Hand over the OLI cargo manifests	1	0
pve	5ae4493486f7744efa289417	5ae4493486f7744efa289417_5ae9b3b186f7745bbc722762	findQuestItem	在立交桥取得IDEA货物清单	Locate and obtain the IDEA cargo manifests on Interchange	1	0
pve	5ae4493486f7744efa289417	5ae4493486f7744efa289417_5ae9b3c986f77432c81e2ce6	giveQuestItem	上交IDEA货物清单	Hand over the IDEA cargo manifests	1	0
pve	5ae4493d86f7744b8e15aa8f	5ae4493d86f7744b8e15aa8f_5ae9b5bd86f774307c29df37	findQuestItem	在立交桥取得OLI货运路线文件	Locate and obtain the OLI cargo route documents on Interchange	1	0
pve	5ae4493d86f7744b8e15aa8f	5ae4493d86f7744b8e15aa8f_5ae9b63286f774229110402d	giveQuestItem	上交文件	Hand over the documents	1	0
pve	5ae4495086f77443c122bc40	5ae4495086f77443c122bc40_5ae4559386f7742dc043c95e	findItem	在战局中找到物品：带眼洞滑雪头套	Find the item in raid: Ski hat with holes for eyes	1	0
pve	5ae4495086f77443c122bc40	5ae4495086f77443c122bc40_5ae455be86f7742dc043c969	giveItem	上交物品	Hand over the item	1	0
pve	5ae4495086f77443c122bc40	5ae4495086f77443c122bc40_5ae455fb86f7744dd8242380	findItem	在战局中找到物品：Pilgrim 旅行包	Find the item in raid: Pilgrim tourist backpack	1	0
pve	5ae4495086f77443c122bc40	5ae4495086f77443c122bc40_5ae4562086f774498b05e0dc	giveItem	上交物品	Hand over the item	1	0
pve	5ae4495c86f7744e87761355	5ae4495c86f7744e87761355_5ae9b77f86f77432c81e3074	findItem	获得物品：HighCom Trooper TFO 防弹背心	Obtain the item: HighCom Trooper TFO body armor	2	0
pve	5ae4495c86f7744e87761355	5ae4495c86f7744e87761355_5ae9b7c886f774307c29df56	giveItem	上交物品	Hand over the items	2	0
pve	5ae4495c86f7744e87761355	5ae4495c86f7744e87761355_5ae9b91386f77415a869b3f3	findItem	获得物品：BNTI Gzhel-K（彩瓷-K）防弹衣	Obtain the item: BNTI Gzhel-K body armor	2	0
pve	5ae4495c86f7744e87761355	5ae4495c86f7744e87761355_5ae9b93b86f7746e0026221a	giveItem	上交物品	Hand over the items	2	0
pve	5ae4496986f774459e77beb6	5ae4496986f774459e77beb6_5ae9bc6e86f7746e0026222c	giveItem	上交物品：6B43 屏障-Sh 防弹衣	Hand over the item: 6B43 Zabralo-Sh body armor	1	0
pve	5ae4496986f774459e77beb6	5ae4496986f774459e77beb6_5ae9bea886f77468ab400e64	giveItem	上交战局中找到的物品：五级或六级防弹插板	Hand over the found in raid item: Class 5 or 6 ballistic plate	10	0
pve	5ae4497b86f7744cf402ed00	5ae4497b86f7744cf402ed00_5ae45d7786f774178f237745	findItem	上交战局内找到的物品：WARTECH TV-109 + TV-106 胸挂	Find the item in raid: WARTECH TV-109 + TV-106 chest rig	2	0
pve	5ae4497b86f7744cf402ed00	5ae4497b86f7744cf402ed00_5ae45d9386f774178f23774a	giveItem	上交物品	Hand over the items	2	0
pve	5ae4497b86f7744cf402ed00	5ae4497b86f7744cf402ed00_5af079e486f77434693ad7f8	findItem	上交战局内找到的物品：BlackRock 胸挂	Find the item in raid: BlackRock chest rig	2	0
pve	5ae4497b86f7744cf402ed00	5ae4497b86f7744cf402ed00_5af07a0286f7747dba10d8ac	giveItem	上交物品	Hand over the items	2	0
pve	5ae4498786f7744bde357695	5ae4498786f7744bde357695_5ae9c0a686f774703201f143	findQuestItem	在立交桥取得服装设计手册（一）	Locate and obtain the first book of clothes design on Interchange	1	0
pve	5ae4498786f7744bde357695	5ae4498786f7744bde357695_5ae9c0c986f77468ab400f88	giveQuestItem	上交服装设计手册（一）	Hand over the first book	1	0
pve	5ae4498786f7744bde357695	5ae4498786f7744bde357695_5ae9c0e186f7746419683c5e	findQuestItem	在立交桥取得服装设计手册（二）	Locate and obtain the second book of clothes design on Interchange	1	0
pve	5ae4498786f7744bde357695	5ae4498786f7744bde357695_5ae9c10686f774703201f146	giveQuestItem	上交服装设计手册（一）	Hand over the second book	1	0
pve	5ae4499a86f77449783815db	5ae4499a86f77449783815db_5ae9c29386f77427153c7fb0	skill	达到指定的魅力技能等级	Reach the required Charisma skill level	0	0
pve	5ae449a586f7744bde357696	5ae449a586f7744bde357696_5ae9c38e86f7743515398707	traderLevel	Therapist信任度达到3级	Reach Loyalty Level 3 with Therapist	0	0
pve	5ae449b386f77446d8741719	5ae449b386f77446d8741719_5ae9e1c786f77403fb3f9674	plantItem	将绿色提花头巾藏匿在森林锯木厂的码头上	Stash a Shemagh (Green) at the sawmill docks on Woods	1	0
pve	5ae449b386f77446d8741719	5ae449b386f77446d8741719_5ae9e2a286f7740de4152a0a	plantItem	把雷硼嬉皮太阳镜藏匿在森林锯木厂的码头上	Stash RayBench Hipster Reserve sunglasses at the sawmill docks on Woods	1	0
pve	5ae449c386f7744bde357697	5ae449c386f7744bde357697_5bb60cbc88a45011a8235cc5	visit	在立交桥查看铁路撤离点	Visit the Railway Exfil exit on Interchange	0	0
pve	5ae449c386f7744bde357697	5ae449c386f7744bde357697_6a60968c58aab7961885e537	visit	在立交桥查看 EMERCOM 检查站撤离点	Visit the Emercom Checkpoint exit on Interchange	0	0
pve	5ae449c386f7744bde357697	5ae449c386f7744bde357697_6a6096d81284478fd859003a	visit	在立交桥查看发电站载具撤离点	Visit the Power Station V-Ex exit on Interchange	0	0
pve	5ae449d986f774453a54a7e1	5ae449d986f774453a54a7e1_5ae9e55886f77445315f662a	findItem	获得 Goshan 收银机钥匙	Obtain the Goshan cash register key	1	1
pve	5ae449d986f774453a54a7e1	5ae449d986f774453a54a7e1_6a60aab8ada1a08abcaa3649	plantItem	在立交桥将 Goshan 收银机钥匙藏匿在 BIZARRO 商店的试衣间内	Stash the Goshan cash register key at the BIZARRO store fitting rooms on Interchange	1	0
pve	5ae449d986f774453a54a7e1	5ae449d986f774453a54a7e1_6a60aaba4566667d4c8eefad	plantItem	在立交桥将 IDEA 收银机钥匙藏匿在 #9 收银台	Stash the IDEA cash register key at Register #9 on Interchange	1	0
pve	5ae449d986f774453a54a7e1	5ae449d986f774453a54a7e1_6a60aabcecee1ccc0876e5e6	plantItem	在立交桥将 OLI 收银机钥匙藏匿在 #7-8 收银台	Stash the OLI cash register key at Register #7-8 on Interchange	1	0
pve	5ae449d986f774453a54a7e1	5ae449d986f774453a54a7e1_6a60ac2aa92d3737a04f252c	findItem	获得 IDEA 收银机钥匙	Obtain the IDEA cash register key	1	1
pve	5ae449d986f774453a54a7e1	5ae449d986f774453a54a7e1_6a60af31011aff00946731a7	findItem	获得 OLI 收银机钥匙	Obtain the OLI cash register key	1	1
pve	5b47749f86f7746c5d6a5fd4	5b47749f86f7746c5d6a5fd4_5b47796686f774374f4a8bb1	buildWeapon	按照要求改装AK-102	Modify an AK-102 to comply with the given specifications	1	0
pve	5b47799d86f7746c5d6a5fd8	5b47799d86f7746c5d6a5fd8_5b477b3b86f77401da02e6c4	buildWeapon	按照要求改装SIG MPX	Modify a SIG MPX to comply with the given specifications	1	0
pve	5b477b6f86f7747290681823	5b477b6f86f7747290681823_5b477f1486f7743009493232	buildWeapon	按照要求改装AKMN	Modify an AKMN to comply with the given specifications	1	0
pve	5b477f7686f7744d1b23c4d2	5b477f7686f7744d1b23c4d2_5b47824386f7744d190d8dd1	buildWeapon	按照要求改装M1A	Modify an M1A to comply with the given specifications	1	0
pve	5b47825886f77468074618d3	5b47825886f77468074618d3_5b4783ba86f7744d1c353185	buildWeapon	按照要求改装M4A1	Modify an M4A1 to comply with the given specifications	1	0
pve	5b47876e86f7744d1c353205	5b47876e86f7744d1c353205_5b47884886f7744d1c35327d	findItem	在战局中找到燃油添加剂	Find Fuel conditioners in raid	4	0
pve	5b47876e86f7744d1c353205	5b47876e86f7744d1c353205_5b47886986f7744d1a393e65	giveItem	上交燃油添加剂	Hand over the items	4	0
pve	5b47891f86f7744d1b23c571	5b47891f86f7744d1b23c571_5b4789b586f7744d190d8f43	giveItem	上交战局中找到的物品：青铜狮雕	Hand over the found in raid item: Bronze lion figurine	2	0
pve	5b47891f86f7744d1b23c571	5b47891f86f7744d1b23c571_5b478a0986f7744d190d8f46	giveItem	上交战局中找到的物品：马雕像	Hand over the found in raid item: Horse figurine	2	0
pve	5b47891f86f7744d1b23c571	5b47891f86f7744d1b23c571_5b478a3786f77470315db7fa	giveItem	上交战局中找到的物品：猫雕	Hand over the found in raid item: Cat figurine	2	0
pve	5b47891f86f7744d1b23c571	5b47891f86f7744d1b23c571_5b478a8486f7744d1c35328b	giveItem	上交战局中找到的物品：劳力土潜水金表	Hand over the found in raid item: Roler Submariner gold wrist watch	2	0
pve	5b47891f86f7744d1b23c571	5b47891f86f7744d1b23c571_62a70058ec21e50cad3b6709	giveItem	上交战局中找到的物品：金蛋	Hand over the found in raid item: Golden egg	2	0
pve	5b47891f86f7744d1b23c571	5b47891f86f7744d1b23c571_6a576acbc13842ba359b767f	giveItem	上交战局中找到的物品：金公鸡	Hand over the found in raid item: Golden rooster figurine	2	0
pve	5b478b1886f7744d1b23c57d	5b478b1886f7744d1b23c57d_5b478c4c86f7744d1a393fac	plantItem	在立交桥的指定位置藏匿 ComTac II 耳机	Stash a ComTac II headset in the specified place on Interchange	1	0
pve	5b478b1886f7744d1b23c57d	5b478b1886f7744d1b23c57d_5b478c7386f7744d1a393fb1	plantItem	在立交桥的指定位置藏匿 6B47 头盔（橄榄绿）	Stash a 6B47 helmet (Olive Drab) in the specified place on Interchange	1	0
pve	5b478b1886f7744d1b23c57d	5b478b1886f7744d1b23c57d_5b478cb586f7744d1a393fb5	plantItem	在立交桥的指定位置藏匿 Gzhel-K 护甲	Stash a Gzhel-K body armor in the specified place on Interchange	1	0
pve	5b478d0f86f7744d190d91b5	5b478d0f86f7744d190d91b5_5b478d8986f774563c7a4809	mark	在立交桥找到第一辆黄色微型客车，并使用MS2000指示器标记	Locate and mark the first yellow minibus with an MS2000 Marker on Interchange	1	0
pve	5b478d0f86f7744d190d91b5	5b478d0f86f7744d190d91b5_5b478daf86f7744d1c35339b	mark	在立交桥找到第二辆黄色微型客车，并使用MS2000指示器标记	Locate and mark the second yellow minibus with an MS2000 Marker on Interchange	1	0
pve	5b478d0f86f7744d190d91b5	5b478d0f86f7744d190d91b5_5b478dca86f7744d190d91c2	mark	在立交桥找到第三辆黄色微型客车，并使用MS2000指示器标记	Locate and mark the third yellow minibus with an MS2000 Marker on Interchange	1	0
pve	5b478eca86f7744642012254	5b478eca86f7744642012254_5b478f6886f774464201225a	findQuestItem	在工厂找到并获取化学品容器	Locate and obtain the chemical container on Factory	1	0
pve	5b478eca86f7744642012254	5b478eca86f7744642012254_5b478f8886f7744d1b23c622	giveQuestItem	上交容器	Hand over the container	1	0
pve	5b478eca86f7744642012254	5b478eca86f7744642012254_6a5a98a3540d8d824a49d5bd	giveItem	上交物品	Hand over the items	4	0
pve	5b478eca86f7744642012254	5b478eca86f7744642012254_6a5a98b4ef24027a7f3438be	giveItem	上交物品	Hand over the items	3	0
pve	5b478eca86f7744642012254	5b478eca86f7744642012254_6a5a995494755c6ceb832cb0	findItem	在战局中找到物品：呼吸面罩	Find the item in raid: Respirator	4	0
pve	5b478eca86f7744642012254	5b478eca86f7744642012254_6a5a996dff83204d8658461e	findItem	在战局中找到物品：医用输血工具	Find the item in raid: Medical bloodset	3	0
pve	5b478ff486f7744d184ecbbf	5b478ff486f7744d184ecbbf_5b47905886f7746807461fe2	giveItem	上交物品	Hand over the items	4	0
pve	5b478ff486f7744d184ecbbf	5b478ff486f7744d184ecbbf_5b4790a886f774563c7a489f	giveItem	上交物品	Hand over the items	3	0
pve	5b478ff486f7744d184ecbbf	5b478ff486f7744d184ecbbf_5cb5ffd986f7746ef55de2c7	findItem	在战局中找到物品：呼吸面罩	Find the item in raid: Respirator	4	0
pve	5b478ff486f7744d184ecbbf	5b478ff486f7744d184ecbbf_5ec1388d83b69d213d3c2ee0	findItem	在战局中找到物品：医用输血工具	Find the item in raid Medical bloodset	3	0
pve	5b478ff486f7744d184ecbbf	5b478ff486f7744d184ecbbf_6a5ab1920a2a6d86771ee14a	findQuestItem	在海关找到并获取化学品容器	Locate and obtain the chemical vial on Customs	1	0
pve	5b478ff486f7744d184ecbbf	5b478ff486f7744d184ecbbf_6a5ab19ed7c5bd68ea2803b6	giveQuestItem	上交化学品容器	Hand over the vial	1	0
pve	5b47926a86f7747ccc057c15	5b47926a86f7747ccc057c15_5b47932586f7747cc908b5dd	plantItem	在森林安装无线摄像头以监视伐木场码头	Install a WI-FI Camera to watch the sawmill dock on Woods	1	0
pve	5b47926a86f7747ccc057c15	5b47926a86f7747ccc057c15_5b47938086f7747ccc057c22	plantItem	在立交桥安装无线摄像头以监视Kiba武器商店大门	Install a WI-FI Camera to watch the Kiba Arms store entrance on Interchange	1	0
pve	5b4794cb86f774598100d5d4	5b4794cb86f774598100d5d4_5b47958e86f774598100d5e2	findQuestItem	在森林找到并获取第一个单轴光纤陀螺仪	Locate and obtain the single-axis fiber optic gyroscope on Woods	1	0
pve	5b4794cb86f774598100d5d4	5b4794cb86f774598100d5d4_5b4795a586f774587a39506d	giveQuestItem	上交找到的物品	Hand over the found item	1	0
pve	5b4794cb86f774598100d5d4	5b4794cb86f774598100d5d4_66d078aadf338e6c13578080	findQuestItem	在森林找到并获取第一个电机控制器	Locate and obtain the motor controller on Woods	1	0
pve	5b4794cb86f774598100d5d4	5b4794cb86f774598100d5d4_66d07de6c7ef9040fff0b789	giveQuestItem	上交找到的物品	Hand over the found item	1	0
pve	5b4795fb86f7745876267770	5b4795fb86f7745876267770_5b4796c086f7745877352c2c	plantItem	在海关将金项链藏到宿舍楼三楼的微波炉里	Stash Golden neck chains in the microwave on the 3rd floor of the dorm on Customs	3	0
pve	5b4795fb86f7745876267770	5b4795fb86f7745876267770_5b47971086f774587877ad34	plantItem	在森林将金项链藏到伐木场宿舍区的中间小屋内	Stash Golden neck chains in the middle wooden cabin at the sawmill on Woods	3	0
pve	5bc4776586f774512d07cf05	5bc4776586f774512d07cf05_5bc850d186f7747213700892	shoot	使用栓动式步枪在 40 米开外通过机械瞄具击杀 Scav	Eliminate Scavs from over 40 meters away with a bolt-action rifle with iron sights	5	0
pve	5bc479e586f7747f376c7da3	5bc479e586f7747f376c7da3_5bd983d886f7747ba73fc246	shoot	使用栓动式步枪在 40 米开外命中任意目标的腿部	Shoot any target in the legs from over 40 meters away with a bolt-action rifle	3	0
pve	5bc479e586f7747f376c7da3	5bc479e586f7747f376c7da3_5bd9944f86f774035c4877f3	shoot	使用栓动式步枪在 40 米开外命中任意目标的头部	Shoot any target in the head from over 40 meters away with a bolt-action rifle	2	0
pve	5bc47dbf86f7741ee74e93b9	5bc47dbf86f7741ee74e93b9_5bc47e3e86f7741e6b2f3332	shoot	使用栓动式步枪在 25 米以内消灭 PMC 行动人员	Eliminate PMC operatives from less than 25 meters away with a bolt-action rifle	3	0
pve	5bc480a686f7741af0342e29	5bc480a686f7741af0342e29_657b0567ec71635f16471dd2	shoot	使用栓动式步枪消灭任意敌对目标	Eliminate any target with a bolt-action rifle	15	0
pve	5bc4826c86f774106d22d88b	5bc4826c86f774106d22d88b_5bc84f7a86f774294c2f6862	shoot	21:00-05:00 期间在海关使用栓动式步枪消灭 Scav	Eliminate Scavs while using a bolt-action rifle in the time period of 21:00-05:00 on Customs	8	0
pve	5bc4836986f7740c0152911c	5bc4836986f7740c0152911c_5bc483ba86f77415034ba8d0	shoot	使用栓动式步枪消灭狙击 Scav	Eliminate Sniper Scavs with a bolt-action rifle	5	0
pve	5bc4856986f77454c317bea7	5bc4856986f77454c317bea7_5bc485b586f774726473a858	shoot	使用消音栓动式步枪消灭 PMC 行动人员	Eliminate PMC operatives with a suppressed bolt-action rifle	5	0
pve	5bc4893c86f774626f5ebf3e	5bc4893c86f774626f5ebf3e_5bc48aed86f77452c947ce67	shoot	使用栓动式步枪一命消灭 PMC 行动人员	Eliminate PMC operatives with a bolt-action rifle without dying	5	0
pve	5c0bbaa886f7746941031d82	5c0bbaa886f7746941031d82_5c0bc32986f7743e4d1002d2	plantItem	将 AXMC 狙击步枪藏匿在灯塔度假村网球场的垃圾堆内	Stash an AXMC sniper rifle in the trash bags at the chalet tennis court on Lighthouse	1	0
pve	5c0bbaa886f7746941031d82	5c0bbaa886f7746941031d82_5c0bc43e86f7744794440ba5	plantItem	将劳力土潜水金腕表藏匿在灯塔度假村网球场的垃圾堆内	Stash a Roler Submariner gold wrist watch in the trash bags at the chalet tennis court on Lighthouse	1	0
pve	5c0bbaa886f7746941031d82	5c0bbaa886f7746941031d82_5c12320586f77437e44bcb15	plantItem	将军用闪存装置藏匿在灯塔度假村网球场的垃圾堆内	Stash a Military flash drive in the trash bags at the chalet tennis court on Lighthouse	1	0
pve	5c0bbaa886f7746941031d82	5c0bbaa886f7746941031d82_6a82cd4e1b6419afe449763a	globalVariable	You must not kill Rogues or The Goons on Lighthouse while the task is active	You must not kill Rogues or The Goons on Lighthouse while the task is active	1	1
pve	5c0bbaa886f7746941031d82	5c0bbaa886f7746941031d82_6a8467953e97ee5e84f9d7fe	globalVariable	You must not kill Rogues or The Goons on Lighthouse while the task is active	You must not kill Rogues or The Goons on Lighthouse while the task is active	1	1
pve	5c0bbaa886f7746941031d82	5c0bbaa886f7746941031d82_6a8467a29862ad5aa577d78a	globalVariable	You must not kill Rogues or The Goons on Lighthouse while the task is active	You must not kill Rogues or The Goons on Lighthouse while the task is active	1	1
pve	5c0bc91486f7746ab41857a2	5c0bc91486f7746ab41857a2_5c0bc95086f7746e784f39ec	shoot	在储备站、灯塔、中心区或实验室使用消音 12 铅径霰弹枪消灭任意敌对目标	Eliminate any target with a suppressed 12ga shotgun on Reserve, Lighthouse, Ground Zero, or The Lab	30	0
pve	5c0bd01e86f7747cdd799e56	5c0bd01e86f7747cdd799e56_5c1242fa86f7742aa04fed52	shoot	21:00-06:00 期间在塔科夫街区、灯塔、储备站、中心区或海岸线消灭任意敌对目标	Eliminate any target during 21:00-06:00 on Streets or Tarkov, Lighthouse, Reserve, Ground Zero, or Shoreline	40	0
pve	5c0bd94186f7747a727f09b2	5c0bd94186f7747a727f09b2_5c1b765d86f77413193fa4f2	shoot	在灯塔或储备站使用装有 Hybrid 46 消音器和 PM II 1-8x24 瞄准镜的 SR-25 消灭 PMC	Eliminate PMCs with SR-25 with Hybrid 46 suppressor and S&B PM II 1-8x24 scope on Lighthouse or Reserve	6	0
pve	5c0bdb5286f774166e38eed4	5c0bdb5286f774166e38eed4_5c0bdbb586f774166e38eed5	skill	达到指定的抗压技能等级	Reach the required Stress Resistance skill level	0	0
pve	5c0bde0986f77479cf22c2f8	5c0bde0986f77479cf22c2f8_5c137f5286f7747ae267d8a3	shoot	在海关或灯塔使用栓动式步枪爆头击杀 PMC 行动人员	Eliminate PMC operatives with a bolt-action rifle headshot on Customs or Lighthouse	5	0
pve	5c0bde0986f77479cf22c2f8	5c0bde0986f77479cf22c2f8_629f10b114061f3074380298	shoot	在塔科夫街区或海岸线使用栓动式步枪爆头击杀 PMC 行动人员	Eliminate PMC operatives with a bolt-action rifle headshot on Streets of Tarkov or Shoreline	5	0
pve	5c0bde0986f77479cf22c2f8	5c0bde0986f77479cf22c2f8_63aec6f256503c322a190374	shoot	在立交桥或中心区使用栓动式步枪爆头击杀 PMC 行动人员	Eliminate PMC operatives with a bolt-action rifle headshot on Interchange or Ground Zero	5	0
pve	5c0bde0986f77479cf22c2f8	5c0bde0986f77479cf22c2f8_64b694c8a857ea477002a408	shoot	在森林或储备站使用栓动式步枪爆头击杀 PMC 行动人员	Eliminate PMC operatives with a bolt-action rifle headshot on Woods or Reserve	5	0
pve	5c0be13186f7746f016734aa	5c0be13186f7746f016734aa_64b67c6358b5637e2d71a655	shoot	使用栓动式步枪一命消灭任意敌对目标	Eliminate any target with a bolt-action rifle without dying	15	0
pve	5c0be5fc86f774467a116593	5c0be5fc86f774467a116593_5c0be66c86f7744523489ab2	giveItem	上交检眼镜	Hand over the Ophthalmoscope	1	0
pve	5c0be5fc86f774467a116593	5c0be5fc86f774467a116593_5c0be69086f7743c9c1ecf43	giveItem	上交LEDX皮肤透照仪	Hand over the LEDX Skin Transilluminator	1	0
pve	5c0be5fc86f774467a116593	5c0be5fc86f774467a116593_5fd892bc37b6e511a4734969	findItem	在战局中找到检眼镜	Find an Ophthalmoscope in raid	1	0
pve	5c0be5fc86f774467a116593	5c0be5fc86f774467a116593_5fd8935b7dd32f724e0fe7ee	findItem	在战局中找到LEDX皮肤透照仪	Find a LEDX Skin Transilluminator in raid	1	0
pve	5c0d0d5086f774363760aef2	5c0d0d5086f774363760aef2_5c0d0dfd86f7747f482a89a5	skill	达到指定的健康技能等级	Reach the required Health skill level	0	0
pve	5c0d0f1886f77457b8210226	5c0d0f1886f77457b8210226_6a64ac7ac5943cb1fead70c9	plantItem	将 Virtex 可编程处理器藏匿在灯塔简易实验室内	Stash a Virtex programmable processor inside the makeshift lab on Lighthouse	1	0
pve	5c0d0f1886f77457b8210226	5c0d0f1886f77457b8210226_6a64ac8f1865f0af52cee545	plantItem	将军用 COFDM 无线信号发射器藏匿在灯塔简易实验室内	Stash a Military COFDM Wireless Signal Transmitter inside the makeshift lab on Lighthouse	1	0
pve	5c0d190cd09282029f5390d8	5c0d190cd09282029f5390d8_5c1b760686f77412780211a3	shoot	使用手榴弹或者榴弹发射器消灭任意目标	Eliminate any target with hand grenades or grenade launchers	5	0
pve	5c0d1c4cd0928202a02a6f5c	5c0d1c4cd0928202a02a6f5c_5c1b778286f774294438b536	shoot	在实验室穿戴防毒面具或呼吸面罩，在 60 米内消灭任意敌对目标	Eliminate any target from less than 60 meters away while wearing a gas mask or respirator in The Lab	40	0
pve	5c0d4c12d09282029f539173	5c0d4c12d09282029f539173_5c1b713486f77413bc250406	shoot	在海关或灯塔穿戴 UN 制式装备（UN头盔与防弹背心）使用 5.56x45 口径 UN 武器消灭 Scav	Eliminate Scavs while using UNTAR helmet and armor, and 5.56x45 UN weapons on Customs or Lighthouse	12	0
pve	5c0d4c12d09282029f539173	5c0d4c12d09282029f539173_5c1b713f86f774719c22e8a0	shoot	在海岸线或塔科夫街区穿戴 UN 制式装备（UN头盔与防弹背心）使用 5.56x45 口径 UN 武器消灭 Scav	Eliminate Scavs while using UNTAR helmet and armor, and 5.56x45 UN weapons on Shoreline or Streets of Tarkov	12	0
pve	5c0d4c12d09282029f539173	5c0d4c12d09282029f539173_5c1fd66286f7743c7b261f7b	shoot	在森林或储备站穿戴 UN 制式装备（UN头盔与防弹背心）使用 5.56x45 口径 UN 武器消灭 Scav	Eliminate Scavs while using UNTAR helmet and armor, and 5.56x45 UN weapons on Woods or Reserve	12	0
pve	5c0d4c12d09282029f539173	5c0d4c12d09282029f539173_65e08aa9f5879b2586d5fd4c	shoot	在中心区或立交桥穿戴 UN 制式装备（UN头盔与防弹背心）使用 5.56x45 口径 UN 武器消灭 Scav	Eliminate Scavs while using UNTAR helmet and armor, and 5.56x45 UN weapons on Ground Zero or Interchange	12	0
pve	5c0d4e61d09282029f53920e	5c0d4e61d09282029f53920e_5c0e6876d09282029e2fffe0	extract	以“幸存”状态撤离森林或立交桥	Survive and extract from Woods or Interchange with the "Survived" exit status	1	0
pve	5c0d4e61d09282029f53920e	5c0d4e61d09282029f53920e_5c13982286f774365a69cc4d	extract	以“幸存”状态撤离海岸线或储备站	Survive and extract from Shoreline or Reserve with the "Survived" exit status	1	0
pve	5c0d4e61d09282029f53920e	5c0d4e61d09282029f53920e_5c13989886f7747878361a50	extract	以“幸存”状态撤离工厂或海关	Survive and extract from Factory or Customs with the "Survived" exit status	1	0
pve	5c0d4e61d09282029f53920e	5c0d4e61d09282029f53920e_5c1931e686f7747ce71bcbea	extract	以“幸存”状态撤离实验室或灯塔	Survive and extract from The Lab or Lighthouse with the "Survived" exit status	1	0
pve	5c0d4e61d09282029f53920e	5c0d4e61d09282029f53920e_65e08b7a2f82d184fcf9ef61	extract	以“幸存”状态撤离中心区或塔科夫街区	Survive and extract from Ground Zero or Streets of Tarkov with the "Survived" exit status	1	0
pve	5c0d4e61d09282029f53920e	5c0d4e61d09282029f53920e_6a5cdc97790159682d2bc19e	shoot	消灭任意敌对目标	Eliminate any target	15	0
pve	5c10f94386f774227172c572	5c10f94386f774227172c572_5c10f94386f774227172c574	mark	在森林找到第一个燃料堆，并使用MS2000指示器标记	Locate and mark the first fuel stash with an MS2000 Marker on Woods	1	0
pve	5c10f94386f774227172c572	5c10f94386f774227172c572_5c10f94386f774227172c575	mark	在森林找到第二个燃料堆，并使用MS2000指示器标记	Locate and mark the second fuel stash with an MS2000 Marker on Woods	1	0
pve	5c10f94386f774227172c572	5c10f94386f774227172c572_5c10f94386f774227172c576	mark	在森林找到第三个燃料堆，并使用MS2000指示器标记	Locate and mark the third fuel stash with an MS2000 Marker on Woods	1	0
pve	5c1128e386f7746565181106	5c1128e386f7746565181106_5c1129ed86f7746569440e88	giveItem	上交物品	Hand over the items	10	0
pve	5c1128e386f7746565181106	5c1128e386f7746565181106_5c112a1b86f774656777d1ae	giveItem	上交物品	Hand over the items	6	0
pve	5c1128e386f7746565181106	5c1128e386f7746565181106_5ca719ef86f7740a78020783	findItem	在战局中找到物品：电线	Find the item in raid: Bundle of wires	10	0
pve	5c1128e386f7746565181106	5c1128e386f7746565181106_5ca71a1e86f7740f5a5b88a2	findItem	在战局中找到物品：电容	Find the item in raid: Capacitors	6	0
pve	5c112d7e86f7740d6f647486	5c112d7e86f7740d6f647486_6a57553be11c6adb225f69b3	giveItem	上交战局中找到的物品：任意面部装备 (面罩 & 面具)	Hand over any found in raid items from the Facecovers category	15	0
pve	5c112d7e86f7740d6f647486	5c112d7e86f7740d6f647486_6a575543bb648e3e317d5bbf	giveItem	上交战局中找到的物品：任意头部装备 (头饰 & 头盔)	Hand over any found in raid items from the Headgear category	15	0
pve	5c112d7e86f7740d6f647486	5c112d7e86f7740d6f647486_6a57554a8715a99f675a8191	giveItem	上交战局中找到的物品：任意耳机	Hand over any found in raid items from the Headsets category	15	0
pve	5c112d7e86f7740d6f647486	5c112d7e86f7740d6f647486_6a5755579da173f9a707240f	giveItem	上交战局中找到的物品：任意眼部装备	Hand over any found in raid items from the Eyewear category	15	0
pve	5c112d7e86f7740d6f647486	5c112d7e86f7740d6f647486_6a575575a7263e4961397d13	giveItem	上交战局中找到的物品：任意型号的防弹衣	Hand over any found in raid items from the Body Armor category	15	0
pve	5c1141f386f77430ff393792	5c1141f386f77430ff393792_5c11427386f77430ff393793	giveItem	上交战局中找到的物品：古董茶壶	Hand over the found in raid item: Antique teapot	3	0
pve	5c1141f386f77430ff393792	5c1141f386f77430ff393792_5c122c5f86f77437e44bcb0e	giveItem	上交战局中找到的物品：古董花瓶	Hand over the found in raid item: Antique vase	3	0
pve	5c1141f386f77430ff393792	5c1141f386f77430ff393792_62a70094ec21e50cad3b670b	giveItem	上交战局中找到的物品：Axel鹦鹉雕像	Hand over the found in raid item: Axel parrot figurine	2	0
pve	5c1141f386f77430ff393792	5c1141f386f77430ff393792_62a700c2ec21e50cad3b670c	giveItem	上交战局中找到的物品：乌鸦雕像	Hand over the found in raid item: Raven figurine	2	0
pve	5c1141f386f77430ff393792	5c1141f386f77430ff393792_6a59e2a8a6c70ef1422952ee	giveItem	上交战局中找到的物品：黄金骷髅指环	Hand over the found in raid item: Gold skull ring	5	0
pve	5c1234c286f77406fa13baeb	5c1234c286f77406fa13baeb_5c1fa9c986f7740de474cb3d	shoot	在海关穿戴指定装备使用常见的 Scav 武器消灭 PMC	Eliminate PMC operatives with common Scav weapons while wearing the specified gear on Customs	8	0
pve	5c12452c86f7744b83469073	5c12452c86f7744b83469073_5c12470d86f77465ae27a8c0	traderLevel	Ragman信任度达到4级	Reach Loyalty Level 4 with Ragman	0	0
pve	5c12452c86f7744b83469073	5c12452c86f7744b83469073_5c1247f386f77452db1d2b03	traderLevel	Skier信任度达到4级	Reach Loyalty Level 4 with Skier	0	0
pve	5c12452c86f7744b83469073	5c12452c86f7744b83469073_5c12484586f7744b83469074	traderLevel	Mechanic信任度达到4级	Reach Loyalty Level 4 with Mechanic	0	0
pve	5c12452c86f7744b83469073	5c12452c86f7744b83469073_5c12487386f7742a60324299	traderLevel	Peacekeeper信任度达到4级	Reach Loyalty Level 4 with Peacekeeper	0	0
pve	5c12452c86f7744b83469073	5c12452c86f7744b83469073_5c12489886f77452db1d2b05	traderLevel	Prapor信任度达到4级	Reach Loyalty Level 4 with Prapor	0	0
pve	5c12452c86f7744b83469073	5c12452c86f7744b83469073_5c1248ef86f77428266184c2	traderLevel	Therapist信任度达到4级	Reach Loyalty Level 4 with Therapist	0	0
pve	5c12452c86f7744b83469073	5c12452c86f7744b83469073_65e08db1a97b2cd4e452432d	traderLevel	Jaeger信任度达到4级	Reach Loyalty Level 4 with Jaeger	0	0
pve	5c139eb686f7747878361a6f	5c139eb686f7747878361a6f_5c139eb686f7747878361a72	giveItem	上交物品	Hand over the item	1	0
pve	5c139eb686f7747878361a6f	5c139eb686f7747878361a6f_5c139eb686f7747878361a73	giveItem	上交物品	Hand over the item	1	0
pve	5c139eb686f7747878361a6f	5c139eb686f7747878361a6f_5ec14003e16f6c41ee73525f	findItem	上交战局内找到的物品：UHF RFID 固定式读取器	Find the item raid: UHF RFID Reader	1	0
pve	5c139eb686f7747878361a6f	5c139eb686f7747878361a6f_5ec14080c9ffe55cca300867	findItem	上交战局内找到的物品：VPX 闪存模块	Find the item raid: VPX Flash Storage Module	1	0
pve	5c51aac186f77432ea65c552	5c51aac186f77432ea65c552_5c51bed886f77478bb033461	giveItem	上交战局中找到的物品：破旧的古董书	Hand over the found in raid item: Battered antique book	1	0
pve	5c51aac186f77432ea65c552	5c51aac186f77432ea65c552_5c51bf8786f77416a11e5cb2	giveItem	上交战局中找到的物品：#FireKlean牌枪润滑油	Hand over the found in raid item: #FireKlean gun lube	1	0
pve	5c51aac186f77432ea65c552	5c51aac186f77432ea65c552_5c51bfb186f77478bd516d37	giveItem	上交战局中找到的物品：银徽章	Hand over the found in raid item: Silver Badge	1	0
pve	5c51aac186f77432ea65c552	5c51aac186f77432ea65c552_5c51bfc286f77478bc7ae1d9	giveItem	上交战局中找到的物品：Deadlyslob的胡须油	Hand over the found in raid item: Deadlyslob's beard oil	1	0
pve	5c51aac186f77432ea65c552	5c51aac186f77432ea65c552_5c51c03186f7740ada3f2c3d	giveItem	上交战局中找到的物品：金色1GPhone	Hand over the found in raid item: Golden 1GPhone smartphone	1	0
pve	5c51aac186f77432ea65c552	5c51aac186f77432ea65c552_5c51c24c86f77416a11e5cb7	giveItem	上交战局中找到的物品：假胡子	Hand over the found in raid item: Fake mustache	1	0
pve	5c51aac186f77432ea65c552	5c51aac186f77432ea65c552_5c52da5886f7747364267a14	giveItem	上交战局中找到的物品：古董斧头	Hand over the found in raid item: Antique axe	1	0
pve	5c51aac186f77432ea65c552	5c51aac186f77432ea65c552_5ec7998dc1683c0db84484e7	giveItem	上交战局中找到的物品：乌鸦雕像	Hand over the found in raid item: Raven figurine	1	0
pve	5c51aac186f77432ea65c552	5c51aac186f77432ea65c552_5ec79b3ced84ad5ddb58e24c	giveItem	上交战局中找到的物品：Pestily瘟疫面具	Hand over the found in raid item: Pestily plague mask	1	0
pve	5c51aac186f77432ea65c552	5c51aac186f77432ea65c552_5ec79c5ac1683c0db84484eb	giveItem	上交战局中找到的物品：Shroud半面巾	Hand over the found in raid item: Shroud half-mask	1	0
pve	5c51aac186f77432ea65c552	5c51aac186f77432ea65c552_5ec79fb273279f683254baaa	giveItem	上交战局中找到的物品：Dr. Lupo 的咖啡豆	Hand over the found in raid item: Can of Dr. Lupo's coffee beans	1	0
pve	5c51aac186f77432ea65c552	5c51aac186f77432ea65c552_5f75d4558f70ca7a1d684dac	giveItem	上交战局中找到的物品：42 Signature Blend英式茶	Hand over the found in raid item: 42 Signature Blend English Tea	1	0
pve	5c51aac186f77432ea65c552	5c51aac186f77432ea65c552_5f75d521edb90b73913272a3	giveItem	上交战局中找到的物品：Veritas吉他拨片	Hand over the found in raid item: Veritas guitar pick	1	0
pve	5c51aac186f77432ea65c552	5c51aac186f77432ea65c552_60d06e921bdece56c249cc0c	giveItem	上交战局中找到的物品：罐装六可乐	Hand over the found in raid item: Can of RatCola soda	1	0
pve	5c51aac186f77432ea65c552	5c51aac186f77432ea65c552_60d06f3420a6283a506aeb69	giveItem	上交战局中找到的物品：Loot Lord毛绒玩具	Hand over the found in raid item: Loot Lord plushie	1	0
pve	5c51aac186f77432ea65c552	5c51aac186f77432ea65c552_60d074211bdece56c249cc13	giveItem	上交WZ钱包	Hand over the found in raid item: WZ Wallet	1	0
pve	5c51aac186f77432ea65c552	5c51aac186f77432ea65c552_60d074ef401d874962160aee	giveItem	上交LVNDMARK的老鼠药	Hand over the found in raid item: LVNDMARK's rat poison	1	0
pve	5c51aac186f77432ea65c552	5c51aac186f77432ea65c552_60e827faf09904268a4dbc40	giveItem	上交战局中找到的物品：Smoke巴拉克拉瓦头套	Hand over the found in raid item: Smoke balaclava	1	0
pve	5c51aac186f77432ea65c552	5c51aac186f77432ea65c552_62a6ff004de19a4c3422ea5d	giveItem	上交战局中找到的物品：Missam叉车钥匙	Hand over the found in raid item: Missam forklift key	1	0
pve	5c51aac186f77432ea65c552	5c51aac186f77432ea65c552_62a6ff141c307729c3264f96	giveItem	上交战局中找到的物品：《天雷地火》录像带	Hand over the found in raid item: Video cassette with the Cyborg Killer movie	1	0
pve	5c51aac186f77432ea65c552	5c51aac186f77432ea65c552_62a6ff203e015d7ce1151d8a	giveItem	上交战局中找到的物品：BakeEzy烹饪书	Hand over the found in raid item: BakeEzy cook book	1	0
pve	5c51aac186f77432ea65c552	5c51aac186f77432ea65c552_62a6ff454de19a4c3422ea5e	giveItem	上交战局中找到的物品：JohnB Liquid DNB墨镜	Hand over the found in raid item: JohnB Liquid DNB glasses	1	0
pve	5c51aac186f77432ea65c552	5c51aac186f77432ea65c552_62a6ff633e015d7ce1151d8b	giveItem	上交战局中找到的物品：Baddie的红胡子	Hand over the found in raid item: Baddie's red beard	1	0
pve	5c51aac186f77432ea65c552	5c51aac186f77432ea65c552_62a6ff6b3e015d7ce1151d8c	giveItem	上交战局中找到的物品：DRD防弹衣	Hand over the found in raid item: DRD body armor	1	0
pve	5c51aac186f77432ea65c552	5c51aac186f77432ea65c552_62a6ff7f1c307729c3264f97	giveItem	上交战局中找到的物品：Gingy钥匙串	Hand over the found in raid item: Gingy keychain	1	0
pve	5c51aac186f77432ea65c552	5c51aac186f77432ea65c552_62a6ff897230237f257cac2a	giveItem	上交战局中找到的物品：金蛋	Hand over the found in raid item: Golden egg	1	0
pve	5c51aac186f77432ea65c552	5c51aac186f77432ea65c552_62a6ffaa7230237f257cac2c	giveItem	上交战局中找到的物品：记者证（签发给NoiceGuy）	Hand over the found in raid item: Press pass (issued for NoiceGuy)	1	0
pve	5c51aac186f77432ea65c552	5c51aac186f77432ea65c552_62a6ffb4a9a0ea77981b57d5	giveItem	上交战局中找到的物品：Axel鹦鹉雕像	Hand over the found in raid item: Axel parrot figurine	1	0
pve	5c51aac186f77432ea65c552	5c51aac186f77432ea65c552_62a6ffbcec21e50cad3b6708	giveItem	上交战局中找到的物品：BEAR Buddy毛绒玩具	Hand over the found in raid item: BEAR Buddy plush toy	1	0
pve	5c51aac186f77432ea65c552	5c51aac186f77432ea65c552_65b10c6a8511b7ef8694e060	giveItem	上交战局中找到的物品：Glorious E轻型防弹面具	Hand over the found in raid item: Glorious E lightweight armored mask	1	0
pve	5c51aac186f77432ea65c552	5c51aac186f77432ea65c552_66b4bcc0e6d7bc4faf7f817c	giveItem	上交战局中找到的物品：Inseq 燃气扳手	Hand over the found in raid item: Inseq gas pipe wrench	1	0
pve	5c51aac186f77432ea65c552	5c51aac186f77432ea65c552_66b4bcec0f6e68013a5f0bac	giveItem	上交战局中找到的物品：Viibiin 跑鞋	Hand over the found in raid item: Viibiin sneaker	1	0
pve	5c51aac186f77432ea65c552	5c51aac186f77432ea65c552_66b4bd0fe194ef246734689e	giveItem	上交战局中找到的物品：Tamatthi 苦无（仿制品）	Hand over the found in raid item: Tamatthi kunai knife replica	1	0
pve	5c51aac186f77432ea65c552	5c51aac186f77432ea65c552_693c3a908ad994118b846d63	giveItem	上交战局中找到的物品：Nut Sack 巴拉克拉瓦头套	Hand over the found in raid item: Nut Sack balaclava	1	0
pve	5c51aac186f77432ea65c552	5c51aac186f77432ea65c552_693c3a9fc17c9edbfc58325a	giveItem	上交战局中找到的物品：Mazoni 金色哑铃	Hand over the found in raid item: Mazoni golden dumbbell	1	0
pve	5c51aac186f77432ea65c552	5c51aac186f77432ea65c552_693c3aacf0cd3ec97007f2c1	giveItem	上交战局中找到的物品：Tigzresq 夹板	Hand over the found in raid item: Tigzresq splint	1	0
pve	5c51aac186f77432ea65c552	5c51aac186f77432ea65c552_693c3ab82b0477e3de2b2312	giveItem	上交战局中找到的物品：Domontovich 毛帽	Hand over the found in raid item: Domontovich ushanka hat	1	0
pve	5c51aac186f77432ea65c552	5c51aac186f77432ea65c552_6a084bc9ce9c4801ea14c706	giveItem	上交战局中找到的物品：Dunduk 软盘	Hand over the found in raid item: Dunduk floppy disk	1	0
pve	5c51aac186f77432ea65c552	5c51aac186f77432ea65c552_6a084c37c6b1ebf9df80c786	giveItem	上交战局中找到的物品：DesmondPilak CD 专辑	Hand over the found in raid item: DesmondPilak CD	1	0
pve	5c51aac186f77432ea65c552	5c51aac186f77432ea65c552_6a084c7cb25ea24598c24753	giveItem	上交战局中找到的物品：SheefGG 存钱罐	Hand over the found in raid item: SheefGG piggy bank	1	0
pve	5c51aac186f77432ea65c552	5c51aac186f77432ea65c552_6a68c0143bc6154298306d6d	giveItem	上交战局中找到的物品：GigaBeef 牛肉罐头	Hand over the found in raid item: Can of GigaBeef meat	1	0
pve	5c51aac186f77432ea65c552	5c51aac186f77432ea65c552_6a68c04e7ab222e7c1296c8e	giveItem	上交战局中找到的物品：LM KC-130 飞机模型	Hand over the found in raid item: LM KC-130 model aircraft	1	0
pve	5c51aac186f77432ea65c552	5c51aac186f77432ea65c552_6a68c051610fac58d50fd62c	giveItem	上交战局中找到的物品：法国面包房特产法棍	Hand over the found in raid item: French bakery baguette	1	0
pve	5c51aac186f77432ea65c552	5c51aac186f77432ea65c552_6a68c0540358801696d6c0e4	giveItem	上交战局中找到的物品：油墨香车瓶装水	Hand over the found in raid item: Bottle of YXMC water	1	0
pve	5d2495a886f77425cd51e403	5d2495a886f77425cd51e403_5d249a6e86f774791546e952	findQuestItem	取得Jaeger的加密留言	Obtain Jaeger's encrypted message	1	0
pve	5d2495a886f77425cd51e403	5d2495a886f77425cd51e403_5d249aa286f77475e8376399	giveQuestItem	上交留言	Hand over the message	1	0
pve	5d2495a886f77425cd51e403	5d2495a886f77425cd51e403_63ac18f4972364554162a25c	visit	在森林坠机处旁边找到 Jaeger 的营地	Find Jaeger's camp at the specified spot on Woods	0	0
pve	5d24b81486f77439c92d6ba8	5d24b81486f77439c92d6ba8_5d24ba7886f77439c92d6baa	giveItem	上交任意饮食	Hand over any items from the Food category	10	0
pve	5d25aed386f77442734d25d2	5d25aed386f77442734d25d2_5d25af3c86f77443ff46b9e7	shoot	不穿戴任何防弹衣或插板胸挂消灭 PMC 行动人员	Eliminate PMC operatives without wearing any body armor or plate carriers	5	0
pve	5d25b6be86f77444001e1b89	5d25b6be86f77444001e1b89_5d25beca86f77409dd5cdbb3	plantItem	在森林的ZB-016地堡里藏匿Iskra个人配给口粮	Stash an Iskra ration pack in the ZB-016 bunker on Woods	1	0
pve	5d25b6be86f77444001e1b89	5d25b6be86f77444001e1b89_5d25beeb86f77443fe45765f	plantItem	在森林的ZB-016地堡里藏匿瓶装水	Stash a Bottle of water (0.6L) in the ZB-016 bunker on Woods	1	0
pve	5d25b6be86f77444001e1b89	5d25b6be86f77444001e1b89_5d2deedc86f77459121c3118	plantItem	在森林的ZB-014地堡里藏匿Iskra个人配给口粮	Stash an Iskra ration pack in the ZB-014 bunker on Woods	1	0
pve	5d25b6be86f77444001e1b89	5d25b6be86f77444001e1b89_5d2defc586f774591510e6b9	plantItem	在森林的ZB-014地堡里藏匿瓶装水	Stash a Bottle of water (0.6L) in the ZB-014 bunker on Woods	1	0
pve	5d25bfd086f77442734d3007	5d25bfd086f77442734d3007_5d25c5a186f77443fe457661	experience	获得“脱水”状态，并维持状态生效 5 分钟时间（工厂除外）	Gain the Dehydration status effect and maintain it for 5 minutes (On any location excluding Factory)	1	0
pve	5d25bfd086f77442734d3007	5d25bfd086f77442734d3007_5d9f035086f7741cac4a9713	extract	以幸存状态撤离该区域	Survive and extract from the location	1	0
pve	5d25c81b86f77443e625dd71	5d25c81b86f77443e625dd71_5d25c8c986f77443e47ad47a	shoot	在疼痛状态下消灭 Scav	Eliminate Scavs while suffering from the Pain status effect	3	0
pve	5d25cf2686f77443e75488d4	5d25cf2686f77443e75488d4_5d25d09286f77444001e284c	shoot	在森林单局内不使用医疗物品的情况下击杀Scav	Eliminate Scavs in a single raid without using any medicine on Woods	3	0
pve	5d25d2c186f77443e35162e5	5d25d2c186f77443e35162e5_5d25d4e786f77442734d335d	shoot	在“颤栗”效果下爆头消灭 PMC 行动人员	Eliminate PMC operatives with headshots while suffering from the Tremor status effect	2	0
pve	5d25e29d86f7740a22516326	5d25e29d86f7740a22516326_5d25fd8386f77443fe457cae	shoot	不使用任何夜视仪或热成像瞄具，在 21:00-04:00 期间消灭 Scav （工厂除外）	Eliminate Scavs during 21:00-04:00 without using any NVGs or thermal sights (Excluding Factory)	6	0
pve	5d25e2a986f77409dd5cdf2a	5d25e2a986f77409dd5cdf2a_5d2605ef86f77469ef0f7622	skill	达到指定的活力技能等级	Reach the required Vitality skill level	0	0
pve	5d25e2b486f77409de05bba0	5d25e2b486f77409de05bba0_5d26143c86f77469ef0f894c	shoot	在工厂消灭 PMC 行动人员	Eliminate PMC operatives on Factory	6	0
pve	5d25e2c386f77443e7549029	5d25e2c386f77443e7549029_5d26fd8886f77469f0445745	shoot	找到并消灭 Reshala	Locate and neutralize Reshala	1	0
pve	5d25e2c386f77443e7549029	5d25e2c386f77443e7549029_5d2710e686f7742e9019a6b2	giveItem	上交战局中找到的物品：Reshala 的黄金 TT-33 手枪	Hand over the found in raid Reshala's Golden TT-33 pistol	1	0
pve	5d25e2cc86f77443e47ae019	5d25e2cc86f77443e47ae019_5d2701b586f77469f1599fe2	shoot	在塔科夫街区、储备站、灯塔或海岸线消灭 Scav	Eliminate Scavs on Streets of Tarkov, Reserve, Lighthouse, or Shoreline	50	0
pve	5d25e2d886f77442734d335e	5d25e2d886f77442734d335e_5d307fc886f77447f15f5b23	shoot	击杀被闪光弹致盲的PMC	Eliminate PMC operatives who are suffering from the Stun status effect	2	0
pve	5d25e2e286f77444001e2e48	5d25e2e286f77444001e2e48_5d2719b186f7740701348573	shoot	找到并消灭Killa	Locate and neutralize Killa	1	0
pve	5d25e2e286f77444001e2e48	5d25e2e286f77444001e2e48_5d271a3486f774483c7bdb12	giveItem	上交Killa的头盔	Hand over Killa's helmet	1	0
pve	5d25e2e286f77444001e2e48	5d25e2e286f77444001e2e48_5d667a8e86f774131e206b46	findItem	在战局中找到Killa的头盔	Find Killa's Maska-1SCh bulletproof helmet in raid	1	0
pve	5d25e2ee86f77443e35162ea	5d25e2ee86f77443e35162ea_5d27276886f7740701348578	shoot	找到并消灭Shturman	Locate and neutralize Shturman	1	0
pve	5d25e2ee86f77443e35162ea	5d25e2ee86f77443e35162ea_5d272a0b86f7745ba2701532	giveItem	上交Shturman的宝箱钥匙	Hand over Shturman's stash key	1	0
pve	5d25e2ee86f77443e35162ea	5d25e2ee86f77443e35162ea_5d2f464e498f71c8886f7656	findItem	搜索 Shturman 的尸体，找到他的储物箱钥匙	Search Shturman for his stash key	1	0
pve	5d25e43786f7740a212217fa	5d25e43786f7740a212217fa_5d272bd386f77446085fa4f9	shoot	消灭 Reshala 的保镖	Eliminate Reshala's guards	3	0
pve	5d25e43786f7740a212217fa	5d25e43786f7740a212217fa_6a43cea5c14049e0e90eba57	giveItem	上交 Reshala 保镖的防弹衣	Hand over one of Reshala's guards' armor vests	1	0
pve	5d25e44386f77409453bce7b	5d25e44386f77409453bce7b_5d2733c586f7741dea4f3072	shoot	在海关宿舍楼区域击杀PMC	Eliminate PMC operatives in the Dorms area on Customs	3	0
pve	5d25e44f86f77443e625e385	5d25e44f86f77443e625e385_5d27369586f774457411b264	shoot	找到并消灭Glukhar	Locate and neutralize Glukhar	1	0
pve	5d25e44f86f77443e625e385	5d25e44f86f77443e625e385_6a6a1ccf4bcac1a5fe2344f3	giveItem	上交在战局中找到的 Glukhar 保镖的头盔	Hand over the found in raid Glukhar's guards' helmets	2	0
pve	5d25e44f86f77443e625e385	5d25e44f86f77443e625e385_6a6a23d5aeb55e4783230255	findItem	搜索 Glukhar 保镖的尸体，搜集保镖佩戴的头盔（防护等级四级以上）	Search Glukhar's guards and collect their helmets of Class 4 or higher	2	1
pve	5d25e45e86f77408251c4bfa	5d25e45e86f77408251c4bfa_5d273a4d86f774457411b266	shoot	击杀掠夺者	Eliminate Raiders	6	0
pve	5d25e46e86f77409453bce7c	5d25e46e86f77409453bce7c_5d27446f86f77475a86565a3	giveItem	上交物品	Hand over the items	4	0
pve	5d25e46e86f77409453bce7c	5d25e46e86f77409453bce7c_5d7782c686f7742fa732bf07	giveItem	上交物品	Hand over the items	4	0
pve	5d25e46e86f77409453bce7c	5d25e46e86f77409453bce7c_5ec1504183b69d213d3c2ee8	findItem	在战局中找到任意创伤处理类医疗物品	Find the items from the Injury treatment category in raid	4	0
pve	5d25e46e86f77409453bce7c	5d25e46e86f77409453bce7c_5ec1538a92e95f77ac7a2529	findItem	在战局中找到任意医疗包	Find the items from the Medkits category in raid	4	0
pve	5d25e48186f77443e625e386	5d25e48186f77443e625e386_5d357b6c86f774588d4d7e25	visit	在海岸线的废弃村庄里找到村庄主席的房子	Locate the chairman's house in the abandoned village on Shoreline	0	0
pve	5d25e48186f77443e625e386	5d25e48186f77443e625e386_5d357b9586f7745b422d653f	visit	在海岸线的废弃村庄里找到渔夫的房子	Locate the fisherman's house in the abandoned village on Shoreline	0	0
pve	5d25e48186f77443e625e386	5d25e48186f77443e625e386_5d357bb786f774588d4d7e27	visit	在海岸线的废弃村庄里找到牧师的房子	Locate the priest's house in the abandoned village on Shoreline	0	0
pve	5d25e48186f77443e625e386	5d25e48186f77443e625e386_629f4f080f57046e362e6e9e	extract	以“幸存”状态撤离海岸线	Survive and extract from the location with the "Survived" exit status	1	0
pve	5d25e48d86f77408251c4bfb	5d25e48d86f77408251c4bfb_5d27491686f77475aa5cf5b9	giveItem	上交加密U盘	Hand over the Flash drives	3	0
pve	5d25e48d86f77408251c4bfb	5d25e48d86f77408251c4bfb_5d6949e786f774238a38d9e0	findItem	在战局中找到加密U盘	Find Secure Flash drives in raid	3	0
pve	5d25e4ad86f77443e625e387	5d25e4ad86f77443e625e387_5d27522686f774304e316405	giveQuestItem	上交相册	Hand over the photo album	1	0
pve	5d25e4ad86f77443e625e387	5d25e4ad86f77443e625e387_5d357e0e86f7745b3f307c56	visit	在疗养院找到Jaeger的海景房间	Locate Jaeger's Health Resort room with a view of the bay on Shoreline	0	0
pve	5d25e4ad86f77443e625e387	5d25e4ad86f77443e625e387_5d357e8786f7745b5e66a51a	findQuestItem	找到并获取 Jaeger 的相册	Locate and obtain Jaeger's photo album	1	0
pve	5d25e4b786f77408251c4bfc	5d25e4b786f77408251c4bfc_5d2f375186f7745916404955	findItem	在战局中找到物品：TerraGroup 实验室访问钥匙卡	Find the item in raid: TerraGroup Labs access keycard	2	0
pve	5d25e4b786f77408251c4bfc	5d25e4b786f77408251c4bfc_5d8a09d386f77410b4225d13	giveItem	上交物品	Hand over the items	2	0
pve	5d25e4ca86f77409dd5cdf2c	5d25e4ca86f77409dd5cdf2c_5fd8aa3206fb3a6b8154a2c3	shoot	使用装有指定瞄具的M700狙击步枪从40米开外爆头击杀Shturman	Locate and neutralize Shturman with a headshot from over 40 meters away while using an M700 sniper rifle with the specified scope	20	0
pve	5d25e4d586f77443e625e388	5d25e4d586f77443e625e388_5d8a05d086f77410b4225d10	visit	在储备站找到地下食品仓库	Locate the food warehouse on Reserve	0	0
pve	5d25e4d586f77443e625e388	5d25e4d586f77443e625e388_629f1259422dff20ff234b4d	extract	以幸存状态撤离该区域	Survive and extract from the location	1	0
pve	5d4bec3486f7743cac246665	5d4bec3486f7743cac246665_5d4bfe4b86f7744a9d4fe032	findItem	在战局中找到物品：6-STEN-140-M 军用电池	Find the item in raid: 6-STEN-140-M military battery	1	0
pve	5d4bec3486f7743cac246665	5d4bec3486f7743cac246665_5d4bfe7c86f7744a9c66b316	giveItem	上交物品	Hand over the item	1	0
pve	5d4bec3486f7743cac246665	5d4bec3486f7743cac246665_5d4c020a86f77449c463ced6	findItem	在战局中找到物品：OFZ 30x165 毫米炮弹	Find the item in raid: OFZ 30x165mm shell	3	0
pve	5d4bec3486f7743cac246665	5d4bec3486f7743cac246665_5d4c028c86f774389001e027	giveItem	上交物品	Hand over the items	3	0
pve	5d6fb2c086f77449da599c24	5d6fb2c086f77449da599c24_5d6fb8a886f77449db3db8b6	giveItem	上交卢布	Hand over RUB	400000	0
pve	5d6fbc2886f77449d825f9d3	5d6fbc2886f77449d825f9d3_5d6fbf0f86f77449d97f738e	giveItem	上交欧元	Hand over EUR	50000	0
pve	5e381b0286f77420e3417a74	5e381b0286f77420e3417a74_5e38261886f77429853af26c	findItem	在战局中找到物品：芳纶纤维布料	Find the item in raid: Aramid fabric	5	0
pve	5e381b0286f77420e3417a74	5e381b0286f77420e3417a74_5e382b6986f7741b72695045	findItem	在战局中找到物品：防撕布料	Find the item in raid: Ripstop fabric	10	0
pve	5e381b0286f77420e3417a74	5e381b0286f77420e3417a74_5e382d6386f77429a01f82fb	findItem	在战局中找到物品：尼龙绳索	Find the item in raid: Paracord	3	0
pve	5e381b0286f77420e3417a74	5e381b0286f77420e3417a74_5e382fef86f7741e53790d40	giveItem	上交布料	Hand over the fabrics	5	0
pve	5e381b0286f77420e3417a74	5e381b0286f77420e3417a74_5e38356d86f7742993306cac	giveItem	上交布料	Hand over the fabrics	10	0
pve	5e381b0286f77420e3417a74	5e381b0286f77420e3417a74_5e3835e886f77429910d4465	giveItem	上交物品	Hand over the items	3	0
pve	5e383a6386f77465910ce1f3	5e383a6386f77465910ce1f3_5e383a6386f77465910ce1f4	findItem	在战局中找到物品：芳纶纤维布料	Find the item in raid: Aramid fabric	5	0
pve	5e383a6386f77465910ce1f3	5e383a6386f77465910ce1f3_5e383a6386f77465910ce1f5	giveItem	上交布料	Hand over the fabrics	5	0
pve	5e383a6386f77465910ce1f3	5e383a6386f77465910ce1f3_5e383a6386f77465910ce1f6	findItem	在战局中找到物品：防撕布料	Find the item in raid: Ripstop fabric	10	0
pve	5e383a6386f77465910ce1f3	5e383a6386f77465910ce1f3_5e383a6386f77465910ce1f7	giveItem	上交布料	Hand over the fabrics	10	0
pve	5e383a6386f77465910ce1f3	5e383a6386f77465910ce1f3_5e383a6386f77465910ce1f8	findItem	在战局中找到物品：尼龙绳索	Find the item in raid: Paracord	3	0
pve	5e383a6386f77465910ce1f3	5e383a6386f77465910ce1f3_5e383a6386f77465910ce1f9	giveItem	上交物品	Hand over the items	3	0
pve	5e4d4ac186f774264f758336	5e4d4ac186f774264f758336_5e4d4ac186f774264f758337	findItem	在战局中找到物品：绒布布料	Find the item in raid: Fleece fabric	10	0
pve	5e4d4ac186f774264f758336	5e4d4ac186f774264f758336_5e4d4ac186f774264f758338	giveItem	上交绒布布料	Hand over the fabrics	10	0
pve	5e4d4ac186f774264f758336	5e4d4ac186f774264f758336_5e4d4ac186f774264f758339	findItem	在战局中找到物品：Cordura 聚酰胺面料	Find the item in raid: Cordura polyamide fabric	10	0
pve	5e4d4ac186f774264f758336	5e4d4ac186f774264f758336_5e4d4ac186f774264f75833a	giveItem	上交面料	Hand over the fabrics	10	0
pve	5e4d4ac186f774264f758336	5e4d4ac186f774264f758336_5e4d4ac186f774264f75833b	findItem	在战局中找到物品：KEKTAPE 管道胶带	Find the item in raid: KEKTAPE duct tape	5	0
pve	5e4d4ac186f774264f758336	5e4d4ac186f774264f758336_5e4d4ac186f774264f75833c	giveItem	上交物品	Hand over the items	5	0
pve	5e4d515e86f77438b2195244	5e4d515e86f77438b2195244_5e4d515e86f77438b2195245	findItem	在战局中找到物品：绒布布料	Find the item in raid: Fleece fabric	10	0
pve	5e4d515e86f77438b2195244	5e4d515e86f77438b2195244_5e4d515e86f77438b2195246	giveItem	上交布料	Hand over the fabrics	10	0
pve	5e4d515e86f77438b2195244	5e4d515e86f77438b2195244_5e4d515e86f77438b2195247	findItem	在战局中找到物品：Cordura 聚酰胺面料	Find the item in raid: Cordura polyamide fabric	10	0
pve	5e4d515e86f77438b2195244	5e4d515e86f77438b2195244_5e4d515e86f77438b2195248	giveItem	上交面料	Hand over the fabrics	10	0
pve	5e4d515e86f77438b2195244	5e4d515e86f77438b2195244_5e4d515e86f77438b2195249	findItem	在战局中找到物品：KEKTAPE 管道胶带	Find the item in raid: KEKTAPE duct tape	5	0
pve	5e4d515e86f77438b2195244	5e4d515e86f77438b2195244_5e4d515e86f77438b219524a	giveItem	上交物品	Hand over the items	5	0
pve	5eaaaa7c93afa0558f3b5a1c	5eaaaa7c93afa0558f3b5a1c_5eaaaa7c93afa0558f3b5a1f	shoot	在任意兴奋剂效果影响下，在森林消灭 Scav	Eliminate Scavs while under any stimulant status effect on Woods	15	0
pve	5eda19f0edce541157209cee	5eda19f0edce541157209cee_5eda1d6ec586607c09662d54	mark	在海岸线找到第一处交易现场，并使用MS2000指示器标记	Locate and mark the first trading post with an MS2000 Marker on Shoreline	1	0
pve	5eda19f0edce541157209cee	5eda19f0edce541157209cee_5eda1da9a58a4c49c74165ee	mark	在海岸线找到第二处交易现场，并使用MS2000指示器标记	Locate and mark the second trading post with an MS2000 Marker on Shoreline	1	0
pve	5eda19f0edce541157209cee	5eda19f0edce541157209cee_5eda1dd3317f6066993c1744	mark	在海岸线找到第三处交易现场，并使用MS2000指示器标记	Locate and mark the third trading post with an MS2000 Marker on Shoreline	1	0
pve	5edab4b1218d181e29451435	5edab4b1218d181e29451435_5edab5a6cecc0069284c0ec2	shoot	找到并消灭Sanitar	Locate and neutralize Sanitar	1	0
pve	5edab4b1218d181e29451435	5edab4b1218d181e29451435_6a5ffd702c6091f279537d66	giveItem	上交在战局中找到的 Sanitar 背包	Hand over the found in raid Sanitar's bag	1	0
pve	5edab736cc183c769d778bc2	5edab736cc183c769d778bc2_5edab7d3cc183c769d778bc5	visit	找到被派往海岸线疗养院的小组	Locate the group that was sent to the Health Resort on Shoreline	0	0
pve	5edab736cc183c769d778bc2	5edab736cc183c769d778bc2_5edab8890880da21347b3826	visit	找到被派往海岸线码头的小组	Locate the group that was sent to the pier on Shoreline	0	0
pve	5edab736cc183c769d778bc2	5edab736cc183c769d778bc2_5edab8e216d985118871ba18	visit	找到被派往海岸线别墅的小组	Locate the group that was sent to the cottages on Shoreline	0	0
pve	5edab736cc183c769d778bc2	5edab736cc183c769d778bc2_5f03969a51823847c253afa0	extract	以幸存状态撤离该区域	Survive and extract from the location	1	0
pve	5edaba7c0c502106f869bc02	5edaba7c0c502106f869bc02_5edabb0b0c502106f869bc03	findQuestItem	在海岸线找到并获取 Sanitar 的手术包	Locate and obtain Sanitar's surgery kit on Shoreline	1	0
pve	5edaba7c0c502106f869bc02	5edaba7c0c502106f869bc02_5edabb950c502106f869bc04	giveQuestItem	上交物品	Hand over the item	1	0
pve	5edaba7c0c502106f869bc02	5edaba7c0c502106f869bc02_5edabbff0880da21347b382b	findQuestItem	在海岸线别墅区找到并获取 Sanitar 的检眼镜	Locate and obtain Sanitar's ophthalmoscope on Shoreline	1	0
pve	5edaba7c0c502106f869bc02	5edaba7c0c502106f869bc02_5edabc2ca0055865214cb5a6	giveQuestItem	上交物品	Hand over the item	1	0
pve	5edabd13218d181e29451442	5edabd13218d181e29451442_5f071a9727cec53d5d24fe3b	plantItem	将MS200指示器放在海岸线疗养院的医疗物资箱上	Mark the medical container at the Health Resort with an MS2000 Marker on Shoreline	1	0
pve	5edabd13218d181e29451442	5edabd13218d181e29451442_5f071ae396d1ae55e476abc4	plantItem	将MS200指示器放在海岸线别墅的医疗物资箱上	Mark the medical container by cottages with an MS2000 Marker on Shoreline	1	0
pve	5edabd13218d181e29451442	5edabd13218d181e29451442_5f071b2a8ca6db7f3b41215f	plantItem	将MS200指示器放在海岸线码头的医疗物资箱上	Mark the medical container at the river pier with an MS2000 Marker on Shoreline	1	0
pve	5edac020218d181e29451446	5edac020218d181e29451446_5edac0e02ddc9e4c802cd969	findItem	在战局中找到物品：M.U.L.E. 兴奋剂注射器	Find the item in raid: M.U.L.E. stimulant injector	1	0
pve	5edac020218d181e29451446	5edac020218d181e29451446_5edac1040880da21347b3845	giveItem	上交注射器	Hand over the injector	1	0
pve	5edac020218d181e29451446	5edac020218d181e29451446_5edac13760bdcc7ff355811f	findItem	在战局中找到物品："Obdolbos"鸡尾酒兴奋剂注射器	Find the item in raid: "Obdolbos" cocktail injector	1	0
pve	5edac020218d181e29451446	5edac020218d181e29451446_5edac1530880da21347b3846	giveItem	上交“Obdolbos”鸡尾酒兴奋剂注射器	Hand over the injector	1	0
pve	5edac020218d181e29451446	5edac020218d181e29451446_5edac190cecc0069284c0ed2	findItem	在战局中找到物品：米屈肼兴奋剂注射器	Find the item in raid: Meldonin stimulant injector	1	0
pve	5edac020218d181e29451446	5edac020218d181e29451446_5edac1b2930f5454f51dcac4	giveItem	上交注射器	Hand over the injector	1	0
pve	5edac020218d181e29451446	5edac020218d181e29451446_5edac1e116d985118871ba24	findItem	在战局中找到物品：AHF1-M 兴奋剂注射器	Find the item in raid: AHF1-M stimulant injector	1	0
pve	5edac020218d181e29451446	5edac020218d181e29451446_5edac1fccc183c769d778bd3	giveItem	上交注射器	Hand over the injector	1	0
pve	5edac020218d181e29451446	5edac020218d181e29451446_5edac22860bdcc7ff3558124	findItem	在战局中找到物品：P22 兴奋剂注射器	Find the item in raid: P22 stimulant injector	1	0
pve	5edac020218d181e29451446	5edac020218d181e29451446_5edac2582ddc9e4c802cd970	giveItem	上交注射器	Hand over the injector	1	0
pve	5edac020218d181e29451446	5edac020218d181e29451446_5edac2897869412e9c669c32	findItem	在战局中找到物品：L1（去甲肾上腺素）兴奋剂注射器	Find the item in raid: L1 (Norepinephrine) stimulant injector	1	0
pve	5edac020218d181e29451446	5edac020218d181e29451446_5edac2a260bdcc7ff3558127	giveItem	上交注射器	Hand over the injector	1	0
pve	5edac020218d181e29451446	5edac020218d181e29451446_5edac2cc16d985118871ba29	findItem	在战局中找到物品：3-(b-TG) 兴奋剂注射器	Find the item in raid: 3-(b-TG) stimulant injector	1	0
pve	5edac020218d181e29451446	5edac020218d181e29451446_5edac2e10bb72a50635c2bf9	giveItem	上交注射器	Hand over the injector	1	0
pve	5edac34d0bb72a50635c2bfa	5edac34d0bb72a50635c2bfa_5f046f9825b2ad51bd275800	taskStatus	不要杀死Sanitar	Do not kill Sanitar	0	0
pve	5edac34d0bb72a50635c2bfa	5edac34d0bb72a50635c2bfa_5f04935cde3b9e0ecf03d864	giveItem	上交钥匙卡	Hand over the keycards	10	0
pve	5edac34d0bb72a50635c2bfa	5edac34d0bb72a50635c2bfa_5f0495458654d20be3564f4c	giveItem	上交注射器	Hand over the injector	1	0
pve	5edac34d0bb72a50635c2bfa	5edac34d0bb72a50635c2bfa_5f0495b8efefac7f7227de63	giveItem	上交注射器	Hand over the injector	1	0
pve	5edac34d0bb72a50635c2bfa	5edac34d0bb72a50635c2bfa_5f07025e27cec53d5d24fe25	findItem	在战局中找到物品：TerraGroup 实验室访问钥匙卡	Find the item in raid: TerraGroup Labs access keycard	10	0
pve	5edac34d0bb72a50635c2bfa	5edac34d0bb72a50635c2bfa_5f070323d57aeb6e09253785	findItem	在战局中找到物品：AHF1-M 兴奋剂注射器	Find the item in raid: AHF1-M stimulant injector	1	0
pve	5edac34d0bb72a50635c2bfa	5edac34d0bb72a50635c2bfa_5f070350f6b5847ad975ceac	findItem	在战局中找到物品：3-(b-TG) 兴奋剂注射器	Find the item in raid: 3-(b-TG) stimulant injector	1	0
pve	5edac63b930f5454f51e128b	5edac63b930f5454f51e128b_5edac8483c809a44ef12b4d2	giveQuestItem	上交找到的情报	Hand over the found intel	1	0
pve	5edac63b930f5454f51e128b	5edac63b930f5454f51e128b_5eec9d054110547f1f545c99	visit	在实验室找到 Sanitar 的工作室	Locate Sanitar's workplace in The Lab	0	0
pve	5edac63b930f5454f51e128b	5edac63b930f5454f51e128b_5eff5674befb6436ce3bbaf7	findQuestItem	取得有关 Sanitar 工作的情报物品	Locate and obtain any information about Sanitar's work	1	0
pve	5ede55112c95834b583f052a	5ede55112c95834b583f052a_5ee8eea538ca5b3b4f3c4647	visit	在储备站找到地堡	Locate the underground bunker on Reserve	0	0
pve	5ede55112c95834b583f052a	5ede55112c95834b583f052a_5ee8eecc0b4ef7326256c660	visit	在储备站的地堡内找到控制室	Locate the control room in the underground bunker on Reserve	0	0
pve	5ede55112c95834b583f052a	5ede55112c95834b583f052a_6a5f419a91369c05ae763827	visit	在储备站找到通往军医院的密闭门（白主教）	Locate the hermetic door leading to the hospital (White Bishop) on Reserve	0	0
pve	5ede55112c95834b583f052a	5ede55112c95834b583f052a_6a5f419cca7ba5dbb6dfec49	visit	在储备站找到通往学院大楼（黑主教）两扇密闭门中的任意一扇	Locate one of the two hermetic doors leading to the academy building (Black Bishop) on Reserve	0	0
pve	5ede55112c95834b583f052a	5ede55112c95834b583f052a_6a5f419eae9bbeb8ca0c46d0	visit	在储备站找到通往 1 号军营（黑兵楼）两扇密闭门中的任意一扇	Locate one of the two hermetic doors leading to barracks #1 (Black Pawn) on Reserve	0	0
pve	5ede55112c95834b583f052a	5ede55112c95834b583f052a_6a5f41a021f78bafb63c3d47	visit	在储备站找到通往 2 号军营（白兵楼）两扇密闭门中的任意一扇	Locate one of the two hermetic doors leading to barracks #2 (White Pawn) on Reserve	0	0
pve	5ede55112c95834b583f052a	5ede55112c95834b583f052a_6a5f41bf54a91e0d977db806	visit	在储备站找到通往空中管制中心大楼（白王楼）的密闭门	Locate the hermetic door leading to the air control center building (King) on Reserve	0	0
pve	5ede567cfa6dc072ce15d6e3	5ede567cfa6dc072ce15d6e3_5ee0e722c321a77fc55084d5	extract	以幸存状态撤离该区域	Survive and extract from the location	1	0
pve	5ede567cfa6dc072ce15d6e3	5ede567cfa6dc072ce15d6e3_5ee8ec5ed72d953f5d2aabd1	visit	找到通往军医院的密闭门（白主教）	Locate the hermetic door leading to the hospital (White Bishop) on Reserve	0	0
pve	5ede567cfa6dc072ce15d6e3	5ede567cfa6dc072ce15d6e3_5ee8ecd75eb3205dae135d17	visit	找到通往学院大楼的两扇密闭门中的一个（黑主教）	Locate one of the two hermetic doors leading to the academy building (Black Bishop) on Reserve	0	0
pve	5ede567cfa6dc072ce15d6e3	5ede567cfa6dc072ce15d6e3_5ee8ed18d72d953f5d2aabd4	visit	找到通往1号军营的两扇密闭门中的一个（黑兵）	Locate one of the two hermetic doors leading to barracks #1 (Black Pawn) on Reserve	0	0
pve	5ede567cfa6dc072ce15d6e3	5ede567cfa6dc072ce15d6e3_5ee8eddde932d53763761b2c	visit	找到通往2号军营的两扇密闭门中的一个（白兵）	Locate one of the two hermetic doors leading to barracks #2 (White Pawn) on Reserve	0	0
pve	5ede567cfa6dc072ce15d6e3	5ede567cfa6dc072ce15d6e3_5ee8edf1500391756d7498a7	visit	找到通往空中管制中心大楼的密闭门（白王）	Locate the hermetic door leading to the building of the air control center (King) on Reserve	0	0
pve	5f04886a3937dc337a6b8238	5f04886a3937dc337a6b8238_5f0488c590eea473df674002	visit	在海岸线疗养院找到Sanitar的办公室	Locate Sanitar's office in the health resort on Shoreline	0	0
pve	5f04886a3937dc337a6b8238	5f04886a3937dc337a6b8238_5f04983ffbed7a08077b4367	extract	以幸存状态撤离该区域	Survive and extract from the location	1	0
pve	5fd9fad9c1ce6b1a3b486d00	5fd9fad9c1ce6b1a3b486d00_5fd9fad9c1ce6b1a3b486d03	visit	在森林找到Prapor的失踪车队	Locate Prapor's missing convoy on Woods	0	0
pve	5fd9fad9c1ce6b1a3b486d00	5fd9fad9c1ce6b1a3b486d00_5fd9fad9c1ce6b1a3b486d05	visit	在森林找到USEC临时营地	Locate the temporary USEC camp on Woods	0	0
pve	600302d73b897b11364cd161	600302d73b897b11364cd161_600303250b79c6604058ce30	shoot	在立交桥、中心区、森林或海关消灭 Scav	Eliminate Scavs on Interchange, Ground Zero, Woods, or Customs	20	0
pve	6086c852c945025d41566124	6086c852c945025d41566124_6086c8ed1b0bb8063d5babb7	mark	标记第一辆BMP-2步战车	Mark the first BMP-2 with an MS2000 Marker	1	0
pve	6086c852c945025d41566124	6086c852c945025d41566124_6087d553d79a2b4e943482bf	visit	在储备站找到并检查第一辆BMP-2步战车	Locate and inspect the first BMP-2 on Reserve	0	0
pve	6086c852c945025d41566124	6086c852c945025d41566124_60882695949eb1096c454fcd	visit	在储备站找到并检查第二辆BMP-2步战车	Locate and inspect the second BMP-2 on Reserve	0	0
pve	6086c852c945025d41566124	6086c852c945025d41566124_608826d0a3994358a0751cfc	mark	标记第二辆BMP-2步战车	Mark the second BMP-2 with an MS2000 Marker	1	0
pve	6086c852c945025d41566124	6086c852c945025d41566124_608826f3949eb1096c454fd0	visit	在储备站找到并检查第三辆BMP-2步战车	Locate and inspect the third BMP-2 on Reserve	0	0
pve	6086c852c945025d41566124	6086c852c945025d41566124_60882714c18cfa2a4e2afe59	mark	标记第三辆BMP-2步战车	Mark the third BMP-2 with an MS2000 Marker	1	0
pve	6086c852c945025d41566124	6086c852c945025d41566124_6088274a82e40b3c727fd164	visit	在储备站找到并检查第四辆BMP-2步战车	Locate and inspect the fourth BMP-2 on Reserve	0	0
pve	6086c852c945025d41566124	6086c852c945025d41566124_60882779d241f77b8a49785d	mark	标记第四辆BMP-2步战车	Mark the fourth BMP-2 with an MS2000 Marker	1	0
pve	60896888e4a85c72ef3fa300	60896888e4a85c72ef3fa300_60929ad46342771d851b827a	findQuestItem	在储备站找到装有 T-90M 车长控制面板的包裹	Obtain the package with T-90M Commander control panel on Reserve	1	0
pve	60896888e4a85c72ef3fa300	60896888e4a85c72ef3fa300_60929afc35915c62b44fd05c	giveQuestItem	上交包裹	Hand over the package	1	0
pve	60896b7bfa70fc097863b8f5	60896b7bfa70fc097863b8f5_60916aeac49cf53e4772cc3c	findQuestItem	在储备站指挥地堡的办公室内取得第一份军事文件	Obtain the first folder with military documents in the command bunker offices on Reserve	1	0
pve	60896b7bfa70fc097863b8f5	60896b7bfa70fc097863b8f5_60916b41b89a3c264d7296f9	giveQuestItem	上交第一份文件	Hand over the first documents	1	0
pve	60896b7bfa70fc097863b8f5	60896b7bfa70fc097863b8f5_60ae0dfe2d6a8320983d19ba	findQuestItem	在储备站指挥地堡的办公室内取得第二份军事文件	Obtain the second folder with military documents in the command bunker offices on Reserve	1	0
pve	60896b7bfa70fc097863b8f5	60896b7bfa70fc097863b8f5_60ae0e2c79e83a2cf96f35ce	findQuestItem	在储备站指挥地堡的大厅内取得第三份军事文件	Obtain the third folder with military documents in the command bunker offices on Reserve	1	0
pve	60896b7bfa70fc097863b8f5	60896b7bfa70fc097863b8f5_60ae0f0586046842a754e21e	giveQuestItem	上交第二份文件	Hand over the second documents	1	0
pve	60896b7bfa70fc097863b8f5	60896b7bfa70fc097863b8f5_60ae0f17b809a4748759078c	giveQuestItem	上交第三份文件	Hand over the third documents	1	0
pve	60896bca6ee58f38c417d4f2	60896bca6ee58f38c417d4f2_608bffeee0cc9c2d4d2ccb29	shoot	消灭储备站地堡控制室中的掠夺者	Eliminate Raiders in the command bunker on Reserve	5	0
pve	60896e28e4a85c72ef3fa301	60896e28e4a85c72ef3fa301_6091698a30bb620b3239874c	findQuestItem	在储备站取得第一份医学报告	Obtain Medical record #1 on Reserve	1	0
pve	60896e28e4a85c72ef3fa301	60896e28e4a85c72ef3fa301_609169cfeca522371e5725c5	giveQuestItem	上交第一份报告	Hand over the first journal	1	0
pve	60896e28e4a85c72ef3fa301	60896e28e4a85c72ef3fa301_60ae12ffb809a474875907aa	findQuestItem	在储备站取得第二份医学报告	Obtain Medical record #2 on Reserve	1	0
pve	60896e28e4a85c72ef3fa301	60896e28e4a85c72ef3fa301_60ae134cabb9675f0062cf6e	giveQuestItem	上交第二份报告	Hand over the second journal	1	0
pve	6089732b59b92115597ad789	6089732b59b92115597ad789_6092942fb0f07c6ea1246e3a	findQuestItem	在储备站取得MBT综合导航模块	Obtain the MBT Integrated Navigation System on Reserve	1	0
pve	6089732b59b92115597ad789	6089732b59b92115597ad789_6092947635915c62b44fd05b	giveQuestItem	上交导航模块	Hand over the navigation system	1	0
pve	6089736efa70fc097863b8f6	6089736efa70fc097863b8f6_608a94101a66564e74191fc3	visit	在储备站找到地下指挥地堡的秘密出口	Locate the secret underground bunker exit on Reserve	0	0
pve	6089736efa70fc097863b8f6	6089736efa70fc097863b8f6_608a94ae1a66564e74191fc6	extract	以幸存状态从秘密出口撤离	Survive and extract from the location through the secret exit	1	0
pve	6089736efa70fc097863b8f6	6089736efa70fc097863b8f6_6a4e6a3ee26b316718da2390	visit	找到开启地堡出口的开关	Locate the switch that activates the exit	0	1
pve	6089743983426423753cd58a	6089743983426423753cd58a_608ab22755f4ac386d7e7fdc	shoot	在储备站地下仓库内消灭 Scav	Eliminate Scavs in the underground storage warehouse on Reserve	5	0
pve	6089743983426423753cd58a	6089743983426423753cd58a_6a5ab8ac7119466cb512579d	giveItem	上交任意战局中找到的地下仓库钥匙（RB-PSP 或 RB-PSV）	Hand over any found in raid keys for the underground storage warehouse (RB-PSP and RB-PSV)	3	0
pve	608974af4b05530f55550c21	608974af4b05530f55550c21_608bd0a053b9dd01a116f474	visit	检查储备站兵营东楼（黑兵）的第一个军械库	Check the first armory in the eastern barracks (Black Pawn) on Reserve	0	0
pve	608974af4b05530f55550c21	608974af4b05530f55550c21_608bd0c20637f21f9934b6e4	visit	检查储备站兵营东楼（黑兵）的第二个军械库	Check the second armory in the eastern barracks (Black Pawn) on Reserve	0	0
pve	608974af4b05530f55550c21	608974af4b05530f55550c21_608bd136c61c4b541b381da3	visit	检查储备站兵营南楼（白兵）的第一个军械库	Check the first armory in the southern barracks (White Pawn) on Reserve	0	0
pve	608974af4b05530f55550c21	608974af4b05530f55550c21_608bd149f597ad0a33574d74	visit	检查储备站兵营南楼（白兵）的第二个军械库	Check the second armory in the southern barracks (White Pawn) on Reserve	0	0
pve	608974af4b05530f55550c21	608974af4b05530f55550c21_608bd2465e0ef91ab810f98a	visit	检查储备站兵营东楼（黑兵）的值班室	Check the duty room in the eastern barracks (Black Pawn) on Reserve	0	0
pve	608974af4b05530f55550c21	608974af4b05530f55550c21_6a5761ff44baf1d1830bfa5c	giveItem	上交在这些房间内找到的装备	Hand over the gear found in the rooms	3	0
pve	608974af4b05530f55550c21	608974af4b05530f55550c21_6a6d0ec764f81ad96ce823eb	findItem	在军械室内找到并获取任意俄式装备	Locate and obtain any Russian gear in the armory rooms	3	1
pve	608974d01a66564e74191fc0	608974d01a66564e74191fc0_60a4dc7e4e734e57d07fb335	mark	在储备站使用MS2000指示器标记第一组油罐	Mark the first group of fuel tanks with an MS2000 Marker on Reserve	1	0
pve	608974d01a66564e74191fc0	608974d01a66564e74191fc0_60b90232ec7c6f5eb510c195	mark	在储备站使用MS2000指示器标记第二组油罐	Mark the second group of fuel tanks with an MS2000 Marker on Reserve	1	0
pve	608a768d82e40b3c727fd17d	608a768d82e40b3c727fd17d_608a8356fa70fc097863b8f8	shoot	消灭储备站兵营大楼周围的 Scav	Eliminate Scavs around the main barracks on Reserve	10	0
pve	60c0c018f7afb4354815096a	60c0c018f7afb4354815096a_60c0d187938d68438757cda2	shoot	找到并消灭Tagilla	Locate and neutralize Tagilla	1	0
pve	60c0c018f7afb4354815096a	60c0c018f7afb4354815096a_60cfa590f81cc57f471718cc	findItem	在战局中找到BOSS鸭舌帽	Find Tagilla's BOSS cap in raid	1	0
pve	60c0c018f7afb4354815096a	60c0c018f7afb4354815096a_60cfa5a85f9e6175514de2e3	giveItem	上交BOSS鸭舌帽	Hand over the BOSS cap	1	0
pve	60e71b62a0beca400d69efc4	60e71b62a0beca400d69efc4_60ec07bcd7b7cb55e94c1760	shoot	于白天在工厂击杀PMC	Eliminate PMC operatives on daytime Factory	2	0
pve	60e71b62a0beca400d69efc4	60e71b62a0beca400d69efc4_60ec08fafd1bf4491c4e4550	shoot	在海关击杀PMC	Eliminate PMC operatives on Customs	2	0
pve	60e71b62a0beca400d69efc4	60e71b62a0beca400d69efc4_60ec09f05d67b234af3d392f	shoot	在海岸线击杀PMC	Eliminate PMC operatives on Shoreline	2	0
pve	60e71b62a0beca400d69efc4	60e71b62a0beca400d69efc4_60ec0a9571035f300c301acb	shoot	在储备站击杀PMC	Eliminate PMC operatives on Reserve	2	0
pve	60e71b62a0beca400d69efc4	60e71b62a0beca400d69efc4_60ec0ad2ad25e3185465bbd0	shoot	在森林击杀PMC	Eliminate PMC operatives on Woods	2	0
pve	60e71b62a0beca400d69efc4	60e71b62a0beca400d69efc4_60ec0af8a664b027ab1441af	shoot	在立交桥击杀PMC	Eliminate PMC operatives on Interchange	2	0
pve	60e71b62a0beca400d69efc4	60e71b62a0beca400d69efc4_60ec0b1871035f300c301acd	shoot	在实验室击杀PMC	Eliminate PMC operatives in The Lab	2	0
pve	60e71b62a0beca400d69efc4	60e71b62a0beca400d69efc4_65e19abadf39d26751b3bb1e	shoot	在中心区击杀PMC	Eliminate PMC operatives on Ground Zero	2	0
pve	60e71b9bbd90872cb85440f3	60e71b9bbd90872cb85440f3_60ec18b73b5f7d790a7ad034	shoot	在海关、海岸线或森林的指定 Scav 营地内消灭 PMC 行动人员	Eliminate PMC operatives at the specified Scav bases on Customs, Shoreline, or Woods	12	0
pve	60e71bb4e456d449cd47ca75	60e71bb4e456d449cd47ca75_60e8650e5d67b234af3d3926	shoot	命中头部击杀Scav	Eliminate Scavs with headshots	40	0
pve	60e71c11d54b755a3b53eb65	60e71c11d54b755a3b53eb65_60e82c12fd1bf4491c4e4547	findItem	获得不寻常的邪教仪式刀	Obtain the unusual cultist knives	12	0
pve	60e71c11d54b755a3b53eb65	60e71c11d54b755a3b53eb65_60e82c5926b88043510e0ad7	giveItem	上交物品	Hand over the items	12	0
pve	60e71c11d54b755a3b53eb65	60e71c11d54b755a3b53eb65_6a5abd63b45ef5b1a87b8273	shoot	找到并消灭消灭邪教徒	Locate and neutralize the hooded men	5	0
pve	60e71c48c1bfa3050473b8e5	60e71c48c1bfa3050473b8e5_60e8658571035f300c301ac6	findItem	在战局中找到物品：便携式除颤器	Find the item in raid: Portable defibrillator	3	0
pve	60e71c48c1bfa3050473b8e5	60e71c48c1bfa3050473b8e5_60e865a60cef122b414a156a	findItem	在战局中找到物品：检眼镜	Find the item in raid: Ophthalmoscope	3	0
pve	60e71c48c1bfa3050473b8e5	60e71c48c1bfa3050473b8e5_60e866175d67b234af3d392a	findItem	在战局中找到物品：LEDX 皮肤透照仪	Find the item in raid: LEDX Skin Transilluminator	2	0
pve	60e71c48c1bfa3050473b8e5	60e71c48c1bfa3050473b8e5_60e866c50cef122b414a156c	giveItem	上交物品	Hand over the items	3	0
pve	60e71c48c1bfa3050473b8e5	60e71c48c1bfa3050473b8e5_60e866f926b88043510e0adf	giveItem	上交物品	Hand over the items	3	0
pve	60e71c48c1bfa3050473b8e5	60e71c48c1bfa3050473b8e5_60e867265d67b234af3d392c	giveItem	上交物品	Hand over the items	2	0
pve	60e71c48c1bfa3050473b8e5	60e71c48c1bfa3050473b8e5_60f028ca86abc00cdc03ab89	findItem	在战局中找到物品：一堆药	Find the item in raid: Pile of meds	20	0
pve	60e71c48c1bfa3050473b8e5	60e71c48c1bfa3050473b8e5_60f028f85caf08029e0d6277	giveItem	上交物品	Hand over the items	20	0
pve	60e71c48c1bfa3050473b8e5	60e71c48c1bfa3050473b8e5_62a701587230237f257cac30	findItem	在战局中找到物品：OLOLO 瓶装复合维生素	Find the item in raid: Bottle of OLOLO Multivitamins	10	0
pve	60e71c48c1bfa3050473b8e5	60e71c48c1bfa3050473b8e5_62a70168eb3cb46d9a0bba7a	giveItem	上交物品	Hand over the items	10	0
pve	60e71c9ad54b755a3b53eb66	60e71c9ad54b755a3b53eb66_60e745d6479eef59b01b0bdc	shoot	在实验室消灭掠夺者或黑色军团干员	Eliminate Raiders or Black Division operatives on Reserve or The Lab	10	0
pve	60e71ccb5688f6424c7bfec4	60e71ccb5688f6424c7bfec4_60e8174d0367e10a450f7818	giveItem	上交战局中找到的物品：BEAR 狗牌（转生 1 级或更高）	Hand over the found in raid item: Dogtag BEAR (Prestige 1 or higher)	10	0
pve	60e71ccb5688f6424c7bfec4	60e71ccb5688f6424c7bfec4_60e81795479eef59b01b0bdf	giveItem	上交战局中找到的物品：USEC 狗牌（转生 1 级或更高）	Hand over the found in raid item: Dogtag USEC (Prestige 1 or higher)	10	0
pve	60e71ce009d7c801eb0c0ec6	60e71ce009d7c801eb0c0ec6_60e74302d1a062318d3d225f	giveItem	上交物品	Hand over the items	5	0
pve	60e71ce009d7c801eb0c0ec6	60e71ce009d7c801eb0c0ec6_60e7432875131b4e61703b7a	giveItem	上交物品	Hand over the items	5	0
pve	60e71ce009d7c801eb0c0ec6	60e71ce009d7c801eb0c0ec6_60e7434ed1a062318d3d2260	findItem	在战局中找到物品：VPX 闪存模块	Find the item in raid: VPX Flash Storage Module	5	0
pve	60e71ce009d7c801eb0c0ec6	60e71ce009d7c801eb0c0ec6_60e7436675131b4e61703b7b	findItem	在战局中找到物品：UHF RFID 固定式读取器	Find the item in raid: UHF RFID Reader	5	0
pve	60e71ce009d7c801eb0c0ec6	60e71ce009d7c801eb0c0ec6_60e7439975131b4e61703b7c	findItem	在战局中找到物品：Virtex 可编程处理器	Find the item in raid: Virtex programmable processor	5	0
pve	60e71ce009d7c801eb0c0ec6	60e71ce009d7c801eb0c0ec6_60e743cd0367e10a450f780e	findItem	在战局中找到物品：军用 COFDM 无线信号发射器	Find the item in raid: Military COFDM Wireless Signal Transmitter	5	0
pve	60e71ce009d7c801eb0c0ec6	60e71ce009d7c801eb0c0ec6_60e7449875131b4e61703b7e	giveItem	上交物品	Hand over the items	5	0
pve	60e71ce009d7c801eb0c0ec6	60e71ce009d7c801eb0c0ec6_60e744c9d1a062318d3d2262	giveItem	上交物品	Hand over the items	5	0
pve	60e71ce009d7c801eb0c0ec6	60e71ce009d7c801eb0c0ec6_62a70191a9a0ea77981b57d9	findItem	在战局中找到物品：军用闪存装置	Find the item in raid: Military flash drive	4	0
pve	60e71ce009d7c801eb0c0ec6	60e71ce009d7c801eb0c0ec6_62a7019ea9a0ea77981b57da	giveItem	上交物品	Hand over the items	4	0
pve	60e71d23c1bfa3050473b8e6	60e71d23c1bfa3050473b8e6_60e740b8b567ff641b129573	shoot	从100米开外击杀PMC	Eliminate PMC operatives from over 100 meters away	20	0
pve	60e71d6d7fcf9c556f325055	60e71d6d7fcf9c556f325055_60e85b2a26b88043510e0ada	plantItem	将 1 个 Trijicon REAP-IR 瞄准镜藏匿在海关新加油站垃圾箱后方	Stash a Trijicon REAP-IR scope behind the trash containers at the new gas station on Customs	1	0
pve	60e71dc0a94be721b065bbfc	60e71dc0a94be721b065bbfc_60e73ee8b567ff641b129570	shoot	在立交桥消灭 PMC 行动人员	Eliminate PMC operatives on Interchange	4	0
pve	60e71dc67fcf9c556f325056	60e71dc67fcf9c556f325056_60e73333465ea8368012cc5b	findItem	在战局中找到物品：Tarkovskaya 瓶装伏特加	Find the item in raid: Bottle of Tarkovskaya vodka	10	0
pve	60e71dc67fcf9c556f325056	60e71dc67fcf9c556f325056_60e733590367e10a450f7805	findItem	在战局中找到物品：Dan Jackiel 瓶装威士忌	Find the item in raid: Bottle of Dan Jackiel whiskey	10	0
pve	60e71dc67fcf9c556f325056	60e71dc67fcf9c556f325056_60e73397479eef59b01b0bd5	giveItem	上交物品	Hand over the items	10	0
pve	60e71dc67fcf9c556f325056	60e71dc67fcf9c556f325056_60e733b80367e10a450f7807	giveItem	上交物品	Hand over the items	10	0
pve	60e71dc67fcf9c556f325056	60e71dc67fcf9c556f325056_60f028268b669d08a35bfad8	findItem	在战局中找到物品：桶装纯净水	Find the item in raid: Canister with purified water	3	0
pve	60e71dc67fcf9c556f325056	60e71dc67fcf9c556f325056_60f0284e8b669d08a35bfada	giveItem	上交物品	Hand over the items	3	0
pve	60e71dc67fcf9c556f325056	60e71dc67fcf9c556f325056_62a700fb7230237f257cac2e	findItem	在战局中找到物品：瓶装 Pevko 淡啤酒	Find the item in raid: Bottle of Pevko Light beer	20	0
pve	60e71dc67fcf9c556f325056	60e71dc67fcf9c556f325056_62a70110eb3cb46d9a0bba78	giveItem	上交物品	Hand over the items	20	0
pve	60e71e8ed54b755a3b53eb67	60e71e8ed54b755a3b53eb67_60e7259e465ea8368012cc45	shoot	找到并消灭Tagilla	Locate and neutralize Tagilla	1	0
pve	60e71e8ed54b755a3b53eb67	60e71e8ed54b755a3b53eb67_60e725d8b567ff641b129555	shoot	找到并消灭Killa	Locate and neutralize Killa	1	0
pve	60e71e8ed54b755a3b53eb67	60e71e8ed54b755a3b53eb67_60e72604a6e322250215f066	shoot	找到并消灭Reshala	Locate and neutralize Reshala	1	0
pve	60e71e8ed54b755a3b53eb67	60e71e8ed54b755a3b53eb67_60e7261382576b5f4f21c495	shoot	找到并消灭Shturman	Locate and neutralize Shturman	1	0
pve	60e71e8ed54b755a3b53eb67	60e71e8ed54b755a3b53eb67_60e7261eb567ff641b129557	shoot	找到并消灭Glukhar	Locate and neutralize Glukhar	1	0
pve	60e71e8ed54b755a3b53eb67	60e71e8ed54b755a3b53eb67_60e72629465ea8368012cc47	shoot	找到并消灭Sanitar	Locate and neutralize Sanitar	1	0
pve	60e729cf5698ee7b05057439	60e729cf5698ee7b05057439_60e729cf5698ee7b0505743c	shoot	在森林不穿戴任何防弹护甲与头盔击杀任意目标	Eliminate any target without wearing any armor and helmets on Woods	10	0
pve	60effd818b669d08a35bfad5	60effd818b669d08a35bfad5_60effdac12fec20321367038	giveItem	上交Epsilon安全箱	Hand over Secure container Epsilon	1	0
pve	6179ac7511973d018217d0b9	6179ac7511973d018217d0b9_6179b804bca27a099552e057	mark	使用MS2000指示器标记直升机	Mark the helicopter with an MS2000 Marker	1	0
pve	6179ac7511973d018217d0b9	6179ac7511973d018217d0b9_63ac1e0a87413d64ae0ac233	visit	在灯塔的污水处理厂找到直升机	Locate the helicopter at the water treatment plant on Lighthouse	0	0
pve	6179ac7511973d018217d0b9	6179ac7511973d018217d0b9_6a32a392e606f585c978ef38	shoot	消灭污水处理厂直升机停机坪周围任意目标	Eliminate any target around the helicopter area	10	0
pve	6179acbdc760af5ad2053585	6179acbdc760af5ad2053585_617bd94c5a52d2390a2630c7	shoot	消灭灯塔污水处理厂直升机周围的任意敌人	Eliminate any target around the helicopter area at the water treatment plant on Lighthouse	10	0
pve	6179ad0a6e9dd54ac275e3f2	6179ad0a6e9dd54ac275e3f2_617bf1e1d93d977d2452051f	shoot	消灭游荡者	Eliminate Rogues	10	0
pve	6179ad56c760af5ad2053587	6179ad56c760af5ad2053587_617bf29a52e86c73d372a917	giveQuestItem	上交找到的包裹	Hand over the found package	1	0
pve	6179ad56c760af5ad2053587	6179ad56c760af5ad2053587_617bf2a6f8e6c97ec70878b7	findQuestItem	在灯塔找到并获取线人的公文包	Locate and obtain the informant's briefcase on Lighthouse	1	0
pve	6179afd0bca27a099552e040	6179afd0bca27a099552e040_6190464d74169a76c90aa230	extract	以幸存状态撤离该区域	Survive and extract from the location	1	0
pve	6179afd0bca27a099552e040	6179afd0bca27a099552e040_63ac0c99f83fd608393890bf	visit	在灯塔度假村区域找到失踪的小队	Locate the lost group in the chalet area on Lighthouse	0	0
pve	6179aff8f57fb279792c60a1	6179aff8f57fb279792c60a1_617bf4e152e86c73d372a95d	shoot	在灯塔度假村区域消灭任意敌对目标	Eliminate any target around the chalets on Lighthouse	10	0
pve	6179aff8f57fb279792c60a1	6179aff8f57fb279792c60a1_6a5cd4d03a5504087ed636d3	giveItem	上交战局中找到的物品：地形调查地图、情报文件夹，或 TerraGroup 蓝色文件夹	Hand over the found in raid item: Topographic survey maps, Intelligence folder, or TerraGroup "Blue Folders" materials	5	0
pve	6179b3a12153c15e937d52bc	6179b3a12153c15e937d52bc_617bf5860cf4a041de5b396b	mark	在灯塔找到一组油罐，并使用MS2000指示器标记	Find and mark the group of fuel tanks with an MS2000 Marker on Lighthouse	1	0
pve	6179b3a12153c15e937d52bc	6179b3a12153c15e937d52bc_61926522b0295324b5484459	mark	在灯塔找到第一辆油罐车，并使用MS2000指示器标记	Find and mark the first tanker truck with an MS2000 Marker on Lighthouse	1	0
pve	6179b3a12153c15e937d52bc	6179b3a12153c15e937d52bc_6192653d80c326298126aee1	mark	在灯塔找到第二辆油罐车，并使用MS2000指示器标记	Find and mark the second tanker truck with an MS2000 Marker on Lighthouse	1	0
pve	6179b3a12153c15e937d52bc	6179b3a12153c15e937d52bc_61926544bb0c712ed42d583c	mark	在灯塔找到第三辆油罐车，并使用MS2000指示器标记	Find and mark the third tanker truck with an MS2000 Marker on Lighthouse	1	0
pve	6179b3bdc7560e13d23eeb8d	6179b3bdc7560e13d23eeb8d_617bf6c70cf4a041de5b3972	findQuestItem	在灯塔污水处理厂找到并获取水泵运行数据	Locate and obtain the data on the water pump operation on Lighthouse	1	0
pve	6179b3bdc7560e13d23eeb8d	6179b3bdc7560e13d23eeb8d_617bf77a3de8a6689b533a2a	giveQuestItem	上交提取的数据	Hand over the extracted data	1	0
pve	6179b3bdc7560e13d23eeb8d	6179b3bdc7560e13d23eeb8d_61951c30aa0f643f9a0ae1b7	findQuestItem	在灯塔污水处理厂找到并获取泵站运行数据	Locate and obtain the data on the pumping station operation on Lighthouse	1	0
pve	6179b3bdc7560e13d23eeb8d	6179b3bdc7560e13d23eeb8d_61951c3e2e2805073c2d29db	giveQuestItem	上交提取的数据	Hand over the extracted data	1	0
pve	6179b4d1bca27a099552e04e	6179b4d1bca27a099552e04e_61952308aa0f643f9a0ae20f	mark	在灯塔找到第一辆BRDM装甲车，并使用MS2000指示器标记	Locate and mark the first BRDM with an MS2000 Marker on Lighthouse	1	0
pve	6179b4d1bca27a099552e04e	6179b4d1bca27a099552e04e_6195231dd07bdc6de57b40a5	mark	在灯塔找到第二辆BRDM装甲车，并使用MS2000指示器标记	Locate and mark the second BRDM with an MS2000 Marker on Lighthouse	1	0
pve	6179b4d1bca27a099552e04e	6179b4d1bca27a099552e04e_61952325aa0f643f9a0ae212	mark	在灯塔找到第一辆斯特赖克轮式突击炮，并使用MS2000指示器标记	Locate and mark the first Stryker with an MS2000 Marker on Lighthouse	1	0
pve	6179b4d1bca27a099552e04e	6179b4d1bca27a099552e04e_6195232a1e972a652931edb6	mark	在灯塔找到第二辆斯特赖克轮式突击炮，并使用MS2000指示器标记	Locate and mark the second Stryker with an MS2000 Marker on Lighthouse	1	0
pve	6179b4f16e9dd54ac275e407	6179b4f16e9dd54ac275e407_61a00eff2d708d41a34f19b4	findQuestItem	找到并获取线人的情报文件夹	Locate and obtain the informant's intelligence folder	1	0
pve	6179b4f16e9dd54ac275e407	6179b4f16e9dd54ac275e407_61a00f3f177fb945751bbe92	giveQuestItem	上交文件夹	Hand over the folder	1	0
pve	6179b4f16e9dd54ac275e407	6179b4f16e9dd54ac275e407_63ac1a941b5c95746621ddb2	visit	在灯塔找到失事的直升机	Locate the crashed helicopter on Lighthouse	0	0
pve	6179b5b06e9dd54ac275e409	6179b5b06e9dd54ac275e409_6193dc1e6623e330c82e0be9	shoot	使用 GP-25 榴弹发射器消灭游荡者	Eliminate Rogues with a GP-25 grenade launcher	10	0
pve	6179b5eabca27a099552e052	6179b5eabca27a099552e052_617fc08b30ccff6c7c37fcd3	giveItem	上交战局中找到的物品：BEAR 狗牌	Hand over the found in raid item: Dogtag BEAR	20	0
pve	6179b5eabca27a099552e052	6179b5eabca27a099552e052_61a61c085d06a344766f3a29	shoot	在灯塔、中心区、储备站、海岸线或塔科夫街区消灭 BEAR PMC	Eliminate BEAR PMC operatives on Lighthouse, Ground Zero, Reserve, Shoreline, or Streets of Tarkov	20	0
pve	61904daa7d0d857927447b9c	61904daa7d0d857927447b9c_61904e76f62c89219a56e04c	findQuestItem	找到写给Jaeger的留言	Find and obtain the message for Jaeger	1	0
pve	61904daa7d0d857927447b9c	61904daa7d0d857927447b9c_61904ebb22e6d82ee97ccbbe	giveQuestItem	上交留言	Hand over the message	1	0
pve	61904daa7d0d857927447b9c	61904daa7d0d857927447b9c_63ac22351b5c95746621ddc4	visit	在灯塔找到Jaeger朋友的藏身处	Locate the hideout of Jaeger's friend on Lighthouse	0	0
pve	6193850f60b34236ee0483de	6193850f60b34236ee0483de_6193dabd5f6468204470571f	shoot	消灭灯塔或海岸线海边与主路上的 Scav	Eliminate Scavs along the shore and the main road on Lighthouse or Shoreline	4	0
pve	61958c366726521dd96828ec	61958c366726521dd96828ec_61958d54aa0f643f9a0aed73	mark	在灯塔的海边找到TerraGroup的货物	Locate and mark the TerraGroup cargo with an MS2000 Marker on Lighthouse	1	0
pve	61958c366726521dd96828ec	61958c366726521dd96828ec_6a5cd57d36c4fb654692787c	shoot	在灯塔或储备站使用 M203 榴弹发射器消灭任意敌对目标	Eliminate any target with an M203 grenade launcher on Lighthouse or Reserve	10	0
pve	61e6e5e0f5b9633f6719ed95	61e6e5e0f5b9633f6719ed95_61e6e679b350e406c823a205	giveItem	上交在战局中找到的BEAR狗牌	Hand over the found in raid BEAR PMC dogtags	5	0
pve	61e6e5e0f5b9633f6719ed95	61e6e5e0f5b9633f6719ed95_61e6e68db2728a406f4ad009	giveItem	上交在战局中找到的USEC狗牌	Hand over the found in raid USEC PMC dogtags	5	0
pve	61e6e60223374d168a4576a6	61e6e60223374d168a4576a6_61e6ed30d007ca50d54baae5	shoot	使用任意AK系列突击步枪击杀PMC干员	Eliminate PMC operatives while using any AK-series assault rifle	7	0
pve	61e6e60c5ca3b3783662be27	61e6e60c5ca3b3783662be27_61e6f5a1eea2935bc018a2c7	giveItem	上交卢布	Hand over RUB	1000000	0
pve	61e6e615eea2935bc018a2c5	61e6e615eea2935bc018a2c5_61e703205ca3b3783662be2b	giveItem	上交在战局中找到的Dan Jackiel瓶装威士忌	Hand over the found in raid Bottle of Dan Jackiel whiskey	1	0
pve	61e6e615eea2935bc018a2c5	61e6e615eea2935bc018a2c5_61e7034b95a8910716185486	giveItem	上交在战局中找到的塔可乐	Hand over the found in raid Cans of TarCola soda	3	0
pve	61e6e621bfeab00251576265	61e6e621bfeab00251576265_61e704a123374d168a4576a8	giveItem	上交在战局中找到的柯尔特M4A1突击步枪	Hand over the found in raid Colt M4A1 assault rifles	2	0
pve	625d6ff5ddc94657c21a1625	625d6ff5ddc94657c21a1625_625eb7fe1ed3bb5bcc5bd9e6	giveItem	上交在战局中找到的电子元件	Hand over the found in raid Electronic components	4	0
pve	625d6ff5ddc94657c21a1625	625d6ff5ddc94657c21a1625_625eb80da4eb80027c4f2e0a	giveItem	上交在战局中找到的军用COFDM无线信号发射器	Hand over the found in raid Military COFDM Wireless Signal Transmitters	4	0
pve	625d6ff5ddc94657c21a1625	625d6ff5ddc94657c21a1625_625eb81df7308432be1d44c6	giveItem	上交在战局中找到的气体分析仪	Hand over the found in raid Gas analyzers	4	0
pve	625d6ff5ddc94657c21a1625	625d6ff5ddc94657c21a1625_625eb82ac4874104f230c0c6	giveItem	上交在战局中找到的损坏的Gphone	Hand over the found in raid Broken GPhone smartphones	4	0
pve	625d6ffaf7308432be1d44c5	625d6ffaf7308432be1d44c5_625ecedaa4eb80027c4f2e0b	mark	将信号中继器安装在灯塔污水处理厂的米-8 直升机内部	Set up the radio repeater inside the MI-8 helicopter at the water treatment plant on Lighthouse	1	0
pve	625d6ffaf7308432be1d44c5	625d6ffaf7308432be1d44c5_625ecee6f7308432be1d44c7	mark	将信号中继器安装在灯塔废弃的 USEC 别墅区内	Set up the radio repeater inside the abandoned USEC cottage on Lighthouse	1	0
pve	625d6ffaf7308432be1d44c5	625d6ffaf7308432be1d44c5_625eceebc4874104f230c0c7	mark	将信号中继器安装在可以俯瞰灯塔的高处	Set up the radio repeater at a high elevation overlooking the peninsula on Lighthouse	1	0
pve	625d6ffaf7308432be1d44c5	625d6ffaf7308432be1d44c5_6386410704a59f742a7a3b45	mark	将信号中继器安装在灯塔海边沉没建筑的房顶	Set up the radio repeater on the roof of the sunken building at the shore on Lighthouse	1	0
pve	625d6ffcaa168e51321d69d7	625d6ffcaa168e51321d69d7_625ed292c4874104f230c0c8	shoot	消灭位于灯塔本体区域的PMC行动人员	Eliminate PMC operatives near the Lighthouse peninsula	15	0
pve	625d6fff4149f1149b5b12c9	625d6fff4149f1149b5b12c9_62602852c48e6c62a440fab6	mark	在森林找到第一个地堡，并使用MS2000指示器标记	Locate and mark the first bunker with an MS2000 marker on Woods	1	0
pve	625d6fff4149f1149b5b12c9	625d6fff4149f1149b5b12c9_62602858efebc4442a7b3876	mark	在森林找到第二个地堡，并使用MS2000指示器标记	Locate and mark the second bunker with an MS2000 marker on Woods	1	0
pve	625d6fff4149f1149b5b12c9	625d6fff4149f1149b5b12c9_6260285c1ed3bb5bcc5bd9e8	mark	在森林找到第三个地堡，并使用MS2000指示器标记	Locate and mark the third bunker with an MS2000 marker on Woods	1	0
pve	625d6fff4149f1149b5b12c9	625d6fff4149f1149b5b12c9_638643e03674202b7d07c9e5	mark	在森林找到第四个地堡，并使用MS2000指示器标记	Locate and mark the fourth bunker with an MS2000 marker on Woods	1	0
pve	625d7001c4874104f230c0c5	625d7001c4874104f230c0c5_6260295faa168e51321d69d9	shoot	在实验室消灭掠夺者	Eliminate Raiders in The Lab	7	0
pve	625d7001c4874104f230c0c5	625d7001c4874104f230c0c5_62602a37c4874104f230c0ca	giveItem	上交在战局中找到的SJ6 TGLabs战斗兴奋剂注射器	Hand over the found in raid SJ6 TGLabs combat stimulant injector	5	0
pve	625d7001c4874104f230c0c5	625d7001c4874104f230c0c5_62602a44e7578c305945c9c5	giveItem	上交在战局中找到的SJ9 TGLabs战斗兴奋剂注射器	Hand over the found in raid SJ9 TGLabs combat stimulant injector	1	0
pve	625d7001c4874104f230c0c5	625d7001c4874104f230c0c5_62602aaff7308432be1d44c9	giveItem	上交在战局中找到的SJ1 TGLabs战斗兴奋剂注射器	Hand over the found in raid SJ1 TGLabs combat stimulant injector	15	0
pve	625d70031ed3bb5bcc5bd9e5	625d70031ed3bb5bcc5bd9e5_62602b061ed3bb5bcc5bd9ea	giveItem	上交在战局中找到的有机玻璃片	Hand over the found in raid Piece of plexiglass	2	0
pve	625d70031ed3bb5bcc5bd9e5	625d70031ed3bb5bcc5bd9e5_62602b0ea4eb80027c4f2e0e	giveItem	上交在战局中找到的绝缘胶带	Hand over the found in raid Insulating tape	1	0
pve	625d70031ed3bb5bcc5bd9e5	625d70031ed3bb5bcc5bd9e5_62602b17f7308432be1d44ca	giveItem	上交在战局中找到的军用电路板	Hand over the found in raid Military circuit board	2	0
pve	625d70031ed3bb5bcc5bd9e5	625d70031ed3bb5bcc5bd9e5_62602b1ec4874104f230c0cb	giveItem	上交在战局中找到的军用COFDM无线信号发射器	Hand over the found in raid Military COFDM Wireless Signal Transmitter	1	0
pve	625d70031ed3bb5bcc5bd9e5	625d70031ed3bb5bcc5bd9e5_62602b26e7578c305945c9c6	giveItem	上交在战局中找到的可用液晶显示屏	Hand over the found in raid Working LCD	1	0
pve	625d70031ed3bb5bcc5bd9e5	625d70031ed3bb5bcc5bd9e5_633d8b5dbc99da1cf0685f36	findQuestItem	在灯塔找到无线电发射器主机	Obtain the Radio transmitter body on Lighthouse	1	0
pve	625d70031ed3bb5bcc5bd9e5	625d70031ed3bb5bcc5bd9e5_633d8b77f2ab4f3f095029d6	giveQuestItem	上交无线电发射器主机	Hand over the Radio transmitter body	1	0
pve	625d7005a4eb80027c4f2e09	625d7005a4eb80027c4f2e09_62602c89a4eb80027c4f2e0f	extract	以幸存状态撤离该区域	Survive and extract from the location	1	0
pve	625d7005a4eb80027c4f2e09	625d7005a4eb80027c4f2e09_63ab617b87413d64ae0ac210	visit	在灯塔半岛附近检查应答机能否正常工作	Check if the radio transmitter works near the Lighthouse peninsula	0	0
pve	625d700cc48e6c62a440fab5	625d700cc48e6c62a440fab5_6391e2f9e705511c8a4a1b85	findQuestItem	获得V3 U盘	Obtain the V3 Flash drive on Lighthouse	1	0
pve	625d700cc48e6c62a440fab5	625d700cc48e6c62a440fab5_6391e31bfa894f0a866afdec	findItem	重置无线电发射器	Reflash the Radio transmitter	1	0
pve	625d700cc48e6c62a440fab5	625d700cc48e6c62a440fab5_6391e329c115f907b14700b1	giveQuestItem	上交U盘	Hand over the flash drive	1	0
pve	625d700cc48e6c62a440fab5	625d700cc48e6c62a440fab5_63ab727b1287ef0b827d0c95	visit	前往灯塔	Visit the Lighthouse building	0	0
pve	626148251ed3bb5bcc5bd9ed	626148251ed3bb5bcc5bd9ed_62616a9ca4eb80027c4f2e12	giveItem	上交卢布	Hand over RUB	1000000	0
pve	6261482fa4eb80027c4f2e11	6261482fa4eb80027c4f2e11_62616b17e7578c305945c9c9	giveItem	上交在战局中找到的SVDS狙击步枪	Hand over the found in raid SVDS sniper rifles	4	0
pve	626148334149f1149b5b12ca	626148334149f1149b5b12ca_62668b98ddc94657c21a1628	plantItem	在污水处理厂附近南部大桥上的黄色公交车处放置WI-FI摄像头	Place a WI-FI Camera at the yellow bus on the southern bridge approaching the water treatment plant	1	0
pve	626148334149f1149b5b12ca	626148334149f1149b5b12ca_62668ba11ed3bb5bcc5bd9ef	plantItem	在污水处理厂东南角的黄色推土机处放置WI-FI摄像头	Place a WI-FI Camera at the yellow bulldozer in the south-eastern part of the water treatment plant	1	0
pve	626148334149f1149b5b12ca	626148334149f1149b5b12ca_62668ba4aa168e51321d69e0	plantItem	在污水处理厂西边的警车处放置WI-FI摄像头	Place a WI-FI Camera at the police truck in the western part of the water treatment plant	1	0
pve	626148334149f1149b5b12ca	626148334149f1149b5b12ca_62668ba9a4eb80027c4f2e16	plantItem	在污水处理厂北边工业区附近的军车处放置WI-FI摄像头	Place a WI-FI Camera at the army truck near the industrial zone in the northern part of the water treatment plant	1	0
pve	62614836f7308432be1d44cc	62614836f7308432be1d44cc_626171a0f7308432be1d44cd	shoot	在储备站击杀掠夺者	Eliminate Raiders on Reserve	25	0
pve	6261483ac48e6c62a440fab7	6261483ac48e6c62a440fab7_626676e1c48e6c62a440faba	giveItem	上交在战局中找到的加密U盘	Hand over the found in raid Secure Flash drives	15	0
pve	6261483dc4874104f230c0cd	6261483dc4874104f230c0cd_62692a8a161ea75b3470d90e	plantItem	在实验室的隔离区内放置WI-FI摄像头	Place a WI-FI Camera inside the quarantine zone in The Lab	1	0
pve	626bd75b05f287031503c7f6	626bd75b05f287031503c7f6_626c3010a371ee3a7a3514cb	plantItem	在毒品实验室中藏匿WI-FI摄像头	Stash a WI-FI Camera in the drug lab	1	0
pve	626bd75b05f287031503c7f6	626bd75b05f287031503c7f6_63ac210b1287ef0b827d0cb8	visit	在灯塔找到隐蔽的毒品实验室	Locate the hidden drug lab on Lighthouse	0	0
pve	626bd75c71bd851e971b82a5	626bd75c71bd851e971b82a5_62987d43b7bd956bd62a09b3	extract	以幸存状态撤离该区域	Survive and extract from the location	1	0
pve	626bd75c71bd851e971b82a5	626bd75c71bd851e971b82a5_63ac1b741b5c95746621ddb4	visit	前往灯塔，调查污水处理厂任意一座厂房建筑的屋顶	Investigate the roof of any water treatment plant facility on Lighthouse	0	0
pve	626bd75d5bef5d7d590bd415	626bd75d5bef5d7d590bd415_626c30c55bef5d7d590bd41b	giveQuestItem	上交硬盘	Hand over the drive	1	0
pve	626bd75d5bef5d7d590bd415	626bd75d5bef5d7d590bd415_62863b9ae5b4f5010e0d30c8	findQuestItem	在房间内找到并获取装有航班路线的军用机械硬盘	Locate and obtain the HDD with archived flight routes inside the room	1	0
pve	626bd75d5bef5d7d590bd415	626bd75d5bef5d7d590bd415_63ac19f9de609574d97adf78	visit	在灯塔找到雷达站指挥员的办公室	Locate the radar station commandant's office on Lighthouse	0	0
pve	626bd75e47ea7f506e5493c5	626bd75e47ea7f506e5493c5_626c3158a371ee3a7a3514cc	plantItem	在录制室内放置信号干扰器	Place a Signal Jammer inside the studio	1	0
pve	626bd75e47ea7f506e5493c5	626bd75e47ea7f506e5493c5_63ac232087413d64ae0ac23c	visit	在灯塔找到隐蔽的录制室	Locate the hidden recording studio on Lighthouse	0	0
pve	626bdcc3a371ee3a7a3514c5	626bdcc3a371ee3a7a3514c5_626c317e05f287031503c7fd	shoot	在同场战局中找到并消灭 Knight	Locate and neutralize Knight (in one raid)	1	0
pve	626bdcc3a371ee3a7a3514c5	626bdcc3a371ee3a7a3514c5_626c318147ea7f506e5493c7	shoot	在同场战局中找到并消灭 Big Pipe	Locate and neutralize Big Pipe (in one raid)	1	0
pve	626bdcc3a371ee3a7a3514c5	626bdcc3a371ee3a7a3514c5_626c3183af14a41d9a1f4ea7	shoot	在同场战局中找到并消灭 Birdeye	Locate and neutralize Birdeye (in one raid)	1	0
pve	638fcd23dc65553116701d33	638fcd23dc65553116701d33_638fd070202cd55bee01ca11	findQuestItem	在塔科夫街区取得财务记录	Obtain the financial records on Streets of Tarkov	1	0
pve	638fcd23dc65553116701d33	638fcd23dc65553116701d33_638fd0805e5a195d2c443754	giveQuestItem	上交日志	Hand over the journal	1	0
pve	639135534b15ca31f76bc317	639135534b15ca31f76bc317_639135534b15ca31f76bc318	findQuestItem	在塔科夫街区的车行办公室找到数字存储装置	Obtain the digital storage device from the car dealership manager's office on Streets of Tarkov	1	0
pve	639135534b15ca31f76bc317	639135534b15ca31f76bc317_639135534b15ca31f76bc319	giveQuestItem	上交存储装置	Hand over the storage device	1	0
pve	6391359b9444fb141f4e6ee6	6391359b9444fb141f4e6ee6_6391359b9444fb141f4e6ee7	findQuestItem	在塔科夫街区找到并获取挂号信	Locate and obtain the registered mail on Streets of Tarkov	1	0
pve	6391359b9444fb141f4e6ee6	6391359b9444fb141f4e6ee6_6391359b9444fb141f4e6ee8	giveQuestItem	上交信件	Hand over the letter	1	0
pve	639135a7e705511c8a4a1b78	639135a7e705511c8a4a1b78_63a7da6f5199ab1f7d4a774a	visit	在塔科夫街区找到芭蕾舞爱好者的公寓	Locate the balletmeister's apartment on Streets of Tarkov	0	0
pve	639135a7e705511c8a4a1b78	639135a7e705511c8a4a1b78_63a7daae04d3dc28a52a2109	extract	以幸存状态撤离该区域	Survive and extract from the location	1	0
pve	639135b04ed9512be67647d7	639135b04ed9512be67647d7_639c8c875573fd6cc27d99bb	extract	以幸存状态撤离该区域	Survive and extract from the location	1	0
pve	639135b04ed9512be67647d7	639135b04ed9512be67647d7_63a7db4a3e491955e65fb88b	visit	在塔科夫街区找到Prapor朋友的公寓	Locate the apartment of Prapor's friend on Streets of Tarkov	0	0
pve	639135bbc115f907b14700a6	639135bbc115f907b14700a6_639135bbc115f907b14700a7	findQuestItem	找到并获取带有刻字的吉他拨片	Locate and obtain the engraved guitar pick	1	0
pve	639135bbc115f907b14700a6	639135bbc115f907b14700a6_639135bbc115f907b14700a8	giveQuestItem	上交吉他拨片	Hand over the guitar pick	1	0
pve	639135bbc115f907b14700a6	639135bbc115f907b14700a6_63a7d8f404d3dc28a52a2104	visit	在塔科夫街区找到音乐人集会点	Locate the musician gathering spot on Streets of Tarkov	0	0
pve	639135c3744e452011470807	639135c3744e452011470807_63a7d767f32fa1316250c3da	visit	在塔科夫街区找到失踪小队被关押的位置	Locate where the missing group was held captive on Streets of Tarkov	0	0
pve	639135c3744e452011470807	639135c3744e452011470807_6a5a95f70cfa2d5efcf39d77	visit	在塔科夫街区找到老赖	Locate the debtor on Streets of tarkov	0	0
pve	639135c3744e452011470807	639135c3744e452011470807_6a5a962ba945960673b0e2d2	giveItem	上交物品：Chekannaya 15 公寓钥匙	Hand over the item: Chekannaya 15 apartment key	1	0
pve	639135cd8ba6894d155e77cb	639135cd8ba6894d155e77cb_63972db222ea23711e21aaaa	extract	以幸存状态撤离该区域	Survive and extract from the location	1	0
pve	639135cd8ba6894d155e77cb	639135cd8ba6894d155e77cb_63a7dbc31943b749b5021ec3	visit	在塔科夫街区找到临时监狱看守者的公寓	Locate the improvised jail warden's apartment on Streets of Tarkov	0	0
pve	639135cd8ba6894d155e77cb	639135cd8ba6894d155e77cb_63a7dbefee7b4d0d5507baf8	visit	调查看守者的遭遇	Find out what happened to the warden	0	0
pve	639135d89444fb141f4e6eea	639135d89444fb141f4e6eea_639135d89444fb141f4e6eeb	findQuestItem	在塔科夫街区取得记载有人口数据的记录	Obtain the journal containing resident details on Streets of Tarkov	1	0
pve	639135d89444fb141f4e6eea	639135d89444fb141f4e6eea_639135d89444fb141f4e6eec	giveQuestItem	上交日志	Hand over the journal	1	0
pve	639135e0fa894f0a866afde6	639135e0fa894f0a866afde6_639135e0fa894f0a866afde7	findQuestItem	取得装有毒品样本的容器	Obtain the container with drug samples	1	0
pve	639135e0fa894f0a866afde6	639135e0fa894f0a866afde6_639135e0fa894f0a866afde8	giveQuestItem	上交容器	Hand over the container	1	0
pve	639135e0fa894f0a866afde6	639135e0fa894f0a866afde6_63a7d64710b7a13eb015961f	visit	在塔科夫街区找到化学品实验室	Locate the chemical laboratory on Streets of Tarkov	0	0
pve	639135e0fa894f0a866afde6	639135e0fa894f0a866afde6_6a5675112830d55110e00a8f	shoot	在塔科夫街区消灭 Scav	Eliminate Scavs on Streets of Tarkov	10	0
pve	639135e8c115f907b14700aa	639135e8c115f907b14700aa_639135e8c115f907b14700ab	findQuestItem	取得塔科夫街区 Concordia 公寓区停车场车辆进出情况的相关数据	Obtain the data on vehicle movement at the Concordia residential complex parking lot on Streets of Tarkov	1	0
pve	639135e8c115f907b14700aa	639135e8c115f907b14700aa_639135e8c115f907b14700ac	giveQuestItem	上交信息	Hand over the information	1	0
pve	639135f286e646067c176a87	639135f286e646067c176a87_63927f14744e452011470816	mark	在塔科夫街区找到第一辆LAV III装甲车，并使用MS2000指示器标记	Locate and mark the first LAV III with an MS2000 Marker on Streets of Tarkov	1	0
pve	639135f286e646067c176a87	639135f286e646067c176a87_63927f2d8ba6894d155e77e6	mark	在塔科夫街区找到斯特赖克轮式突击炮，并使用MS2000指示器标记	Locate and mark the Stryker with an MS2000 Marker on Streets of Tarkov	1	0
pve	639135f286e646067c176a87	639135f286e646067c176a87_63927f349444fb141f4e6f24	mark	在塔科夫街区找到第二辆LAV III装甲车，并使用MS2000指示器标记	Locate and mark the second LAV III with an MS2000 Marker on Streets of Tarkov	1	0
pve	639136d68ba6894d155e77cf	639136d68ba6894d155e77cf_639cee16f5765f47cc7f0ea1	extract	以幸存状态撤离该区域	Survive and extract from the location	1	0
pve	639136d68ba6894d155e77cf	639136d68ba6894d155e77cf_63a7d53904d3dc28a52a2100	visit	在塔科夫街区找到运送货物的车队	Locate the cargo convoy on Streets of Tarkov	0	0
pve	639136d68ba6894d155e77cf	639136d68ba6894d155e77cf_63a7d58004d3dc28a52a2102	visit	找到偷袭位置	Determine the ambush spot	0	0
pve	639136df4b15ca31f76bc31f	639136df4b15ca31f76bc31f_639285879444fb141f4e6f25	shoot	在森林的列车停放处消灭任意敌对目标	Eliminate any target at the train depot on Reserve	6	0
pve	639136df4b15ca31f76bc31f	639136df4b15ca31f76bc31f_63aaccae87413d64ae079631	useItem	在储备站火车站台上发射一枚黄色信号弹	Launch a yellow signal flare at the train depot on Reserve	1	0
pve	639136e84ed9512be67647db	639136e84ed9512be67647db_63929101744e452011470818	extract	在塔科夫街区幸存，并通过 Klimov 大街信号弹撤离点撤离	Survive and extract from Streets of Tarkov through Klimov Street (Flare)	1	0
pve	639136f086e646067c176a8b	639136f086e646067c176a8b_63929224744e45201147081a	shoot	在塔科夫街区消灭狙击 Scav	Eliminate Sniper Scavs on Streets of Tarkov	8	0
pve	639136fa9444fb141f4e6eee	639136fa9444fb141f4e6eee_639136fa9444fb141f4e6eef	findQuestItem	取得观察结果	Obtain the observation results	1	0
pve	639136fa9444fb141f4e6eee	639136fa9444fb141f4e6eee_639136fa9444fb141f4e6ef0	giveQuestItem	上交数据	Hand over the data	1	0
pve	639136fa9444fb141f4e6eee	639136fa9444fb141f4e6eee_63a7d8665199ab1f7d4a7747	visit	在塔科夫街区找到监视点位	Locate the surveillance spot on Streets of Tarkov	0	0
pve	63913715f8e5dd32bf4e3aaa	63913715f8e5dd32bf4e3aaa_639da5ec8fe84d33a25a1435	extract	以幸存状态撤离该区域	Survive and extract from the location	1	0
pve	63913715f8e5dd32bf4e3aaa	63913715f8e5dd32bf4e3aaa_63a7d99804d3dc28a52a2106	visit	在塔科夫街区的杂货商店找到血腥直播的拍摄地点	Locate the place of bloody broadcast inside the grocery store on Streets of Tarkov	0	0
pve	6391372c8ba6894d155e77d7	6391372c8ba6894d155e77d7_639da86bad9d7e3216668fd7	extract	以幸存状态撤离该区域	Survive and extract from the location	1	0
pve	6391372c8ba6894d155e77d7	6391372c8ba6894d155e77d7_63a7d6d61f06d111271f5aeb	visit	在塔科夫街区找到邪教徒的聚集处	Locate the cultist meeting spot on Streets of Tarkov	0	0
pve	6391d90f4ed9512be67647df	6391d90f4ed9512be67647df_6391d9ba4b15ca31f76bc325	findQuestItem	在灯塔获得V3 U盘	Obtain the V3 Flash drive on Lighthouse	1	0
pve	6391d90f4ed9512be67647df	6391d90f4ed9512be67647df_6391d9e7ee79ee703e3012e5	findItem	重置无线电发射器	Reflash the Radio transmitter	1	0
pve	6391d90f4ed9512be67647df	6391d90f4ed9512be67647df_6391d9fd8ba6894d155e77db	giveQuestItem	上交U盘	Hand over the flash drive	1	0
pve	6391d90f4ed9512be67647df	6391d90f4ed9512be67647df_63ab6a89e842787ad2135719	visit	前往灯塔	Visit the Lighthouse building	0	0
pve	6391d912f8e5dd32bf4e3ab2	6391d912f8e5dd32bf4e3ab2_6391d9ba4b15ca31f76bc325	findQuestItem	在灯塔获得V3 U盘	Obtain the V3 Flash drive on Lighthouse	1	0
pve	6391d912f8e5dd32bf4e3ab2	6391d912f8e5dd32bf4e3ab2_6391d9e7ee79ee703e3012e5	findItem	重置无线电发射器	Reflash the Radio transmitter	1	0
pve	6391d912f8e5dd32bf4e3ab2	6391d912f8e5dd32bf4e3ab2_6391d9fd8ba6894d155e77db	giveQuestItem	上交U盘	Hand over the flash drive	1	0
pve	6391d912f8e5dd32bf4e3ab2	6391d912f8e5dd32bf4e3ab2_63ab6a89e842787ad2135719	visit	前往灯塔	Visit the Lighthouse building	0	0
pve	6391d9144b15ca31f76bc323	6391d9144b15ca31f76bc323_6391d9ba4b15ca31f76bc325	findQuestItem	在灯塔获得V3 U盘	Obtain the V3 Flash drive on Lighthouse	1	0
pve	6391d9144b15ca31f76bc323	6391d9144b15ca31f76bc323_6391d9e7ee79ee703e3012e5	findItem	重置无线电发射器	Reflash the Radio transmitter	1	0
pve	6391d9144b15ca31f76bc323	6391d9144b15ca31f76bc323_6391d9fd8ba6894d155e77db	giveQuestItem	上交U盘	Hand over the flash drive	1	0
pve	6391d9144b15ca31f76bc323	6391d9144b15ca31f76bc323_63ab6a89e842787ad2135719	visit	前往灯塔	Visit the Lighthouse building	0	0
pve	639282134ed9512be67647ed	639282134ed9512be67647ed_639cdf9aad9d7e3216668fd0	extract	以幸存状态撤离该区域	Survive and extract from the location	1	0
pve	639282134ed9512be67647ed	639282134ed9512be67647ed_63a7d444f32fa1316250c3d5	visit	在塔科夫街区找到运送货物的车队	Locate the cargo convoy on Streets of Tarkov	0	0
pve	639282134ed9512be67647ed	639282134ed9512be67647ed_63a7d461f32fa1316250c3d7	visit	找到偷袭位置	Determine the ambush spot	0	0
pve	63966faeea19ac7ed845db2c	63966faeea19ac7ed845db2c_6397a2eee5d9c6753c61e2d8	extract	在森林幸存，并通过南部载具撤离点撤离	Survive and extract from Woods through Bridge V-Ex	1	0
pve	63966faeea19ac7ed845db2c	63966faeea19ac7ed845db2c_6397a3b6f376f0344e45711b	extract	在海关幸存，并通过宿舍载具撤离点撤离	Survive and extract from Customs through Dorms V-Ex	1	0
pve	63966faeea19ac7ed845db2c	63966faeea19ac7ed845db2c_6397a47fe5d9c6753c61e2da	extract	在立交桥幸存，并通过发电站载具撤离点撤离	Survive and extract from Interchange through Power Station V-Ex	1	0
pve	63966faeea19ac7ed845db2c	63966faeea19ac7ed845db2c_6397a5cbdcdd126fef173f36	extract	在塔科夫街区幸存，并通过Primorsky（Приморский）大道出租车载具撤离点撤离	Survive and extract from Streets of Tarkov through Primorsky Ave Taxi V-Ex	1	0
pve	63966faeea19ac7ed845db2c	63966faeea19ac7ed845db2c_6397a6942e519e69d2139b25	mark	在塔科夫街区找到第一辆Patrol-A装甲车，并使用MS2000指示器标记	Locate and mark the first Patrol-A armored vehicle with an MS2000 Marker on Streets of Tarkov	1	0
pve	63966faeea19ac7ed845db2c	63966faeea19ac7ed845db2c_6397a7ce706b793c7d6094c9	mark	在塔科夫街区找到第二辆Patrol-A装甲车，并使用MS2000指示器标记	Locate and mark the second Patrol-A armored vehicle with an MS2000 Marker on Streets of Tarkov	1	0
pve	63966faeea19ac7ed845db2c	63966faeea19ac7ed845db2c_65e09d3f0d1442c78274027e	extract	在中心区通过警方封锁线载具撤离点撤离	Survive and extract from Ground Zero through Police Cordon V-Ex	1	0
pve	63966fbeea19ac7ed845db2e	63966fbeea19ac7ed845db2e_63990a1ddcdd126fef1771c1	findQuestItem	找到线人的日记	Obtain the informant's journal	1	0
pve	63966fbeea19ac7ed845db2e	63966fbeea19ac7ed845db2e_63990ae2dcdd126fef1771c2	giveQuestItem	将情报上交给Lightkeeper	Bring the information to Lightkeeper	1	0
pve	63966fbeea19ac7ed845db2e	63966fbeea19ac7ed845db2e_63a7cee004d3dc28a52a20f8	visit	在塔科夫街区找到线人备用藏身处	Locate the informant's backup hideout on Streets of Tarkov	0	0
pve	63966fccac6f8f3c677b9d89	63966fccac6f8f3c677b9d89_6399b45d98e4ed53fa4632db	findQuestItem	在灯塔的游荡者基地找到伪造的情报	Obtain the forged intelligence at the Rogue base on Lighthouse	1	0
pve	63966fccac6f8f3c677b9d89	63966fccac6f8f3c677b9d89_6399c929d65735732c6ba766	findQuestItem	在储备站的维修中心里找到原始情报	Obtain the original intelligence in the repair station on Reserve	1	0
pve	63966fccac6f8f3c677b9d89	63966fccac6f8f3c677b9d89_6399ca5fe101160ce05706ac	plantQuestItem	将伪造的情报藏匿在BMP-2下方以完成调包	Stash the forged intelligence under the BMP-2 in place of the original	1	0
pve	63966fccac6f8f3c677b9d89	63966fccac6f8f3c677b9d89_6399cc30b5992f573c65782b	giveQuestItem	将原始情报带给Lightkeeper	Bring the original intelligence to Lightkeeper	1	0
pve	63966fccac6f8f3c677b9d89	63966fccac6f8f3c677b9d89_63b33cd9862e1142130b610c	extract	撤离灯塔	Extract from Lighthouse	1	0
pve	63966fd9ea19ac7ed845db30	63966fd9ea19ac7ed845db30_6397ae22e301557ae24cbfe7	shoot	找到并消灭Glukhar	Locate and neutralize Glukhar	1	0
pve	63966fd9ea19ac7ed845db30	63966fd9ea19ac7ed845db30_6397ae672e519e69d2139b28	shoot	消灭Glukhar的保镖	Eliminate Glukhar's guards	6	0
pve	63966fd9ea19ac7ed845db30	63966fd9ea19ac7ed845db30_6397af5cf376f0344e457120	extract	在储备站幸存，并从峭壁斜坡撤离	Survive and extract from Reserve through Cliff Descent	1	0
pve	63966fd9ea19ac7ed845db30	63966fd9ea19ac7ed845db30_63a9ad4cc31b00242d28a99d	useItem	在雷达站发射一枚黄色信号弹	Shoot a yellow signal flare at the radar station	1	0
pve	63966fe7ea74a47c2d3fc0e6	63966fe7ea74a47c2d3fc0e6_639914b61c712b1e1d4dafcb	shoot	在森林的山区附近击杀PMC	Eliminate PMC operatives around the mountain area on Woods	15	0
pve	63966fe7ea74a47c2d3fc0e6	63966fe7ea74a47c2d3fc0e6_639915f339cb4711771bedc6	plantItem	将TerraGroup "蓝色文件夹"藏匿在森林USEC营地的黑色SUV里面	Hide the TerraGroup "Blue Folders" materials inside the black SUV in the USEC camp on Woods	1	0
pve	63966fe7ea74a47c2d3fc0e6	63966fe7ea74a47c2d3fc0e6_63991601deadb12b2d7c6027	plantItem	将TerraGroup "蓝色文件夹"藏匿在USEC营地卫星天线附近的箱子里	Hide the TerraGroup "Blue Folders" materials in the crates near the satellite antenna in the USEC camp on Woods	1	0
pve	63966ff54c3ef01b6f3ffad8	63966ff54c3ef01b6f3ffad8_639a76e3e4aa7349085cb6e3	shoot	在立交桥使用Ash-12击杀任何位于Kiba Arms商店附近的敌人	Eliminate any target around the Kiba Arms store while using an ASh-12 on Interchange	20	0
pve	63966ff54c3ef01b6f3ffad8	63966ff54c3ef01b6f3ffad8_639a77b97cb1a8023d49f683	plantItem	将咸狗牛肉肠藏匿在Kiba Arms商店里	Stash a Salty Dog beef sausage inside the Kiba Arms store	1	0
pve	63966ff54c3ef01b6f3ffad8	63966ff54c3ef01b6f3ffad8_639a78046402c537c15d012f	plantItem	将一瓶“凶狠跑刀崽”月光藏匿在秘密安全屋里	Stash a Bottle of Fierce Hatchling moonshine inside the secret secure hideout	1	0
pve	63966ff54c3ef01b6f3ffad8	63966ff54c3ef01b6f3ffad8_639a78c27cb1a8023d49f684	plantItem	将厕纸藏匿在秘密物资箱里	Stash a Toilet paper inside the secret container stash	1	0
pve	63966ff54c3ef01b6f3ffad8	63966ff54c3ef01b6f3ffad8_639a79785e3c9b787264d672	extract	以幸存状态撤离该区域	Survive and extract from the location	1	0
pve	639670029113f06a7c3b2377	639670029113f06a7c3b2377_639adf3edbf1d842d260cda6	shoot	击杀掠夺者	Eliminate Raiders	20	0
pve	639670029113f06a7c3b2377	639670029113f06a7c3b2377_639ae49a5e3c9b787264d675	findQuestItem	在实验室的主管办公室里找到加密磁带	Obtain the secured tape inside the manager's office in The Lab	1	0
pve	639670029113f06a7c3b2377	639670029113f06a7c3b2377_639ae5445b201a534f436ef3	giveQuestItem	将磁带上交给Lightkeeper	Bring the tape to Lightkeeper	1	0
pve	639670029113f06a7c3b2377	639670029113f06a7c3b2377_63a7cf9f04d3dc28a52a20fa	visit	搜索实验室的武器测试区域	Search the weapon testing area in The Lab	0	0
pve	639670029113f06a7c3b2377	639670029113f06a7c3b2377_63a7cfe104d3dc28a52a20fc	visit	搜索实验室的人体实验室	Search the human experiment room in The Lab	0	0
pve	6396700fea19ac7ed845db32	6396700fea19ac7ed845db32_639c359f0a20a7001f00c7a8	plantItem	在红色桌子附近藏匿一个 AI .338 LM 战术声音抑制器	Hide AI Tactical Sound Moderator .338 LM near the red table	1	0
pve	6396700fea19ac7ed845db32	6396700fea19ac7ed845db32_639c39807c1532d85b0162a9	plantItem	在山羊床底下藏匿一个Trijicon REAP-IR热成像步枪瞄准镜	Hide Trijicon REAP-IR thermal scope under Makhors' bed	1	0
pve	6396700fea19ac7ed845db32	6396700fea19ac7ed845db32_639c3e21a1c5f814670c35e8	extract	以幸存状态撤离该区域	Survive and extract from the location	1	0
pve	6396700fea19ac7ed845db32	6396700fea19ac7ed845db32_63a7d2acee7b4d0d5507baf2	visit	在塔科夫街区的 Concordia 公寓内找到一处能够俯瞰建筑工地的狙击点	Locate a good sniping position in Concordia overlooking the construction site	0	0
pve	6396700fea19ac7ed845db32	6396700fea19ac7ed845db32_63a7d315f32fa1316250c3d2	visit	在塔科夫街区的 Primorsky 公寓楼内找到一处能够俯瞰十字路口的狙击点	Locate a good sniping position at Primorsky overlooking the movie theater	0	0
pve	6396701b9113f06a7c3b2379	6396701b9113f06a7c3b2379_6397ac912e519e69d2139b26	shoot	从350开外击杀狙击Scav	Eliminate Sniper Scavs from over 350 meters away	10	0
pve	6396701b9113f06a7c3b2379	6396701b9113f06a7c3b2379_639a169e6cd47c525121a116	skill	达到指定的栓动式步枪操作技能等级	Reach the required Bolt-action Rifles skill level	0	0
pve	63967028c4a91c5cb76abd81	63967028c4a91c5cb76abd81_639ae7423174277743234bb7	shoot	清理区域内的PMC	Secure the area from hostile PMC operatives	50	0
pve	63967028c4a91c5cb76abd81	63967028c4a91c5cb76abd81_639aea2228d8a21b593a3491	mark	使用MS2000指示器标记货物所在区域	Mark the cargo area with an MS2000 Marker	1	0
pve	63967028c4a91c5cb76abd81	63967028c4a91c5cb76abd81_639b002fda859817035a344b	extract	以幸存状态撤离该区域	Survive and extract from the location	1	0
pve	63967028c4a91c5cb76abd81	63967028c4a91c5cb76abd81_63bd64552803ffbfad0e3e48	visit	在塔科夫街区找到装有货物的载具	Locate the transport holding the cargo on Streets of Tarkov	0	0
pve	63967028c4a91c5cb76abd81	63967028c4a91c5cb76abd81_63bd64ba3d34b0e64b0d0a17	useItem	在装甲车队附近发射黄色信号弹以表明任务完成	Launch a yellow flare near the armored convoy to confirm that the job is done	1	0
pve	639872f9decada40426d3447	639872f9decada40426d3447_63987404e5163c24b3029356	buildWeapon	按照要求改装OP-SKS	Modify an OP-SKS to comply with the given specifications	1	0
pve	639872fa9b4fb827b200d8e5	639872fa9b4fb827b200d8e5_6398776f93ae507d5858c3a8	buildWeapon	按照要求改装P226R	Modify a P226R to comply with the given specifications	1	0
pve	639872fc93ae507d5858c3a6	639872fc93ae507d5858c3a6_63987860c8f8cc12a47b02a6	buildWeapon	按照要求改装KRISS Vector 9x19	Modify a KRISS Vector 9x19 to comply with the given specifications	1	0
pve	639872fe8871e1272b10ccf6	639872fe8871e1272b10ccf6_639879addecada40426d3449	buildWeapon	按照要求改装HK 416A5	Modify an HK 416A5 to comply with the given specifications	1	0
pve	639873003693c63d86328f25	639873003693c63d86328f25_63987a4e3693c63d86328f27	buildWeapon	按照要求改装SVDS	Modify an SVDS to comply with the given specifications	1	0
pve	63987301e11ec11ff5504036	63987301e11ec11ff5504036_63987b49cd51826f7a069b85	buildWeapon	按照要求改装M700	Modify an M700 to comply with the given specifications	1	0
pve	63987301e11ec11ff5504036	63987301e11ec11ff5504036_63987b9c05aa481907106505	buildWeapon	按照要求改装M1911	Modify an M1911 to comply with the given specifications	1	0
pve	639dbaf17c898a131e1cffff	639dbaf17c898a131e1cffff_63a7cd3aee7b4d0d5507baee	visit	在塔科夫街区找到老赖	Locate the debtor on Streets of Tarkov	0	0
pve	639dbaf17c898a131e1cffff	639dbaf17c898a131e1cffff_6a5a96d23542bf577a87a59d	giveItem	上交物品：铁门钥匙	Hand over the item: Iron gate key	1	0
pve	639dbaf17c898a131e1cffff	639dbaf17c898a131e1cffff_6a5a9710671cbfe928bbfde2	visit	在塔科夫街区找到私人监狱看守的公寓房间	Locate the private prison warden's apartment on Streets of Tarkov	0	0
pve	63a511ea30d85e10e375b045	63a511ea30d85e10e375b045_63a511ea30d85e10e375b047	extract	以幸存状态撤离该区域	Survive and extract from the location	1	0
pve	63a511ea30d85e10e375b045	63a511ea30d85e10e375b045_63ac22b8f627f540861d1b2d	visit	在塔科夫街区的老房子里找到血腥直播的拍摄地点	Locate the place of bloody broadcast inside the old house on Streets of Tarkov	0	0
pve	63a5cf262964a7488f5243ce	63a5cf262964a7488f5243ce_63a5cf262964a7488f5243d1	shoot	在森林、中心区、立交桥或海关使用 MP5SD 消灭 PMC 行动人员	Eliminate PMC operatives with an MP5SD on Woods, Ground Zero, Interchange, or Customs	5	0
pve	63a88045abf76d719f42d715	63a88045abf76d719f42d715_63a98cdf655ec5555b4aa9e6	giveItem	上交战局中找到的物品：咸狗牛肉肠	Hand over the found in raid item: Salty Dog beef sausage	1	0
pve	63a88045abf76d719f42d715	63a88045abf76d719f42d715_63a98cfbc31b00242d28a95b	visit	搜索Nikitskaya大街的Shestyorochka（Шестёрочка）商店	Scout the Shestyorochka store at Nikitskaya street	0	0
pve	63a88045abf76d719f42d715	63a88045abf76d719f42d715_63a98d24655ec5555b4aa9e7	visit	搜索Primorsky大道的Sparja（Спаржа）商店	Scout the Sparja store at Primorsky ave	0	0
pve	63a88045abf76d719f42d715	63a88045abf76d719f42d715_63a98d39da7999196148ba3a	visit	搜索Pinewood酒店的Sparja（Спаржа）商店	Scout the Sparja store in Pinewood hotel	0	0
pve	63a88045abf76d719f42d715	63a88045abf76d719f42d715_63a98d60c0f61a5d8731cd9f	visit	搜索Concordia区的Goshan商店	Scout the Goshan store in Concordia	0	0
pve	63a9ae24009ffc6a551631a5	63a9ae24009ffc6a551631a5_63a9ae63da7999196148ba5c	shoot	在储备站或灯塔使用 AK-74 系列突击步枪消灭任意目标	Eliminate any target with AK-74 series weapons on Reserve or Lighthouse	30	0
pve	63a9b229813bba58a50c9ee5	63a9b229813bba58a50c9ee5_63a9b229813bba58a50c9ee6	shoot	使用 AR-15 系列武器在储备站、灯塔、海岸线或中心区从 100 米外消灭任意敌对目标	Eliminate any target with AR-15 weapons from over 100 meters away on Reserve, Lighthouse, Shoreline, or Ground Zero	30	0
pve	63a9b36cc31b00242d28a99f	63a9b36cc31b00242d28a99f_63a9b3d7813bba58a50c9ee9	shoot	在日间工厂使用近战武器消灭 Scav	Eliminate Scavs with melee weapons on daytime Factory	10	0
pve	63a9b36cc31b00242d28a99f	63a9b36cc31b00242d28a99f_63a9b41dad5cc12f22162022	shoot	在塔科夫街区使用近战武器消灭 Scav	Eliminate Scavs with melee weapons on Streets of Tarkov	10	0
pve	63a9b36cc31b00242d28a99f	63a9b36cc31b00242d28a99f_63a9b45bda7999196148ba5f	shoot	在灯塔使用近战武器消灭 Scav	Eliminate Scavs with melee weapons on Lighthouse	10	0
pve	63a9b36cc31b00242d28a99f	63a9b36cc31b00242d28a99f_63a9b557da7999196148ba61	shoot	在海岸线使用近战武器消灭 Scav	Eliminate Scavs with melee weapons on Shoreline	10	0
pve	63a9b36cc31b00242d28a99f	63a9b36cc31b00242d28a99f_63a9b5f064b9631d9178276b	shoot	在储备站使用近战武器消灭 Scav	Eliminate Scavs with melee weapons on Reserve	10	0
pve	63a9b36cc31b00242d28a99f	63a9b36cc31b00242d28a99f_65e0a329893b7bf535c6a9fd	shoot	在中心区使用近战武器消灭 Scav	Eliminate Scavs with melee weapons on Ground Zero	10	0
pve	63ab180c87413d64ae0ac20a	63ab180c87413d64ae0ac20a_63ab184ff627f540861d1185	extract	在塔科夫街区幸存，并通过Primorsky（Приморский）大道出租车载具撤离点撤离	Survive and extract from Streets of Tarkov through Primorsky Ave Taxi V-Ex	1	0
pve	64e7b971f9d6fa49d6769b44	64e7b971f9d6fa49d6769b44_64e7ba17220ee966bf425ecb	shoot	找到并消灭Kaban	Locate and neutralize Kaban	1	0
pve	64e7b99017ab941a6f7bf9d7	64e7b99017ab941a6f7bf9d7_64e7bc2c5e6d3e61ca2ca097	shoot	在塔科夫街区的 Stylobate 大楼附近使用手枪消灭任意目标	Eliminate any target at the stylobate building while using Pistols on Streets of Tarkov	15	0
pve	64e7b9a4aac4cd0a726562cb	64e7b9a4aac4cd0a726562cb_64e7bd0c6393886f74119f41	shoot	在塔科夫街区的Rodina影院建筑附近使用冲锋枪击杀任意敌对目标	Eliminate any target at the Rodina cinema while using SMGs on Streets of Tarkov	25	0
pve	64e7b9bffd30422ed03dad38	64e7b9bffd30422ed03dad38_64e7bdd52d369a1c0172722f	shoot	在塔科夫街区使用突击步枪或突击卡宾枪消灭任意敌对目标	Eliminate any target with Assault rifles or Assault carbines on Streets of Tarkov	20	0
pve	64ee99639878a0569d6ec8c9	64ee99639878a0569d6ec8c9_64ee9a979878a0569d6ec8cb	visit	在塔科夫街区的Chekannaya大街找到仪式地点	Locate the ritual spot on Chekannaya st. on Streets of Tarkov	0	0
pve	64ee99639878a0569d6ec8c9	64ee99639878a0569d6ec8c9_64ee9b5a1a5f313cb144bf87	plantItem	在仪式地点藏匿一把邪教徒的刀	Stash a Cultist knife at the ritual spot	1	0
pve	64ee99639878a0569d6ec8c9	64ee99639878a0569d6ec8c9_64eea404a2a5bb727b61c31e	shoot	找到并消灭邪教徒祭司	Locate and neutralize Priest	1	0
pve	64ee9df4496db64f9b7a4432	64ee9df4496db64f9b7a4432_64ee9df4496db64f9b7a4433	visit	在塔科夫街区调查神秘的信号干扰	Locate the cause of the signal interference on Streets of Tarkov	0	0
pve	64ee9df4496db64f9b7a4432	64ee9df4496db64f9b7a4432_64ee9df4496db64f9b7a4435	plantItem	安装WI-FI摄像头以监视房门	Install a WI-FI Camera to watch the door	1	0
pve	64ee9df4496db64f9b7a4432	64ee9df4496db64f9b7a4432_64eea6059878a0569d6ec98b	plantItem	安装WI-FI摄像头以监视楼梯	Install a WI-FI Camera to watch the stairwell	1	0
pve	64f3176921045e77405d63b5	64f3176921045e77405d63b5_64f3176921045e77405d63ba	findQuestItem	在塔科夫街区找到并获取救护车急救员的手机	Locate and obtain the ambulance paramedic's smartphone on Streets of Tarkov	1	0
pve	64f3176921045e77405d63b5	64f3176921045e77405d63b5_64f3176921045e77405d63bb	giveQuestItem	上交手机	Hand over the smartphone	1	0
pve	64f3176921045e77405d63b5	64f3176921045e77405d63b5_64f4fdfa67e11a7c6206de72	extract	通过Primorsky大道出租车载具撤离点撤离	Extract from Streets of Tarkov through Primorsky Ave Taxi V-Ex	1	0
pve	64f5aac4b63b74469b6c14c2	64f5aac4b63b74469b6c14c2_64f5aac4b63b74469b6c14c7	visit	在塔科夫街区找到Prapor朋友的工作地点	Locate the place of work of Prapor's friend on Streets of Tarkov	0	0
pve	64f5aac4b63b74469b6c14c2	64f5aac4b63b74469b6c14c2_64f5b876a2a5bb727b61c5ad	findQuestItem	收集任何与 Prapor 朋友下落有关的信息	Obtain any information on the fate of Prapor's friend	1	0
pve	64f5aac4b63b74469b6c14c2	64f5aac4b63b74469b6c14c2_64f5bbc967e11a7c6206e00e	giveQuestItem	上交数据	Hand over the found data	1	0
pve	64f5aac4b63b74469b6c14c2	64f5aac4b63b74469b6c14c2_6a26943d55478d73e6b4fadf	visit	在塔科夫街区找到Prapor朋友的公寓	Locate the apartment of Prapor's friend on Streets of Tarkov	0	1
pve	64f5deac39e45b527a7c4232	64f5deac39e45b527a7c4232_64f5deac39e45b527a7c4235	shoot	在灯塔、海关或储备站使用装有Valday PS-320 1/6x瞄准镜与消音器的AK-12击杀PMC行动人员	Eliminate 20 PMCs with AK-12 with the proprietary suppressor and PS-320 scope on Lighthouse, Customs, or Reserve	10	0
pve	64f5e20652fc01298e2c61e3	64f5e20652fc01298e2c61e3_64f6a9e6dd44b6417729b535	findQuestItem	在塔科夫街区的白鲸餐厅找到并获取有关烹饪的秘密信息	Locate and obtain information on culinary secrets at the Beluga restaurant on Streets of Tarkov	1	0
pve	64f5e20652fc01298e2c61e3	64f5e20652fc01298e2c61e3_64f6aa6cdd44b6417729b536	giveQuestItem	上交找到的信息	Hand over the found data	1	0
pve	64f6aafd67e11a7c6206e0d0	64f6aafd67e11a7c6206e0d0_64f6aafd67e11a7c6206e0d1	findQuestItem	在塔科夫街区的 TerraGroup 办公室找到并获取红色瓶装神秘原料	Locate and obtain the red vial at the TerraGroup office on Streets of Tarkov	1	0
pve	64f6aafd67e11a7c6206e0d0	64f6aafd67e11a7c6206e0d0_64f6aafd67e11a7c6206e0d2	giveQuestItem	上交找到的物品	Hand over the found item	1	0
pve	64f731ab83cfca080a361e42	64f731ab83cfca080a361e42_64f731fa39e45b527a7c4300	visit	在塔科夫街区找到并检查兽医诊所	Locate and scout the vet clinic on Streets of Tarkov	0	0
pve	64f731ab83cfca080a361e42	64f731ab83cfca080a361e42_64f732240e186112c4455d84	visit	在塔科夫街区找到并检查 X 光技师的工作间	Locate and scout the x-ray technician's room on Streets of Tarkov	0	0
pve	64f731ab83cfca080a361e42	64f731ab83cfca080a361e42_6a568465f58d7f6b0a60fe7f	visit	在塔科夫街区 Primorsky 大街找到第一家药店	Locate the first pharmacy on Primorsky Ave on Streets of tarkov	0	0
pve	64f731ab83cfca080a361e42	64f731ab83cfca080a361e42_6a56846efc5f232676a88d09	visit	在塔科夫街区 Primorsky 大街找到第二家药店	Locate the second pharmacy on Primorsky Ave on Streets of tarkov	0	0
pve	64f731ab83cfca080a361e42	64f731ab83cfca080a361e42_6a56847638efe4385b7efdb3	visit	在塔科夫街区 Cardinal 公寓区附近找到第三家药店	Locate the pharmacy near Cardinal apartment complex on Streets of tarkov	0	0
pve	64f731ab83cfca080a361e42	64f731ab83cfca080a361e42_6a5684f79688ddb4fea39af6	giveItem	上交任意在战局中找到的医疗物品	Hand over any found in raid medicine items	5	0
pve	64f83bb69878a0569d6ecfbe	64f83bb69878a0569d6ecfbe_64f83d0eed30ed471f49bcde	buildWeapon	按照要求改装CMMG Mk47	Modify a CMMG Mk47 Mutant to comply with the given specifications	1	0
pve	64f83bcdde58fc437700d8fa	64f83bcdde58fc437700d8fa_64f83e9d52fc01298e2c857e	buildWeapon	按照要求改装KAC SR-25	Modify a KAC SR-25 to comply with the given specifications	1	0
pve	64f83bd983cfca080a362c82	64f83bd983cfca080a362c82_64f841199a4f905106515448	buildWeapon	按照要求改装PKP机枪	Modify a PKP machine gun to comply with the given specifications	1	0
pve	6572e876dc0d635f633a5714	6572e876dc0d635f633a5714_6572e876dc0d635f633a5718	visit	在塔科夫街区的Klimov大街找到第一批ATM机	Locate the first group of ATMs on Klimov Street on Streets of Tarkov	0	1
pve	6572e876dc0d635f633a5714	6572e876dc0d635f633a5714_65730579d50436e87723dae4	visit	在塔科夫街区的Klimov大街找到第一台ATM机	Locate the first ATM on Klimov Street on Streets of Tarkov	0	1
pve	6572e876dc0d635f633a5714	6572e876dc0d635f633a5714_6573058b4e3f646b0e364add	visit	在塔科夫街区 Klimov 大街找到第一批 ATM 机	Locate the first group of ATMs inside Klimov Shopping Mall on Streets of Tarkov	0	1
pve	6572e876dc0d635f633a5714	6572e876dc0d635f633a5714_6573058d6a542c099ce5d92b	visit	在塔科夫街区 Klimov 商场内找到第一台 ATM 机	Locate the first ATM inside Klimov Shopping Mall on Streets of Tarkov	0	1
pve	6572e876dc0d635f633a5714	6572e876dc0d635f633a5714_6573058f5c2ba64444301c25	visit	在塔科夫街区 Klimov 商场内找到第二批 ATM 机	Locate the second group of ATMs inside Klimov Shopping Mall on Streets of Tarkov	0	1
pve	6572e876dc0d635f633a5714	6572e876dc0d635f633a5714_657305913186869491d7f5fd	visit	在塔科夫街区 Klimov 商场内找到第二台 ATM 机	Locate the second ATM inside Klimov Shopping Mall on Streets of Tarkov	0	1
pve	6572e876dc0d635f633a5714	6572e876dc0d635f633a5714_65730593d4b1bd9359203a74	visit	在塔科夫街区 Klimov 商场内找到第三台 ATM 机	Locate the third ATM inside Klimov Shopping Mall on Streets of Tarkov	0	1
pve	6572e876dc0d635f633a5714	6572e876dc0d635f633a5714_65730595fd5ec1426ebd5484	visit	在塔科夫街区 Klimov 商场内找到第三批 ATM 机	Locate the third group of ATMs inside Klimov Shopping Mall on Streets of Tarkov	0	1
pve	6572e876dc0d635f633a5714	6572e876dc0d635f633a5714_65730597d64537696cc661c6	visit	在塔科夫街区 Klimov 大街找到第二台ATM机	Locate the second ATM on Klimov Street on Streets of Tarkov	0	1
pve	6572e876dc0d635f633a5714	6572e876dc0d635f633a5714_657305989d1d1fe81237e9e7	visit	在塔科夫街区 Klimov 大街找到第三台ATM机	Locate the third ATM on Klimov Street on Streets of Tarkov	0	1
pve	6572e876dc0d635f633a5714	6572e876dc0d635f633a5714_6a5b8db01dc53f0f3ec7f0d9	mark	在塔科夫街区使用 MS2000 指示器标记 Klimov 大道上的任意一台 ATM 机	Mark any ATM on Klimov Street with an MS2000 Marker on Streets of Tarkov	1	0
pve	657315ddab5a49b71f098853	657315ddab5a49b71f098853_65732ac3c67dcd96adffa3c7	visit	在中心区找到 Emercom 站点	Locate the Emercom station on Ground Zero	0	0
pve	657315ddab5a49b71f098853	657315ddab5a49b71f098853_65817bf31404f3565aef9fec	giveItem	上交任意在战局中找到的医疗物品	Hand over any found in raid medicine items	3	0
pve	657315df034d76585f032e01	657315df034d76585f032e01_657333fee3fbaa77d3b5cd7c	visit	在中心区找到 KORD Utyos 机枪	Locate the Utyos machine gun on Ground Zero	0	0
pve	657315df034d76585f032e01	657315df034d76585f032e01_6573340403f471fb2bb12df1	visit	在中心区找到 AGS 榴弹发射器	Locate the AGS grenade launcher on Ground Zero	0	0
pve	657315df034d76585f032e01	657315df034d76585f032e01_6a54a310b22ea41cf1c54a20	shoot	在中心区消灭任意敌对目标	Eliminate any target on Ground Zero	5	0
pve	657315e1dccd301f1301416a	657315e1dccd301f1301416a_6575aa67197bd678a0c3f552	visit	在中心区找到酒商店	Locate the liquor store on Ground Zero	0	0
pve	657315e1dccd301f1301416a	657315e1dccd301f1301416a_65817cabba2ba6ef71fc72ca	findQuestItem	在商店中找到并获取酒瓶	Locate and obtain the wine bottle in the store	1	0
pve	657315e1dccd301f1301416a	657315e1dccd301f1301416a_65817cd2881a7e07b3ec1249	giveQuestItem	上交酒瓶	Hand over the wine bottle	1	0
pve	657315e270bb0b8dba00cc48	657315e270bb0b8dba00cc48_65733e571b7e7ed95fcd2f0c	extract	在中心区使用载具撤离点	Use the paid vehicle extraction on Ground Zero	1	0
pve	657315e4a6af4ab4b50f3459	657315e4a6af4ab4b50f3459_6575a524a39d2be74e620546	visit	在中心区的 TerraGroup 大楼停车场找到 USEC PMC的踪迹	Locate the USEC group at the parking lot of the TerraGroup complex	0	1
pve	657315e4a6af4ab4b50f3459	657315e4a6af4ab4b50f3459_6575a62a62028c6d5cb43cb7	visit	在中心区的 TerraGroup 总部内找到实验室科学家	Locate the lab scientist in the TerraGroup complex	0	1
pve	657315e4a6af4ab4b50f3459	657315e4a6af4ab4b50f3459_6575a64d3fc09bdfb38b713d	visit	获得钥匙并进入科学家办公室	Access the lab scientist's office on Ground Zero	0	0
pve	657315e4a6af4ab4b50f3459	657315e4a6af4ab4b50f3459_65817fbbb454159976c91917	findQuestItem	找到并获取科学家的硬盘	Locate and obtain the scientist's hard drive	1	0
pve	657315e4a6af4ab4b50f3459	657315e4a6af4ab4b50f3459_65817fc99a039ed2e97896e4	giveQuestItem	上交硬盘	Hand over the hard drive	1	0
pve	65733403eefc2c312a759ddb	65733403eefc2c312a759ddb_65733403eefc2c312a759ddc	visit	在塔科夫街区找到IT公司的办公室	Locate the IT firm office on Streets of Tarkov	0	0
pve	65733403eefc2c312a759ddb	65733403eefc2c312a759ddb_65801ad655315fdce2096bec	visit	解开公司获得成功的秘密	Unravel the secret of the firm's success	0	0
pve	65733403eefc2c312a759ddb	65733403eefc2c312a759ddb_65801b07a26e65a69c2fedd1	extract	以幸存状态撤离该区域	Survive and extract from the location	1	0
pve	6573382e557ff128bf3da536	6573382e557ff128bf3da536_6573382e557ff128bf3da537	visit	解开塔科夫街区IT公司员工士气高涨的秘密	Unravel the secret of the IT firm's employees' high morale on Streets of Tarkov	0	0
pve	6573382e557ff128bf3da536	6573382e557ff128bf3da536_65800413f41301adef3c9698	extract	以幸存状态撤离该区域	Survive and extract from the location	1	0
pve	6573387d0b26ed4fde798de3	6573387d0b26ed4fde798de3_6573387d0b26ed4fde798de4	visit	在塔科夫街区的Primorsky大街找到第一家药店	Locate the first pharmacy on Primorsky Ave on Streets of Tarkov	0	0
pve	6573387d0b26ed4fde798de3	6573387d0b26ed4fde798de3_657338ded9b444e1fb07b1a8	visit	在塔科夫街区的Primorsky大街找到第二家药店	Locate the second pharmacy on Primorsky Ave on Streets of Tarkov	0	0
pve	6573387d0b26ed4fde798de3	6573387d0b26ed4fde798de3_657338ed8e8e3a05445b760d	visit	在塔科夫街区的Cardinal公寓区找到第三家药店	Locate the third pharmacy at Cardinal apartment complex on Streets of Tarkov	0	0
pve	6573387d0b26ed4fde798de3	6573387d0b26ed4fde798de3_658009db6b313a8a4ed58851	extract	以幸存状态撤离该区域	Survive and extract from the location	1	0
pve	6573397ef3f8344c4575cd87	6573397ef3f8344c4575cd87_6573397ef3f8344c4575cd88	visit	在塔科夫街区找到不动产管理处	Locate the real estate fund on Streets of Tarkov	0	0
pve	6573397ef3f8344c4575cd87	6573397ef3f8344c4575cd87_6581676e7a18ff402fd23e68	findQuestItem	找到并获取塔科夫地区的不动产交易记录	Locate and obtain the Tarkov real estate transactions document	1	0
pve	6573397ef3f8344c4575cd87	6573397ef3f8344c4575cd87_658167a0e53c40116f8632fa	giveQuestItem	上交找到的信息	Hand over the obtained information	1	0
pve	65734c186dc1e402c80dc19e	65734c186dc1e402c80dc19e_65734c186dc1e402c80dc1a2	shoot	在塔科夫街区佩戴 Bomber 无檐小便帽和雷硼嬉皮太阳镜消灭任意敌人	Eliminate any target while wearing a Bomber beanie and RayBench Hipster Reserve sunglasses on Streets of Tarkov	15	0
pve	65734c186dc1e402c80dc19e	65734c186dc1e402c80dc19e_657356c410becd24bc776f55	plantItem	在塔科夫街区的理发店里藏匿Bomber 无檐小便帽	Stash a Bomber beanie inside the barber shop on Streets of Tarkov	1	0
pve	65734c186dc1e402c80dc19e	65734c186dc1e402c80dc19e_657356d0a95a1e7e1a8d8d99	plantItem	在塔科夫街区的理发店里藏匿雷硼嬉皮太阳镜	Stash RayBench Hipster Reserve sunglasses inside the barber shop on Streets of Tarkov	1	0
pve	6574e0dedc0d635f633a5805	6574e0dedc0d635f633a5805_6574e0dedc0d635f633a5807	shoot	在海岸线、灯塔或储备站使用带有 EKP-1S-03 瞄具的 RPDN 机枪消灭任意目标	Eliminate any target with an RPDN with EKP-1S-03 sight on Shoreline, Lighthouse, or Reserve	40	0
pve	6578eb36e5020875d64645cd	6578eb36e5020875d64645cd_6578eb36e5020875d64645d0	shoot	找到并消灭Kollontay	Locate and neutralize Kollontay	1	0
pve	6578eb36e5020875d64645cd	6578eb36e5020875d64645cd_6582b05dc992d6dcc0a40c75	giveItem	上交在战局中找到的Kollontay的警棍	Hand over the found in raid Kollontay's police baton	1	0
pve	6578ec473dbd035d04531a8d	6578ec473dbd035d04531a8d_6578ec473dbd035d04531a92	mark	在森林使用 MS2000 指示器标记任意一个气象站	Mark any of the weather stations with an MS2000 Marker on Woods	1	0
pve	658027799634223183395339	658027799634223183395339_65802779963422318339533c	shoot	在海岸线或立交桥走私者营地范围内消灭任意目标	Eliminate any target at the smuggler bases on Shoreline or Interchange	10	0
pve	65802b627b44fa5e14638899	65802b627b44fa5e14638899_65802b627b44fa5e1463889a	visit	在海岸线找到Ragman的SUV	Locate Ragman's SUV on Shoreline	0	0
pve	65802b627b44fa5e14638899	65802b627b44fa5e14638899_65802bfabac8c53c548fca2a	extract	以幸存状态撤离该区域	Survive and extract from the location	1	0
pve	6613f3007f6666d56807c929	6613f3007f6666d56807c929_6613f36ca4dc044e13e02295	shoot	击杀掠夺者	Eliminate Raiders	100	0
pve	6613f3007f6666d56807c929	6613f3007f6666d56807c929_6616819ac7c53d7769413d9c	giveItem	上交在战局中找到的 WARTECH 品牌装备	Hand over the found in raid WARTECH brand equipment	50	0
pve	6613f307fca4f2f386029409	6613f307fca4f2f386029409_6615127fd998c5f2aaa4a8a0	shoot	击杀游荡者	Eliminate Rogues	100	0
pve	6613f307fca4f2f386029409	6613f307fca4f2f386029409_661681edabe376e7d6eab98f	giveItem	上交在战局中找到的 LBT 品牌装备	Hand over the found in raid LBT brand equipment	50	0
pve	66151401efb0539ae10875ae	66151401efb0539ae10875ae_66151401efb0539ae10875af	shoot	击杀掠夺者	Eliminate Raiders	100	0
pve	66151401efb0539ae10875ae	66151401efb0539ae10875ae_66168239957ac58c30b29135	giveItem	上交在战局中找到的 WARTECH 品牌装备	Hand over the found in raid WARTECH brand equipment	50	0
pve	6615141bfda04449120269a7	6615141bfda04449120269a7_6615141bfda04449120269a8	shoot	击杀游荡者	Eliminate Rogues	100	0
pve	6615141bfda04449120269a7	6615141bfda04449120269a7_661682aed31d408548016468	giveItem	上交在战局中找到的 LBT 品牌装备	Hand over the found in raid LBT brand equipment	50	0
pve	665eeacf5d86b6c8aa03c79b	665eeacf5d86b6c8aa03c79b_665eed28bdbf7b1f92394ecb	shoot	22:00-07:00 期间在海岸线消灭 Scav	Eliminate Scavs during 22:00-07:00 on Shoreline	12	0
pve	665eec1f5e47a79f8605565a	665eec1f5e47a79f8605565a_665ef4d93bd11acd294ac48c	findItem	在战局中找到物品：5 升丙烷罐	Find the item in raid: Propane tank (5L)	2	0
pve	665eec1f5e47a79f8605565a	665eec1f5e47a79f8605565a_665ef4f08f3a505364a8ab09	giveItem	上交物品	Hand over the items	2	0
pve	665eec4a4dfc83b0ed0a9dca	665eec4a4dfc83b0ed0a9dca_6661a14545909ae2e92ca2d5	visit	在森林找到指定埋藏点	Locate the specified stash spot on Woods	0	0
pve	665eec4a4dfc83b0ed0a9dca	665eec4a4dfc83b0ed0a9dca_6661a170945719c63f28d9c6	plantItem	埋藏第一个丙烷罐	Stash the first Propane tank (5L)	1	0
pve	665eec4a4dfc83b0ed0a9dca	665eec4a4dfc83b0ed0a9dca_6661a18a12e8457716d59f5d	visit	在海关找到指定埋藏点	Locate the specified stash spot on Customs	0	0
pve	665eec4a4dfc83b0ed0a9dca	665eec4a4dfc83b0ed0a9dca_6661a1a1b1953d6c96da8f0e	plantItem	埋藏第二个丙烷罐	Stash the second Propane tank (5L)	1	0
pve	665eeca45d86b6c8aa03c79d	665eeca45d86b6c8aa03c79d_6660785fc37356435d193ae4	visit	在海岸线找到与“渴死鬼”有关的任何信息	Locate any information about Thirsty on Shoreline	0	0
pve	665eeca45d86b6c8aa03c79d	665eeca45d86b6c8aa03c79d_66607896f2ea02201517c203	findQuestItem	在“渴死鬼”的藏身处找到信息	Obtain the information in Thirsty's hideout	1	0
pve	665eeca45d86b6c8aa03c79d	665eeca45d86b6c8aa03c79d_666078bee6ed30ab2294f593	giveQuestItem	上交找到的信息	Hand over the found information	1	0
pve	665eeca92f7aedcc900b0437	665eeca92f7aedcc900b0437_6661a28be2cdba6a469447c7	giveItem	上交战局中找到的物品：肾上腺素注射器	Hand over the found in raid item: Adrenaline injector	2	0
pve	665eeca92f7aedcc900b0437	665eeca92f7aedcc900b0437_6661a2ae387c59056c822add	giveItem	上交战局中找到的物品：OLOLO 瓶装复合维生素	Hand over the found in raid item: Bottle of OLOLO Multivitamins	4	0
pve	665eeca92f7aedcc900b0437	665eeca92f7aedcc900b0437_6661a2bf4846fd2b6ba30f90	giveItem	上交战局中找到的物品：瓶装生理盐水	Hand over the found in raid item: Bottle of saline solution	3	0
pve	66631489acf8442f8b05319f	66631489acf8442f8b05319f_6667193a41b0135d2df10fd9	shoot	在不消灭 Scav 的情况下消灭 PMC	Eliminate PMC operatives without killing Scavs	7	0
pve	6663148ca9290f9e0806cca1	6663148ca9290f9e0806cca1_666719fc7c5ae40e6adcf43e	extract	在“未知毒素”效果影响下撤离区域	Extract from the location with the "Unknown toxin" status effect	1	0
pve	6663148ed7f171c4c20226c1	6663148ed7f171c4c20226c1_666729738d4b7a9182ad4a89	findItem	在战局中找到物品：圣诞老人玩偶	Find the item in raid: Ded Moroz figurine	1	0
pve	6663148ed7f171c4c20226c1	6663148ed7f171c4c20226c1_66672a1a928cfea6db3ff6cb	giveItem	上交物品	Hand over the item	1	0
pve	6663148ed7f171c4c20226c1	6663148ed7f171c4c20226c1_66672a99bf7a7a1fcee35af0	findItem	在战局中找到物品：Mutkevich 政客玩偶	Find the item in raid: Politician Mutkevich figurine	1	0
pve	6663148ed7f171c4c20226c1	6663148ed7f171c4c20226c1_66672a9e351098ce6dee9d3e	giveItem	上交物品	Hand over the item	1	0
pve	6663148ed7f171c4c20226c1	6663148ed7f171c4c20226c1_66672b010cf940754acb3a83	findItem	在战局中找到物品：Killa 玩偶	Find the item in raid: Killa figurine	1	0
pve	6663148ed7f171c4c20226c1	6663148ed7f171c4c20226c1_66672b18eba38faad31d29c3	giveItem	上交物品	Hand over the item	1	0
pve	6663148ed7f171c4c20226c1	6663148ed7f171c4c20226c1_66672b3330d5ad1d58cc1e95	findItem	在战局中找到物品：Reshala 玩偶	Find the item in raid: Reshala figurine	1	0
pve	6663148ed7f171c4c20226c1	6663148ed7f171c4c20226c1_66672b47d515c72d9075fe64	giveItem	上交物品	Hand over the item	1	0
pve	6663148ed7f171c4c20226c1	6663148ed7f171c4c20226c1_66672b7dd70d15a60bb41e04	findItem	在战局中找到物品：Ryzhy 玩偶	Find the item in raid: Ryzhy figurine	1	0
pve	6663148ed7f171c4c20226c1	6663148ed7f171c4c20226c1_66672b88a8236f9caf29c39e	giveItem	上交物品	Hand over the item	1	0
pve	6663148ed7f171c4c20226c1	6663148ed7f171c4c20226c1_6667306ec19fb654f22fa05a	findItem	在战局中找到物品：Scav 玩偶	Find the item in raid: Scav figurine	1	0
pve	6663148ed7f171c4c20226c1	6663148ed7f171c4c20226c1_6667308a456e86f33c87437c	giveItem	上交物品	Hand over the item	1	0
pve	6663148ed7f171c4c20226c1	6663148ed7f171c4c20226c1_666730b475bbbbfd5049b7da	findItem	在战局中找到物品：Tagilla 玩偶	Find the item in raid: Tagilla figurine	1	0
pve	6663148ed7f171c4c20226c1	6663148ed7f171c4c20226c1_666730d6386cf75012a431f2	giveItem	上交物品	Hand over the item	1	0
pve	6663148ed7f171c4c20226c1	6663148ed7f171c4c20226c1_666730f88db8c7927a859959	findItem	在战局中找到物品：邪教徒玩偶	Find the item in raid: Cultist figurine	1	0
pve	6663148ed7f171c4c20226c1	6663148ed7f171c4c20226c1_6667310584936a1238607d39	giveItem	上交物品	Hand over the item	1	0
pve	6663148ed7f171c4c20226c1	6663148ed7f171c4c20226c1_66673136b23cfc3ecab865d6	findItem	在战局中找到物品：Den 玩偶	Find the item in raid: Den figurine	1	0
pve	6663148ed7f171c4c20226c1	6663148ed7f171c4c20226c1_6667314ae24cc783e69ad784	giveItem	上交物品	Hand over the item	1	0
pve	6663149196a9349baa021baa	6663149196a9349baa021baa_666732298477f79f3f6ea229	shoot	消灭任意 Scav 阵营 Boss 的保镖，但不击杀 Boss 本人	Eliminate any Scav Boss guards without killing the Bosses	10	0
pve	66631493312343839d032d22	66631493312343839d032d22_666733e0c62a5c652f3c4b45	plantItem	在海岸线沉陷村庄内的祭祀圈埋藏一把邪教徒的刀	Stash a Cultist knife at the sunken village marked circle on Shoreline	1	0
pve	66631493312343839d032d22	66631493312343839d032d22_666733e3f2c2969cf600991b	plantItem	在海岸线疗养院内的祭祀圈埋藏一把邪教徒的刀	Stash a Cultist knife at the Health Resort east wing marked circle on Shoreline	1	0
pve	66631493312343839d032d22	66631493312343839d032d22_666733e565831d5bafa18bbb	plantItem	在森林河边村庄内的祭祀圈埋藏一把邪教徒的刀	Stash a Cultist knife at the river village marked circle on Woods	1	0
pve	66631493312343839d032d22	66631493312343839d032d22_666733e7430c8972d6a5f438	plantItem	在森林锯木厂旁的祭祀圈埋藏一把邪教徒的刀	Stash a Cultist knife at the sawmill marked circle on Woods	1	0
pve	6663149cfd5ca9577902e037	6663149cfd5ca9577902e037_66696cd3997231debad40d19	shoot	消灭背包容量在 20 格以上的任意目标	Eliminate any target that is using a 20+ container size backpack	15	0
pve	6663149f1d3ec95634095e75	6663149f1d3ec95634095e75_666973ee1d80fbbbfeaf46c9	sellItem	向 Ragman 出售任意背包或胸挂	Sell Ragman any backpacks or tactical rigs	250	0
pve	666314a1920800278d0f6746	666314a1920800278d0f6746_666976536518781b9feb2f28	findItem	在战局中找到物品：Sanitar 的包	Find the item in raid: Sanitar's bag	1	0
pve	666314a1920800278d0f6746	666314a1920800278d0f6746_6669766290442b8d8e0688b3	giveItem	上交装备	Hand over the equipment	1	0
pve	666314a1920800278d0f6746	666314a1920800278d0f6746_6669769ff0cb253ff7649f27	findItem	在战局中找到物品：AVS 插板胸挂（Tagilla 版）	Find the item in raid: Crye Precision AVS plate carrier (Tagilla Edition)	1	0
pve	666314a1920800278d0f6746	666314a1920800278d0f6746_666976ab1a6ef5fa7b813883	giveItem	上交装备	Hand over the equipment	1	0
pve	666314a1920800278d0f6746	666314a1920800278d0f6746_66697774640ec1284ed1621f	findItem	在战局中找到物品：LBT-1961A 胸挂 (Goons特别版)	Find the item in raid: LBT-1961A Load Bearing Chest Rig (Goons Edition)	1	0
pve	666314a1920800278d0f6746	666314a1920800278d0f6746_666977849154974010adb5ec	giveItem	上交装备	Hand over the equipment	1	0
pve	666314a1920800278d0f6746	666314a1920800278d0f6746_666977bfe975ac480a8f914e	findItem	在战局中找到物品：NICE COMM 3 BVS 系统	Find the item in raid: Mystery Ranch NICE COMM 3 BVS frame system (Coyote)	1	0
pve	666314a1920800278d0f6746	666314a1920800278d0f6746_666977ca5fa54985173f8e2c	giveItem	上交装备	Hand over the equipment	1	0
pve	666314a1920800278d0f6746	666314a1920800278d0f6746_666977f2dd6e511e9f33005a	findItem	在战局中找到物品：CPC 插板胸挂（Goons 特别版）	Find the item in raid: Crye Precision CPC plate carrier (Goons Edition)	1	0
pve	666314a1920800278d0f6746	666314a1920800278d0f6746_666978023255d2720cbdf76d	giveItem	上交装备	Hand over the equipment	1	0
pve	666314a31cd52e3d040a2e76	666314a31cd52e3d040a2e76_6669abb8dac5788ebd0ff74a	shoot	穿戴任意款式的 Goon 版胸挂找到并消灭除 Goon 小队、Wedge 与 Partisan 外的任意 Boss	Locate and neutralize any Boss (excluding The Goons, The Wedge and Partisan) while using any Goons Edition tactical rig	5	0
pve	666314a50aa5c7436c00908a	666314a50aa5c7436c00908a_6669acb8c4d34bd547a4d2ac	giveItem	上交物品：实体比特币	Hand over the item: Physical Bitcoin	15	0
pve	666314b0acf8442f8b0531a1	666314b0acf8442f8b0531a1_66632cf3fbd7dedfa6153a9f	buildWeapon	按照要求改装 MP-43-1C 霰弹枪	Modify an MP-43-1C shotgun to comply with the given specifications	1	0
pve	666314b2a9290f9e0806cca3	666314b2a9290f9e0806cca3_66632deea5607d352f3aa844	shoot	使用双管霰弹枪消灭邪教徒	Eliminate the hooded men with the double barrel shotgun	2	0
pve	666314b4d7f171c4c20226c3	666314b4d7f171c4c20226c3_666333e93962787efd64004a	shoot	穿戴 6B43 防弹衣和 Kiver-M 头盔在工厂消灭 PMC 行动人员	Eliminate PMC operatives while wearing 6B43 body armor and Kiver-M helmet on Factory	5	0
pve	666314b696a9349baa021bac	666314b696a9349baa021bac_6672e47f25ab92726912c3e5	findQuestItem	在实验室找到并获取特殊版本的 LEDX 皮肤透照仪	Locate and obtain the special version of the LEDX Skin Transilluminator in The Lab	1	0
pve	666314b696a9349baa021bac	666314b696a9349baa021bac_6672e49679243c500ec02c2e	giveQuestItem	上交找到的物品	Hand over the found item	1	0
pve	666314b8312343839d032d24	666314b8312343839d032d24_6672edebec0c3e2ad7d4e489	useItem	在森林的旧锯木厂发射一枚红色信号弹	Launch a red signal flare at the old sawmill on Woods	1	0
pve	666314bafd5ca9577902e03a	666314bafd5ca9577902e03a_6663389aa257916ad3c89529	shoot	使用黄金 TT-33 手枪消灭任意目标	Eliminate any target with the golden TT-33 pistol	10	0
pve	666314bc1d3ec95634095e77	666314bc1d3ec95634095e77_667a958eb30fe2e2938a6387	findQuestItem	在立交桥找到并获取特殊版本的游戏杂志	Locate and obtain the special edition of the gaming magazine on Interchange	1	0
pve	666314bc1d3ec95634095e77	666314bc1d3ec95634095e77_667a95972740eaeca1ecda21	giveQuestItem	上交找到的物品	Hand over the found item	1	0
pve	666314bd920800278d0f6748	666314bd920800278d0f6748_667bf8370849ce7edf2b124e	plantItem	在森林山上的悬崖处安装 WI-FI 摄像头	Install a WI-FI Camera on the mountain ledge on Woods	1	0
pve	666314bd920800278d0f6748	666314bd920800278d0f6748_667bf840981b1c594af358ce	plantItem	在海岸线码头的观景台处安装 WI-FI 摄像头	Install a WI-FI Camera at the pier tower on Shoreline	1	0
pve	666314bd920800278d0f6748	666314bd920800278d0f6748_66d07fa69d373d977f437fe0	plantItem	在工厂的办公区走廊处安装WI-FI摄像头	Install a WI-FI Camera at the office corridor on Factory	1	0
pve	666314bf1cd52e3d040a2e78	666314bf1cd52e3d040a2e78_667571ad6889d3af44af7be2	findQuestItem	在海岸线的木屋内找到并获取硬盘	Locate and obtain the hard drive at the old house on Shoreline	1	0
pve	666314bf1cd52e3d040a2e78	666314bf1cd52e3d040a2e78_667571cb7620e3041bad913c	giveQuestItem	上交找到的物品	Hand over the found item	1	0
pve	666314c10aa5c7436c00908c	666314c10aa5c7436c00908c_66675a4567c0cf0989946e12	giveItem	上交战局中找到的物品：SSD 固态硬盘	Hand over the found in raid item: SSD drive	1	0
pve	666314c10aa5c7436c00908c	666314c10aa5c7436c00908c_66675a50f15c3daac1fcb57d	giveItem	上交战局中找到的物品：USB 适配器	Hand over the found in raid item: USB Adapter	1	0
pve	666314c10aa5c7436c00908c	666314c10aa5c7436c00908c_66675a5b89c89dbbf90361d5	giveItem	上交战局中找到的物品：充电宝	Hand over the found in raid item: Portable Powerbank	1	0
pve	666314c10aa5c7436c00908c	666314c10aa5c7436c00908c_66675a66e7b6dbc6ff88de91	giveItem	上交战局中找到的物品：充电电池	Hand over the found in raid item: Rechargeable battery	1	0
pve	666314c10aa5c7436c00908c	666314c10aa5c7436c00908c_667c252898eab887725ef789	giveItem	上交战局中找到的物品：CPU 处理器	Hand over the found in raid item: PC CPU	1	0
pve	666314c10aa5c7436c00908c	666314c10aa5c7436c00908c_667c25452c353b0176f883d1	giveItem	上交战局中找到的物品：电子元件	Hand over the found in raid item: Electronic components	1	0
pve	666314c10aa5c7436c00908c	666314c10aa5c7436c00908c_667c257562774a862480925c	giveItem	上交战局中找到的物品：电线	Hand over the found in raid item: Bundle of wires	1	0
pve	666314c10aa5c7436c00908c	666314c10aa5c7436c00908c_667c25970b2c3c93bfc0f204	giveItem	上交战局中找到的物品：电容	Hand over the found in raid item: Capacitors	1	0
pve	666314c10aa5c7436c00908c	666314c10aa5c7436c00908c_667c25a8b3d49a2e3f4bd05c	giveItem	上交战局中找到的物品：NIXXOR 镜头	Hand over the found in raid item: NIXXOR lens	1	0
pve	666314c10aa5c7436c00908c	666314c10aa5c7436c00908c_667c25b7b4419ddadbe352be	giveItem	上交战局中找到的物品：内存条	Hand over the found in raid item: RAM stick	1	0
pve	666314c10aa5c7436c00908c	666314c10aa5c7436c00908c_667c25eeb3fba3b8f07b9193	giveItem	上交战局中找到的物品：完好的液晶显示屏	Hand over the found in raid item: Working LCD	1	0
pve	666314c10aa5c7436c00908c	666314c10aa5c7436c00908c_667c26159bd3d32fb565578e	giveItem	上交战局中找到的物品：灯泡	Hand over the found in raid item: Light bulb	1	0
pve	666314c3acf8442f8b0531a3	666314c3acf8442f8b0531a3_667442da875be5fb415df535	plantItem	在森林 Prapor 安放 WI-FI 摄像头的地点藏匿金公鸡雕像	Stash a Golden rooster figurine at Prapor's WI-FI Camera on Woods	1	0
pve	666314c3acf8442f8b0531a3	666314c3acf8442f8b0531a3_6682873d755938fa4cb73073	plantItem	在海岸线 Prapor 安放 WI-FI 摄像头的地点藏匿金公鸡雕像	Stash a Golden rooster figurine at Prapor's WI-FI Camera on Shoreline	1	0
pve	666314c3acf8442f8b0531a3	666314c3acf8442f8b0531a3_66d080533a3c33d823a3477d	plantItem	在工厂 Prapor 安放 WI-FI 摄像头的地点藏匿金公鸡雕像	Stash a Golden rooster figurine at Prapor's WI-FI Camera on Factory	1	0
pve	666314c5a9290f9e0806cca5	666314c5a9290f9e0806cca5_6679884cef969161e3e9d64d	findQuestItem	在塔科夫街区的城市博物馆找到并获取纪念钥匙	Locate and obtain the souvenir key to the city on Streets of Tarkov	1	0
pve	666314c5a9290f9e0806cca5	666314c5a9290f9e0806cca5_667988545af9f7082798b67d	giveQuestItem	上交找到的物品	Hand over the found item	1	0
pve	6672d9def1c88688a707d042	6672d9def1c88688a707d042_66813c01decf4560581ca0c0	traderStanding	Fence 信任度达到 5.0	Reach 5.0 reputation with Fence	0	0
pve	669fa38fad7f1eac2607ed46	669fa38fad7f1eac2607ed46_669faeb6a6e02d00c47ad812	findQuestItem	在工厂找到实验室日志	Locate and obtain the lab journal on Factory	1	0
pve	669fa38fad7f1eac2607ed46	669fa38fad7f1eac2607ed46_669faecceb01bf6324de66c4	plantQuestItem	在森林的旧锯木厂中藏匿日志	Stash the journal at the old sawmill on Woods	1	0
pve	669fa3910c828825de06d69f	669fa3910c828825de06d69f_669faef62c68a5925a36fccc	giveQuestItem	上交实验室日志	Hand over the lab journal	1	0
pve	669fa395c4c5c04798002497	669fa395c4c5c04798002497_669fb12eb01ceef19a5b4ebc	extract	在工厂以幸存状态通过“庭院大门”撤离点撤离	Survive and extract from Factory through the Courtyard Gate	1	0
pve	669fa3979b0ce3feae01a130	669fa3979b0ce3feae01a130_669fb1ffe34e78d618792b41	shoot	在工厂的老旧地下通道内消灭任意目标	Eliminate any target in basement tunnel network on Factory	5	0
pve	669fa399033a3ce9870338a8	669fa399033a3ce9870338a8_669fb4a56e66d3d79183a5c9	findQuestItem	在工厂找到直升机飞行日志	Locate and obtain the helicopter logbook on Factory	1	0
pve	669fa399033a3ce9870338a8	669fa399033a3ce9870338a8_669fb4b21f2e5268651cc96a	giveQuestItem	上交找到的信息	Hand over the found information	1	0
pve	669fa39b91b0a8c9680fc467	669fa39b91b0a8c9680fc467_669fb647a5be751be095da27	mark	在工厂使用 MS2000 指示器标记任意一个热交换器	Locate and mark any of the heat exchangers with an MS2000 Marker on Factory	1	0
pve	669fa39c64ea11e84c0642a6	669fa39c64ea11e84c0642a6_669fb5c58c03e61e1a33ddf0	plantItem	在工厂的第一个起重机驾驶室内安装WI-FI摄像头	Install a WI-FI Camera in the first crane's cockpit on Factory	1	0
pve	669fa39c64ea11e84c0642a6	669fa39c64ea11e84c0642a6_669fb5c7d5fbaaa7b285e83d	plantItem	在工厂的第二个起重机驾驶室内安装WI-FI摄像头	Install a WI-FI Camera in the second crane's cockpit on Factory	1	0
pve	669fa39c64ea11e84c0642a6	669fa39c64ea11e84c0642a6_669fb5c9d798aa41b9bd60b5	plantItem	在工厂的第三个起重机驾驶室内安装WI-FI摄像头	Install a WI-FI Camera in the third crane's cockpit on Factory	1	0
pve	669fa39ee749756c920d02c8	669fa39ee749756c920d02c8_669fb6c859bdae826f7325d4	findQuestItem	在工厂提取破损罐体中的化学品样本	Take a sample of the chemicals from the damaged tank container on Factory	1	0
pve	669fa39ee749756c920d02c8	669fa39ee749756c920d02c8_66a7eebed6bac3ecc16f7d6b	giveQuestItem	上交采集到的样本	Hand over the collected sample	1	0
pve	669fa3a08b4a64b332041ff7	669fa3a08b4a64b332041ff7_66a0e692281e56a89b717b7d	findQuestItem	在工厂的TerraGroup仓库找到化学品容器	Locate and obtain the chemical container at the TerraGroup warehouse on Factory	1	0
pve	669fa3a08b4a64b332041ff7	669fa3a08b4a64b332041ff7_66a0e69ec03c2dad1a84993a	giveQuestItem	上交化学品容器	Hand over the chemical container	1	0
pve	669fa3a3ad7f1eac2607ed48	669fa3a3ad7f1eac2607ed48_66a0f391676953651bd8b796	findQuestItem	在工厂找到死亡的工人，并获取他们的血液样本	Locate the dead worker and take their blood sample on Factory	1	0
pve	669fa3a3ad7f1eac2607ed48	669fa3a3ad7f1eac2607ed48_6a60703aaa77a4b86e07aa3b	giveItem	上交战局中找到的物品：LEDX 皮肤透照仪	Hand over the found in raid item: LEDX Skin Transilluminator	1	0
pve	669fa3a3ad7f1eac2607ed48	669fa3a3ad7f1eac2607ed48_6a6070549ba7daf0a3ca7ae9	plantQuestItem	在实验室将血液样本藏匿在 Sanitar 的办公室里	Stash the blood sample in Sanitar's office in The Lab	1	0
pve	669fa3a40c828825de06d6a1	669fa3a40c828825de06d6a1_66a0f5a7f9eae6761253114c	shoot	使用装有消音器和 KP-SR2 反射式瞄具的 SR-2M 在储备站或灯塔消灭任意目标	Eliminate any target with SR-2M with suppressor and KP-SR2 sight on Reserve or Lighthouse	30	0
pve	66aa58245ab22944110db6e9	66aa58245ab22944110db6e9_66aa5b2cecad9c067780924b	visit	在同场战局中侦察中心区 Mira 大道和高架路的交汇路口	Scout the intersection of Mira Ave and the overpass on Ground Zero (In one raid)	0	0
pve	66aa58245ab22944110db6e9	66aa58245ab22944110db6e9_66aa5bb281dff8466b076894	visit	在同场战局中找到中心区通往塔科夫街区的道路	Locate the passage leading to Streets of Tarkov on Ground Zero (In one raid)	0	0
pve	66aa58245ab22944110db6e9	66aa58245ab22944110db6e9_66aa5be8035c6a410dc570b2	extract	在同场战局中使用转移功能从中心区转移到塔科夫街区	Use the transit from Ground Zero to Streets of Tarkov (In one raid)	1	0
pve	66aa61663aa37705c5024277	66aa61663aa37705c5024277_66aa61663aa37705c5024278	shoot	同场战局中在塔科夫街区消灭任意目标	Eliminate any target on Streets of Tarkov (In one raid)	5	0
pve	66aa61663aa37705c5024277	66aa61663aa37705c5024277_66aa61663aa37705c502427c	extract	使用转移功能从街区转移到立交桥（在单次战局中）	Use the transit from Streets of Tarkov to Interchange (In one raid)	1	0
pve	66aa61663aa37705c5024277	66aa61663aa37705c5024277_66aa61663aa37705c502427e	shoot	同场战局中在立交桥区消灭任意目标	Eliminate any target on Interchange (In one raid)	5	0
pve	66aa74571e5e199ecd094f18	66aa74571e5e199ecd094f18_66aa74571e5e199ecd094f1b	extract	使用转移功能从海关转移到工厂（在单次战局中）	Use the transit from Customs to Factory (In one raid)	1	0
pve	66aa74571e5e199ecd094f18	66aa74571e5e199ecd094f18_66ab97a5c74ce045d6c32578	findQuestItem	在海关实验楼的医疗实验室找到并获取精密工具	Locate and obtain the precision tools package in the med lab on Customs	1	0
pve	66aa74571e5e199ecd094f18	66aa74571e5e199ecd094f18_66ab97d56cb6e3bfd7c79fbc	plantQuestItem	在工厂的实验室储藏间藏匿精密工具	Stash the package at the laboratory storage room on Factory	1	0
pve	66ab970848ddbe9d4a0c49a8	66ab970848ddbe9d4a0c49a8_66ab970848ddbe9d4a0c49ab	extract	使用转移功能从森林转移到储备站	Use the transit from Woods to Reserve	1	0
pve	66ab970848ddbe9d4a0c49a8	66ab970848ddbe9d4a0c49a8_66ab9c5c60199cdb0902f8cc	plantItem	在森林 RUAF 大门旁的巨石处藏匿军用电缆	Stash a Military cable at the boulder next to RUAF gate on Woods	1	0
pve	66ab970848ddbe9d4a0c49a8	66ab970848ddbe9d4a0c49a8_66ab9c7ea3a7219e87d4b75e	plantItem	在储备站 LAV 装甲车旁地下仓库顶的沙袋处藏匿 Bulbex 剪线器	Stash a Bulbex cable cutter at the sandbags next to LAV III above the storage warehouse on Reserve	1	0
pve	66ab9da7eb102b9bcd08591c	66ab9da7eb102b9bcd08591c_66ab9da7eb102b9bcd08591d	shoot	在灯塔消灭 Scav（单场战局内完成）	Eliminate Scavs on Lighthouse (In one raid)	5	0
pve	66ab9da7eb102b9bcd08591c	66ab9da7eb102b9bcd08591c_66ab9da7eb102b9bcd08591f	extract	使用转移功能从灯塔转移到海岸线（在单次战局中）	Use the transit from Lighthouse to Shoreline (In one raid)	1	0
pve	66ab9da7eb102b9bcd08591c	66ab9da7eb102b9bcd08591c_66ab9da7eb102b9bcd085922	shoot	在海岸线消灭 Scav（单场战局内完成）	Eliminate Scavs on Shoreline (In one raid)	5	0
pve	66aba85403e0ee3101042877	66aba85403e0ee3101042877_66aba85403e0ee3101042878	visit	在同场战局中找到塔科夫街区通往实验室的道路	Locate the passage leading to The Lab on Streets of Tarkov (In one raid)	0	1
pve	66aba85403e0ee3101042877	66aba85403e0ee3101042877_66aba85403e0ee310104287a	extract	使用转移功能从塔科夫街区转移到实验室（在单次战局中）	Use the transit from Streets of Tarkov to The Lab (In one raid)	1	0
pve	66aba85403e0ee3101042877	66aba85403e0ee3101042877_66aba97b1000025218c82ea8	visit	在同场战局中找到实验室通往塔科夫街区的道路	Locate the passage leading to Streets of Tarkov in The Lab (In one raid)	0	1
pve	66aba85403e0ee3101042877	66aba85403e0ee3101042877_66b090f5723e7bbe8b518ca8	visit	在同场战局中侦查实验室的服务器机房	Scout the server room in The Lab (In one raid)	0	0
pve	66aba85403e0ee3101042877	66aba85403e0ee3101042877_66b0910951c5294b9d213918	visit	在同场战局中侦查实验室存放危险化合物的圆顶帐篷	Scout the hazard dome in The Lab (In one raid)	0	0
pve	66aba85403e0ee3101042877	66aba85403e0ee3101042877_66b10eef0951e90ec383850b	visit	在同场战局中侦查实验室库房大门的控制室	Scout the control room in The Lab (In one raid)	0	0
pve	66b38c7bf85b8bf7250f9cb6	66b38c7bf85b8bf7250f9cb6_66b38c7bf85b8bf7250f9cb7	visit	在森林 USEC 营地周围找到高密度雷区	Locate the heavily mined area at the USEC camp on Woods	0	0
pve	66b38c7bf85b8bf7250f9cb6	66b38c7bf85b8bf7250f9cb6_66b38de6a97d8cbafd711846	visit	在中心区找到阔剑地雷	Locate the Claymore mine on Ground Zero	0	0
pve	66b38e144f2ab7cc530c3fe7	66b38e144f2ab7cc530c3fe7_66b38e144f2ab7cc530c3fe8	visit	在工厂需要破门的位置找到合适的绊线布设点位	Locate a good tripwire installation spot in the breach room on Factory	0	0
pve	66b38e144f2ab7cc530c3fe7	66b38e144f2ab7cc530c3fe7_66b38e144f2ab7cc530c3fea	visit	在海关三层宿舍楼楼梯间处找到合适的绊线布设点位	Locate a good tripwire installation spot at the three-story dorm stairs on Customs	0	0
pve	66d9cbb67b491f9d5304f6e6	66d9cbb67b491f9d5304f6e6_66d9cbb67b491f9d5304f6e9	plantItem	在塔科夫街区的水陆两栖披萨爱好者藏身处安装 WI-FI 摄像头	Install a WI-FI Camera at the amphibian pizza lovers' hideout on Streets of Tarkov	1	0
pve	66d9cbb67b491f9d5304f6e6	66d9cbb67b491f9d5304f6e6_66d9cbb67b491f9d5304f6ea	plantItem	在塔科夫街区的烧伤女孩病房处安装 WI-FI 摄像头	Install a WI-FI Camera at the burned girl's sickroom on Streets of Tarkov	1	0
pve	66d9cbb67b491f9d5304f6e6	66d9cbb67b491f9d5304f6e6_66d9cbb67b491f9d5304f6eb	plantItem	在塔科夫街区被铁丝网缠绕的尸体处安装 WI-FI 摄像头	Install a WI-FI Camera at the barbed wire body on Streets of Tarkov	1	0
pve	66d9cbb67b491f9d5304f6e6	66d9cbb67b491f9d5304f6e6_66dacf2a88c7001436a67390	plantItem	在塔科夫街区特别吓人的大洞处安装 WI-FI 摄像头	Install a WI-FI Camera at the really scary hole in the wall on Streets of Tarkov	1	0
pve	66d9cbb67b491f9d5304f6e6	66d9cbb67b491f9d5304f6e6_66dad1d7811532f53e472c13	plantItem	在中心区虎胆龙威一展身手处安装 WI-FI 摄像头	Install a WI-FI Camera at the high rise where one die-hard guy kicked ass on Ground Zero	1	0
pve	66d9cbb67b491f9d5304f6e6	66d9cbb67b491f9d5304f6e6_66dad1d941756590432b0eaa	plantItem	在中心区只有程序员才懂的笑话处安装 WI-FI 摄像头	Install a WI-FI Camera at the computer with a joke for programmers on Ground Zero	1	0
pve	66d9cbb67b491f9d5304f6e6	66d9cbb67b491f9d5304f6e6_66dad1dbb16caebe0e214d89	plantItem	在中心区五黑一白椅子处安装 WI-FI 摄像头	Install a WI-FI Camera at the little chair surrounded by big black chairs on Ground Zero	1	0
pve	66d9cbb67b491f9d5304f6e6	66d9cbb67b491f9d5304f6e6_66dad1ddec53b0df3b10a1b9	plantItem	在灯塔你的朋友 Wilson 处安装 WI-FI 摄像头	Install a WI-FI Camera by your friend Wilson on Lighthouse	1	0
pve	66d9cbb67b491f9d5304f6e6	66d9cbb67b491f9d5304f6e6_66dad1de93c8fcffd5790d89	plantItem	在灯塔点燃的篝火处安装 WI-FI 摄像头	Install a WI-FI Camera at the kindled rest place on Lighthouse	1	0
pve	66d9cbb67b491f9d5304f6e6	66d9cbb67b491f9d5304f6e6_66dad1e0703b718902451ee4	plantItem	在灯塔的诡异欢迎招牌处安装 WI-FI 摄像头	Install a WI-FI Camera at the ominous welcome sign on Lighthouse	1	0
pve	66d9cbb67b491f9d5304f6e6	66d9cbb67b491f9d5304f6e6_66dad1e21e7ef28d17a69a93	plantItem	在灯塔的超天才科学家座椅处安装 WI-FI 摄像头	Install a WI-FI Camera at the megagenius scientist's seat on Lighthouse	1	0
pve	66d9cbb67b491f9d5304f6e6	66d9cbb67b491f9d5304f6e6_66dad1e607181e2f78a3a0a2	plantItem	在储备站义务兵进行最重要的任务处安装 WI-FI 摄像头	Install a WI-FI Camera at the place where conscripts did a very important task on Reserve	1	0
pve	66d9cbb67b491f9d5304f6e6	66d9cbb67b491f9d5304f6e6_66dad1e843a718561db0fdd3	plantItem	在储备站的两把椅子谜团处安装 WI-FI 摄像头	Install a WI-FI Camera at the two chair riddle on Reserve	1	0
pve	66d9cbb67b491f9d5304f6e6	66d9cbb67b491f9d5304f6e6_66dad1ebc5c8e6cd26dd1d31	plantItem	在储备站所有坦克手的第一款游戏处安装 WI-FI 摄像头	Install a WI-FI Camera at every tank driver's first videogame on Reserve	1	0
pve	66d9cbb67b491f9d5304f6e6	66d9cbb67b491f9d5304f6e6_66dad1edbc4fdd0c6eb38c5e	plantItem	在海关的水桶头人偶处安装 WI-FI 摄像头	Install a WI-FI Camera at the bucket-head villain on Customs	1	0
pve	66d9cbb67b491f9d5304f6e6	66d9cbb67b491f9d5304f6e6_66dad1f00e049ac7abb6d801	plantItem	在海关 Anvil 3-4 乘员被处决处安装 WI-FI 摄像头	Install a WI-FI Camera at Anvil 3-4 crew member's execution site on Customs	1	0
pve	66d9cbb67b491f9d5304f6e6	66d9cbb67b491f9d5304f6e6_66dad1f22edc2103eb176de8	plantItem	在海关所有独立开发者的梦魇处安装 WI-FI 摄像头	Install a WI-FI Camera at every indie developer's worst nightmare on Customs	1	0
pve	66d9cbb67b491f9d5304f6e6	66d9cbb67b491f9d5304f6e6_66db1f8d7539f4b4eb640aff	plantItem	在工厂消防员烧书取乐处安装WI-FI摄像头	Install a WI-FI Camera in the room where the firefighter burned the books to become happy on Factory	1	0
pve	66d9cbb67b491f9d5304f6e6	66d9cbb67b491f9d5304f6e6_66db1f8f564045697071d934	plantItem	在工厂阀门技术人员不会数三安装WI-FI摄像头	Install a WI-FI Camera at the place where some valve technicians couldn't finish their third project on Factory	1	0
pve	66d9cbb67b491f9d5304f6e6	66d9cbb67b491f9d5304f6e6_66db1f928d59a9fe511dfc25	plantItem	在工厂的终结者爱莲巧娃娃处安装WI-FI摄像头	Install a WI-FI Camera at the dangerous Russian chocolate beauty on Factory	1	0
pve	66d9cbb67b491f9d5304f6e6	66d9cbb67b491f9d5304f6e6_66db1f94a147d9840ec0dfba	plantItem	在工厂的“阴谋论学家”处安装WI-FI摄像头	Install a WI-FI Camera in the conspiracy theorist's room on Factory	1	0
pve	66d9cbb67b491f9d5304f6e6	66d9cbb67b491f9d5304f6e6_66db1f98b8e22a92437fe5c6	plantItem	在工厂的“魔法学校传送门”处安装WI-FI摄像头	Install a WI-FI Camera near where someone thought he'd get transported to the magic school on Factory	1	0
pve	66d9cbb67b491f9d5304f6e6	66d9cbb67b491f9d5304f6e6_66db1f9b4f7bf01d937eb150	plantItem	在工厂的“策略游戏之母”处安装WI-FI摄像头	Install a WI-FI Camera at the mother of all strategy games on Factory	1	0
pve	66d9cbb67b491f9d5304f6e6	66d9cbb67b491f9d5304f6e6_66db1ff798d52a5a8e4ed1f8	plantItem	在工厂的登天楼梯处安装WI-FI摄像头	Install a WI-FI Camera at the stairway to the skies on Factory	1	0
pve	66d9cbb67b491f9d5304f6e6	66d9cbb67b491f9d5304f6e6_66debf2b9e4ce2ef233ee5b7	plantItem	在森林过火车辆残骸里的小熊身边安装WI-FI摄像头	Install a WI-FI Camera at the bear who sat into a flaming car on Woods	1	0
pve	66d9cbb67b491f9d5304f6e6	66d9cbb67b491f9d5304f6e6_66debf2e1e254957b82711ff	plantItem	在海岸线的反重力椅子处安装WI-FI摄像头	Install a WI-FI Camera at the upside-down chair on Shoreline	1	0
pve	66d9cbb67b491f9d5304f6e6	66d9cbb67b491f9d5304f6e6_66debf30802386a45d0adb60	plantItem	在海岸线的面面相觑卫生间里安装WI-FI摄像头	Install a WI-FI Camera at the not-so-lonely bathroom on Shoreline	1	0
pve	671a49f77d49aea42c029b5f	671a49f77d49aea42c029b5f_671a5941cb557f8656561a12	findQuestItem	在立交桥找到并获取丢失的武器箱	Locate and obtain the lost weapon crate on Interchange	1	0
pve	671a49f77d49aea42c029b5f	671a49f77d49aea42c029b5f_671a598e596272a846fa862a	giveQuestItem	上交找回的货物	Hand over the retrieved cargo	1	0
pve	671a59e43d73dac1360765cc	671a59e43d73dac1360765cc_671ac68e30609eb2c7e9a7f7	shoot	使用 AA-12 霰弹枪消灭任意目标	Eliminate any target with an AA-12 shotgun	20	0
pve	673f2cd5d3346c2167020484	673f2cd5d3346c2167020484_673f2d938504a2d993bc2e68	visit	找到并侦察森林铁路技术站的仓库	Locate and scout the warehouses at the depot on Woods	0	0
pve	673f2cd5d3346c2167020484	673f2cd5d3346c2167020484_673f2d9a73ff76dd6d5a6344	visit	找到并侦察森林铁路技术站的办公室	Locate and scout the office at the depot on Woods	0	0
pve	673f2cd5d3346c2167020484	673f2cd5d3346c2167020484_673f2da118e615f9f5550544	visit	找到并侦察森林铁路技术站的车库	Locate and scout the garages at the depot on Woods	0	0
pve	673f2cd5d3346c2167020484	673f2cd5d3346c2167020484_674eefb9b48df9e0cbba4e2f	taskStatus	完成任务：一臂之力	Complete the task A Helping Hand	0	0
pve	673f348dd3346c21670217e7	673f348dd3346c21670217e7_673f34c674ec5bf80ea69eee	giveQuestItem	上交在森林交货点找到的包裹	Hand over the package from the depot on Woods	1	0
pve	673f4e956f1b89c7bc0f56ef	673f4e956f1b89c7bc0f56ef_673f5065cdfe082966842575	plantItem	尽快达成主要任务	Complete the main objective as soon as possible	1	1
pve	673f4e956f1b89c7bc0f56ef	673f4e956f1b89c7bc0f56ef_673f507029a1128d5c4d7498	plantItem	找到 BTR 的备用路轮，并使用 MS2000 标记器标记	Locate and mark the spare BTR wheels with an MS2000 Marker	1	0
pve	673f5a4976553f78350bdac1	673f5a4976553f78350bdac1_673f5a9537550b9d7fd30777	plantItem	在储备站找到 BTR 的备用路轮，并使用 MS2000 标记器标记	Locate and mark the spare BTR wheels with an MS2000 Marker on Reserve	1	0
pve	673f6027352b4da8e00322d2	673f6027352b4da8e00322d2_673f60910aed589d887b5ea1	shoot	在森林击杀Scav	Eliminate Scavs on Woods	5	0
pve	673f6027352b4da8e00322d2	673f6027352b4da8e00322d2_67499a4f03b8295863172dea	extract	使用转移功能从森林转移到储备站	Use the transit from Woods to Reserve	1	0
pve	673f6027352b4da8e00322d2	673f6027352b4da8e00322d2_67499a61ddf14e140a675607	shoot	在储备站击杀Scav	Eliminate Scavs on Reserve	5	0
pve	673f61a066e6a521aa04b62b	673f61a066e6a521aa04b62b_673f61d9c2bc3dc676297fde	findQuestItem	在储备站的机电仓库找到并获取电子干扰器	Locate and obtain the electronic jammer at the electromechanical warehouse on Reserve	1	0
pve	673f61a066e6a521aa04b62b	673f61a066e6a521aa04b62b_673f61ea87e01cfaf780a482	plantQuestItem	将该装置藏匿在森林的指定位置	Stash the device at the specified location on Woods	1	0
pve	673f629c5b555b53460cf827	673f629c5b555b53460cf827_673f637a1fbc23a60a72b743	sellItem	卖任何物品给Ragman	Sell any items to Ragman	50	0
pve	673f629c5b555b53460cf827	673f629c5b555b53460cf827_67519696567b9773f0811bae	sellItem	卖任何物品给Prapor	Sell any items to Prapor	50	0
pve	673f629c5b555b53460cf827	673f629c5b555b53460cf827_675196dff77c0b8436ec1ef5	sellItem	卖任何物品给Peacekeeper	Sell any items to Peacekeeper	50	0
pve	6740a02a69a58fceba0ff399	6740a02a69a58fceba0ff399_6740a0c33c7152ccfe151146	plantItem	将第一个金属燃料桶藏匿在海岸线的走私者基地	Stash the first metal fuel tank at the smugglers' base on Shoreline	1	0
pve	6740a02a69a58fceba0ff399	6740a02a69a58fceba0ff399_6740a0d5b05fb787316fe7d5	plantItem	将第二个金属燃料桶藏匿在海岸线的走私者营地	Stash the second metal fuel tank at the smugglers' base on Shoreline	1	0
pve	6740a15566e6a521aa051b15	6740a15566e6a521aa051b15_6740a202086cf3dbf687279a	findQuestItem	在海岸线找到并获取 Prapor 的货物	Locate and obtain Prapor's cargo on Shoreline	1	0
pve	6740a15566e6a521aa051b15	6740a15566e6a521aa051b15_6740a20cc6daae7f8f12a77d	giveQuestItem	上交找到的货物	Hand over the found cargo	1	0
pve	6740a2c17e3818d5bb0648b6	6740a2c17e3818d5bb0648b6_6740a33685a62f9581c2beaf	giveItem	上交战局中找到的物品：电脑配件	Hand over the found in raid PC component items	10	0
pve	6740a2c17e3818d5bb0648b6	6740a2c17e3818d5bb0648b6_6749aa9b1badcb1e8056d769	giveItem	上交战局中找到的物品：军规电子元件	Hand over the found in raid military electronic items	5	0
pve	6740a3f4eca8acb2d2055159	6740a3f4eca8acb2d2055159_6740a42c508599fd5a066f19	shoot	在任意地点击杀任意目标	Eliminate any target on any location	30	0
pve	6740b60c60a98cad1b0e0aa0	6740b60c60a98cad1b0e0aa0_6740b64f024f0e44fbed2c48	visit	在森林找到失踪的送货人员	Locate the missing courier crew on Woods	0	0
pve	6740b60c60a98cad1b0e0aa0	6740b60c60a98cad1b0e0aa0_6740b66079ff8ea717dad584	extract	以幸存状态撤离该区域	Survive and extract from the location	1	0
pve	674492b6909d2013670a347a	674492b6909d2013670a347a_674492e56e8d2d5239a3fd37	mark	在灯塔找到峭壁通路的第一段，并使用 MS2000 指示器标记	Locate and mark the first section of the cliff path with an MS2000 Marker on Lighthouse	1	0
pve	674492b6909d2013670a347a	674492b6909d2013670a347a_674492ebf6f84f7d09ef1abb	mark	在灯塔找到峭壁通路的第二段，并使用 MS2000 指示器标记	Locate and mark the second section of the cliff path with an MS2000 Marker on Lighthouse	1	0
pve	674492b6909d2013670a347a	674492b6909d2013670a347a_674492f0636d0661476732f2	mark	在灯塔找到峭壁通路的第三段，并使用 MS2000 指示器标记	Locate and mark the third section of the cliff path with an MS2000 Marker on Lighthouse	1	0
pve	674492b6909d2013670a347a	674492b6909d2013670a347a_674492f30f45cb752f21df39	mark	在灯塔找到峭壁通路的第四段，并使用 MS2000 指示器标记	Locate and mark the fourth section of the cliff path with an MS2000 Marker on Lighthouse	1	0
pve	6744a4717e3818d5bb0680bb	6744a4717e3818d5bb0680bb_6744a4e6c8a456e74064e7d7	shoot	在中心区单场战局内击杀 Scav	Eliminate Scavs in one raid on Ground Zero	7	0
pve	6744a4717e3818d5bb0680bb	6744a4717e3818d5bb0680bb_6744a6b96cefb76fd3f70555	extract	以幸存状态撤离地点	Survive and extract from the location	1	0
pve	6744a728352b4da8e003eda9	6744a728352b4da8e003eda9_6744a964dc1b1e2ee134ffeb	giveItem	上交物品：6-STEN-140-M 军用电池	Hand over the item: 6-STEN-140-M military battery	1	0
pve	6744a728352b4da8e003eda9	6744a728352b4da8e003eda9_683db718d1c3c712dac4b5c9	findItem	找到物品：6-STEN-140-M 军用电池	Find the item: 6-STEN-140-M military battery	1	0
pve	6744a9dfef61d56e020b5c4a	6744a9dfef61d56e020b5c4a_6744a9dfef61d56e020b5c54	giveItem	上交物品：6-STEN-140-M 军用电池	Hand over the item: 6-STEN-140-M military battery	1	0
pve	6744a9dfef61d56e020b5c4a	6744a9dfef61d56e020b5c4a_683db86c1090d855fb0f2c23	findItem	Find the item: 6-STEN-140-M military battery	Find the item: 6-STEN-140-M military battery	1	0
pve	6744ab1def61d56e020b5c56	6744ab1def61d56e020b5c56_6744ab1def61d56e020b5c5f	findQuestItem	在森林指定交货点取得包裹	Locate the package in the specified spot on Woods	1	0
pve	6744ab1def61d56e020b5c56	6744ab1def61d56e020b5c56_6744ab1def61d56e020b5c60	giveQuestItem	上交包裹	Hand over the package	1	0
pve	6744aca8d3346c216702c583	6744aca8d3346c216702c583_6744ae5cc771515803d615ec	plantItem	在森林的第一个 RPG 弹药箱藏匿一个 VOG-25 Khattabka 手榴弹	Stash a VOG-25 Khattabka grenade at the first RPG ammo crate on Woods	1	0
pve	6744aca8d3346c216702c583	6744aca8d3346c216702c583_6744ae63b3b4be24ffc607a4	plantItem	在森林的第二个 RPG 弹药箱藏匿一个 VOG-25 Khattabka 手榴弹	Stash a VOG-25 Khattabka grenade at the second RPG ammo crate on Woods	1	0
pve	6744aca8d3346c216702c583	6744aca8d3346c216702c583_6744ae65f8c1438fb9374575	plantItem	在森林的第三个 RPG 弹药箱藏匿一个 VOG-25 Khattabka 手榴弹	Stash a VOG-25 Khattabka grenade at the third RPG ammo crate on Woods	1	0
pve	6744af0969a58fceba101fed	6744af0969a58fceba101fed_6745c8ccb4adeab3910332cc	findQuestItem	在海关找到并获取控告信	Locate and obtain the incriminating letter on Customs	1	0
pve	6744af0969a58fceba101fed	6744af0969a58fceba101fed_6745c8de22c7ee46e3319c34	plantQuestItem	将信件藏匿在储备站驻军总部的三楼	Stash the letter on the third floor of the military headquarters on Reserve	1	0
pve	6744af0969a58fceba101fed	6744af0969a58fceba101fed_6745c8ee54d6972417ad7bad	extract	使用转移功能从海关转移到储备站	Use the transit from Customs to Reserve	1	0
pve	6744af0969a58fceba101fed	6744af0969a58fceba101fed_6745c90842db81af412eae97	extract	使用转移功能从储备站转移到森林	Use the transit from Reserve to Woods	1	0
pve	6744af0969a58fceba101fed	6744af0969a58fceba101fed_6745c9482ac6bee79dca869a	shoot	在森林击杀任意目标	Eliminate any target on Woods	3	0
pve	6744af0969a58fceba101fed	6744af0969a58fceba101fed_6745c9623d362cd373b1de93	extract	使用转移功能从森林转移到灯塔	Use the transit from Woods to Lighthouse	1	0
pve	6744af0969a58fceba101fed	6744af0969a58fceba101fed_6745c986a3e10e0bf6472d8e	useItem	在灯塔火车站仓库发射一枚黄色信号弹	Launch a yellow signal flare at the train station warehouse on Lighthouse	1	0
pve	6744af0969a58fceba101fed	6744af0969a58fceba101fed_6745c992bf76b3aeaf6370e0	useItem	在灯塔码头发射一枚黄色信号弹	Launch a yellow signal flare at the pier on Lighthouse	1	0
pve	6744af0969a58fceba101fed	6744af0969a58fceba101fed_6745c9a86086867a2c723e9d	extract	以幸存状态撤离灯塔	Survive and extract from Lighthouse	1	0
pve	6744af0969a58fceba101fed	6744af0969a58fceba101fed_6745c9b89c84a273d4a2dc28	shoot	在完成其他目标的同时消灭 Scav	Eliminate Scavs while completing the other objectives	10	0
pve	6745cbee909d2013670a4a55	6745cbee909d2013670a4a55_6745cbee909d2013670a4a60	findQuestItem	在海关找到并获取控告信	Locate and obtain the incriminating letter on Customs	1	0
pve	6745cbee909d2013670a4a55	6745cbee909d2013670a4a55_6745cbee909d2013670a4a61	extract	使用转移功能从海关转移到储备站	Use the transit from Customs to Reserve	1	0
pve	6745cbee909d2013670a4a55	6745cbee909d2013670a4a55_6745cbee909d2013670a4a63	plantQuestItem	将信件藏匿在储备站驻军总部的三楼	Stash the letter on the third floor of the military headquarters on Reserve	1	0
pve	6745cbee909d2013670a4a55	6745cbee909d2013670a4a55_6745cbee909d2013670a4a64	extract	使用转移功能从储备站转移到森林	Use the transit from Reserve to Woods	1	0
pve	6745cbee909d2013670a4a55	6745cbee909d2013670a4a55_6745cbee909d2013670a4a66	shoot	在森林击杀任意目标	Eliminate any target on Woods	3	0
pve	6745cbee909d2013670a4a55	6745cbee909d2013670a4a55_6745cbee909d2013670a4a68	extract	使用转移功能从森林转移到灯塔	Use the transit from Woods to Lighthouse	1	0
pve	6745cbee909d2013670a4a55	6745cbee909d2013670a4a55_6745cbee909d2013670a4a6a	useItem	在灯塔火车站仓库发射一枚黄色信号弹	Launch a yellow signal flare at the train station warehouse on Lighthouse	1	0
pve	6745cbee909d2013670a4a55	6745cbee909d2013670a4a55_6745cbee909d2013670a4a6c	useItem	在灯塔码头发射一枚黄色信号弹	Launch a yellow signal flare at the pier on Lighthouse	1	0
pve	6745cbee909d2013670a4a55	6745cbee909d2013670a4a55_6745cbee909d2013670a4a6e	shoot	在完成其他目标的同时消灭 Scav	Eliminate Scavs while completing the other objectives	10	0
pve	6745cbee909d2013670a4a55	6745cbee909d2013670a4a55_6745cbee909d2013670a4a70	extract	以幸存状态撤离灯塔	Survive and extract from Lighthouse	1	0
pve	6745fae369a58fceba10343d	6745fae369a58fceba10343d_6745fae369a58fceba103458	shoot	在森林击杀 PMC 行动人员	Eliminate PMC operatives on Woods	2	0
pve	6745fcded0fbbc74ca0f721d	6745fcded0fbbc74ca0f721d_6745fd2e3d6070c3563039a9	shoot	在森林击杀 Scav	Eliminate Scavs on Woods	10	0
pve	6745fdddd3346c216702e0bf	6745fdddd3346c216702e0bf_6745fe81eae30b9fb3bb6166	findQuestItem	在储备站军医院楼顶找到并获取 Lightkeeper 的货箱	Locate and obtain Lightkeeper's cargo crate on the roof of the military hospital on Reserve	1	0
pve	6745fdddd3346c216702e0bf	6745fdddd3346c216702e0bf_6745fe8d48cd7aeda7152b24	plantQuestItem	将货物藏匿在森林的 Scav 小屋	Stash the cargo at the Scav house on Woods	1	0
pve	674600a366e6a521aa05eb66	674600a366e6a521aa05eb66_67460118d3498f1b35e0a025	mark	在塔科夫街区使用 MS2000 标记器标记“倒塌的吊车”BTR 站点	Mark the Collapsed Crane BTR stop with an MS2000 Marker on Streets of Tarkov	1	0
pve	674600a366e6a521aa05eb66	674600a366e6a521aa05eb66_6746011dfd1dc9d0f502e55d	mark	在塔科夫街区使用 MS2000 标记器标记“废弃 Scav 检查站”BTR 站点	Mark the Old Scav Checkpoint BTR stop with an MS2000 Marker on Streets of Tarkov	1	0
pve	674600a366e6a521aa05eb66	674600a366e6a521aa05eb66_674601247aa943781a1cf3fc	mark	在塔科夫街区使用 MS2000 标记器标记“Pinewood 酒店”BTR 站点	Mark the Pinewood Hotel BTR stop with an MS2000 Marker on Streets of Tarkov	1	0
pve	674600a366e6a521aa05eb66	674600a366e6a521aa05eb66_674601282043d1ef3c6b2eec	mark	在塔科夫街区使用 MS2000 标记器标记“市中心”BTR 站点	Mark the City Center BTR stop with an MS2000 Marker on Streets of Tarkov	1	0
pve	674600a366e6a521aa05eb66	674600a366e6a521aa05eb66_6746012a35218bb89951248e	mark	在塔科夫街区使用 MS2000 标记器标记“电车”BTR 站点	Mark the Tram BTR stop with an MS2000 Marker on Streets of Tarkov	1	0
pve	674600a366e6a521aa05eb66	674600a366e6a521aa05eb66_6746012d871e69a9abb5873d	mark	在塔科夫街区使用 MS2000 标记器标记“Rodina 影院”BTR 站点	Mark the Rodina Cinema BTR stop with an MS2000 Marker on Streets of Tarkov	1	0
pve	674602307e3818d5bb069489	674602307e3818d5bb069489_674602682cb1c1f5999f27aa	visit	在森林找到山下的地堡	Locate the bunker under the mountain on Woods	0	0
pve	674602307e3818d5bb069489	674602307e3818d5bb069489_674da90a45aa075a44b4d687	plantItem	在地堡内藏匿第一包俄制口径穿甲弹药包	Stash the first Russian armor-piercing ammo pack inside the bunker	1	0
pve	674602307e3818d5bb069489	674602307e3818d5bb069489_674da90f96d4f32d517cb770	plantItem	在地堡内藏匿第二包俄制口径穿甲弹药包	Stash the second Russian armor-piercing ammo pack inside the bunker	1	0
pve	674602307e3818d5bb069489	674602307e3818d5bb069489_674da9141cc05673dc69e7e7	plantItem	在地堡内藏匿第三包俄制口径穿甲弹药包	Stash the third Russian armor-piercing ammo pack inside the bunker	1	0
pve	6746053b5b555b53460d9896	6746053b5b555b53460d9896_675197664e610fc2b88e0bf3	sellItem	卖任何物品给 Peacekeeper	Sell any items to Peacekeeper	75	0
pve	674605df60a98cad1b0ec799	674605df60a98cad1b0ec799_6746061983996c4aa4765025	findQuestItem	在森林找到并获取 RPG 弹药包裹	Locate and obtain the package with RPG ammo on Woods	1	0
pve	674605df60a98cad1b0ec799	674605df60a98cad1b0ec799_674606266884ca9cfc83530e	giveQuestItem	上交包裹	Hand over the package	1	0
pve	67460662d0fbbc74ca0f7229	67460662d0fbbc74ca0f7229_674606bac840f707bea6242f	extract	使用转移功能从海关转移到储备站	Use the transit from Customs to Reserve	1	0
pve	67460662d0fbbc74ca0f7229	67460662d0fbbc74ca0f7229_674606ccff406a9f6a28e26f	extract	使用转移功能从储备站转移到森林	Use the transit from Reserve to Woods	1	0
pve	67460662d0fbbc74ca0f7229	67460662d0fbbc74ca0f7229_674606f1c63637e54bede3a6	extract	使用转移功能从森林转移到灯塔	Use the transit from Woods to Lighthouse	1	0
pve	67460662d0fbbc74ca0f7229	67460662d0fbbc74ca0f7229_6746071002dfd67c0629a379	extract	以幸存状态撤离灯塔	Survive and extract from Lighthouse	1	0
pve	67460662d0fbbc74ca0f7229	67460662d0fbbc74ca0f7229_674607317781508c405fb979	shoot	在完成其他目标的同时消灭 PMC 行动人员	Eliminate PMC operatives while completing the other objectives	5	0
pve	6752f6d83038f7df520c83e8	6752f6d83038f7df520c83e8_6752f85800c5b2c48240c45f	taskStatus	完成任务：货运延误 - 1	Complete the task Shipping Delay - Part 1	0	0
pve	6752f6d83038f7df520c83e8	6752f6d83038f7df520c83e8_6752f86d538945df8cc3fc3a	findQuestItem	在森林找到并获取 Prapor 的包裹	Locate and obtain Prapor's package on Woods	1	0
pve	6752f6d83038f7df520c83e8	6752f6d83038f7df520c83e8_6756bcb3f93f4c1fc2b2d685	extract	以幸存状态撤离该区域	Survive and extract from the location	1	0
pve	675c03d1f7da9792a405549a	675c03d1f7da9792a405549a_675c0444db2b69f48942f37c	mark	在海关使用 MS2000 指示器标记任意一个 TerraGroup 特殊货箱	Mark any of the special TerraGroup cargo boxes with an MS2000 Marker on Customs	1	0
pve	675c03d1f7da9792a405549a	675c03d1f7da9792a405549a_6a574fe188bf38e4f6c954f6	visit	在海关找到第一批 TerraGroup 特殊货物	Locate the first special TerraGroup cargo on Customs	0	1
pve	675c03d1f7da9792a405549a	675c03d1f7da9792a405549a_6a574ff13e5804d879146872	visit	在海关找到第二批 TerraGroup 特殊货物	Locate the second special TerraGroup cargo on Customs	0	1
pve	675c03d1f7da9792a405549a	675c03d1f7da9792a405549a_6a574ff78f1b3fc8bdbb8755	visit	在海关找到第三批 TerraGroup 特殊货物	Locate the third special TerraGroup cargo on Customs	0	1
pve	675c03d1f7da9792a405549a	675c03d1f7da9792a405549a_6a574ffc261a237f28375818	visit	在海关找到第四批 TerraGroup 特殊货物	Locate the fourth special TerraGroup cargo on Customs	0	1
pve	675c03d1f7da9792a405549a	675c03d1f7da9792a405549a_6a575000eddb07c675a2567c	visit	在海关找到第五批 TerraGroup 特殊货物	Locate the fifth special TerraGroup cargo on Customs	0	1
pve	675c03d1f7da9792a405549a	675c03d1f7da9792a405549a_6a575004d14917ff71ab6aec	visit	在海关找到第六批 TerraGroup 特殊货物	Locate the sixth special TerraGroup cargo on Customs	0	1
pve	675c03d1f7da9792a405549a	675c03d1f7da9792a405549a_6a57500b923ac62ea96d47aa	visit	在海关找到第七批 TerraGroup 特殊货物	Locate the seventh special TerraGroup cargo on Customs	0	1
pve	675c047fa46173572a0bd878	675c047fa46173572a0bd878_675c04b3fc6b273a36ed294a	findQuestItem	在海关找到并获取 TerraGroup 货运清单	Locate and obtain the TerraGroup shipment lists on Customs	1	0
pve	675c047fa46173572a0bd878	675c047fa46173572a0bd878_675c04c1b68cc8180efb38c6	giveQuestItem	上交找到的信息	Hand over the found information	1	0
pve	675c04f4db8807b75d0f38e8	675c04f4db8807b75d0f38e8_675c04f4db8807b75d0f38eb	findQuestItem	在海关找到并获取货运班组的日志	Locate and obtain the delivery crew's shipment notes on Customs	1	0
pve	675c04f4db8807b75d0f38e8	675c04f4db8807b75d0f38e8_675c04f4db8807b75d0f38ec	giveQuestItem	上交找到的信息	Hand over the found information	1	0
pve	675c085d59b0575973005f52	675c085d59b0575973005f52_675c14f54662a2fae349dbb9	plantItem	在海关指定位置藏匿 DVL-10 狙击步枪	Stash a DVL-10 sniper rifle at the specified spot on Customs	1	0
pve	675c085d59b0575973005f52	675c085d59b0575973005f52_675c152299549b5b62094f06	plantItem	在海关指定位置藏匿 DVL-10 狙击步枪弹匣	Stash a DVL-10 magazine at the specified spot on Customs	1	0
pve	675c085d59b0575973005f52	675c085d59b0575973005f52_675c153ae96d38136d02f670	plantItem	在海关指定位置藏匿 ELCAN SpecterDR 瞄准镜	Stash an ELCAN SpecterDR scope at the specified spot on Customs	1	0
pve	675c085d59b0575973005f52	675c085d59b0575973005f52_67604476b1ae3717835ccaed	plantItem	在海关指定地点藏匿任意 7.62x51 弹药包	Stash a pack of any 7.62x51 ammo at the specified spot on Customs	1	0
pve	675c1570526ff496850895d9	675c1570526ff496850895d9_675c15916580a378dc0f012f	findQuestItem	在海关车库区找到并获取经过改装的工具套件	Locate and obtain the customized tool set at the garage complex on Customs	1	0
pve	675c1570526ff496850895d9	675c1570526ff496850895d9_675c1595a4c063af74ee5279	giveQuestItem	上交找到的物品	Hand over the found item	1	0
pve	675c15fbf7da9792a4059871	675c15fbf7da9792a4059871_675c1c87caddcfa893af10e9	plantItem	在海关的工厂厂房内安装第一个 WI-FI 摄像头	Install the first WI-FI Camera inside the industrial plant on Customs	1	0
pve	675c15fbf7da9792a4059871	675c15fbf7da9792a4059871_675c1c980fd114390c638b89	shoot	在海关的工厂厂房内击杀任意目标	Eliminate any target inside the industrial plant on Customs	15	0
pve	675c15fbf7da9792a4059871	675c15fbf7da9792a4059871_676047054c9696a7d071bc08	plantItem	在海关的工厂厂房内安装第二个 WI-FI 摄像头	Install the second WI-FI Camera inside the industrial plant on Customs	1	0
pve	675c15fbf7da9792a4059871	675c15fbf7da9792a4059871_6760470877d1b7790af5de11	plantItem	在海关的工厂厂房内安装第三个 WI-FI 摄像头	Install the third WI-FI Camera inside the industrial plant on Customs	1	0
pve	675c15fbf7da9792a4059871	675c15fbf7da9792a4059871_6760470b7d65f702a6295820	plantItem	在海关的工厂厂房内安装第四个 WI-FI 摄像头	Install the fourth WI-FI Camera inside the industrial plant on Customs	1	0
pve	675c1cf4a757ddd00404f0a3	675c1cf4a757ddd00404f0a3_675c1cf4a757ddd00404f0a6	visit	在海关找到秘密撤离点	Locate the secret exfil on Customs	0	0
pve	675c1cf4a757ddd00404f0a3	675c1cf4a757ddd00404f0a3_676ab31c058363b09072c78e	findItem	获得指定道具并从秘密撤离点撤离	Obtain the special item to extract through the secret exfil	1	1
pve	675c1d6d59b0575973008fc7	675c1d6d59b0575973008fc7_675c1d6d59b0575973008fc9	extract	使用转移功能从海关转移到海岸线	Use the transit from Customs to Shoreline	1	0
pve	675c1d6d59b0575973008fc7	675c1d6d59b0575973008fc7_675c1dbdcca03cb7f61fc735	extract	以幸存状态撤离海岸线	Survive and extract from Shoreline	1	0
pve	675c1ec7a46173572a0bf20a	675c1ec7a46173572a0bf20a_675c1f040a1128e59422a876	shoot	在海关的老加油站击杀 Scav	Eliminate Scavs at the old gas station on Customs	10	0
pve	675c1ec7a46173572a0bf20a	675c1ec7a46173572a0bf20a_675c1f17cf59d5433be7ae77	shoot	在海关的新加油站击杀 Scav	Eliminate Scavs at the new gas station on Customs	10	0
pve	675c1ec7a46173572a0bf20a	675c1ec7a46173572a0bf20a_675c1f311bd716cdb87947d1	giveItem	上交战局中找到的物品：金属油桶	Hand over the found in raid item: Metal fuel tank	2	0
pve	675c1ff1a757ddd00404f0aa	675c1ff1a757ddd00404f0aa_675c1ff1a757ddd00404f0ae	shoot	在灯塔或实验室使用 Aklys Defense“迅猛龙”突击步枪消灭任意目标	Eliminate any target with an Aklys Defense Velociraptor on Lighthouse or The Lab	30	0
pve	675c3507a06634b5110e3c18	675c3507a06634b5110e3c18_675c3507a06634b5110e3c1a	extract	在海关以幸存状态通过“铁路通道”信号弹撤离点撤离	Survive and extract from Customs through Railroad Passage (Flare)	1	0
pve	675c3582f6ddc329a90f9c6d	675c3582f6ddc329a90f9c6d_675c37d2da4b531ba8daaadd	findQuestItem	在海关找到并获取 Skier 的钱包	Locate and obtain Skier's wallet on Customs	1	0
pve	675c3582f6ddc329a90f9c6d	675c3582f6ddc329a90f9c6d_675c37e07ac1a33fff170966	giveQuestItem	上交找到的物品	Hand over the found item	1	0
pve	6761f28a022f60bb320f3e95	6761f28a022f60bb320f3e95_6761f6f1bacf72169272e381	giveItem	上交任意样式的 PMC 玩偶	Hand over any PMC figurine	1	0
pve	6761f28a022f60bb320f3e95	6761f28a022f60bb320f3e95_6761f7d086fd2d9c941b8aa3	giveItem	上交任意 Scav 玩偶	Hand over any Scav figurine	1	0
pve	6761f28a022f60bb320f3e95	6761f28a022f60bb320f3e95_6761f7f87b309912d6b5f2a9	giveItem	上交任意 Boss 玩偶	Hand over any Boss figurine	1	0
pve	6761f28a022f60bb320f3e95	6761f28a022f60bb320f3e95_6761f87227aeff895cef62c5	giveItem	上交任意商人玩偶	Hand over any Trader figurine	1	0
pve	6761f28a022f60bb320f3e95	6761f28a022f60bb320f3e95_6761f93bc757eb8c228fa754	shoot	消灭 Scav	Eliminate Scavs	50	0
pve	6761f28a022f60bb320f3e95	6761f28a022f60bb320f3e95_6761f9d718fa62aac3264ff2	extract	以幸存状态撤离实验室	Survive and extract from The Lab	1	0
pve	6764174c86addd02bc033d68	6764174c86addd02bc033d68_676418a60b9bcbe280972288	shoot	使用装有夜视仪或热成像瞄具的栓动式步枪消灭 PMC 行动人员	Eliminate PMC operatives with a bolt-action rifle with night or thermal scope	20	0
pve	676529af9c90953d090882e7	676529af9c90953d090882e7_676529af9c90953d090882ea	buildWeapon	按照要求改装 PP-19-01	Modify a PP-19-01 to comply with the given specifications	1	0
pve	676529af9c90953d090882e7	676529af9c90953d090882e7_676529e759261ce07bc47b62	buildWeapon	按照要求改装 T-5000M	Modify a T-5000M to comply with the given specifications	1	0
pve	676529af9c90953d090882e7	676529af9c90953d090882e7_67652a2f4f75e1a9543289ed	buildWeapon	按照要求改装 Glock 17	Modify a Glock 17 to comply with the given specifications	1	0
pve	67a09636b8725511260bc421	67a09636b8725511260bc421_67a0a91f4681b4e43d13892b	visit	在中心区找到 Knossos LLC 高级经理的轿车	Locate the Knossos LLC senior manager's car on Ground Zero	0	0
pve	67a09636b8725511260bc421	67a09636b8725511260bc421_67a0ab610345d81cb3cbb24c	findQuestItem	找到并获取经理的日志	Locate and obtain the manager's diary	1	0
pve	67a09636b8725511260bc421	67a09636b8725511260bc421_67a0ab83359e2d00cf9d6b06	giveQuestItem	上交日志	Hand over the diary	1	0
pve	67a0964e972c11a3f507731b	67a0964e972c11a3f507731b_67a0bc81fcbc1c559d09b58f	visit	在中心区调查调查 TerraGroup 总部门前的公园	Investigate the courtyard park by TerraGroup HQ on Ground Zero	0	0
pve	67a0964e972c11a3f507731b	67a0964e972c11a3f507731b_67a0bc83182c4b0c71edd0ce	visit	在立交桥调查卡丁车场	Investigate the kart track on Interchange	0	0
pve	67a0964e972c11a3f507731b	67a0964e972c11a3f507731b_67a0bc84f19d5b1120a55762	visit	在立交桥调查儿童游乐场	Investigate the indoor children's playground on Interchange	0	0
pve	67a0964e972c11a3f507731b	67a0964e972c11a3f507731b_67a0bc87c60a93d7a3f28b23	visit	在塔科夫街区调查 Concordia 公寓的儿童游乐场	Investigate the children's playground by Concordia on Streets of Tarkov	0	0
pve	67a0964e972c11a3f507731b	67a0964e972c11a3f507731b_67a0bc8848d9d2cbd274ffd9	visit	在海岸线调查岸边的建筑工地	Investigate the coast-side construction site on Shoreline	0	0
pve	67a0964e972c11a3f507731b	67a0964e972c11a3f507731b_67a0bc8ab12fe4b1baa60e4c	visit	在海岸线调查疗养院内的儿童游乐场	Investigate the children's playground by the Health Resort on Shoreline	0	0
pve	67a096577e86e067eb045733	67a096577e86e067eb045733_67a0bf7103442ae640dba835	visit	找到与 Knossos LLC 相关的有效线索	Locate a good lead related to Knossos LLC	0	0
pve	67a096577e86e067eb045733	67a096577e86e067eb045733_67dbdd4d6a2e4b8e002b647d	visit	尝试进入 Knossos LLC 设施	Find a way inside the Knossos LLC facility	0	0
pve	67a096577e86e067eb045733	67a096577e86e067eb045733_67dbdd819d8208bb2082480e	findItem	找到并获取 Knossos LLC 设施钥匙	Locate and obtain the Knossos LLC facility key	1	1
pve	67a09673972c11a3f507731d	67a09673972c11a3f507731d_67a0d92a6cf4a5745d0bc94f	findQuestItem	在中心区找到并获取化学品容器	Locate and obtain the chemical container on Ground Zero	1	0
pve	67a09673972c11a3f507731d	67a09673972c11a3f507731d_6a57565d0c4e021f681b32f0	plantQuestItem	在塔科夫街区将化学容器放置藏匿在警察局	Stash the container by the police station on Streets of Tarkov	1	0
pve	67a0967c003a9986cb0f5ac1	67a0967c003a9986cb0f5ac1_67dc294d681db91b2fa3b279	taskStatus	上交“凶狠跑刀崽”私酒给 BTR 司机	Hand over the Bottle of Fierce Hatchling moonshine to BTR driver	0	0
pve	67a0967c003a9986cb0f5ac1	67a0967c003a9986cb0f5ac1_67dc3861d5c0070b960c1bba	findItem	获得物品：“凶狠跑刀崽”私酒	Obtain the item: Bottle of Fierce Hatchling moonshine	1	0
pve	67a0967c003a9986cb0f5ac1	67a0967c003a9986cb0f5ac1_67dc393c6089aa48050efa02	visit	前往森林或塔科夫街区	Go to Woods or Streets of Tarkov	0	0
pve	67a096ed77dd677f600804ba	67a096ed77dd677f600804ba_67a0da26a3b8d254347b8634	giveItem	上交 1 瓶“凶狠跑刀崽”私酒	Hand over a Bottle of Fierce Hatchling moonshine	1	0
pve	67a096ed77dd677f600804ba	67a096ed77dd677f600804ba_683dbecbfc878c4569e892c2	findItem	找到 1 瓶“凶狠跑刀崽”私酒	Find a Bottle of Fierce Hatchling moonshine	1	0
pve	67a0970744893b9f3f0d9b68	67a0970744893b9f3f0d9b68_67a0dc94a4d798e79853f2eb	findItem	获得 Labrys 访问钥匙卡	Obtain the Labrys access keycard	1	1
pve	67a0970744893b9f3f0d9b68	67a0970744893b9f3f0d9b68_67dbe0f532ff08bfa13237a8	visit	找出海岸线疗养院地堡密闭门后有什么	Find out what is behind the Health Resort bunker door on Shoreline	0	0
pve	67a0970f05d1611ed90be75d	67a0970f05d1611ed90be75d_67a0dcf4ff6f74931359b9f9	giveItem	上交战局中找到的物品：Labrys研发记录	Hand over the found in raid item: Labrys research notes	5	0
pve	67a0970f05d1611ed90be75d	67a0970f05d1611ed90be75d_67dbe16ece16a02860ed9d33	visit	在迷宫内找到武器原型测试区域	Locate the lab area with the prototype weapon inside The Labyrinth	0	0
pve	67a09724972c11a3f5077324	67a09724972c11a3f5077324_67a0dd7a2519959b187db47f	findQuestItem	在迷宫内找到并获取特殊的储存模块	Locate and obtain the special storage module inside The Labyrinth	1	0
pve	67a09724972c11a3f5077324	67a09724972c11a3f5077324_67a0dda1370e2f877a6c8531	giveQuestItem	上交找到的信息	Hand over the found information	1	0
pve	67a09724972c11a3f5077324	67a09724972c11a3f5077324_67a0de2750fdff39d267ea16	plantItem	在迷宫的组装车间内安放一枚手榴弹	Plant a hand grenade in the assembly workshop inside The Labyrinth	1	0
pve	67a0972e77dd677f600804bd	67a0972e77dd677f600804bd_67a0de6954c67082e9148328	visit	在迷宫中找到行刑室	Locate the torture room inside The Labyrinth	0	0
pve	67a0972e77dd677f600804bd	67a0972e77dd677f600804bd_67a0de84e8e35296a13500c8	findQuestItem	找到并获取任何酷刑折磨的证据	Locate and obtain any evidence of torture	1	0
pve	67a0972e77dd677f600804bd	67a0972e77dd677f600804bd_67a0de9190545ec5612fdda5	giveQuestItem	上交找到的信息	Hand over the found information	1	0
pve	67a097379f2068e74603c6ac	67a097379f2068e74603c6ac_67a0df619fb6c42b9a08e8e9	shoot	在迷宫中找到并消灭“米诺陶”	Locate and neutralize the "Minotaur" inside The Labyrinth	1	0
pve	67a097379f2068e74603c6ac	67a097379f2068e74603c6ac_67a0df7f2cd4d4413cd29b45	shoot	在迷宫中消灭米诺陶的保镖	Eliminate the "Minotaur's" guards inside The Labyrinth	6	0
pve	67a09761e720611a6a01f288	67a09761e720611a6a01f288_67a0e4df8cddbe2df31dd1d9	plantItem	在迷宫的第一个特殊位置藏匿邪教徒的刀	Stash a Cultist knife in the first special place inside The Labyrinth	1	0
pve	67a09761e720611a6a01f288	67a09761e720611a6a01f288_67a0e4e399e34c9ffcdc6e00	plantItem	在迷宫的第二个特殊位置藏匿邪教徒的刀	Stash a Cultist knife in the second special place inside The Labyrinth	1	0
pve	67a09761e720611a6a01f288	67a09761e720611a6a01f288_67a0e4e64cb065811d95c6d9	plantItem	在迷宫的第三个特殊位置藏匿邪教徒的刀	Stash a Cultist knife in the third special place inside The Labyrinth	1	0
pve	67af4c1405c58dc6f7056667	67af4c1405c58dc6f7056667_67af6dd0f5685508d9050158	giveItem	上交物品：Trijicon REAP-IR热成像瞄准镜	Hand over the item: Trijicon REAP-IR thermal scope	15	0
pve	67af4c169d95ad16e004fd86	67af4c169d95ad16e004fd86_67af6e1ee67a772b14e08061	giveItem	上交物品：BNTI Zhuk护甲（EMR）	Hand over the item: BNTI Zhuk body armor (EMR)	15	0
pve	67af4c169d95ad16e004fd86	67af4c169d95ad16e004fd86_67af6f1d268fd33c21524a02	giveItem	上交物品：Vulkan-5 LShZ-5重型头盔	Hand over the item: Vulkan-5 LShZ-5 bulletproof helmet	12	0
pve	67af4c169d95ad16e004fd86	67af4c169d95ad16e004fd86_67af6f7961ee5d07d0c210c9	giveItem	上交物品：Maska-1SCh面罩（Killa版本）	Hand over the item: Maska-1SCh face shield (Killa Edition)	3	0
pve	67af4c17f4f1fb58a907f8f6	67af4c17f4f1fb58a907f8f6_67af7037f7937389517f0569	giveItem	上交物品：HK 416A5 5.56x45突击步枪	Hand over the item: HK 416A5 5.56x45 assault rifle	15	0
pve	67af4c17f4f1fb58a907f8f6	67af4c17f4f1fb58a907f8f6_67af7055a7ffd02753b8c5bd	giveItem	上交物品：5.56x45mm MK 318 Mod 0 (SOST)	Hand over the item: 5.56x45mm MK 318 Mod 0 (SOST)	4500	0
pve	67af4c17f4f1fb58a907f8f6	67af4c17f4f1fb58a907f8f6_67af70650fa4c937ca034063	giveItem	上交物品：UVSR Taiga-1求生砍刀	Hand over the item: UVSR Taiga-1 survival machete	8	0
pve	67af4c1991ee75c6d7060a16	67af4c1991ee75c6d7060a16_67af70d60ef31f2d26f1a4d5	giveItem	上交物品：SJ6 TGLabs战斗兴奋剂注射器	Hand over the item: SJ6 TGLabs combat stimulant injector	30	0
pve	67af4c1991ee75c6d7060a16	67af4c1991ee75c6d7060a16_67af70e894e1096f325b8050	giveItem	上交物品：Obdolbos 2 鸡尾酒兴奋剂注射器	Hand over the item: Obdolbos 2 cocktail injector	30	0
pve	67af4c1991ee75c6d7060a16	67af4c1991ee75c6d7060a16_67af70f3cfdf90b749b5eb36	giveItem	上交物品：Propital 再生兴奋剂注射器	Hand over the item: Propital regenerative stimulant injector	30	0
pve	67af4c1991ee75c6d7060a16	67af4c1991ee75c6d7060a16_67af70fe8c503a010078afd0	giveItem	上交物品：M.U.L.E. 兴奋剂注射器	Hand over the item: M.U.L.E. stimulant injector	30	0
pve	67af4c1991ee75c6d7060a16	67af4c1991ee75c6d7060a16_67af710c5662b533d9f5b9ca	giveItem	上交物品：eTG-change再生兴奋剂注射器	Hand over the item: eTG-change regenerative stimulant injector	30	0
pve	67af4c1991ee75c6d7060a16	67af4c1991ee75c6d7060a16_67af7117f8c948d02b632085	giveItem	上交物品：SJ9 TGLabs战斗兴奋剂注射器	Hand over the item: SJ9 TGLabs combat stimulant injector	30	0
pve	67af4c1991ee75c6d7060a16	67af4c1991ee75c6d7060a16_67af7121aeed86a73d8653be	giveItem	上交物品：SJ12 TGLabs战斗兴奋剂注射器	Hand over the item: SJ12 TGLabs combat stimulant injector	30	0
pve	67af4c1991ee75c6d7060a16	67af4c1991ee75c6d7060a16_67af712cf5f86ab56db8f198	giveItem	上交物品：米屈肼注射器	Hand over the item: Meldonin injector	30	0
pve	67af4c1a6c3ebfd8e6034916	67af4c1a6c3ebfd8e6034916_67af7168fab0681948d9ed8b	giveItem	上交物品：显卡	Hand over the item: Graphics card	30	0
pve	67af4c1a6c3ebfd8e6034916	67af4c1a6c3ebfd8e6034916_67af7178ea4fed9c667abb17	giveItem	上交物品：实体比特币	Hand over the item: Physical Bitcoin	15	0
pve	67af4c1cc0e59d55e2010b97	67af4c1cc0e59d55e2010b97_67af71c90036a462a17a72d3	giveItem	上交物品：Tarkovskaya瓶装伏特加	Hand over the item: Bottle of Tarkovskaya vodka	12	0
pve	67af4c1cc0e59d55e2010b97	67af4c1cc0e59d55e2010b97_67af71d6a6e77337205f5bfe	giveItem	上交物品：Dan Jackiel瓶装威士忌	Hand over the item: Bottle of Dan Jackiel whiskey	20	0
pve	67af4c1cc0e59d55e2010b97	67af4c1cc0e59d55e2010b97_67af71f19ce81d8ebb21530f	giveItem	上交物品：“凶狠跑刀崽”月光	Hand over the item: Bottle of Fierce Hatchling moonshine	20	0
pve	67af4c1d8c9482eca103e477	67af4c1d8c9482eca103e477_67af727750e1b6f21d9f5511	extract	以幸存状态撤离实验室	Survive and extract from The Lab	15	0
pve	67af4c1d8c9482eca103e477	67af4c1d8c9482eca103e477_67af730c69887224a61084ac	shoot	在实验室消灭任意目标	Eliminate any target in The Lab	100	0
pve	67b45467814ab0ffa000c7e7	67b45467814ab0ffa000c7e7_67b45467814ab0ffa000c7ea	shoot	使用手榴弹或者榴弹发射器消灭 PMC 行动人员	Eliminate PMC operatives with grenades or grenade launchers	20	0
pve	67d03be712fb5f8fd2096332	67d03be712fb5f8fd2096332_67d03be712fb5f8fd2096334	shoot	在迷宫中击杀任意目标	Eliminate any target inside The Labyrinth	36	0
pve	6834145ebc1f443d7603c8a7	6834145ebc1f443d7603c8a7_6834145ebc1f443d7603c8ab	plantItem	将竞技场广告海报安放在海关 Scav 营地	Plant the Arena advertisement poster in the living quarters at the Scav base on Customs	1	0
pve	6834158f2f0e2a7eb90b62c8	6834158f2f0e2a7eb90b62c8_6834158f2f0e2a7eb90b62cb	giveItem	上交战局中找到的物品：饮料	Hand over the found in raid items from the Drinks category	5	0
pve	6834158f2f0e2a7eb90b62c8	6834158f2f0e2a7eb90b62c8_6834158f2f0e2a7eb90b62cc	giveItem	上交战局中找到的物品：食物	Hand over the found in raid items from the Food category	5	0
pve	68341846186efa3c5b07f989	68341846186efa3c5b07f989_68341846186efa3c5b07f98c	shoot	在任意地图使用 Steyr AUG 消灭 Scav	Eliminate Scavs while using a Steyr AUG on any location	5	0
pve	68341a0b2f0e2a7eb90b62d4	68341a0b2f0e2a7eb90b62d4_68341a0b2f0e2a7eb90b62d7	shoot	在任意地图穿戴 PACA 防弹衣击杀 PMC 行动人员	Eliminate PMC operatives while wearing a PACA Soft Armor on any location	2	0
pve	68341b407559f4e6d50bc0ce	68341b407559f4e6d50bc0ce_68341b407559f4e6d50bc0d1	giveItem	上交战局中找到的物品：四级及以上护甲插板	Hand over the found in raid items: Class 4 or higher ballistic plates	3	0
pve	68341c4babec72d95d0c1260	68341c4babec72d95d0c1260_68341c4babec72d95d0c1263	plantItem	在中心区区域的咖啡馆二楼安放 TP-200 砖型 TNT	Plant TP-200 TNT bricks on the second floor of the cafe on Ground Zero	3	0
pve	68341d7d7559f4e6d50bc0db	68341d7d7559f4e6d50bc0db_68341d7d7559f4e6d50bc0de	shoot	在塔科夫街区消灭 Kaban 或 Kollontay 的保镖	Eliminate Kaban's or Kollontay's guards on Streets of Tarkov	2	0
pve	68341eb25619c8e2a9031501	68341eb25619c8e2a9031501_68341eb25619c8e2a9031504	visit	在竞技场 CheckPoint 或 LastHero 模式下赢得一场战斗	Win a match in CheckPoint or LastHero mode in Arena	0	0
pve	68341f6fe2e7ef70a3060a0a	68341f6fe2e7ef70a3060a0a_68341f6fe2e7ef70a3060a0d	visit	在竞技场赢得一场 TeamFight 或 BlastGang 或 CheckPoint 模式的战斗	Win a match in TeamFight, BlastGang, or CheckPoint mode in Arena	0	0
pve	6834202a186efa3c5b07f9a2	6834202a186efa3c5b07f9a2_6834202a186efa3c5b07f9a5	visit	在竞技场赢得一场 TeamFight 或 BlastGang 或 CheckPoint 模式的战斗，至少取得前三名的排名	Win 2 matches while claiming at least 3rd place in TeamFight, BlastGang, or CheckPoint mode in Arena	0	0
pve	683421515619c8e2a9031511	683421515619c8e2a9031511_683421515619c8e2a9031514	giveItem	上交卢布	Hand over Roubles	1000000	0
pve	683421515619c8e2a9031511	683421515619c8e2a9031511_683421515619c8e2a9031515	visit	在竞技场进行六场 TeamFight 或 BlastGang 或 CheckPoint 模式的战斗，至少赢得其中三场	Win three out of six matches in TeamFight, BlastGang, or CheckPoint mode in Arena	0	0
pve	683421515619c8e2a9031511	683421515619c8e2a9031511_683421515619c8e2a9031518	visit	失败条件：在 4 场比赛中落败	Failure Condition: Lose 4 matches	0	1
pve	68342265a8d674b5740b31f0	68342265a8d674b5740b31f0_6978a3305f21afb01d7e0c53	visit	在竞技场赢得一场 TeamFight 或 BlastGang 或 CheckPoint 模式的战斗，至少排名前两名	Win a match claiming at least 2nd place in the team in TeamFight, BlastGang, or CheckPoint mode	0	0
pve	6834233fecd5cf3a440d855b	6834233fecd5cf3a440d855b_6834233fecd5cf3a440d855f	visit	在海关找到前冠军的房间	Locate the old champion's room on Customs	0	0
pve	6834233fecd5cf3a440d855b	6834233fecd5cf3a440d855b_6834233fecd5cf3a440d8561	visit	调查前任冠军的遭遇	Find out what happened to the champion	0	0
pve	6834233fecd5cf3a440d855b	6834233fecd5cf3a440d855b_6834233fecd5cf3a440d8564	extract	以幸存状态撤离该区域	Survive and extract from the location	1	0
pve	6834233fecd5cf3a440d855b	6834233fecd5cf3a440d855b_6834233fecd5cf3a440d8567	findItem	在海岸线的走私者营地找到并获取钥匙	Locate and obtain the key at the smugglers' base on Shoreline	1	1
pve	68342446a8d674b5740b31fc	68342446a8d674b5740b31fc_68342446a8d674b5740b31ff	shoot	在竞技场任意游戏模式中消灭敌人	Eliminate enemies in any game mode in Arena	100	0
pve	6834254f2f0e2a7eb90b62ef	6834254f2f0e2a7eb90b62ef_6834254f2f0e2a7eb90b62f1	findQuestItem	找到并获取竞技场裁判的黑料	Locate and obtain the compromising information on Ref	1	0
pve	6834254f2f0e2a7eb90b62ef	6834254f2f0e2a7eb90b62ef_6834254f2f0e2a7eb90b62f2	giveQuestItem	上交找到的信息	Hand over the found info	1	0
pve	683425dd8f5b18d29a05d9d1	683425dd8f5b18d29a05d9d1_683425dd8f5b18d29a05d9d4	visit	返回海关的前冠军藏身处	Return to the old champion's hideout on Customs	0	0
pve	683425dd8f5b18d29a05d9d1	683425dd8f5b18d29a05d9d1_683425dd8f5b18d29a05d9d6	findQuestItem	找到并获取竞技场裁判的黑料	Locate and obtain the compromising information on Ref	1	0
pve	683425dd8f5b18d29a05d9d1	683425dd8f5b18d29a05d9d1_683425dd8f5b18d29a05d9d8	giveQuestItem	上交找到的信息	Hand over the found info	1	0
pve	683427418f5b18d29a05d9e3	683427418f5b18d29a05d9e3_683427418f5b18d29a05d9e5	visit	返回海关的前冠军藏身处	Return to the old champion's hideout on Customs	0	0
pve	683427418f5b18d29a05d9e3	683427418f5b18d29a05d9e3_683427418f5b18d29a05d9e7	findQuestItem	找到并获取竞技场裁判的黑料	Locate and obtain the compromising information on Ref	1	0
pve	683427418f5b18d29a05d9e3	683427418f5b18d29a05d9e3_683427418f5b18d29a05d9e9	giveQuestItem	上交找到的信息	Hand over the found info	1	0
pve	6834287b7559f4e6d50bc0fa	6834287b7559f4e6d50bc0fa_6834287b7559f4e6d50bc0fd	giveItem	上交物品：传奇奖章	Hand over the item: Lega Medal	1	0
pve	684009026ceedc792c09b2a7	684009026ceedc792c09b2a7_68406fd3b614b3db64e6097d	findQuestItem	在储备站找到并获取 AK-50 枪管	Locate and obtain the AK-50 barrel on Reserve	1	0
pve	684009026ceedc792c09b2a7	684009026ceedc792c09b2a7_684070a1a550c194cf2f833a	findQuestItem	在塔科夫一处检查站找到并获取 AK-50 防尘盖	Locate and obtain the AK-50 dust cover at one of Tarkov's security checkpoints	1	0
pve	684009026ceedc792c09b2a7	684009026ceedc792c09b2a7_6840711071516aad97bd9156	visit	在储备站找到格鲁哈的车间	Locate Glukhar's workshop on Reserve	0	1
pve	684009026ceedc792c09b2a7	684009026ceedc792c09b2a7_6840714469caa738cc1225c3	visit	找到被抢货物所在的检查站	Locate the checkpoint with seized cargo	0	1
pve	684009026ceedc792c09b2a7	684009026ceedc792c09b2a7_685e95c44b14e68996ad6590	plantItem	在海关指定位置藏匿 AK-50 枪身主体	Stash the AK-50 body at the specified spot on Customs	1	0
pve	684009026ceedc792c09b2a7	684009026ceedc792c09b2a7_685e95d28ba62d57a3235675	plantQuestItem	在海关指定位置藏匿 AK-50 护木	Stash the AK-50 handguard at the specified spot on Customs	1	0
pve	684009026ceedc792c09b2a7	684009026ceedc792c09b2a7_685e95def338135da83ff978	plantQuestItem	在海关指定位置藏匿 AK-50 枪管	Stash the AK-50 barrel at the specified spot on Customs	1	0
pve	684009026ceedc792c09b2a7	684009026ceedc792c09b2a7_685e95f0ac5f975749f6c1f3	plantQuestItem	在海关指定位置藏匿 AK-50 防尘盖	Stash the AK-50 dust cover at the specified spot on Customs	1	0
pve	684009026ceedc792c09b2a7	684009026ceedc792c09b2a7_685e97f9892281cf7a89f39c	findItem	组装 AK-50 枪身主体	Build the AK-50 body	1	1
pve	68400926706e0a55e90b0007	68400926706e0a55e90b0007_684180b0b22d582a57c5a8d7	giveItem	上交欧元	Hand over EUR	50000	0
pve	68400953506db3b4db0700e7	68400953506db3b4db0700e7_6841814c20c9a6c68800ab79	findQuestItem	在森林的旧锯木厂找到并获取 AK-50 护木	Locate and obtain the AK-50 handguard at the old sawmill on Woods	1	1
pve	68400953506db3b4db0700e7	68400953506db3b4db0700e7_6841815b3d5e6b08d1f6e474	visit	找到埋藏地点	Locate the stash spot	0	1
pve	68400953506db3b4db0700e7	68400953506db3b4db0700e7_684181808b21759f04e1c4ee	taskStatus	完成任务：同好俱乐部	Complete the task Hobby Club	0	0
pve	68db9c7557bc51a8c804c14b	68db9c7557bc51a8c804c14b_68db9ea0e6c69908254eceee	shoot	使用 9x39 毫米口径的武器在 50 米开外消灭 PMC	Eliminate PMC operatives with any 9x39 caliber weapon from over 50 meters away	20	0
pve	68ee1c18b4e5bc9a68018cd7	68ee1c18b4e5bc9a68018cd7_68ee1cc7e8b13097f525e6f2	giveItem	上交战局中找到的物品：Red Rebel 冰镐	Hand over the found in raid item: Red Rebel ice pick	1	0
pve	6942b44f891369fc790e385a	6942b44f891369fc790e385a_6942b48e6998a45a7b90cd5b	shoot	不穿戴任何护甲、头盔或插板胸挂，仅佩戴耳机消灭 PMC 行动人员	Eliminate PMC operatives while using an active headset without wearing any armor or helmet	10	0
pve	6942b44f891369fc790e385a	6942b44f891369fc790e385a_6942b72980d7f587b5b3ca86	shoot	不佩戴任何耳机，穿戴 TSH-4M-L 软质坦克乘员头盔消灭 PMC 行动人员	Eliminate PMC operatives while wearing the TSh-4M-L soft tank crew helmet	10	0
pve	697878057aa1273126030fb0	697878057aa1273126030fb0_69789903c30426685c9f3080	taskStatus	完成任务：专业热身 - 2	Complete the task Professional Fitness - Part 2	0	0
pve	697878057aa1273126030fb0	697878057aa1273126030fb0_6978990cbe971818240c2d7f	taskStatus	完成任务：再创新高！- 6	Complete the task To Great Heights! - Part 6	0	0
pve	697878057aa1273126030fb0	697878057aa1273126030fb0_697899167ed646e5d6187fea	taskStatus	完成任务：保持领先	Complete the task Hold the Lead	0	0
pve	69788d4e963f08d9140bce19	69788d4e963f08d9140bce19_69788d4e963f08d9140bce1c	visit	在 CheckPoint 或 LastHero 模式下完成一场战斗	Play a match in CheckPoint or Last Hero mode	0	0
pve	6978907718bd6d7cbd0e8b8e	6978907718bd6d7cbd0e8b8e_6978907718bd6d7cbd0e8b91	shoot	在竞技场消灭敌人	Eliminate enemies in Arena	20	0
pve	697895277d31587eab080266	697895277d31587eab080266_6978a2bc18130b67d9156d7a	visit	在竞技场连续赢得两场 TeamFight 或 BlastGang 或 CheckPoint 模式的战斗	Win two matches in a row in TeamFight, BlastGang, or CheckPoint mode	0	0
pve	69789660b2187365e70bb94a	69789660b2187365e70bb94a_69789660b2187365e70bb94d	shoot	在竞技场消灭敌人	Eliminate enemies in Arena	75	0
pve	69c26c07683c9831020018c7	69c26c07683c9831020018c7_69c26dfeaa4283497aab0d36	shoot	消灭游荡者	Eliminate Rogues	30	0
pve	69c27158e350f01390049e77	69c27158e350f01390049e77_69c2740bdbeade0b8e55eeea	mark	在森林使用 MS2000 指示器标记前往灯塔的转移点	Mark the transit to Lighthouse with an MS2000 Marker on Woods	1	0
pve	69c27158e350f01390049e77	69c27158e350f01390049e77_69c27425f79e528d73ed4b2e	extract	使用转移功能从森林转移到灯塔	Use the transit from Woods to Lighthouse	1	0
pve	69c27158e350f01390049e77	69c27158e350f01390049e77_69c2745137b8de0e367891c6	mark	在灯塔使用 MS2000 指示器标记前往森林的转移点	Mark the transit to Woods with an MS2000 Marker on Lighthouse	1	0
pve	69c277f3ea6da9c23e07f8d2	69c277f3ea6da9c23e07f8d2_69c27887c921a0bbeb1889f5	giveItem	上交物品：“凶狠跑刀崽”私酒	Hand over the item: Bottle of Fierce Hatchling moonshine	2	0
pve	69c277f3ea6da9c23e07f8d2	69c277f3ea6da9c23e07f8d2_69c278972aaa73481e71ddf7	findItem	取得物品：黑麦面包块	Obtain the item: Rye croutons	4	1
pve	69c277f3ea6da9c23e07f8d2	69c277f3ea6da9c23e07f8d2_69c278be0634a7d5f463fc3b	findItem	取得物品：Tarkovskaya瓶装伏特加	Obtain the item: Bottle of Tarkovskaya vodka	4	1
pve	69c277f3ea6da9c23e07f8d2	69c277f3ea6da9c23e07f8d2_69c278cc962d59d4fe7d8d82	findItem	取得物品：咸狗牛肉肠	Obtain the item: Salty Dog beef sausage	2	1
pve	69c277f3ea6da9c23e07f8d2	69c277f3ea6da9c23e07f8d2_69c278e24c0bedf890ce8873	findItem	获得物品：“凶狠跑刀崽”私酒	Obtain the item: Bottle of Fierce Hatchling moonshine	2	1
pve	69c277f3ea6da9c23e07f8d2	69c277f3ea6da9c23e07f8d2_69c278f14dc0363079d5bb40	giveItem	上交物品：咸狗牛肉肠	Hand over the item: Salty Dog beef sausage	2	0
pve	69c277f3ea6da9c23e07f8d2	69c277f3ea6da9c23e07f8d2_69c278fff569bda0e2652705	giveItem	上交物品：Tarkovskaya瓶装伏特加	Hand over the item: Bottle of Tarkovskaya vodka	4	0
pve	69c277f3ea6da9c23e07f8d2	69c277f3ea6da9c23e07f8d2_69c27909f96f171f6982c4c7	giveItem	上交物品：黑麦面包块	Hand over the item: Rye croutons	4	0
pve	69c277f3ea6da9c23e07f8d2	69c277f3ea6da9c23e07f8d2_69c294f2bffe2159a3e4d56a	globalVariable	与 BTR 司机对话	Talk to the BTR Driver	2	0
pve	69c277f3ea6da9c23e07f8d2	69c277f3ea6da9c23e07f8d2_6a102713a973fbe02db53bf1	extract	以幸存状态撤离该区域	Survive and extract from the location	1	0
pve	69c2a2d004de49c8f0055a3d	69c2a2d004de49c8f0055a3d_69c2a5ba8d7f2db5aff26bd2	dialogue	返回 BTR 司机处，了解司机和走私者的谈判情况	Return to the BTR Driver and ask about the negotiations with the smugglers	1	0
pve	69ce1cfb298a6529b30d712b	69ce1cfb298a6529b30d712b_69ce1cfb298a6529b30d712d	shoot	找到并消灭 Wedge 小队	Locate and neutralize The Wedge's squad	4	0
pve	69ce1cfb298a6529b30d712b	69ce1cfb298a6529b30d712b_6a03343990ee160507db2294	findItem	从 Wedge 身上取得战利品	Claim a trophy from The Wedge	1	0
pve	69ce1cfb298a6529b30d712b	69ce1cfb298a6529b30d712b_6a033442e041f8512e182c8e	giveItem	上交找到的物品	Hand over the found item	1	0
pve	69ce1de03e15cd80bd06f6c9	69ce1de03e15cd80bd06f6c9_69ce1e2614b1a16885f61da4	findItem	在战局中找到物品：AMG-10 液压油	Find the item in raid: AMG-10 hydraulic fluid	5	0
pve	69ce1de03e15cd80bd06f6c9	69ce1de03e15cd80bd06f6c9_69ce1e30e2c52320f2eba4ee	giveItem	上交物品	Hand over the items	5	0
pve	69ce1f84ebbdbf36a200627c	69ce1f84ebbdbf36a200627c_69ce1f84ebbdbf36a200627e	findQuestItem	在破冰船上找到并获取核反应单元控制日志	Locate and obtain the nuclear power unit control log on Icebreaker	1	0
pve	69ce1f84ebbdbf36a200627c	69ce1f84ebbdbf36a200627c_69ce1f84ebbdbf36a200627f	giveQuestItem	上交找到的物品	Hand over the found item	1	0
pve	69ce204c8702b378f9091e4b	69ce204c8702b378f9091e4b_69ce204c8702b378f9091e4d	findItem	在战局中找到物品：Nooby Shield 碘化钾片	Find the item in raid: Nooby Shield potassium iodide tablets	10	0
pve	69ce204c8702b378f9091e4b	69ce204c8702b378f9091e4b_69ce204c8702b378f9091e4e	giveItem	上交物品	Hand over the items	10	0
pve	69ce213a298a6529b30d7134	69ce213a298a6529b30d7134_69ce213a298a6529b30d7136	giveItem	在战局中找到物品：Aceso Xpress 半自动生化分析仪	Find the item in raid: Aceso Xpress semi-automatic biochemical analyzer	3	0
pve	69ce21e990144e437802b1e0	69ce21e990144e437802b1e0_69ce21e990144e437802b1e2	findItem	在战局中找到物品：黑色军团插板胸挂	Find the item in raid: Black Division plate carrier	5	0
pve	69ce21e990144e437802b1e0	69ce21e990144e437802b1e0_69ce21e990144e437802b1e3	giveItem	上交物品	Hand over the items	5	0
pve	69e5583240c3e6c8ba0edbd5	69e5583240c3e6c8ba0edbd5_69e5593e3f425636f1d762d9	plantItem	修复破冰船通往轮机舱路上自动化控制室内的设备	Repair the equipment in the automation room leading to the engine room on Icebreaker	1	0
pve	69e5583240c3e6c8ba0edbd5	69e5583240c3e6c8ba0edbd5_69e5594c6dd4d9e12fa3de0d	plantItem	修复破冰船轮机舱下方自动化控制室内的设备	Repair the equipment in the automation room under the engine room on Icebreaker	1	0
pve	69e5583240c3e6c8ba0edbd5	69e5583240c3e6c8ba0edbd5_69e559525afcf4e746e98e33	plantItem	修复破冰船靠近货舱位置自动化控制室内的设备	Repair the equipment in the automation room near the storage room on Icebreaker	1	0
pve	69e5583240c3e6c8ba0edbd5	69e5583240c3e6c8ba0edbd5_69e559bf4b53b554a2779130	plantItem	在破冰船主控室内安放黑客入侵装置	Install the hacking device in the central control station room on Icebreaker	1	0
pve	6a45208043b8d7604d00b8d5	6a45208043b8d7604d00b8d5_6a45208043b8d7604d00b8d7	shoot	在灯塔火车站范围内消灭任意目标	Eliminate any target at the train station territory on Lighthouse	6	0
pve	6a45208043b8d7604d00b8d5	6a45208043b8d7604d00b8d5_6a45208043b8d7604d00b8d9	useItem	在灯塔火车站发射一枚黄色信号弹	Launch a yellow signal flare at the train station on Lighthouse	1	0
pve	6a4532e48e82d8ffea0c3eae	6a4532e48e82d8ffea0c3eae_6a4532e48e82d8ffea0c3eb0	shoot	同场战局中在实验室内消灭任意目标	Eliminate any target in The Lab (in one raid)	10	0
pve	6a5424ae135497b9df0c68be	6a5424ae135497b9df0c68be_6a5424ae135497b9df0c68c1	findItem	在战局中找到物品：一次性注射器	Find the item in raid: Disposable syringe	5	0
pve	6a5424ae135497b9df0c68be	6a5424ae135497b9df0c68be_6a5424ae135497b9df0c68c2	giveItem	上交物品	Hand over the items	5	0
pve	6a5c1578f2689567c30eb0f3	6a5c1578f2689567c30eb0f3_6a667849c90044ddde3e7c26	shoot	在森林 USEC 营地、Scav 营地、旧锯木厂或废弃村庄消灭 Scav	Eliminate Scavs at USEC camp, Scav camp, sawmill, or abandoned village on Woods	10	0
pve	6a5ccda873f06065630d61b0	6a5ccda873f06065630d61b0_6a5ccda873f06065630d61b2	shoot	在塔科夫街区使用 12 号霰弹枪爆头击杀任意敌对目标	Eliminate any target with headshots using a 12ga shotgun on Streets of Tarkov	15	0
pve	6a5cd2178fd7c2b201032f3f	6a5cd2178fd7c2b201032f3f_6a5cd2178fd7c2b201032f41	shoot	在储备站使用 7.62x51 口径的突击步枪或精确射手步枪爆头消灭任意敌对目标	Eliminate any target with headshots with 7.62x51 assault rifles or DMRs on Reserve	15	0
