mode	taskId	type	targetId	value
regular	5936d90786f7742b1420ba5b	item	5449016a4bdc2d6f028b456f	80000
regular	5936d90786f7742b1420ba5b	standing	54cb50c76803fa8b248b4571	0.1
regular	5936da9e86f7742d65037edf	item	5449016a4bdc2d6f028b456f	80000
regular	5936da9e86f7742d65037edf	standing	54cb50c76803fa8b248b4571	0.1
regular	59674cd986f7744ab26e32f2	item	5449016a4bdc2d6f028b456f	80000
regular	59674cd986f7744ab26e32f2	standing	54cb50c76803fa8b248b4571	0.1
regular	59674eb386f774539f14813a	item	5449016a4bdc2d6f028b456f	165000
regular	59674eb386f774539f14813a	item	590c2e1186f77425357b6124	1
regular	59674eb386f774539f14813a	standing	54cb50c76803fa8b248b4571	0.25
regular	5967530a86f77462ba22226b	item	5449016a4bdc2d6f028b456f	80000
regular	5967530a86f77462ba22226b	standing	54cb50c76803fa8b248b4571	0.1
regular	59675d6c86f7740a842fc482	item	5449016a4bdc2d6f028b456f	165000
regular	59675d6c86f7740a842fc482	standing	54cb50c76803fa8b248b4571	0.25
regular	59675ea386f77414b32bded2	item	5449016a4bdc2d6f028b456f	165000
regular	59675ea386f77414b32bded2	standing	54cb50c76803fa8b248b4571	0.25
regular	596760e186f7741e11214d58	item	5449016a4bdc2d6f028b456f	80000
regular	596760e186f7741e11214d58	offerUnlock	544fb45d4bdc2dee738b4568	1
regular	5967725e86f774601a446662	item	5449016a4bdc2d6f028b456f	80000
regular	5967725e86f774601a446662	item	5d1b2fa286f77425227d1674	1
regular	5967725e86f774601a446662	offerUnlock	5a26ac0ec4a28200741e1e18	1
regular	5967725e86f774601a446662	standing	54cb50c76803fa8b248b4571	0.1
regular	5967733e86f774602332fc84	item	5449016a4bdc2d6f028b456f	80000
regular	5967733e86f774602332fc84	standing	54cb57776803fa99248b456e	0.1
regular	59689ee586f7740d1570bbd5	item	5449016a4bdc2d6f028b456f	165000
regular	59689ee586f7740d1570bbd5	standing	54cb57776803fa99248b456e	0.25
regular	59689fbd86f7740d137ebfc4	item	5449016a4bdc2d6f028b456f	80000
regular	59689fbd86f7740d137ebfc4	standing	54cb57776803fa99248b456e	0.1
regular	5968eb3186f7741dde183a4d	item	5449016a4bdc2d6f028b456f	80000
regular	5968eb3186f7741dde183a4d	standing	54cb57776803fa99248b456e	0.1
regular	5969f90786f77420d2328015	item	5449016a4bdc2d6f028b456f	275000
regular	5969f90786f77420d2328015	standing	54cb57776803fa99248b456e	0.75
regular	5969f9e986f7741dde183a50	item	5449016a4bdc2d6f028b456f	80000
regular	5969f9e986f7741dde183a50	standing	54cb57776803fa99248b456e	0.1
regular	596a0e1686f7741ddf17dbee	item	5449016a4bdc2d6f028b456f	80000
regular	596a0e1686f7741ddf17dbee	standing	54cb57776803fa99248b456e	0.1
regular	596a101f86f7741ddb481582	item	5449016a4bdc2d6f028b456f	180000
regular	596a101f86f7741ddb481582	standing	58330581ace78e27b8b10cee	0.04
regular	596a1e6c86f7741ddc2d3206	item	5449016a4bdc2d6f028b456f	165000
regular	596a1e6c86f7741ddc2d3206	standing	54cb57776803fa99248b456e	0.25
regular	596a204686f774576d4c95de	item	5449016a4bdc2d6f028b456f	30000
regular	596a204686f774576d4c95de	item	5c0e530286f7747fa1419862	1
regular	596a204686f774576d4c95de	standing	54cb57776803fa99248b456e	0.03
regular	596a218586f77420d232807c	item	5449016a4bdc2d6f028b456f	275000
regular	596a218586f77420d232807c	standing	54cb57776803fa99248b456e	0.75
regular	596b36c586f77450d6045ad2	item	569668774bdc2da2298b4568	450
regular	596b36c586f77450d6045ad2	standing	58330581ace78e27b8b10cee	0.1
regular	596b43fb86f77457ca186186	item	569668774bdc2da2298b4568	450
regular	596b43fb86f77457ca186186	standing	58330581ace78e27b8b10cee	0.1
regular	596b455186f77457cb50eccb	item	569668774bdc2da2298b4568	450
regular	596b455186f77457cb50eccb	standing	58330581ace78e27b8b10cee	0.25
regular	5979ed3886f77431307dc512	item	569668774bdc2da2298b4568	450
regular	5979ed3886f77431307dc512	item	59e35ef086f7741777737012	2
regular	5979ed3886f77431307dc512	standing	58330581ace78e27b8b10cee	0.1
regular	5979eee086f774311955e614	item	569668774bdc2da2298b4568	450
regular	5979eee086f774311955e614	item	59e35ef086f7741777737012	2
regular	5979eee086f774311955e614	standing	58330581ace78e27b8b10cee	0.1
regular	5979f8bb86f7743ec214c7a6	item	569668774bdc2da2298b4568	450
regular	5979f8bb86f7743ec214c7a6	standing	58330581ace78e27b8b10cee	0.1
regular	5979f9ba86f7740f6c3fe9f2	item	569668774bdc2da2298b4568	450
regular	5979f9ba86f7740f6c3fe9f2	item	5d5e9c74a4b9364855191c40	1
regular	5979f9ba86f7740f6c3fe9f2	item	64aceab0426a303417060654	2
regular	5979f9ba86f7740f6c3fe9f2	offerUnlock	64b8f7b5389d7ffd620ccba2	1
regular	597a0b2986f77426d66c0633	craftUnlock	5fca138c2a7b221b2852a5c6	1
regular	597a0b2986f77426d66c0633	item	569668774bdc2da2298b4568	450
regular	597a0b2986f77426d66c0633	item	593d493f86f7745e6b2ceb22	2
regular	597a0b2986f77426d66c0633	item	5fca138c2a7b221b2852a5c6	3
regular	597a0b2986f77426d66c0633	offerUnlock	593d493f86f7745e6b2ceb22	1
regular	597a0e5786f77426d66c0636	item	569668774bdc2da2298b4568	1000
regular	597a0e5786f77426d66c0636	item	5e0354f786f77425b53eb6c5	1
regular	597a0e5786f77426d66c0636	item	65702558cfc010a0f5006a25	1
regular	597a0e5786f77426d66c0636	offerUnlock	5e0354f786f77425b53eb6c5	1
regular	597a0f5686f774273b74f676	item	5c127c4486f7745625356c13	1
regular	597a0f5686f774273b74f676	item	5c94bbff86f7747ee735c08f	2
regular	597a0f5686f774273b74f676	item	67d3ed3271c17ff82e0a5b0b	1
regular	597a160786f77477531d39d2	item	544fb45d4bdc2dee738b4568	2
regular	597a160786f77477531d39d2	item	590c60fc86f77412b13fddcf	1
regular	597a160786f77477531d39d2	item	5aafbcd986f7745e590fff23	1
regular	597a160786f77477531d39d2	item	5af0454c86f7746bf20992e8	1
regular	597a160786f77477531d39d2	item	5d02778e86f774203e7dedbe	1
regular	597a171586f77405ba6887d3	item	5448be9a4bdc2dfd2f8b456a	5
regular	597a171586f77405ba6887d3	item	590c5a7286f7747884343aea	2
regular	597a171586f77405ba6887d3	item	5a0c27731526d80618476ac4	5
regular	597a171586f77405ba6887d3	item	5aafbde786f774389d0cbc0f	1
regular	597a171586f77405ba6887d3	item	5e2af55f86f7746d4159f07c	1
regular	59c124d686f774189b3c843f	item	5449016a4bdc2d6f028b456f	80000
regular	59c124d686f774189b3c843f	item	5d1b2fa286f77425227d1674	1
regular	59c124d686f774189b3c843f	offerUnlock	5a26ac0ec4a28200741e1e18	1
regular	59c124d686f774189b3c843f	standing	54cb50c76803fa8b248b4571	0.1
regular	59c50a9e86f7745fef66f4ff	item	55d482194bdc2d1d4e8b456b	1
regular	59c50a9e86f7745fef66f4ff	item	70726573657400000000001f	1
regular	59c50a9e86f7745fef66f4ff	offerUnlock	5656d7c34bdc2d9d198b4587	1
regular	59c50a9e86f7745fef66f4ff	offerUnlock	58414a16245977599247970a	1
regular	59c50c8886f7745fed3193bf	item	5449016a4bdc2d6f028b456f	275000
regular	59c50c8886f7745fed3193bf	item	5649ed104bdc2d3d1c8b458b	5
regular	59c50c8886f7745fed3193bf	offerUnlock	5656d7c34bdc2d9d198b4587	1
regular	59c512ad86f7741f0d09de9b	craftUnlock	56dff2ced2720bb4668b4567	1
regular	59c512ad86f7741f0d09de9b	item	5449016a4bdc2d6f028b456f	165000
regular	59c512ad86f7741f0d09de9b	item	58dffc5d86f77407c744a847	1
regular	59c9392986f7742f6923add2	item	5449016a4bdc2d6f028b456f	165000
regular	59c9392986f7742f6923add2	standing	54cb57776803fa99248b456e	0.25
regular	59c93e8e86f7742a406989c4	standing	58330581ace78e27b8b10cee	0.25
regular	59ca1a6286f774509a270942	item	5449016a4bdc2d6f028b456f	275000
regular	59ca1a6286f774509a270942	item	5d0378d486f77420421a5ff4	1
regular	59ca1a6286f774509a270942	offerUnlock	5e85a9f4add9fe03027d9bf1	1
regular	59ca1a6286f774509a270942	offerUnlock	656f664200d62bcd2e024077	1
regular	59ca1a6286f774509a270942	standing	54cb50c76803fa8b248b4571	0.75
regular	59ca264786f77445a80ed044	item	6570257cc5d7d4cb4d078579	3
regular	59ca264786f77445a80ed044	item	657025dabfc87b3a34093256	3
regular	59ca264786f77445a80ed044	offerUnlock	57a0e5022459774d1673f889	1
regular	59ca264786f77445a80ed044	offerUnlock	59e77a2386f7742ee578960a	1
regular	59ca29fb86f77445ab465c87	item	590c60fc86f77412b13fddcf	1
regular	59ca29fb86f77445ab465c87	item	68d56685f3d7cd248f0a06d9	1
regular	59ca29fb86f77445ab465c87	item	68d6788b2704678f29096b85	1
regular	59ca29fb86f77445ab465c87	offerUnlock	68d56685f3d7cd248f0a06d9	1
regular	59ca29fb86f77445ab465c87	offerUnlock	68d6788b2704678f29096b85	1
regular	59ca2eb686f77445a80ed049	item	59db794186f77448bc595262	1
regular	59ca2eb686f77445a80ed049	item	657025dabfc87b3a34093256	5
regular	59ca2eb686f77445a80ed049	item	66b09282ae030a24a5663815	1
regular	59ca2eb686f77445a80ed049	offerUnlock	66b09282ae030a24a5663815	1
regular	5a03153686f77442d90e2171	item	5696686a4bdc2da3298b456a	1100
regular	5a03153686f77442d90e2171	standing	5935c25fb3acc3127c3d8cd9	0.25
regular	5a03173786f77451cb427172	item	5696686a4bdc2da3298b456a	900
regular	5a03173786f77451cb427172	item	59faff1d86f7746c51718c9c	1
regular	5a03173786f77451cb427172	offerUnlock	58d3db5386f77426186285a0	1
regular	5a03173786f77451cb427172	standing	5935c25fb3acc3127c3d8cd9	0.02
regular	5a0327ba86f77456b9154236	item	5696686a4bdc2da3298b456a	550
regular	5a0327ba86f77456b9154236	standing	5935c25fb3acc3127c3d8cd9	0.1
regular	5a03296886f774569778596a	item	5696686a4bdc2da3298b456a	1100
regular	5a03296886f774569778596a	item	62a0a16d0b9d3c46de5b6e97	2
regular	5a03296886f774569778596a	offerUnlock	5d44069ca4b9361ebd26fc37	1
regular	5a03296886f774569778596a	standing	5935c25fb3acc3127c3d8cd9	0.25
regular	5a0449d586f77474e66227b7	item	5696686a4bdc2da3298b456a	550
regular	5a0449d586f77474e66227b7	item	5734779624597737e04bf329	3
regular	5a0449d586f77474e66227b7	offerUnlock	59411abb86f77478f702b5d2	1
regular	5a0449d586f77474e66227b7	standing	5935c25fb3acc3127c3d8cd9	0.1
regular	5a27b75b86f7742e97191958	item	5696686a4bdc2da3298b456a	1100
regular	5a27b75b86f7742e97191958	offerUnlock	68a639748e1fe612970728e9	1
regular	5a27b75b86f7742e97191958	standing	5935c25fb3acc3127c3d8cd9	0.25
regular	5a27b7a786f774579c3eb376	item	5696686a4bdc2da3298b456a	550
regular	5a27b7a786f774579c3eb376	standing	5935c25fb3acc3127c3d8cd9	0.1
regular	5a27b7d686f77460d847e6a6	item	5696686a4bdc2da3298b456a	1100
regular	5a27b7d686f77460d847e6a6	standing	5935c25fb3acc3127c3d8cd9	0.25
regular	5a27b80086f774429a5d7e20	item	5696686a4bdc2da3298b456a	1100
regular	5a27b80086f774429a5d7e20	standing	5935c25fb3acc3127c3d8cd9	0.25
regular	5a27b87686f77460de0252a8	item	5696686a4bdc2da3298b456a	1100
regular	5a27b87686f77460de0252a8	item	5d1c819a86f774771b0acd6c	2
regular	5a27b87686f77460de0252a8	offerUnlock	593d493f86f7745e6b2ceb22	1
regular	5a27b87686f77460de0252a8	offerUnlock	5c0d5ae286f7741e46554302	1
regular	5a27b87686f77460de0252a8	standing	5935c25fb3acc3127c3d8cd9	0.25
regular	5a27b9de86f77464e5044585	item	5696686a4bdc2da3298b456a	1100
regular	5a27b9de86f77464e5044585	standing	5935c25fb3acc3127c3d8cd9	0.25
regular	5a27ba1c86f77461ea5a3c56	item	5696686a4bdc2da3298b456a	1100
regular	5a27ba1c86f77461ea5a3c56	item	62a0a16d0b9d3c46de5b6e97	2
regular	5a27ba1c86f77461ea5a3c56	offerUnlock	5c0d1e9386f77440120288b7	1
regular	5a27ba1c86f77461ea5a3c56	standing	5935c25fb3acc3127c3d8cd9	0.25
regular	5a27ba9586f7741b543d8e85	standing	5935c25fb3acc3127c3d8cd9	0.04
regular	5a27bafb86f7741c73584017	item	5696686a4bdc2da3298b456a	550
regular	5a27bafb86f7741c73584017	standing	5935c25fb3acc3127c3d8cd9	0.1
regular	5a27bb1e86f7741f27621b7e	item	5696686a4bdc2da3298b456a	1900
regular	5a27bb1e86f7741f27621b7e	standing	5935c25fb3acc3127c3d8cd9	0.75
regular	5a27bb3d86f77411ea361a21	item	5696686a4bdc2da3298b456a	1900
regular	5a27bb3d86f77411ea361a21	standing	5935c25fb3acc3127c3d8cd9	0.75
regular	5a27bb5986f7741dfb660900	item	5696686a4bdc2da3298b456a	900
regular	5a27bb5986f7741dfb660900	item	5bd056fa86f7743aba7658cd	1
regular	5a27bb5986f7741dfb660900	standing	5935c25fb3acc3127c3d8cd9	0.03
regular	5a27bb8386f7741c770d2d0a	item	5696686a4bdc2da3298b456a	1100
regular	5a27bb8386f7741c770d2d0a	item	5d7b845786f7743c1e531da7	1
regular	5a27bb8386f7741c770d2d0a	item	657025161419851aef03e718	1
regular	5a27bb8386f7741c770d2d0a	offerUnlock	5d7b845786f7743c1e531da7	1
regular	5a27bbf886f774333a418eeb	item	5696686a4bdc2da3298b456a	1100
regular	5a27bbf886f774333a418eeb	item	5f5e467b0bc58666c37e7821	1
regular	5a27bbf886f774333a418eeb	item	6193e108c1982475fa2a7f16	1
regular	5a27bbf886f774333a418eeb	item	6570264d1419851aef03e736	1
regular	5a27bbf886f774333a418eeb	offerUnlock	6193e108c1982475fa2a7f16	1
regular	5a27bc1586f7741f6d40fa2f	craftUnlock	619636be6db0f2477964e710	1
regular	5a27bc1586f7741f6d40fa2f	item	5696686a4bdc2da3298b456a	1900
regular	5a27bc1586f7741f6d40fa2f	item	5dfe6104585a0c3e995c7b82	1
regular	5a27bc1586f7741f6d40fa2f	item	657023b1cfc010a0f50069e5	2
regular	5a27bc3686f7741c73584026	craftUnlock	6768c25aa7b238f14a08d3f6	1
regular	5a27bc3686f7741c73584026	item	5696686a4bdc2da3298b456a	1900
regular	5a27bc3686f7741c73584026	item	58d3db5386f77426186285a0	5
regular	5a27bc3686f7741c73584026	item	6769b8e3c1a1466c850658a8	5
regular	5a27bc6986f7741c7358402b	item	5a3a85af86f774745637d46c	1
regular	5a27bc6986f7741c7358402b	item	657127b7f1074598bf0c02f2	1
regular	5a27bc6986f7741c7358402b	offerUnlock	5a3a85af86f774745637d46c	1
regular	5a27bc8586f7741b543d8ea4	item	5696686a4bdc2da3298b456a	2750
regular	5a27bc8586f7741b543d8ea4	item	59e8d2b386f77445830dd299	1
regular	5a27bc8586f7741b543d8ea4	item	5ede475b549eed7c6d5c18fb	6
regular	5a27bc8586f7741b543d8ea4	item	5f06d6e1475d472556679d16	1
regular	5a27bc8586f7741b543d8ea4	item	6570254fcfc010a0f5006a22	3
regular	5a27bc8586f7741b543d8ea4	offerUnlock	5f06d6e1475d472556679d16	1
regular	5a27c99a86f7747d2c6bdd8e	item	569668774bdc2da2298b4568	1000
regular	5a27c99a86f7747d2c6bdd8e	standing	58330581ace78e27b8b10cee	0.25
regular	5a27d2af86f7744e1115b323	offerUnlock	5fd251ee16cac650092f5d02	1
regular	5a27d2af86f7744e1115b323	standing	58330581ace78e27b8b10cee	0.05
regular	5a68661a86f774500f48afb0	item	5449016a4bdc2d6f028b456f	80000
regular	5a68661a86f774500f48afb0	item	590c661e86f7741e566b646a	2
regular	5a68661a86f774500f48afb0	offerUnlock	590c661e86f7741e566b646a	1
regular	5a68661a86f774500f48afb0	offerUnlock	62a0a043cf4a99369e2624a5	1
regular	5a68663e86f774501078f78a	item	5449016a4bdc2d6f028b456f	165000
regular	5a68663e86f774501078f78a	item	5c0e530286f7747fa1419862	2
regular	5a68663e86f774501078f78a	offerUnlock	5c0e530286f7747fa1419862	1
regular	5a68665c86f774255929b4c7	item	5449016a4bdc2d6f028b456f	165000
regular	5a68665c86f774255929b4c7	item	590c657e86f77412b013051d	2
regular	5a68665c86f774255929b4c7	offerUnlock	590c657e86f77412b013051d	1
regular	5a68667486f7742607157d28	item	5449016a4bdc2d6f028b456f	275000
regular	5a68667486f7742607157d28	item	5af0454c86f7746bf20992e8	3
regular	5a68667486f7742607157d28	offerUnlock	5af0454c86f7746bf20992e8	1
regular	5a68669a86f774255929b4d4	item	5449016a4bdc2d6f028b456f	275000
regular	5a68669a86f774255929b4d4	item	590c678286f77426c9660122	3
regular	5a68669a86f774255929b4d4	offerUnlock	590c678286f77426c9660122	1
regular	5ac23c6186f7741247042bad	item	5449016a4bdc2d6f028b456f	80000
regular	5ac23c6186f7741247042bad	standing	5a7c2eca46aef81a7ca2145d	0.1
regular	5ac2426c86f774138762edfe	item	5449016a4bdc2d6f028b456f	80000
regular	5ac2426c86f774138762edfe	standing	5a7c2eca46aef81a7ca2145d	0.1
regular	5ac2428686f77412450b42bf	item	5449016a4bdc2d6f028b456f	80000
regular	5ac2428686f77412450b42bf	item	5c06779c86f77426e00dd782	2
regular	5ac2428686f77412450b42bf	offerUnlock	5a88ad7b86f77479aa7226af	1
regular	5ac2428686f77412450b42bf	standing	5a7c2eca46aef81a7ca2145d	0.1
regular	5ac242ab86f77412464f68b4	item	5b057b4f5acfc4771e1bd3e9	2
regular	5ac242ab86f77412464f68b4	item	655df24fdf80b12750626d0a	2
regular	5ac242ab86f77412464f68b4	offerUnlock	5b057b4f5acfc4771e1bd3e9	1
regular	5ac242ab86f77412464f68b4	offerUnlock	655df24fdf80b12750626d0a	1
regular	5ac244c486f77413e12cf945	item	5449016a4bdc2d6f028b456f	165000
regular	5ac244c486f77413e12cf945	item	59bffbb386f77435b379b9c2	1
regular	5ac244c486f77413e12cf945	item	62811fa609427b40ab14e765	1
regular	5ac244eb86f7741356335af1	item	5449016a4bdc2d6f028b456f	275000
regular	5ac244eb86f7741356335af1	standing	5a7c2eca46aef81a7ca2145d	0.75
regular	5ac345dc86f774288030817f	item	5449016a4bdc2d6f028b456f	165000
regular	5ac345dc86f774288030817f	item	61bf7b6302b3924be92fa8c3	2
regular	5ac345dc86f774288030817f	offerUnlock	5aafbde786f774389d0cbc0f	1
regular	5ac345dc86f774288030817f	standing	5a7c2eca46aef81a7ca2145d	0.25
regular	5ac3460c86f7742880308185	item	5449016a4bdc2d6f028b456f	15000
regular	5ac3460c86f7742880308185	item	5d1b2ffd86f77425243e8d17	1
regular	5ac3460c86f7742880308185	item	5d23467086f77443f37fc602	1
regular	5ac3460c86f7742880308185	standing	5a7c2eca46aef81a7ca2145d	0.02
regular	5ac3462b86f7741d6118b983	item	5449016a4bdc2d6f028b456f	80000
regular	5ac3462b86f7741d6118b983	item	5c06779c86f77426e00dd782	2
regular	5ac3462b86f7741d6118b983	offerUnlock	5a8ae65f86f774377a23ed55	1
regular	5ac3462b86f7741d6118b983	standing	5a7c2eca46aef81a7ca2145d	0.1
regular	5ac3464c86f7741d651d6877	item	5449016a4bdc2d6f028b456f	275000
regular	5ac3464c86f7741d651d6877	item	590c639286f774151567fa95	1
regular	5ac3464c86f7741d651d6877	offerUnlock	5dd800bde492226366631317	1
regular	5ac3464c86f7741d651d6877	standing	5a7c2eca46aef81a7ca2145d	0.75
regular	5ac3467986f7741d6224abc2	item	5449016a4bdc2d6f028b456f	165000
regular	5ac3467986f7741d6224abc2	standing	5a7c2eca46aef81a7ca2145d	0.25
regular	5ac346a886f7744e1b083d67	item	5449016a4bdc2d6f028b456f	165000
regular	5ac346a886f7744e1b083d67	standing	5a7c2eca46aef81a7ca2145d	0.25
regular	5ac346cf86f7741d63233a02	item	5449016a4bdc2d6f028b456f	30000
regular	5ac346cf86f7741d63233a02	item	62975de85c32d414f8797433	1
regular	5ac346cf86f7741d63233a02	item	6570243bbfc87b3a3409321f	2
regular	5ac346cf86f7741d63233a02	standing	5a7c2eca46aef81a7ca2145d	0.02
regular	5ac346e886f7741d6118b99b	item	5449016a4bdc2d6f028b456f	150000
regular	5ac346e886f7741d6118b99b	item	618ba27d9008e4636a67f61d	1
regular	5ac346e886f7741d6118b99b	standing	5a7c2eca46aef81a7ca2145d	0.01
regular	5ac3475486f7741d6224abd3	item	5449016a4bdc2d6f028b456f	80000
regular	5ac3475486f7741d6224abd3	standing	5a7c2eca46aef81a7ca2145d	0.1
regular	5ac3477486f7741d651d6885	item	5449016a4bdc2d6f028b456f	165000
regular	5ac3477486f7741d651d6885	standing	5a7c2eca46aef81a7ca2145d	0.25
regular	5ac3479086f7742880308199	item	569668774bdc2da2298b4568	800
regular	5ac3479086f7742880308199	item	5a32a064c4a28200741e22de	2
regular	5ac3479086f7742880308199	standing	5a7c2eca46aef81a7ca2145d	0.02
regular	5ae3267986f7742a413592fe	item	5449016a4bdc2d6f028b456f	165000
regular	5ae3267986f7742a413592fe	item	61bf7b6302b3924be92fa8c3	2
regular	5ae3267986f7742a413592fe	offerUnlock	59fb137a86f7740adb646af1	1
regular	5ae3267986f7742a413592fe	offerUnlock	618ab04934aa2e47480fba2b	1
regular	5ae3267986f7742a413592fe	standing	5a7c2eca46aef81a7ca2145d	0.25
regular	5ae3270f86f77445ba41d4dd	item	5449016a4bdc2d6f028b456f	275000
regular	5ae3270f86f77445ba41d4dd	standing	5a7c2eca46aef81a7ca2145d	0.75
regular	5ae3277186f7745973054106	item	5449016a4bdc2d6f028b456f	275000
regular	5ae3277186f7745973054106	standing	5a7c2eca46aef81a7ca2145d	0.75
regular	5ae327c886f7745c7b3f2f3f	item	5449016a4bdc2d6f028b456f	275000
regular	5ae327c886f7745c7b3f2f3f	standing	5a7c2eca46aef81a7ca2145d	0.75
regular	5ae3280386f7742a41359364	item	5449016a4bdc2d6f028b456f	275000
regular	5ae3280386f7742a41359364	item	590c639286f774151567fa95	1
regular	5ae3280386f7742a41359364	offerUnlock	5af08cc686f77424a61595f2	1
regular	5ae3280386f7742a41359364	offerUnlock	5dd800eae49222636663133b	1
regular	5ae3280386f7742a41359364	standing	5a7c2eca46aef81a7ca2145d	0.75
regular	5ae448a386f7744d3730fff0	item	5449016a4bdc2d6f028b456f	10000
regular	5ae448a386f7744d3730fff0	item	5b44c8ea86f7742d1627baf1	1
regular	5ae448a386f7744d3730fff0	standing	5ac3b934156ae10c4430e83c	0.02
regular	5ae448bf86f7744d733e55ee	item	5449016a4bdc2d6f028b456f	80000
regular	5ae448bf86f7744d733e55ee	standing	5ac3b934156ae10c4430e83c	0.1
regular	5ae448e586f7744dcf0c2a67	item	5449016a4bdc2d6f028b456f	165000
regular	5ae448e586f7744dcf0c2a67	standing	5ac3b934156ae10c4430e83c	0.25
regular	5ae448f286f77448d73c0131	item	5449016a4bdc2d6f028b456f	80000
regular	5ae448f286f77448d73c0131	standing	5ac3b934156ae10c4430e83c	0.1
regular	5ae4490786f7744ca822adcc	item	5449016a4bdc2d6f028b456f	80000
regular	5ae4490786f7744ca822adcc	standing	5ac3b934156ae10c4430e83c	0.1
regular	5ae4493486f7744efa289417	item	5449016a4bdc2d6f028b456f	80000
regular	5ae4493486f7744efa289417	standing	5ac3b934156ae10c4430e83c	0.1
regular	5ae4493d86f7744b8e15aa8f	item	5449016a4bdc2d6f028b456f	80000
regular	5ae4493d86f7744b8e15aa8f	standing	5ac3b934156ae10c4430e83c	0.1
regular	5ae4495086f77443c122bc40	item	5449016a4bdc2d6f028b456f	165000
regular	5ae4495086f77443c122bc40	item	6038d614d10cbf667352dd44	1
regular	5ae4495086f77443c122bc40	offerUnlock	6038d614d10cbf667352dd44	1
regular	5ae4495086f77443c122bc40	offerUnlock	65765f39526e320fbe0357b1	1
regular	5ae4495c86f7744e87761355	craftUnlock	5d5d87f786f77427997cfaef	1
regular	5ae4495c86f7744e87761355	item	5449016a4bdc2d6f028b456f	165000
regular	5ae4495c86f7744e87761355	item	5d5d940f86f7742797262046	1
regular	5ae4496986f774459e77beb6	craftUnlock	5b44cad286f77402a54ae7e5	1
regular	5ae4496986f774459e77beb6	item	5449016a4bdc2d6f028b456f	165000
regular	5ae4497b86f7744cf402ed00	craftUnlock	5c0e57ba86f7747fa141986d	1
regular	5ae4497b86f7744cf402ed00	item	5449016a4bdc2d6f028b456f	165000
regular	5ae4497b86f7744cf402ed00	item	5c0e446786f7742013381639	1
regular	5ae4498786f7744bde357695	item	5449016a4bdc2d6f028b456f	165000
regular	5ae4498786f7744bde357695	item	5aa2ba71e5b5b000137b758f	1
regular	5ae4498786f7744bde357695	item	5d1b313086f77425227d1678	2
regular	5ae4498786f7744bde357695	item	5f60cd6cf2bcbb675b00dac6	1
regular	5ae4498786f7744bde357695	standing	5ac3b934156ae10c4430e83c	0.25
regular	5ae4499a86f77449783815db	item	5449016a4bdc2d6f028b456f	60000
regular	5ae4499a86f77449783815db	item	6571960bacb85662e7024c23	1
regular	5ae4499a86f77449783815db	offerUnlock	6576695d234b9f6e050a42f0	1
regular	5ae4499a86f77449783815db	standing	5ac3b934156ae10c4430e83c	0.03
regular	5ae449a586f7744bde357696	item	5449016a4bdc2d6f028b456f	32000
regular	5ae449a586f7744bde357696	item	5aa7e276e5b5b000171d0647	1
regular	5ae449a586f7744bde357696	standing	5ac3b934156ae10c4430e83c	0.03
regular	5ae449b386f77446d8741719	item	5449016a4bdc2d6f028b456f	80000
regular	5ae449b386f77446d8741719	item	590a3cd386f77436f20848cb	3
regular	5ae449b386f77446d8741719	standing	5ac3b934156ae10c4430e83c	0.1
regular	5ae449c386f7744bde357697	item	5449016a4bdc2d6f028b456f	80000
regular	5ae449c386f7744bde357697	standing	5ac3b934156ae10c4430e83c	0.1
regular	5ae449d986f774453a54a7e1	item	5449016a4bdc2d6f028b456f	165000
regular	5ae449d986f774453a54a7e1	item	5aa2ba71e5b5b000137b758f	1
regular	5ae449d986f774453a54a7e1	item	5d1b313086f77425227d1678	2
regular	5ae449d986f774453a54a7e1	item	5f60cd6cf2bcbb675b00dac6	1
regular	5ae449d986f774453a54a7e1	standing	5ac3b934156ae10c4430e83c	0.25
regular	5b47749f86f7746c5d6a5fd4	item	5449016a4bdc2d6f028b456f	165000
regular	5b47749f86f7746c5d6a5fd4	item	619b69037b9de8162902673e	1
regular	5b47749f86f7746c5d6a5fd4	offerUnlock	619b69037b9de8162902673e	1
regular	5b47799d86f7746c5d6a5fd8	item	5449016a4bdc2d6f028b456f	275000
regular	5b47799d86f7746c5d6a5fd8	item	590c639286f774151567fa95	1
regular	5b47799d86f7746c5d6a5fd8	offerUnlock	5af08cc686f77424a61595f2	1
regular	5b47799d86f7746c5d6a5fd8	offerUnlock	5dd800eae49222636663133b	1
regular	5b47799d86f7746c5d6a5fd8	standing	5a7c2eca46aef81a7ca2145d	0.75
regular	5b477b6f86f7747290681823	item	5449016a4bdc2d6f028b456f	275000
regular	5b477b6f86f7747290681823	item	5b3b99475acfc432ff4dcbee	1
regular	5b477b6f86f7747290681823	item	615d8f5dd92c473c770212ef	1
regular	5b477f7686f7744d1b23c4d2	item	5449016a4bdc2d6f028b456f	275000
regular	5b477f7686f7744d1b23c4d2	item	58d2912286f7744e27117493	3
regular	5b477f7686f7744d1b23c4d2	offerUnlock	58d2912286f7744e27117493	1
regular	5b47825886f77468074618d3	item	5449016a4bdc2d6f028b456f	275000
regular	5b47825886f77468074618d3	item	5c127c4486f7745625356c13	1
regular	5b47876e86f7744d1c353205	craftUnlock	5d5d87f786f77427997cfaef	1
regular	5b47876e86f7744d1c353205	item	5449016a4bdc2d6f028b456f	20000
regular	5b47876e86f7744d1c353205	item	5b40e3f35acfc40016388218	1
regular	5b47876e86f7744d1c353205	item	65766278526e320fbe0357d4	1
regular	5b47876e86f7744d1c353205	standing	5ac3b934156ae10c4430e83c	0.03
regular	5b47891f86f7744d1b23c571	item	5449016a4bdc2d6f028b456f	275000
regular	5b47891f86f7744d1b23c571	standing	5ac3b934156ae10c4430e83c	0.75
regular	5b478b1886f7744d1b23c57d	item	5449016a4bdc2d6f028b456f	165000
regular	5b478b1886f7744d1b23c57d	standing	5ac3b934156ae10c4430e83c	0.25
regular	5b478d0f86f7744d190d91b5	item	5449016a4bdc2d6f028b456f	165000
regular	5b478d0f86f7744d190d91b5	item	5aa2ba71e5b5b000137b758f	1
regular	5b478d0f86f7744d190d91b5	item	5d1b313086f77425227d1678	2
regular	5b478d0f86f7744d190d91b5	item	5f60cd6cf2bcbb675b00dac6	1
regular	5b478d0f86f7744d190d91b5	standing	5ac3b934156ae10c4430e83c	0.25
regular	5b478eca86f7744642012254	item	569668774bdc2da2298b4568	1000
regular	5b478eca86f7744642012254	standing	58330581ace78e27b8b10cee	0.25
regular	5b478ff486f7744d184ecbbf	item	569668774bdc2da2298b4568	1000
regular	5b478ff486f7744d184ecbbf	standing	58330581ace78e27b8b10cee	0.25
regular	5b47926a86f7747ccc057c15	item	569668774bdc2da2298b4568	450
regular	5b47926a86f7747ccc057c15	standing	58330581ace78e27b8b10cee	0.1
regular	5b4794cb86f774598100d5d4	item	5696686a4bdc2da3298b456a	550
regular	5b4794cb86f774598100d5d4	standing	5935c25fb3acc3127c3d8cd9	0.1
regular	5b4795fb86f7745876267770	item	569668774bdc2da2298b4568	1000
regular	5b4795fb86f7745876267770	standing	58330581ace78e27b8b10cee	0.25
regular	5bc4776586f774512d07cf05	item	5449016a4bdc2d6f028b456f	80000
regular	5bc4776586f774512d07cf05	item	5bbde409d4351e003562b036	2
regular	5bc4776586f774512d07cf05	item	5bc5a372d4351e44f824d17f	2
regular	5bc4776586f774512d07cf05	offerUnlock	5bbde409d4351e003562b036	1
regular	5bc4776586f774512d07cf05	offerUnlock	5bc5a372d4351e44f824d17f	1
regular	5bc479e586f7747f376c7da3	item	5449016a4bdc2d6f028b456f	165000
regular	5bc479e586f7747f376c7da3	item	5bbdb811d4351e45020113c7	2
regular	5bc479e586f7747f376c7da3	item	5bbdb83fd4351e44f824c44b	2
regular	5bc479e586f7747f376c7da3	offerUnlock	5bbdb811d4351e45020113c7	1
regular	5bc479e586f7747f376c7da3	offerUnlock	5bbdb83fd4351e44f824c44b	1
regular	5bc47dbf86f7741ee74e93b9	craftUnlock	5f0596629e22f464da6bbdd9	1
regular	5bc47dbf86f7741ee74e93b9	item	5449016a4bdc2d6f028b456f	165000
regular	5bc47dbf86f7741ee74e93b9	item	5bbde41ed4351e003562b038	2
regular	5bc47dbf86f7741ee74e93b9	offerUnlock	5bbde41ed4351e003562b038	1
regular	5bc480a686f7741af0342e29	craftUnlock	5e023d34e8a400319a28ed44	1
regular	5bc480a686f7741af0342e29	item	5449016a4bdc2d6f028b456f	275000
regular	5bc480a686f7741af0342e29	item	5bbdb870d4351e00367fb67d	2
regular	5bc480a686f7741af0342e29	offerUnlock	5bbdb870d4351e00367fb67d	1
regular	5bc4826c86f774106d22d88b	item	5449016a4bdc2d6f028b456f	80000
regular	5bc4826c86f774106d22d88b	item	5bc5a351d4351e003477a414	1
regular	5bc4826c86f774106d22d88b	item	5c0696830db834001d23f5da	1
regular	5bc4826c86f774106d22d88b	offerUnlock	5bc5a351d4351e003477a414	1
regular	5bc4826c86f774106d22d88b	standing	5c0647fdd443bc2504c2d371	0.02
regular	5bc4836986f7740c0152911c	item	5449016a4bdc2d6f028b456f	275000
regular	5bc4836986f7740c0152911c	item	5bae13bad4351e00320204af	2
regular	5bc4836986f7740c0152911c	offerUnlock	5bae13bad4351e00320204af	1
regular	5bc4856986f77454c317bea7	item	5449016a4bdc2d6f028b456f	400000
regular	5bc4856986f77454c317bea7	item	5d383f5d86f7742a15793872	1
regular	5bc4856986f77454c317bea7	item	618ba27d9008e4636a67f61d	1
regular	5bc4856986f77454c317bea7	offerUnlock	5d383f5d86f7742a15793872	1
regular	5bc4856986f77454c317bea7	offerUnlock	618ba27d9008e4636a67f61d	1
regular	5bc4893c86f774626f5ebf3e	item	5fc23426900b1d5091531e15	1
regular	5bc4893c86f774626f5ebf3e	item	5fd25119dd870108a754a163	1
regular	5bc4893c86f774626f5ebf3e	item	657023ccbfc87b3a3409320a	1
regular	5bc4893c86f774626f5ebf3e	offerUnlock	5fd25119dd870108a754a163	1
regular	5c0bbaa886f7746941031d82	item	569668774bdc2da2298b4568	2400
regular	5c0bbaa886f7746941031d82	item	65702474bfc87b3a34093226	2
regular	5c0bbaa886f7746941031d82	item	707265736574000000000053	1
regular	5c0bbaa886f7746941031d82	offerUnlock	707265736574000000000053	1
regular	5c0bbaa886f7746941031d82	standing	58330581ace78e27b8b10cee	1.5
regular	5c0bc91486f7746ab41857a2	item	569668774bdc2da2298b4568	2400
regular	5c0bc91486f7746ab41857a2	item	60b7c2bd95047637182d90a4	1
regular	5c0bc91486f7746ab41857a2	offerUnlock	5bffdd7e0db834001b734a1a	1
regular	5c0bc91486f7746ab41857a2	offerUnlock	6087e663132d4d12c81fd96b	1
regular	5c0bc91486f7746ab41857a2	offerUnlock	656fa25e94b480b8a500c0e0	1
regular	5c0bc91486f7746ab41857a2	standing	58330581ace78e27b8b10cee	1.5
regular	5c0bd01e86f7747cdd799e56	item	5696686a4bdc2da3298b456a	2750
regular	5c0bd01e86f7747cdd799e56	item	60098ad7c2240c0fe85c570a	4
regular	5c0bd01e86f7747cdd799e56	item	69413241b1ce1e5fbb09ed0a	1
regular	5c0bd01e86f7747cdd799e56	offerUnlock	60098ad7c2240c0fe85c570a	1
regular	5c0bd01e86f7747cdd799e56	offerUnlock	655746010177119f4a097ff7	1
regular	5c0bd01e86f7747cdd799e56	offerUnlock	69413241b1ce1e5fbb09ed0a	1
regular	5c0bd01e86f7747cdd799e56	standing	5935c25fb3acc3127c3d8cd9	1.5
regular	5c0bd94186f7747a727f09b2	craftUnlock	61962d879bb3d20b0946d385	1
regular	5c0bd94186f7747a727f09b2	item	5449016a4bdc2d6f028b456f	275000
regular	5c0bd94186f7747a727f09b2	item	5d0378d486f77420421a5ff4	1
regular	5c0bd94186f7747a727f09b2	standing	54cb50c76803fa8b248b4571	0.75
regular	5c0bdb5286f774166e38eed4	item	5449016a4bdc2d6f028b456f	150000
regular	5c0bdb5286f774166e38eed4	item	5d40407c86f774318526545a	3
regular	5c0bdb5286f774166e38eed4	item	62a09f32621468534a797acb	5
regular	5c0bdb5286f774166e38eed4	offerUnlock	5bffdd7e0db834001b734a1a	1
regular	5c0bdb5286f774166e38eed4	standing	58330581ace78e27b8b10cee	0.05
regular	5c0bde0986f77479cf22c2f8	item	5449016a4bdc2d6f028b456f	400000
regular	5c0bde0986f77479cf22c2f8	item	59fb023c86f7746d0d4b423c	1
regular	5c0bde0986f77479cf22c2f8	offerUnlock	5b6d9ce188a4501afc1b2b25	1
regular	5c0bde0986f77479cf22c2f8	standing	5a7c2eca46aef81a7ca2145d	1.5
regular	5c0be13186f7746f016734aa	item	5449016a4bdc2d6f028b456f	400000
regular	5c0be13186f7746f016734aa	item	657024cecfc010a0f5006a0a	3
regular	5c0be13186f7746f016734aa	offerUnlock	5ba2678ad4351e44f824b344	1
regular	5c0be13186f7746f016734aa	standing	5a7c2eca46aef81a7ca2145d	1.5
regular	5c0be5fc86f774467a116593	item	5449016a4bdc2d6f028b456f	130000
regular	5c0be5fc86f774467a116593	item	5a145d4786f7744cbb6f4a12	1
regular	5c0be5fc86f774467a116593	item	5c0a840b86f7742ffa4f2482	1
regular	5c0be5fc86f774467a116593	standing	54cb57776803fa99248b456e	0.05
regular	5c0d0d5086f774363760aef2	item	5449016a4bdc2d6f028b456f	110000
regular	5c0d0d5086f774363760aef2	item	5aa2b986e5b5b00014028f4c	1
regular	5c0d0d5086f774363760aef2	item	5c0e533786f7747fa23f4d47	3
regular	5c0d0d5086f774363760aef2	item	5c10c8fd86f7743d7d706df3	3
regular	5c0d0d5086f774363760aef2	offerUnlock	5c10c8fd86f7743d7d706df3	1
regular	5c0d0d5086f774363760aef2	standing	54cb57776803fa99248b456e	0.04
regular	5c0d0f1886f77457b8210226	item	569668774bdc2da2298b4568	1650
regular	5c0d0f1886f77457b8210226	item	5a7ad2e851dfba0016153692	2
regular	5c0d0f1886f77457b8210226	item	5fd251c90d9c95034825edb5	1
regular	5c0d0f1886f77457b8210226	item	648987d673c462723909a151	2
regular	5c0d0f1886f77457b8210226	offerUnlock	5fd251c90d9c95034825edb5	1
regular	5c0d0f1886f77457b8210226	standing	58330581ace78e27b8b10cee	0.75
regular	5c0d190cd09282029f5390d8	item	5449016a4bdc2d6f028b456f	165000
regular	5c0d190cd09282029f5390d8	standing	54cb50c76803fa8b248b4571	0.25
regular	5c0d1c4cd0928202a02a6f5c	craftUnlock	5ed51652f6c34d2cc26336a1	1
regular	5c0d1c4cd0928202a02a6f5c	item	5449016a4bdc2d6f028b456f	400000
regular	5c0d1c4cd0928202a02a6f5c	standing	54cb57776803fa99248b456e	1.5
regular	5c0d4c12d09282029f539173	item	5696686a4bdc2da3298b456a	2750
regular	5c0d4c12d09282029f539173	item	5e035eb586f774756048ec12	1
regular	5c0d4c12d09282029f539173	offerUnlock	5e035eb586f774756048ec12	1
regular	5c0d4c12d09282029f539173	offerUnlock	656fa8d700d62bcd2e024084	1
regular	5c0d4c12d09282029f539173	standing	5935c25fb3acc3127c3d8cd9	1.5
regular	5c0d4e61d09282029f53920e	craftUnlock	5ba26835d4351e0035628ff5	1
regular	5c0d4e61d09282029f53920e	item	5696686a4bdc2da3298b456a	2750
regular	5c0d4e61d09282029f53920e	item	5c0e66e2d174af02a96252f4	1
regular	5c0d4e61d09282029f53920e	offerUnlock	5c0e66e2d174af02a96252f4	1
regular	5c0d4e61d09282029f53920e	standing	5935c25fb3acc3127c3d8cd9	1.5
regular	5c10f94386f774227172c572	item	5449016a4bdc2d6f028b456f	80000
regular	5c10f94386f774227172c572	item	590a3cd386f77436f20848cb	3
regular	5c10f94386f774227172c572	standing	5ac3b934156ae10c4430e83c	0.1
regular	5c1128e386f7746565181106	item	5449016a4bdc2d6f028b456f	275000
regular	5c1128e386f7746565181106	standing	5a7c2eca46aef81a7ca2145d	0.75
regular	5c112d7e86f7740d6f647486	item	5449016a4bdc2d6f028b456f	275000
regular	5c112d7e86f7740d6f647486	standing	5ac3b934156ae10c4430e83c	0.75
regular	5c1141f386f77430ff393792	item	5449016a4bdc2d6f028b456f	400000
regular	5c1141f386f77430ff393792	offerUnlock	65573fa5655447403702a816	1
regular	5c1141f386f77430ff393792	standing	5ac3b934156ae10c4430e83c	1.5
regular	5c1234c286f77406fa13baeb	item	569668774bdc2da2298b4568	1000
regular	5c1234c286f77406fa13baeb	item	590c346786f77423e50ed342	3
regular	5c1234c286f77406fa13baeb	standing	58330581ace78e27b8b10cee	0.25
regular	5c12452c86f7744b83469073	item	5449016a4bdc2d6f028b456f	55000
regular	5c12452c86f7744b83469073	item	5b6d9ce188a4501afc1b2b25	1
regular	5c12452c86f7744b83469073	offerUnlock	66b09282ae030a24a5663815	1
regular	5c12452c86f7744b83469073	standing	54cb50c76803fa8b248b4571	0.02
regular	5c139eb686f7747878361a6f	item	5449016a4bdc2d6f028b456f	275000
regular	5c139eb686f7747878361a6f	item	590c639286f774151567fa95	1
regular	5c139eb686f7747878361a6f	offerUnlock	5c127c4486f7745625356c13	1
regular	5c139eb686f7747878361a6f	standing	5a7c2eca46aef81a7ca2145d	0.75
regular	5c51aac186f77432ea65c552	item	5c093ca986f7740a1867ab12	1
regular	5c51aac186f77432ea65c552	item	619bddc6c9546643a67df6ee	1
regular	5d2495a886f77425cd51e403	item	5449016a4bdc2d6f028b456f	30000
regular	5d2495a886f77425cd51e403	traderUnlock	5c0647fdd443bc2504c2d371	1
regular	5d24b81486f77439c92d6ba8	item	5449016a4bdc2d6f028b456f	80000
regular	5d24b81486f77439c92d6ba8	standing	5c0647fdd443bc2504c2d371	0.1
regular	5d25aed386f77442734d25d2	item	5ac4ab8886f7747d0f66429a	1
regular	5d25aed386f77442734d25d2	item	619bddffc9546643a67df6f0	1
regular	5d25aed386f77442734d25d2	item	64ace9d9b5bf5e95f50a4c1d	10
regular	5d25aed386f77442734d25d2	offerUnlock	5d02797c86f774203f38e30a	1
regular	5d25b6be86f77444001e1b89	item	590c5d4b86f774784e1b9c45	3
regular	5d25b6be86f77444001e1b89	item	5d1b36a186f7742523398433	1
regular	5d25b6be86f77444001e1b89	offerUnlock	590c5d4b86f774784e1b9c45	1
regular	5d25bfd086f77442734d3007	item	5c0fa877d174af02a012e1cf	3
regular	5d25bfd086f77442734d3007	item	5d1b385e86f774252167b98a	1
regular	5d25bfd086f77442734d3007	offerUnlock	63920105a83e15700a00f168	1
regular	5d25c81b86f77443e625dd71	item	62975de85c32d414f8797433	1
regular	5d25c81b86f77443e625dd71	item	65702474bfc87b3a34093226	1
regular	5d25c81b86f77443e625dd71	offerUnlock	62975de85c32d414f8797433	1
regular	5d25cf2686f77443e75488d4	item	5d02778e86f774203e7dedbe	3
regular	5d25cf2686f77443e75488d4	item	5d1b3a5d86f774252167ba22	3
regular	5d25cf2686f77443e75488d4	offerUnlock	5d02797c86f774203f38e30a	1
regular	5d25d2c186f77443e35162e5	craftUnlock	5d6e68a8a4b9360b6c0d54e2	1
regular	5d25d2c186f77443e35162e5	item	64898838d5b4df6140000a20	2
regular	5d25d2c186f77443e35162e5	item	6764089eba9ecbb20a0052f4	1
regular	5d25e29d86f7740a22516326	item	5b3b6e495acfc4330140bd88	3
regular	5d25e29d86f7740a22516326	item	657025dfcfc010a0f5006a3b	4
regular	5d25e29d86f7740a22516326	item	70726573657400000000007f	1
regular	5d25e29d86f7740a22516326	offerUnlock	59eb7ebe86f7740b373438ce	1
regular	5d25e2a986f77409dd5cdf2a	item	5449016a4bdc2d6f028b456f	50000
regular	5d25e2a986f77409dd5cdf2a	standing	5c0647fdd443bc2504c2d371	0.02
regular	5d25e2b486f77409de05bba0	item	5449016a4bdc2d6f028b456f	275000
regular	5d25e2b486f77409de05bba0	standing	5c0647fdd443bc2504c2d371	0.75
regular	5d25e2c386f77443e7549029	item	5449016a4bdc2d6f028b456f	80000
regular	5d25e2c386f77443e7549029	item	59e35cbb86f7741778269d83	2
regular	5d25e2c386f77443e7549029	standing	5c0647fdd443bc2504c2d371	0.1
regular	5d25e2cc86f77443e47ae019	item	5449016a4bdc2d6f028b456f	275000
regular	5d25e2cc86f77443e47ae019	item	590c35a486f774273531c822	2
regular	5d25e2cc86f77443e47ae019	standing	5c0647fdd443bc2504c2d371	0.75
regular	5d25e2d886f77442734d335e	item	5dfe6104585a0c3e995c7b82	1
regular	5d25e2d886f77442734d335e	item	65702558cfc010a0f5006a25	2
regular	5d25e2d886f77442734d335e	offerUnlock	5d383e1a86f7742a1468ce63	1
regular	5d25e2e286f77444001e2e48	item	5449016a4bdc2d6f028b456f	165000
regular	5d25e2e286f77444001e2e48	standing	5c0647fdd443bc2504c2d371	0.25
regular	5d25e2ee86f77443e35162ea	item	5449016a4bdc2d6f028b456f	80000
regular	5d25e2ee86f77443e35162ea	standing	5c0647fdd443bc2504c2d371	0.1
regular	5d25e43786f7740a212217fa	item	5449016a4bdc2d6f028b456f	80000
regular	5d25e43786f7740a212217fa	item	59e35cbb86f7741778269d83	2
regular	5d25e43786f7740a212217fa	standing	5c0647fdd443bc2504c2d371	0.1
regular	5d25e44386f77409453bce7b	item	5449016a4bdc2d6f028b456f	80000
regular	5d25e44386f77409453bce7b	item	59e35cbb86f7741778269d83	2
regular	5d25e44386f77409453bce7b	standing	5c0647fdd443bc2504c2d371	0.1
regular	5d25e44f86f77443e625e385	item	5449016a4bdc2d6f028b456f	275000
regular	5d25e44f86f77443e625e385	standing	5c0647fdd443bc2504c2d371	0.75
regular	5d25e45e86f77408251c4bfa	item	5449016a4bdc2d6f028b456f	275000
regular	5d25e45e86f77408251c4bfa	item	590c35a486f774273531c822	2
regular	5d25e45e86f77408251c4bfa	standing	5c0647fdd443bc2504c2d371	0.75
regular	5d25e46e86f77409453bce7c	item	5449016a4bdc2d6f028b456f	80000
regular	5d25e46e86f77409453bce7c	standing	5c0647fdd443bc2504c2d371	0.1
regular	5d25e48186f77443e625e386	item	5449016a4bdc2d6f028b456f	165000
regular	5d25e48186f77443e625e386	standing	5c0647fdd443bc2504c2d371	0.25
regular	5d25e48d86f77408251c4bfb	item	5449016a4bdc2d6f028b456f	50000
regular	5d25e48d86f77408251c4bfb	item	590c392f86f77444754deb29	1
regular	5d25e48d86f77408251c4bfb	standing	5c0647fdd443bc2504c2d371	0.02
regular	5d25e4ad86f77443e625e387	item	5449016a4bdc2d6f028b456f	165000
regular	5d25e4ad86f77443e625e387	item	5e2af29386f7746d4159f077	3
regular	5d25e4ad86f77443e625e387	standing	5c0647fdd443bc2504c2d371	0.25
regular	5d25e4b786f77408251c4bfc	item	5449016a4bdc2d6f028b456f	275000
regular	5d25e4b786f77408251c4bfc	standing	5c0647fdd443bc2504c2d371	0.75
regular	5d25e4ca86f77409dd5cdf2c	item	5449016a4bdc2d6f028b456f	400000
regular	5d25e4ca86f77409dd5cdf2c	offerUnlock	62973e474bb5ab23071c2a70	1
regular	5d25e4ca86f77409dd5cdf2c	standing	5c0647fdd443bc2504c2d371	1.5
regular	5d25e4d586f77443e625e388	item	5449016a4bdc2d6f028b456f	275000
regular	5d25e4d586f77443e625e388	standing	5c0647fdd443bc2504c2d371	0.75
regular	5d4bec3486f7743cac246665	craftUnlock	5d03794386f77420415576f5	1
regular	5d4bec3486f7743cac246665	item	5449016a4bdc2d6f028b456f	400000
regular	5d4bec3486f7743cac246665	standing	54cb50c76803fa8b248b4571	1.5
regular	5e381b0286f77420e3417a74	item	5c0e774286f77468413cc5b2	1
regular	5e381b0286f77420e3417a74	item	628e4e576d783146b124c64d	1
regular	5e381b0286f77420e3417a74	offerUnlock	5c0e774286f77468413cc5b2	1
regular	5e381b0286f77420e3417a74	offerUnlock	65766582234b9f6e050a42c1	1
regular	5e383a6386f77465910ce1f3	item	5c0e774286f77468413cc5b2	1
regular	5e383a6386f77465910ce1f3	item	628e4e576d783146b124c64d	1
regular	5e383a6386f77465910ce1f3	offerUnlock	5c0e774286f77468413cc5b2	1
regular	5e383a6386f77465910ce1f3	offerUnlock	657668ad86f11bca4106d38b	1
regular	5e4d4ac186f774264f758336	item	5df8a4d786f77412672a1e3b	1
regular	5e4d4ac186f774264f758336	item	66b5f68de98be930d701c00e	1
regular	5e4d4ac186f774264f758336	offerUnlock	5df8a4d786f77412672a1e3b	1
regular	5e4d515e86f77438b2195244	item	5df8a4d786f77412672a1e3b	1
regular	5e4d515e86f77438b2195244	item	66b5f68de98be930d701c00e	1
regular	5e4d515e86f77438b2195244	offerUnlock	5df8a4d786f77412672a1e3b	1
regular	5eaaaa7c93afa0558f3b5a1c	item	57372c21245977670937c6c2	1
regular	5eaaaa7c93afa0558f3b5a1c	item	5780cf7f2459777de4559322	1
regular	5eaaaa7c93afa0558f3b5a1c	item	5c11279ad174af029d64592b	4
regular	5eaaaa7c93afa0558f3b5a1c	item	5c1127d0d174af29be75cf68	5
regular	5eaaaa7c93afa0558f3b5a1c	offerUnlock	5780cf7f2459777de4559322	1
regular	5eda19f0edce541157209cee	item	5449016a4bdc2d6f028b456f	165000
regular	5eda19f0edce541157209cee	standing	54cb50c76803fa8b248b4571	0.25
regular	5edab4b1218d181e29451435	item	5449016a4bdc2d6f028b456f	400000
regular	5edab4b1218d181e29451435	item	5a1eaa87fcdbcb001865f75e	1
regular	5edab4b1218d181e29451435	item	5d235b4d86f7742e017bc88a	100
regular	5edab4b1218d181e29451435	standing	5c0647fdd443bc2504c2d371	1.5
regular	5edab736cc183c769d778bc2	item	5449016a4bdc2d6f028b456f	275000
regular	5edab736cc183c769d778bc2	standing	54cb57776803fa99248b456e	0.75
regular	5edaba7c0c502106f869bc02	item	5449016a4bdc2d6f028b456f	275000
regular	5edaba7c0c502106f869bc02	standing	54cb57776803fa99248b456e	0.75
regular	5edabd13218d181e29451442	item	569668774bdc2da2298b4568	1650
regular	5edabd13218d181e29451442	standing	58330581ace78e27b8b10cee	0.75
regular	5edac020218d181e29451446	item	5696686a4bdc2da3298b456a	2750
regular	5edac020218d181e29451446	item	70726573657400000000001d	1
regular	5edac020218d181e29451446	item	707265736574000000000080	1
regular	5edac020218d181e29451446	offerUnlock	5a16b7e1fcdbcb00165aa6c9	1
regular	5edac020218d181e29451446	offerUnlock	5ac8d6885acfc400180ae7b0	1
regular	5edac020218d181e29451446	standing	5935c25fb3acc3127c3d8cd9	1.5
regular	5edac34d0bb72a50635c2bfa	item	5c0a840b86f7742ffa4f2482	1
regular	5edac63b930f5454f51e128b	item	5696686a4bdc2da3298b456a	2750
regular	5edac63b930f5454f51e128b	item	5ef1ba28c64c5d0dfc0571a5	1
regular	5edac63b930f5454f51e128b	item	68bb25270e48a3afd7071216	1
regular	5edac63b930f5454f51e128b	item	68bb2a3831ee03fbc00931e6	1
regular	5edac63b930f5454f51e128b	offerUnlock	5ef1ba28c64c5d0dfc0571a5	1
regular	5edac63b930f5454f51e128b	offerUnlock	68bb25270e48a3afd7071216	1
regular	5edac63b930f5454f51e128b	offerUnlock	68bb2a3831ee03fbc00931e6	1
regular	5edac63b930f5454f51e128b	standing	5935c25fb3acc3127c3d8cd9	1.5
regular	5ede55112c95834b583f052a	item	5449016a4bdc2d6f028b456f	275000
regular	5ede55112c95834b583f052a	standing	54cb50c76803fa8b248b4571	0.75
regular	5ede567cfa6dc072ce15d6e3	item	5449016a4bdc2d6f028b456f	25000
regular	5ede567cfa6dc072ce15d6e3	item	5648ae314bdc2d3d1c8b457f	1
regular	5ede567cfa6dc072ce15d6e3	item	57372b832459776701014e41	1
regular	5ede567cfa6dc072ce15d6e3	item	584147982459775a6c55e931	1
regular	5ede567cfa6dc072ce15d6e3	item	5cf50fc5d7f00c056c53f83c	1
regular	5ede567cfa6dc072ce15d6e3	standing	54cb50c76803fa8b248b4571	0.03
regular	5f04886a3937dc337a6b8238	item	5449016a4bdc2d6f028b456f	165000
regular	5f04886a3937dc337a6b8238	standing	5a7c2eca46aef81a7ca2145d	0.25
regular	5fd9fad9c1ce6b1a3b486d00	item	5449016a4bdc2d6f028b456f	80000
regular	5fd9fad9c1ce6b1a3b486d00	standing	54cb50c76803fa8b248b4571	0.1
regular	600302d73b897b11364cd161	item	5449016a4bdc2d6f028b456f	80000
regular	600302d73b897b11364cd161	standing	5c0647fdd443bc2504c2d371	0.1
regular	6086c852c945025d41566124	item	5696686a4bdc2da3298b456a	1900
regular	6086c852c945025d41566124	standing	5935c25fb3acc3127c3d8cd9	0.75
regular	60896888e4a85c72ef3fa300	item	569668774bdc2da2298b4568	1650
regular	60896888e4a85c72ef3fa300	standing	58330581ace78e27b8b10cee	0.75
regular	60896b7bfa70fc097863b8f5	item	5449016a4bdc2d6f028b456f	275000
regular	60896b7bfa70fc097863b8f5	standing	54cb50c76803fa8b248b4571	0.75
regular	60896bca6ee58f38c417d4f2	item	5449016a4bdc2d6f028b456f	275000
regular	60896bca6ee58f38c417d4f2	standing	54cb50c76803fa8b248b4571	0.75
regular	60896e28e4a85c72ef3fa301	item	5449016a4bdc2d6f028b456f	275000
regular	60896e28e4a85c72ef3fa301	item	5af0534a86f7743b6f354284	1
regular	60896e28e4a85c72ef3fa301	standing	54cb57776803fa99248b456e	0.75
regular	6089732b59b92115597ad789	item	5449016a4bdc2d6f028b456f	275000
regular	6089732b59b92115597ad789	standing	5a7c2eca46aef81a7ca2145d	0.75
regular	6089736efa70fc097863b8f6	item	5449016a4bdc2d6f028b456f	275000
regular	6089736efa70fc097863b8f6	standing	5a7c2eca46aef81a7ca2145d	0.75
regular	6089743983426423753cd58a	item	569668774bdc2da2298b4568	1650
regular	6089743983426423753cd58a	standing	58330581ace78e27b8b10cee	0.75
regular	608974af4b05530f55550c21	item	5449016a4bdc2d6f028b456f	275000
regular	608974af4b05530f55550c21	standing	5ac3b934156ae10c4430e83c	0.75
regular	608974d01a66564e74191fc0	item	5449016a4bdc2d6f028b456f	275000
regular	608974d01a66564e74191fc0	standing	5ac3b934156ae10c4430e83c	0.75
regular	608a768d82e40b3c727fd17d	item	5449016a4bdc2d6f028b456f	275000
regular	608a768d82e40b3c727fd17d	standing	5c0647fdd443bc2504c2d371	0.75
regular	60c0c018f7afb4354815096a	item	5449016a4bdc2d6f028b456f	165000
regular	60c0c018f7afb4354815096a	standing	5c0647fdd443bc2504c2d371	0.25
regular	60e71b62a0beca400d69efc4	craftUnlock	5f60c74e3b85f6263c145586	1
regular	60e71b62a0beca400d69efc4	item	5449016a4bdc2d6f028b456f	400000
regular	60e71b62a0beca400d69efc4	item	5f60c74e3b85f6263c145586	1
regular	60e71b62a0beca400d69efc4	item	5f60c85b58eff926626a60f7	1
regular	60e71b62a0beca400d69efc4	item	63986a9ab483a550805be5ee	1
regular	60e71b62a0beca400d69efc4	offerUnlock	63986a9ab483a550805be5ee	1
regular	60e71b62a0beca400d69efc4	standing	54cb50c76803fa8b248b4571	1.5
regular	60e71b9bbd90872cb85440f3	item	5449016a4bdc2d6f028b456f	165000
regular	60e71b9bbd90872cb85440f3	standing	54cb50c76803fa8b248b4571	0.25
regular	60e71bb4e456d449cd47ca75	craftUnlock	59e0d99486f7744a32234762	1
regular	60e71bb4e456d449cd47ca75	item	5449016a4bdc2d6f028b456f	400000
regular	60e71bb4e456d449cd47ca75	item	64acea16c4eda9354b0226b0	5
regular	60e71bb4e456d449cd47ca75	standing	54cb50c76803fa8b248b4571	1.5
regular	60e71c11d54b755a3b53eb65	item	569668774bdc2da2298b4568	2400
regular	60e71c11d54b755a3b53eb65	item	60b7d76e2a3c79100f1979de	1
regular	60e71c11d54b755a3b53eb65	item	64ace9f9c4eda9354b0226aa	5
regular	60e71c11d54b755a3b53eb65	offerUnlock	58d2912286f7744e27117493	1
regular	60e71c11d54b755a3b53eb65	offerUnlock	60b7d76e2a3c79100f1979de	1
regular	60e71c11d54b755a3b53eb65	standing	58330581ace78e27b8b10cee	1.5
regular	60e71c48c1bfa3050473b8e5	item	5449016a4bdc2d6f028b456f	400000
regular	60e71c48c1bfa3050473b8e5	standing	54cb57776803fa99248b456e	1.5
regular	60e71c9ad54b755a3b53eb66	item	569668774bdc2da2298b4568	1900
regular	60e71c9ad54b755a3b53eb66	item	57347c2e24597744902c94a1	4
regular	60e71c9ad54b755a3b53eb66	offerUnlock	58dd3ad986f77403051cba8f	1
regular	60e71c9ad54b755a3b53eb66	standing	5935c25fb3acc3127c3d8cd9	0.75
regular	60e71ccb5688f6424c7bfec4	item	5696686a4bdc2da3298b456a	2750
regular	60e71ccb5688f6424c7bfec4	item	5c17a7ed2e2216152142459c	1
regular	60e71ccb5688f6424c7bfec4	offerUnlock	5c17a7ed2e2216152142459c	1
regular	60e71ccb5688f6424c7bfec4	standing	5935c25fb3acc3127c3d8cd9	1.5
regular	60e71ce009d7c801eb0c0ec6	craftUnlock	54527ac44bdc2d36668b4567	1
regular	60e71ce009d7c801eb0c0ec6	item	5696686a4bdc2da3298b456a	2750
regular	60e71ce009d7c801eb0c0ec6	offerUnlock	5c0a840b86f7742ffa4f2482	1
regular	60e71ce009d7c801eb0c0ec6	standing	5935c25fb3acc3127c3d8cd9	1.5
regular	60e71d23c1bfa3050473b8e6	item	5449016a4bdc2d6f028b456f	400000
regular	60e71d23c1bfa3050473b8e6	item	619bde3dc9546643a67df6f2	1
regular	60e71d23c1bfa3050473b8e6	item	6570900858b315e8b70a8a98	1
regular	60e71d23c1bfa3050473b8e6	offerUnlock	61962b617c6c7b169525f168	1
regular	60e71d23c1bfa3050473b8e6	standing	5a7c2eca46aef81a7ca2145d	1.5
regular	60e71d6d7fcf9c556f325055	item	5449016a4bdc2d6f028b456f	80000
regular	60e71d6d7fcf9c556f325055	item	5c06779c86f77426e00dd782	2
regular	60e71d6d7fcf9c556f325055	offerUnlock	5aafbde786f774389d0cbc0f	1
regular	60e71d6d7fcf9c556f325055	standing	5a7c2eca46aef81a7ca2145d	0.1
regular	60e71dc0a94be721b065bbfc	item	5449016a4bdc2d6f028b456f	80000
regular	60e71dc0a94be721b065bbfc	item	590a3cd386f77436f20848cb	3
regular	60e71dc0a94be721b065bbfc	standing	5ac3b934156ae10c4430e83c	0.1
regular	60e71dc67fcf9c556f325056	item	5449016a4bdc2d6f028b456f	275000
regular	60e71dc67fcf9c556f325056	standing	5ac3b934156ae10c4430e83c	0.75
regular	60e71e8ed54b755a3b53eb67	item	5449016a4bdc2d6f028b456f	400000
regular	60e71e8ed54b755a3b53eb67	item	5d1b5e94d7ad1a2b865a96b0	1
regular	60e71e8ed54b755a3b53eb67	item	5d235b4d86f7742e017bc88a	100
regular	60e71e8ed54b755a3b53eb67	offerUnlock	63fc44e2429a8a166c7f61e6	1
regular	60e71e8ed54b755a3b53eb67	standing	5c0647fdd443bc2504c2d371	1.5
regular	60e729cf5698ee7b05057439	item	5449016a4bdc2d6f028b456f	80000
regular	60e729cf5698ee7b05057439	standing	5c0647fdd443bc2504c2d371	0.1
regular	60effd818b669d08a35bfad5	item	5449016a4bdc2d6f028b456f	1000000
regular	60effd818b669d08a35bfad5	standing	579dc571d53a0658a154fbec	1.1
regular	6179ac7511973d018217d0b9	item	5449016a4bdc2d6f028b456f	275000
regular	6179ac7511973d018217d0b9	standing	54cb50c76803fa8b248b4571	0.75
regular	6179acbdc760af5ad2053585	item	5449016a4bdc2d6f028b456f	155000
regular	6179acbdc760af5ad2053585	offerUnlock	5cbdc23eae9215001136a407	1
regular	6179acbdc760af5ad2053585	standing	54cb50c76803fa8b248b4571	0.02
regular	6179ad0a6e9dd54ac275e3f2	item	5449016a4bdc2d6f028b456f	275000
regular	6179ad0a6e9dd54ac275e3f2	item	590c35a486f774273531c822	2
regular	6179ad0a6e9dd54ac275e3f2	standing	5c0647fdd443bc2504c2d371	0.75
regular	6179ad56c760af5ad2053587	item	5449016a4bdc2d6f028b456f	275000
regular	6179ad56c760af5ad2053587	standing	54cb57776803fa99248b456e	0.75
regular	6179afd0bca27a099552e040	item	5449016a4bdc2d6f028b456f	275000
regular	6179afd0bca27a099552e040	standing	54cb57776803fa99248b456e	0.75
regular	6179aff8f57fb279792c60a1	item	5696686a4bdc2da3298b456a	1900
regular	6179aff8f57fb279792c60a1	standing	5935c25fb3acc3127c3d8cd9	0.75
regular	6179b3a12153c15e937d52bc	item	5449016a4bdc2d6f028b456f	275000
regular	6179b3a12153c15e937d52bc	standing	5a7c2eca46aef81a7ca2145d	0.75
regular	6179b3bdc7560e13d23eeb8d	item	5449016a4bdc2d6f028b456f	275000
regular	6179b3bdc7560e13d23eeb8d	standing	5a7c2eca46aef81a7ca2145d	0.75
regular	6179b4d1bca27a099552e04e	item	5696686a4bdc2da3298b456a	1900
regular	6179b4d1bca27a099552e04e	standing	5935c25fb3acc3127c3d8cd9	0.75
regular	6179b4f16e9dd54ac275e407	item	569668774bdc2da2298b4568	1650
regular	6179b4f16e9dd54ac275e407	standing	58330581ace78e27b8b10cee	0.75
regular	6179b5b06e9dd54ac275e409	item	5449016a4bdc2d6f028b456f	275000
regular	6179b5b06e9dd54ac275e409	item	5d0378d486f77420421a5ff4	1
regular	6179b5b06e9dd54ac275e409	offerUnlock	5e85a9f4add9fe03027d9bf1	1
regular	6179b5b06e9dd54ac275e409	offerUnlock	656f664200d62bcd2e024077	1
regular	6179b5b06e9dd54ac275e409	standing	54cb50c76803fa8b248b4571	0.75
regular	6179b5eabca27a099552e052	item	5696686a4bdc2da3298b456a	2750
regular	6179b5eabca27a099552e052	item	60098ad7c2240c0fe85c570a	4
regular	6179b5eabca27a099552e052	item	69413241b1ce1e5fbb09ed0a	1
regular	6179b5eabca27a099552e052	offerUnlock	60098ad7c2240c0fe85c570a	1
regular	6179b5eabca27a099552e052	offerUnlock	655746010177119f4a097ff7	1
regular	6179b5eabca27a099552e052	offerUnlock	69413241b1ce1e5fbb09ed0a	1
regular	6179b5eabca27a099552e052	standing	5935c25fb3acc3127c3d8cd9	1.5
regular	61904daa7d0d857927447b9c	item	5449016a4bdc2d6f028b456f	275000
regular	61904daa7d0d857927447b9c	standing	5c0647fdd443bc2504c2d371	0.75
regular	6193850f60b34236ee0483de	item	569668774bdc2da2298b4568	1650
regular	6193850f60b34236ee0483de	offerUnlock	58dffc5d86f77407c744a847	1
regular	6193850f60b34236ee0483de	standing	58330581ace78e27b8b10cee	0.75
regular	61958c366726521dd96828ec	item	5696686a4bdc2da3298b456a	1900
regular	61958c366726521dd96828ec	item	57347c2e24597744902c94a1	4
regular	61958c366726521dd96828ec	offerUnlock	5ede475b549eed7c6d5c18fb	1
regular	61958c366726521dd96828ec	offerUnlock	6357c98711fb55120211f7e1	1
regular	61958c366726521dd96828ec	standing	5935c25fb3acc3127c3d8cd9	0.75
regular	61e6e5e0f5b9633f6719ed95	standing	579dc571d53a0658a154fbec	1
regular	61e6e60223374d168a4576a6	standing	579dc571d53a0658a154fbec	1
regular	61e6e60c5ca3b3783662be27	standing	579dc571d53a0658a154fbec	1
regular	61e6e615eea2935bc018a2c5	standing	579dc571d53a0658a154fbec	1
regular	61e6e621bfeab00251576265	standing	579dc571d53a0658a154fbec	1
regular	625d7005a4eb80027c4f2e09	standing	638f541a29ffd1183d187f57	0.01
regular	626148251ed3bb5bcc5bd9ed	standing	638f541a29ffd1183d187f57	0.01
regular	6261482fa4eb80027c4f2e11	standing	638f541a29ffd1183d187f57	0.01
regular	626148334149f1149b5b12ca	standing	638f541a29ffd1183d187f57	0.01
regular	62614836f7308432be1d44cc	standing	638f541a29ffd1183d187f57	0.01
regular	6261483ac48e6c62a440fab7	standing	638f541a29ffd1183d187f57	0.01
regular	6261483dc4874104f230c0cd	standing	638f541a29ffd1183d187f57	0.01
regular	626bd75b05f287031503c7f6	item	5449016a4bdc2d6f028b456f	275000
regular	626bd75b05f287031503c7f6	item	5af0534a86f7743b6f354284	1
regular	626bd75b05f287031503c7f6	standing	54cb57776803fa99248b456e	0.75
regular	626bd75c71bd851e971b82a5	item	5449016a4bdc2d6f028b456f	275000
regular	626bd75c71bd851e971b82a5	item	5d0378d486f77420421a5ff4	1
regular	626bd75c71bd851e971b82a5	offerUnlock	64c1525e3319a1cf380c4e09	1
regular	626bd75c71bd851e971b82a5	standing	54cb50c76803fa8b248b4571	0.75
regular	626bd75d5bef5d7d590bd415	item	569668774bdc2da2298b4568	1650
regular	626bd75d5bef5d7d590bd415	item	5734758f24597738025ee253	2
regular	626bd75d5bef5d7d590bd415	item	5d4d617f86f77449c463d107	1
regular	626bd75d5bef5d7d590bd415	item	657024ecc5d7d4cb4d07856d	1
regular	626bd75d5bef5d7d590bd415	offerUnlock	56eabf3bd2720b75698b4569	1
regular	626bd75d5bef5d7d590bd415	offerUnlock	5d4d617f86f77449c463d107	1
regular	626bd75d5bef5d7d590bd415	standing	58330581ace78e27b8b10cee	0.75
regular	626bd75e47ea7f506e5493c5	item	5aafbde786f774389d0cbc0f	1
regular	626bdcc3a371ee3a7a3514c5	item	5449016a4bdc2d6f028b456f	400000
regular	626bdcc3a371ee3a7a3514c5	item	5d235bb686f77443f4331278	1
regular	626bdcc3a371ee3a7a3514c5	standing	5c0647fdd443bc2504c2d371	1.5
regular	638fcd23dc65553116701d33	item	5449016a4bdc2d6f028b456f	165000
regular	638fcd23dc65553116701d33	standing	5ac3b934156ae10c4430e83c	0.25
regular	639135534b15ca31f76bc317	item	5696686a4bdc2da3298b456a	1100
regular	639135534b15ca31f76bc317	item	62a0a16d0b9d3c46de5b6e97	2
regular	639135534b15ca31f76bc317	offerUnlock	58d3db5386f77426186285a0	1
regular	639135534b15ca31f76bc317	standing	5935c25fb3acc3127c3d8cd9	0.25
regular	6391359b9444fb141f4e6ee6	item	5449016a4bdc2d6f028b456f	165000
regular	6391359b9444fb141f4e6ee6	standing	54cb50c76803fa8b248b4571	0.25
regular	639135a7e705511c8a4a1b78	item	5449016a4bdc2d6f028b456f	165000
regular	639135a7e705511c8a4a1b78	standing	5ac3b934156ae10c4430e83c	0.25
regular	639135b04ed9512be67647d7	item	5449016a4bdc2d6f028b456f	42000
regular	639135b04ed9512be67647d7	item	5d40407c86f774318526545a	2
regular	639135b04ed9512be67647d7	standing	54cb50c76803fa8b248b4571	0.02
regular	639135bbc115f907b14700a6	item	5449016a4bdc2d6f028b456f	275000
regular	639135bbc115f907b14700a6	offerUnlock	657194c0289dc422160e08d1	1
regular	639135bbc115f907b14700a6	standing	5ac3b934156ae10c4430e83c	0.75
regular	639135c3744e452011470807	item	569668774bdc2da2298b4568	1000
regular	639135c3744e452011470807	standing	58330581ace78e27b8b10cee	0.25
regular	639135cd8ba6894d155e77cb	item	5449016a4bdc2d6f028b456f	114000
regular	639135cd8ba6894d155e77cb	item	5fd251c90d9c95034825edb5	1
regular	639135cd8ba6894d155e77cb	standing	58330581ace78e27b8b10cee	0.03
regular	639135d89444fb141f4e6eea	item	5449016a4bdc2d6f028b456f	165000
regular	639135d89444fb141f4e6eea	standing	54cb57776803fa99248b456e	0.25
regular	639135e0fa894f0a866afde6	item	5449016a4bdc2d6f028b456f	165000
regular	639135e0fa894f0a866afde6	standing	54cb57776803fa99248b456e	0.25
regular	639135e8c115f907b14700aa	item	5449016a4bdc2d6f028b456f	165000
regular	639135e8c115f907b14700aa	standing	5a7c2eca46aef81a7ca2145d	0.25
regular	639135f286e646067c176a87	item	5696686a4bdc2da3298b456a	1100
regular	639135f286e646067c176a87	standing	5935c25fb3acc3127c3d8cd9	0.25
regular	639136d68ba6894d155e77cf	item	5449016a4bdc2d6f028b456f	165000
regular	639136d68ba6894d155e77cf	standing	54cb50c76803fa8b248b4571	0.25
regular	639136df4b15ca31f76bc31f	item	5449016a4bdc2d6f028b456f	275000
regular	639136df4b15ca31f76bc31f	standing	5c0647fdd443bc2504c2d371	0.75
regular	639136e84ed9512be67647db	item	5449016a4bdc2d6f028b456f	165000
regular	639136e84ed9512be67647db	standing	5c0647fdd443bc2504c2d371	0.25
regular	639136f086e646067c176a8b	item	5449016a4bdc2d6f028b456f	165000
regular	639136f086e646067c176a8b	item	58414a16245977599247970a	1
regular	639136f086e646067c176a8b	item	590c2e1186f77425357b6124	1
regular	639136f086e646067c176a8b	offerUnlock	58414a16245977599247970a	1
regular	639136f086e646067c176a8b	standing	54cb50c76803fa8b248b4571	0.25
regular	639136fa9444fb141f4e6eee	item	5449016a4bdc2d6f028b456f	165000
regular	639136fa9444fb141f4e6eee	standing	5a7c2eca46aef81a7ca2145d	0.25
regular	63913715f8e5dd32bf4e3aaa	item	5449016a4bdc2d6f028b456f	165000
regular	63913715f8e5dd32bf4e3aaa	item	62e7c98b550c8218d602cbb4	2
regular	63913715f8e5dd32bf4e3aaa	item	6398636bb483a550805be5e5	1
regular	63913715f8e5dd32bf4e3aaa	item	65702652cfc010a0f5006a53	1
regular	6391372c8ba6894d155e77d7	item	5449016a4bdc2d6f028b456f	275000
regular	6391372c8ba6894d155e77d7	item	5d1b371186f774253763a656	2
regular	6391d90f4ed9512be67647df	standing	5a7c2eca46aef81a7ca2145d	0.01
regular	6391d912f8e5dd32bf4e3ab2	standing	5a7c2eca46aef81a7ca2145d	0.01
regular	6391d912f8e5dd32bf4e3ab2	standing	638f541a29ffd1183d187f57	0.01
regular	6391d9144b15ca31f76bc323	standing	5a7c2eca46aef81a7ca2145d	0.01
regular	6391d9144b15ca31f76bc323	standing	638f541a29ffd1183d187f57	0.01
regular	639282134ed9512be67647ed	item	5696686a4bdc2da3298b456a	1100
regular	639282134ed9512be67647ed	standing	5935c25fb3acc3127c3d8cd9	0.25
regular	63966faeea19ac7ed845db2c	item	6389c92d52123d5dd17f8876	1
regular	63966faeea19ac7ed845db2c	standing	638f541a29ffd1183d187f57	0.01
regular	63966fbeea19ac7ed845db2e	item	6389c7750ef44505c87f5996	1
regular	63966fbeea19ac7ed845db2e	offerUnlock	6389c7750ef44505c87f5996	1
regular	63966fbeea19ac7ed845db2e	standing	638f541a29ffd1183d187f57	0.01
regular	63966fccac6f8f3c677b9d89	craftUnlock	5c052fb986f7746b2101e909	1
regular	63966fccac6f8f3c677b9d89	item	5c05300686f7746dce784e5d	1
regular	63966fccac6f8f3c677b9d89	offerUnlock	657089638db3adca1009f4ca	1
regular	63966fccac6f8f3c677b9d89	standing	638f541a29ffd1183d187f57	0.01
regular	63966fd9ea19ac7ed845db30	item	5c0530ee86f774697952d952	1
regular	63966fd9ea19ac7ed845db30	item	6389c7750ef44505c87f5996	1
regular	63966fd9ea19ac7ed845db30	offerUnlock	5b4329f05acfc47a86086aa1	1
regular	63966fd9ea19ac7ed845db30	standing	638f541a29ffd1183d187f57	0.03
regular	63966fe7ea74a47c2d3fc0e6	item	6389c8fb46b54c634724d847	1
regular	63966fe7ea74a47c2d3fc0e6	standing	638f541a29ffd1183d187f57	0.03
regular	63966ff54c3ef01b6f3ffad8	craftUnlock	5d1b5e94d7ad1a2b865a96b0	1
regular	63966ff54c3ef01b6f3ffad8	item	5c05308086f7746b2101e90b	1
regular	63966ff54c3ef01b6f3ffad8	standing	638f541a29ffd1183d187f57	0.03
regular	639670029113f06a7c3b2377	item	6389c7f115805221fb410466	1
regular	639670029113f06a7c3b2377	offerUnlock	6389c7f115805221fb410466	1
regular	639670029113f06a7c3b2377	standing	638f541a29ffd1183d187f57	0.04
regular	6396700fea19ac7ed845db32	craftUnlock	6389c7750ef44505c87f5996	1
regular	6396700fea19ac7ed845db32	item	6389c7750ef44505c87f5996	1
regular	6396700fea19ac7ed845db32	standing	638f541a29ffd1183d187f57	0.04
regular	6396701b9113f06a7c3b2379	item	5d03775b86f774203e7e0c4b	1
regular	6396701b9113f06a7c3b2379	standing	638f541a29ffd1183d187f57	0.04
regular	63967028c4a91c5cb76abd81	item	6389c85357baa773a825b356	1
regular	63967028c4a91c5cb76abd81	offerUnlock	6389c85357baa773a825b356	1
regular	63967028c4a91c5cb76abd81	offerUnlock	6529243824cbe3c74a05e5c1	1
regular	63967028c4a91c5cb76abd81	offerUnlock	65293c7a17e14363030ad308	1
regular	63967028c4a91c5cb76abd81	offerUnlock	657eb3773271d8578610fe28	1
regular	63967028c4a91c5cb76abd81	standing	638f541a29ffd1183d187f57	0.05
regular	639872f9decada40426d3447	item	5449016a4bdc2d6f028b456f	165000
regular	639872f9decada40426d3447	standing	5a7c2eca46aef81a7ca2145d	0.25
regular	639872fa9b4fb827b200d8e5	item	5449016a4bdc2d6f028b456f	275000
regular	639872fa9b4fb827b200d8e5	standing	5a7c2eca46aef81a7ca2145d	0.75
regular	639872fc93ae507d5858c3a6	item	5449016a4bdc2d6f028b456f	275000
regular	639872fc93ae507d5858c3a6	standing	5a7c2eca46aef81a7ca2145d	0.75
regular	639872fe8871e1272b10ccf6	item	5c793fb92e221644f31bfb64	1
regular	639872fe8871e1272b10ccf6	item	5d025cc1d7ad1a53845279ef	1
regular	639872fe8871e1272b10ccf6	offerUnlock	5c793fb92e221644f31bfb64	1
regular	639872fe8871e1272b10ccf6	offerUnlock	5d025cc1d7ad1a53845279ef	1
regular	639873003693c63d86328f25	item	65702414c5d7d4cb4d078555	2
regular	639873003693c63d86328f25	offerUnlock	5ea2a8e200685063ec28c05a	1
regular	63987301e11ec11ff5504036	item	5449016a4bdc2d6f028b456f	275000
regular	63987301e11ec11ff5504036	item	567143bf4bdc2d1a0f8b4567	1
regular	63987301e11ec11ff5504036	item	648984e3f09d032aa9399d53	3
regular	639dbaf17c898a131e1cffff	item	569668774bdc2da2298b4568	1000
regular	639dbaf17c898a131e1cffff	standing	58330581ace78e27b8b10cee	0.25
regular	63a511ea30d85e10e375b045	item	5449016a4bdc2d6f028b456f	275000
regular	63a511ea30d85e10e375b045	item	60b7c2bd95047637182d90a4	1
regular	63a511ea30d85e10e375b045	item	65702474bfc87b3a34093226	1
regular	63a511ea30d85e10e375b045	offerUnlock	606f2696f2cb2e02a42aceb1	1
regular	63a5cf262964a7488f5243ce	item	5449016a4bdc2d6f028b456f	80000
regular	63a5cf262964a7488f5243ce	item	5d1b2fa286f77425227d1674	1
regular	63a5cf262964a7488f5243ce	standing	54cb50c76803fa8b248b4571	0.1
regular	63a88045abf76d719f42d715	item	5449016a4bdc2d6f028b456f	165000
regular	63a88045abf76d719f42d715	standing	5c0647fdd443bc2504c2d371	0.25
regular	63a9ae24009ffc6a551631a5	item	5449016a4bdc2d6f028b456f	400000
regular	63a9ae24009ffc6a551631a5	item	5d23467086f77443f37fc602	1
regular	63a9ae24009ffc6a551631a5	item	619bdd8886e01e16f839a99c	1
regular	63a9ae24009ffc6a551631a5	item	648983d6b5a2df1c815a04ec	10
regular	63a9ae24009ffc6a551631a5	offerUnlock	5d23467086f77443f37fc602	1
regular	63a9ae24009ffc6a551631a5	standing	54cb50c76803fa8b248b4571	1.5
regular	63a9b229813bba58a50c9ee5	craftUnlock	5fd20ff893a8961fc660a954	1
regular	63a9b229813bba58a50c9ee5	item	5696686a4bdc2da3298b456a	2750
regular	63a9b229813bba58a50c9ee5	item	619bdfd4c9546643a67df6fa	1
regular	63a9b229813bba58a50c9ee5	offerUnlock	5e00c1ad86f774747333222c	1
regular	63a9b229813bba58a50c9ee5	offerUnlock	5ede475b549eed7c6d5c18fb	1
regular	63a9b229813bba58a50c9ee5	offerUnlock	6357c98711fb55120211f7e1	1
regular	63a9b229813bba58a50c9ee5	standing	5935c25fb3acc3127c3d8cd9	1.5
regular	63a9b36cc31b00242d28a99f	item	5449016a4bdc2d6f028b456f	400000
regular	63a9b36cc31b00242d28a99f	offerUnlock	6193e590069d61205d490dd8	1
regular	63a9b36cc31b00242d28a99f	standing	5c0647fdd443bc2504c2d371	1.5
regular	63ab180c87413d64ae0ac20a	item	5449016a4bdc2d6f028b456f	45000
regular	63ab180c87413d64ae0ac20a	item	5af0454c86f7746bf20992e8	2
regular	63ab180c87413d64ae0ac20a	item	5e8488fa988a8701445df1e4	2
regular	63ab180c87413d64ae0ac20a	standing	54cb57776803fa99248b456e	0.01
regular	64e7b971f9d6fa49d6769b44	item	5449016a4bdc2d6f028b456f	165000
regular	64e7b971f9d6fa49d6769b44	standing	5c0647fdd443bc2504c2d371	0.25
regular	64e7b99017ab941a6f7bf9d7	item	5449016a4bdc2d6f028b456f	120000
regular	64e7b99017ab941a6f7bf9d7	item	62e153bcdb1a5c41971c1b5b	4
regular	64e7b99017ab941a6f7bf9d7	item	63986a38608a960125446db5	1
regular	64e7b99017ab941a6f7bf9d7	item	657025c4c5d7d4cb4d078582	5
regular	64e7b99017ab941a6f7bf9d7	offerUnlock	5a327f7c86f77475187e509a	1
regular	64e7b99017ab941a6f7bf9d7	standing	54cb50c76803fa8b248b4571	0.02
regular	64e7b9a4aac4cd0a726562cb	item	5449016a4bdc2d6f028b456f	150000
regular	64e7b9a4aac4cd0a726562cb	item	5ac66bea5acfc43b321d4aec	4
regular	64e7b9a4aac4cd0a726562cb	item	5acf7e2b86f7740874790e20	2
regular	64e7b9a4aac4cd0a726562cb	item	64ace9f9c4eda9354b0226aa	9
regular	64e7b9a4aac4cd0a726562cb	offerUnlock	63986a9ab483a550805be5ee	1
regular	64e7b9a4aac4cd0a726562cb	standing	54cb50c76803fa8b248b4571	0.03
regular	64e7b9bffd30422ed03dad38	item	5449016a4bdc2d6f028b456f	165000
regular	64e7b9bffd30422ed03dad38	standing	54cb50c76803fa8b248b4571	0.25
regular	64ee99639878a0569d6ec8c9	item	63fc44e2429a8a166c7f61e6	1
regular	64ee99639878a0569d6ec8c9	offerUnlock	63fc44e2429a8a166c7f61e6	1
regular	64ee9df4496db64f9b7a4432	item	5449016a4bdc2d6f028b456f	275000
regular	64ee9df4496db64f9b7a4432	standing	5a7c2eca46aef81a7ca2145d	0.75
regular	64f3176921045e77405d63b5	item	5449016a4bdc2d6f028b456f	165000
regular	64f3176921045e77405d63b5	standing	54cb57776803fa99248b456e	0.25
regular	64f5aac4b63b74469b6c14c2	item	5449016a4bdc2d6f028b456f	165000
regular	64f5aac4b63b74469b6c14c2	standing	54cb50c76803fa8b248b4571	0.25
regular	64f5deac39e45b527a7c4232	craftUnlock	5e340dcdcb6d5863cc5e5efb	1
regular	64f5deac39e45b527a7c4232	item	5449016a4bdc2d6f028b456f	165000
regular	64f5deac39e45b527a7c4232	item	590c2e1186f77425357b6124	1
regular	64f5deac39e45b527a7c4232	item	5e340dcdcb6d5863cc5e5efb	3
regular	64f5deac39e45b527a7c4232	standing	54cb50c76803fa8b248b4571	0.25
regular	64f5e20652fc01298e2c61e3	item	569668774bdc2da2298b4568	1000
regular	64f5e20652fc01298e2c61e3	standing	58330581ace78e27b8b10cee	0.25
regular	64f6aafd67e11a7c6206e0d0	item	569668774bdc2da2298b4568	1000
regular	64f6aafd67e11a7c6206e0d0	standing	58330581ace78e27b8b10cee	0.25
regular	64f731ab83cfca080a361e42	item	5449016a4bdc2d6f028b456f	165000
regular	64f731ab83cfca080a361e42	item	5d02797c86f774203f38e30a	2
regular	64f731ab83cfca080a361e42	standing	54cb57776803fa99248b456e	0.25
regular	64f83bb69878a0569d6ecfbe	item	59fb023c86f7746d0d4b423c	1
regular	64f83bcdde58fc437700d8fa	craftUnlock	5a1eaa87fcdbcb001865f75e	1
regular	64f83bcdde58fc437700d8fa	item	5a1eaa87fcdbcb001865f75e	1
regular	64f83bcdde58fc437700d8fa	offerUnlock	5a1eaa87fcdbcb001865f75e	1
regular	64f83bd983cfca080a362c82	achievement	664f23e44702fd5db50ee732	1
regular	64f83bd983cfca080a362c82	item	64cbdff43ccb85468628d5fc	1
regular	64f83bd983cfca080a362c82	item	6570257cc5d7d4cb4d078579	5
regular	64f83bd983cfca080a362c82	offerUnlock	64cbdff43ccb85468628d5fc	1
regular	6572e876dc0d635f633a5714	item	569668774bdc2da2298b4568	1650
regular	6572e876dc0d635f633a5714	item	5734758f24597738025ee253	2
regular	6572e876dc0d635f633a5714	item	5fb651dc85f90547f674b6f4	2
regular	6572e876dc0d635f633a5714	item	65702414c5d7d4cb4d078555	2
regular	6572e876dc0d635f633a5714	offerUnlock	5fd251ee16cac650092f5d02	1
regular	6572e876dc0d635f633a5714	standing	58330581ace78e27b8b10cee	0.75
regular	657315ddab5a49b71f098853	item	5449016a4bdc2d6f028b456f	80000
regular	657315ddab5a49b71f098853	standing	54cb57776803fa99248b456e	0.1
regular	657315df034d76585f032e01	item	5449016a4bdc2d6f028b456f	80000
regular	657315df034d76585f032e01	standing	54cb50c76803fa8b248b4571	0.1
regular	657315e1dccd301f1301416a	item	5449016a4bdc2d6f028b456f	80000
regular	657315e1dccd301f1301416a	standing	54cb50c76803fa8b248b4571	0.1
regular	657315e270bb0b8dba00cc48	item	569668774bdc2da2298b4568	450
regular	657315e270bb0b8dba00cc48	standing	58330581ace78e27b8b10cee	0.1
regular	657315e4a6af4ab4b50f3459	item	5449016a4bdc2d6f028b456f	80000
regular	657315e4a6af4ab4b50f3459	standing	5a7c2eca46aef81a7ca2145d	0.1
regular	65733403eefc2c312a759ddb	item	5449016a4bdc2d6f028b456f	165000
regular	65733403eefc2c312a759ddb	standing	5a7c2eca46aef81a7ca2145d	0.25
regular	6573382e557ff128bf3da536	item	5449016a4bdc2d6f028b456f	165000
regular	6573382e557ff128bf3da536	standing	5a7c2eca46aef81a7ca2145d	0.25
regular	6573387d0b26ed4fde798de3	item	5449016a4bdc2d6f028b456f	55000
regular	6573387d0b26ed4fde798de3	item	544fb3f34bdc2d03748b456a	2
regular	6573387d0b26ed4fde798de3	item	5d1b3a5d86f774252167ba22	4
regular	6573387d0b26ed4fde798de3	item	5d1b3f2d86f774253763b735	4
regular	6573387d0b26ed4fde798de3	item	5ed515e03a40a50460332579	2
regular	6573387d0b26ed4fde798de3	standing	54cb57776803fa99248b456e	0.02
regular	6573397ef3f8344c4575cd87	item	5449016a4bdc2d6f028b456f	165000
regular	6573397ef3f8344c4575cd87	standing	54cb50c76803fa8b248b4571	0.25
regular	65734c186dc1e402c80dc19e	item	5449016a4bdc2d6f028b456f	165000
regular	65734c186dc1e402c80dc19e	standing	5ac3b934156ae10c4430e83c	0.25
regular	6574e0dedc0d635f633a5805	item	5449016a4bdc2d6f028b456f	400000
regular	6574e0dedc0d635f633a5805	item	5cbdc23eae9215001136a407	2
regular	6574e0dedc0d635f633a5805	item	619bdeb986e01e16f839a99e	1
regular	6574e0dedc0d635f633a5805	item	64acea16c4eda9354b0226b0	6
regular	6574e0dedc0d635f633a5805	offerUnlock	5cbdc23eae9215001136a407	1
regular	6574e0dedc0d635f633a5805	standing	54cb50c76803fa8b248b4571	1.5
regular	6578eb36e5020875d64645cd	item	5449016a4bdc2d6f028b456f	165000
regular	6578eb36e5020875d64645cd	standing	5c0647fdd443bc2504c2d371	0.25
regular	6578ec473dbd035d04531a8d	item	5449016a4bdc2d6f028b456f	80000
regular	6578ec473dbd035d04531a8d	standing	5a7c2eca46aef81a7ca2145d	0.1
regular	658027799634223183395339	item	569668774bdc2da2298b4568	450
regular	658027799634223183395339	item	59e35ef086f7741777737012	2
regular	658027799634223183395339	standing	58330581ace78e27b8b10cee	0.1
regular	65802b627b44fa5e14638899	item	5449016a4bdc2d6f028b456f	165000
regular	65802b627b44fa5e14638899	standing	5ac3b934156ae10c4430e83c	0.25
regular	66058cb22cee99303f1ba067	item	569668774bdc2da2298b4568	450
regular	66058cb22cee99303f1ba067	traderUnlock	6617beeaa9cfa777ca915b7c	1
regular	66058cb5ae4719735349b9e8	item	5d235b4d86f7742e017bc88a	22
regular	66058cb5ae4719735349b9e8	standing	6617beeaa9cfa777ca915b7c	0.02
regular	66058cb7c7f3584787181476	item	5d235b4d86f7742e017bc88a	45
regular	66058cb7c7f3584787181476	item	62e7c98b550c8218d602cbb4	3
regular	66058cb7c7f3584787181476	item	6398636bb483a550805be5e5	1
regular	66058cb7c7f3584787181476	item	657024e8cfc010a0f5006a0d	3
regular	66058cb7c7f3584787181476	item	6570aead4d84f81fd002a033	1
regular	66058cb7c7f3584787181476	standing	6617beeaa9cfa777ca915b7c	0.03
regular	66058cb9e8e4f17985230805	item	5d235b4d86f7742e017bc88a	45
regular	66058cb9e8e4f17985230805	item	6570aead4d84f81fd002a033	2
regular	66058cb9e8e4f17985230805	standing	6617beeaa9cfa777ca915b7c	0.03
regular	66058cbb06ef1d50a60c1f46	item	5d235b4d86f7742e017bc88a	55
regular	66058cbb06ef1d50a60c1f46	item	657bc821aab96fccee08becc	1
regular	66058cbb06ef1d50a60c1f46	standing	6617beeaa9cfa777ca915b7c	0.04
regular	66058cbd9f59e625462acc8e	item	5448c1d04bdc2dff2f8b4569	3
regular	66058cbd9f59e625462acc8e	item	5d235b4d86f7742e017bc88a	28
regular	66058cbd9f59e625462acc8e	item	65702656c5d7d4cb4d078591	1
regular	66058cbd9f59e625462acc8e	item	707265736574000000000026	1
regular	66058cbd9f59e625462acc8e	standing	6617beeaa9cfa777ca915b7c	0.05
regular	66058cbf2f19c31a5a1337ec	item	64ace9d9b5bf5e95f50a4c1d	10
regular	66058cbf2f19c31a5a1337ec	item	6513f0a194c72326990a3868	1
regular	66058cbf2f19c31a5a1337ec	item	657eb30326f0eb0718056204	1
regular	66058cbf2f19c31a5a1337ec	item	6656560053eaaa7a23349c86	1
regular	66058cbf2f19c31a5a1337ec	standing	6617beeaa9cfa777ca915b7c	0.07
regular	66058cc1da30b620a34e6e86	item	5d235b4d86f7742e017bc88a	55
regular	66058cc1da30b620a34e6e86	standing	6617beeaa9cfa777ca915b7c	0.02
regular	66058cc208308761cf390993	item	5d235b4d86f7742e017bc88a	32
regular	66058cc208308761cf390993	item	66572b3f6a723f7f005a066c	1
regular	66058cc208308761cf390993	standing	6617beeaa9cfa777ca915b7c	0.02
regular	66058cc5bb83da7ba474aba9	item	5d235b4d86f7742e017bc88a	28
regular	66058cc5bb83da7ba474aba9	item	66572bb3ac60f009f270d1df	1
regular	66058cc5bb83da7ba474aba9	standing	6617beeaa9cfa777ca915b7c	0.03
regular	66058cc72cee99303f1ba069	item	5449016a4bdc2d6f028b456f	2500000
regular	66058cc72cee99303f1ba069	item	5d235b4d86f7742e017bc88a	35
regular	66058cc72cee99303f1ba069	item	665732f4464c4b4ba4670fa9	1
regular	66058cc72cee99303f1ba069	standing	6617beeaa9cfa777ca915b7c	0.05
regular	66058cc9ae4719735349b9ea	item	5d235b4d86f7742e017bc88a	40
regular	66058cc9ae4719735349b9ea	standing	6617beeaa9cfa777ca915b7c	0.04
regular	66058ccbc7f3584787181478	item	5449016a4bdc2d6f028b456f	50000
regular	66058ccbc7f3584787181478	item	5c05413a0db834001c390617	3
regular	66058ccbc7f3584787181478	item	5c0d1e9386f77440120288b7	1
regular	66058ccbc7f3584787181478	item	657024f9bfc87b3a3409323b	3
regular	66058ccbc7f3584787181478	item	657194c0289dc422160e08d1	1
regular	66058ccbc7f3584787181478	item	664a5480bfcc521bad3192ca	1
regular	66058ccde8e4f17985230807	item	5d235b4d86f7742e017bc88a	100
regular	66058ccde8e4f17985230807	standing	6617beeaa9cfa777ca915b7c	0.04
regular	66058ccf06ef1d50a60c1f48	item	5449016a4bdc2d6f028b456f	165000
regular	66058ccf06ef1d50a60c1f48	item	664a55d84a90fc2c8a6305c9	1
regular	66058ccf06ef1d50a60c1f48	standing	579dc571d53a0658a154fbec	0.2
regular	66058cd19f59e625462acc90	item	5d235b4d86f7742e017bc88a	72
regular	66058cd19f59e625462acc90	item	664a55d84a90fc2c8a6305c9	1
regular	66058cd19f59e625462acc90	standing	579dc571d53a0658a154fbec	-0.15
regular	66058cd19f59e625462acc90	standing	6617beeaa9cfa777ca915b7c	0.15
regular	6613f3007f6666d56807c929	craftUnlock	61bcc89aef0f505f0c6cd0fc	1
regular	6613f3007f6666d56807c929	item	5449016a4bdc2d6f028b456f	275000
regular	6613f307fca4f2f386029409	item	65766738234b9f6e050a42d8	1
regular	6613f307fca4f2f386029409	offerUnlock	6576695d234b9f6e050a42f0	1
regular	66151401efb0539ae10875ae	craftUnlock	61bcc89aef0f505f0c6cd0fc	1
regular	66151401efb0539ae10875ae	item	5449016a4bdc2d6f028b456f	275000
regular	6615141bfda04449120269a7	item	6576670586f11bca4106d36f	1
regular	6615141bfda04449120269a7	offerUnlock	65766582234b9f6e050a42c1	1
regular	665eeacf5d86b6c8aa03c79b	item	5a966f51a2750c00156aacf6	2
regular	665eeacf5d86b6c8aa03c79b	item	5c1127d0d174af29be75cf68	6
regular	665eeacf5d86b6c8aa03c79b	item	6764089eba9ecbb20a0052f4	1
regular	665eec1f5e47a79f8605565a	item	569668774bdc2da2298b4568	1000
regular	665eec1f5e47a79f8605565a	item	5d1b371186f774253763a656	1
regular	665eec4a4dfc83b0ed0a9dca	item	59fb023c86f7746d0d4b423c	1
regular	665eeca45d86b6c8aa03c79d	item	5449016a4bdc2d6f028b456f	165000
regular	665eeca45d86b6c8aa03c79d	item	5c0fa877d174af02a012e1cf	4
regular	665eeca45d86b6c8aa03c79d	item	5ed51652f6c34d2cc26336a1	2
regular	665eeca92f7aedcc900b0437	item	619cbf7d23893217ec30b689	1
regular	665eeca92f7aedcc900b0437	item	66507eabf5ddb0818b085b68	6
regular	66631489acf8442f8b05319f	item	569668774bdc2da2298b4568	1200
regular	66631489acf8442f8b05319f	item	62a0a16d0b9d3c46de5b6e97	2
regular	66631489acf8442f8b05319f	standing	579dc571d53a0658a154fbec	0.04
regular	6663148ca9290f9e0806cca1	item	569668774bdc2da2298b4568	1150
regular	6663148ca9290f9e0806cca1	item	5fca138c2a7b221b2852a5c6	5
regular	6663148ca9290f9e0806cca1	standing	579dc571d53a0658a154fbec	0.02
regular	6663148ed7f171c4c20226c1	item	569668774bdc2da2298b4568	1800
regular	6663148ed7f171c4c20226c1	item	5c05308086f7746b2101e90b	3
regular	6663148ed7f171c4c20226c1	standing	579dc571d53a0658a154fbec	0.02
regular	6663149196a9349baa021baa	item	569668774bdc2da2298b4568	2200
regular	6663149196a9349baa021baa	item	59faff1d86f7746c51718c9c	2
regular	6663149196a9349baa021baa	standing	579dc571d53a0658a154fbec	0.04
regular	66631493312343839d032d22	item	569668774bdc2da2298b4568	2000
regular	66631493312343839d032d22	item	65ddcc9cfa85b9f17d0dfb07	1
regular	66631493312343839d032d22	standing	579dc571d53a0658a154fbec	0.03
regular	6663149cfd5ca9577902e037	item	5449016a4bdc2d6f028b456f	86000
regular	6663149cfd5ca9577902e037	item	5d235a5986f77443f6329bc6	1
regular	6663149f1d3ec95634095e75	item	5449016a4bdc2d6f028b456f	264000
regular	6663149f1d3ec95634095e75	item	5d1b376e86f774252519444e	2
regular	666314a1920800278d0f6746	item	5449016a4bdc2d6f028b456f	328000
regular	666314a1920800278d0f6746	item	5ea17ca01412a1425304d1c0	2
regular	666314a1920800278d0f6746	item	5f60cd6cf2bcbb675b00dac6	2
regular	666314a31cd52e3d040a2e76	item	5449016a4bdc2d6f028b456f	340000
regular	666314a31cd52e3d040a2e76	item	657662c8234b9f6e050a42b2	3
regular	666314b0acf8442f8b0531a1	item	5449016a4bdc2d6f028b456f	80000
regular	666314b2a9290f9e0806cca3	item	5449016a4bdc2d6f028b456f	275000
regular	666314b2a9290f9e0806cca3	item	5e340dcdcb6d5863cc5e5efb	3
regular	666314b2a9290f9e0806cca3	item	617fd91e5539a84ec44ce155	3
regular	666314b2a9290f9e0806cca3	item	618a431df1eb8e24b8741deb	3
regular	666314b4d7f171c4c20226c3	item	5449016a4bdc2d6f028b456f	275000
regular	666314b4d7f171c4c20226c3	item	5aaf8a0be5b5b00015693243	2
regular	666314b4d7f171c4c20226c3	item	5c123fe086f7742a60324263	1
regular	666314b4d7f171c4c20226c3	item	65702554bfc87b3a34093247	3
regular	666314b696a9349baa021bac	item	5449016a4bdc2d6f028b456f	275000
regular	666314b696a9349baa021bac	item	5c0e530286f7747fa1419862	5
regular	666314b696a9349baa021bac	item	5c0e534186f7747fa1419867	5
regular	666314b8312343839d032d24	item	5449016a4bdc2d6f028b456f	165000
regular	666314b8312343839d032d24	item	5a5f1ce64f39f90b401987bc	2
regular	666314b8312343839d032d24	item	5cc9c20cd7f00c001336c65d	2
regular	666314bafd5ca9577902e03a	item	5449016a4bdc2d6f028b456f	275000
regular	666314bafd5ca9577902e03a	item	5aafbde786f774389d0cbc0f	2
regular	666314bc1d3ec95634095e77	item	569668774bdc2da2298b4568	1650
regular	666314bc1d3ec95634095e77	item	5fbe7618d6fa9c00c571bb6c	2
regular	666314bc1d3ec95634095e77	item	612e0d3767085e45ef14057f	2
regular	666314bc1d3ec95634095e77	item	63877c99e785640d436458ea	2
regular	666314bd920800278d0f6748	item	5449016a4bdc2d6f028b456f	400000
regular	666314bd920800278d0f6748	item	5d40407c86f774318526545a	5
regular	666314bd920800278d0f6748	item	62a09f32621468534a797acb	5
regular	666314bf1cd52e3d040a2e78	item	569668774bdc2da2298b4568	1650
regular	666314bf1cd52e3d040a2e78	item	57235b6f24597759bf5a30f1	1
regular	666314bf1cd52e3d040a2e78	item	5a16b8a9fcdbcb00165aa6ca	1
regular	666314bf1cd52e3d040a2e78	item	5a16b93dfcdbcbcae6687261	1
regular	666314c10aa5c7436c00908c	item	5449016a4bdc2d6f028b456f	275000
regular	666314c10aa5c7436c00908c	item	5c94bbff86f7747ee735c08f	3
regular	666314c3acf8442f8b0531a3	item	569668774bdc2da2298b4568	2400
regular	666314c3acf8442f8b0531a3	item	5c12620d86f7743f8b198b72	2
regular	666314c3acf8442f8b0531a3	item	62a09cfe4f842e1bd12da3e4	2
regular	666314c5a9290f9e0806cca5	item	5449016a4bdc2d6f028b456f	275000
regular	666314c5a9290f9e0806cca5	item	59fb042886f7746c5005a7b2	1
regular	666314c5a9290f9e0806cca5	item	5d1b376e86f774252519444e	3
regular	6672d9def1c88688a707d042	item	569668774bdc2da2298b4568	600
regular	6672d9def1c88688a707d042	standing	579dc571d53a0658a154fbec	0.02
regular	669fa38fad7f1eac2607ed46	item	5696686a4bdc2da3298b456a	550
regular	669fa38fad7f1eac2607ed46	item	5734779624597737e04bf329	3
regular	669fa38fad7f1eac2607ed46	offerUnlock	58dffd4586f77408a27629b2	1
regular	669fa38fad7f1eac2607ed46	standing	5935c25fb3acc3127c3d8cd9	0.1
regular	669fa3910c828825de06d69f	item	5b7c710788a4506dec015957	1
regular	669fa395c4c5c04798002497	item	569668774bdc2da2298b4568	1000
regular	669fa395c4c5c04798002497	standing	58330581ace78e27b8b10cee	0.25
regular	669fa3979b0ce3feae01a130	item	5449016a4bdc2d6f028b456f	165000
regular	669fa3979b0ce3feae01a130	item	5e2af29386f7746d4159f077	3
regular	669fa3979b0ce3feae01a130	standing	5c0647fdd443bc2504c2d371	0.25
regular	669fa399033a3ce9870338a8	item	5449016a4bdc2d6f028b456f	165000
regular	669fa399033a3ce9870338a8	standing	54cb50c76803fa8b248b4571	0.25
regular	669fa39b91b0a8c9680fc467	item	5449016a4bdc2d6f028b456f	165000
regular	669fa39b91b0a8c9680fc467	standing	5a7c2eca46aef81a7ca2145d	0.25
regular	669fa39c64ea11e84c0642a6	item	569668774bdc2da2298b4568	1000
regular	669fa39c64ea11e84c0642a6	item	590c346786f77423e50ed342	3
regular	669fa39c64ea11e84c0642a6	offerUnlock	5c1127d0d174af29be75cf68	1
regular	669fa39c64ea11e84c0642a6	standing	58330581ace78e27b8b10cee	0.25
regular	669fa39ee749756c920d02c8	item	5449016a4bdc2d6f028b456f	165000
regular	669fa39ee749756c920d02c8	standing	54cb57776803fa99248b456e	0.25
regular	669fa3a08b4a64b332041ff7	item	5449016a4bdc2d6f028b456f	165000
regular	669fa3a08b4a64b332041ff7	standing	5c0647fdd443bc2504c2d371	0.25
regular	669fa3a3ad7f1eac2607ed48	item	5449016a4bdc2d6f028b456f	400000
regular	669fa3a3ad7f1eac2607ed48	item	544fb3f34bdc2d03748b456a	3
regular	669fa3a3ad7f1eac2607ed48	item	5aafbcd986f7745e590fff23	1
regular	669fa3a3ad7f1eac2607ed48	item	5c10c8fd86f7743d7d706df3	3
regular	669fa3a3ad7f1eac2607ed48	offerUnlock	544fb3f34bdc2d03748b456a	1
regular	669fa3a3ad7f1eac2607ed48	offerUnlock	5c10c8fd86f7743d7d706df3	1
regular	669fa3a40c828825de06d6a1	item	5449016a4bdc2d6f028b456f	275000
regular	669fa3a40c828825de06d6a1	standing	54cb50c76803fa8b248b4571	0.75
regular	66aa58245ab22944110db6e9	item	5696686a4bdc2da3298b456a	550
regular	66aa58245ab22944110db6e9	standing	5935c25fb3acc3127c3d8cd9	0.1
regular	66aa61663aa37705c5024277	item	5449016a4bdc2d6f028b456f	275000
regular	66aa61663aa37705c5024277	standing	5ac3b934156ae10c4430e83c	0.75
regular	66aa74571e5e199ecd094f18	item	5449016a4bdc2d6f028b456f	165000
regular	66aa74571e5e199ecd094f18	item	61bf7b6302b3924be92fa8c3	2
regular	66aa74571e5e199ecd094f18	offerUnlock	5a0c59791526d8dba737bba7	1
regular	66aa74571e5e199ecd094f18	offerUnlock	5cc86832d7f00c000d3a6e6c	1
regular	66aa74571e5e199ecd094f18	standing	5a7c2eca46aef81a7ca2145d	0.25
regular	66ab970848ddbe9d4a0c49a8	item	5449016a4bdc2d6f028b456f	275000
regular	66ab970848ddbe9d4a0c49a8	standing	54cb50c76803fa8b248b4571	0.75
regular	66ab9da7eb102b9bcd08591c	item	5449016a4bdc2d6f028b456f	275000
regular	66ab9da7eb102b9bcd08591c	item	590c35a486f774273531c822	2
regular	66ab9da7eb102b9bcd08591c	standing	5c0647fdd443bc2504c2d371	0.75
regular	66aba85403e0ee3101042877	craftUnlock	5c0e534186f7747fa1419867	1
regular	66aba85403e0ee3101042877	item	5449016a4bdc2d6f028b456f	400000
regular	66aba85403e0ee3101042877	standing	54cb57776803fa99248b456e	1.5
regular	66b38c7bf85b8bf7250f9cb6	item	5449016a4bdc2d6f028b456f	80000
regular	66b38c7bf85b8bf7250f9cb6	standing	5c0647fdd443bc2504c2d371	0.1
regular	66b38e144f2ab7cc530c3fe7	item	5449016a4bdc2d6f028b456f	165000
regular	66b38e144f2ab7cc530c3fe7	standing	5c0647fdd443bc2504c2d371	0.25
regular	66d9cbb67b491f9d5304f6e6	item	5449016a4bdc2d6f028b456f	200000
regular	66d9cbb67b491f9d5304f6e6	item	66bc98a01a47be227a5e956e	1
regular	671a49f77d49aea42c029b5f	item	569668774bdc2da2298b4568	1650
regular	671a49f77d49aea42c029b5f	item	65702474bfc87b3a34093226	2
regular	671a49f77d49aea42c029b5f	item	671a3d97939f4b37710e00f7	1
regular	671a49f77d49aea42c029b5f	offerUnlock	671a3d97939f4b37710e00f7	1
regular	671a59e43d73dac1360765cc	item	5449016a4bdc2d6f028b456f	130000
regular	671a59e43d73dac1360765cc	item	64898838d5b4df6140000a20	2
regular	671a59e43d73dac1360765cc	item	671a3daf0d3ec0f0fe04fad5	1
regular	671a59e43d73dac1360765cc	offerUnlock	671a3daf0d3ec0f0fe04fad5	1
regular	673f2cd5d3346c2167020484	item	5449016a4bdc2d6f028b456f	84000
regular	673f2cd5d3346c2167020484	item	5c12620d86f7743f8b198b72	1
regular	673f2cd5d3346c2167020484	item	66d98233302686954b0c6f81	1
regular	673f348dd3346c21670217e7	item	5449016a4bdc2d6f028b456f	165000
regular	673f348dd3346c21670217e7	item	64898602f09d032aa9399d56	3
regular	673f348dd3346c21670217e7	item	6570257cc5d7d4cb4d078579	3
regular	673f4e956f1b89c7bc0f56ef	item	5449016a4bdc2d6f028b456f	116000
regular	673f4e956f1b89c7bc0f56ef	item	5d0378d486f77420421a5ff4	1
regular	673f4e956f1b89c7bc0f56ef	standing	656f0f98d80a697f855d34b1	0.03
regular	673f5a4976553f78350bdac1	item	5449016a4bdc2d6f028b456f	84000
regular	673f5a4976553f78350bdac1	item	5d1b2ffd86f77425243e8d17	1
regular	673f5a4976553f78350bdac1	standing	656f0f98d80a697f855d34b1	0.02
regular	673f6027352b4da8e00322d2	item	5449016a4bdc2d6f028b456f	82000
regular	673f6027352b4da8e00322d2	standing	656f0f98d80a697f855d34b1	0.02
regular	673f61a066e6a521aa04b62b	item	5696686a4bdc2da3298b456a	4000
regular	673f61a066e6a521aa04b62b	item	5c052f6886f7746b1e3db148	1
regular	673f61a066e6a521aa04b62b	item	5c052fb986f7746b2101e909	1
regular	673f61a066e6a521aa04b62b	item	5c05308086f7746b2101e90b	1
regular	673f61a066e6a521aa04b62b	standing	638f541a29ffd1183d187f57	0.02
regular	673f629c5b555b53460cf827	item	5449016a4bdc2d6f028b456f	126000
regular	673f629c5b555b53460cf827	item	5d1b376e86f774252519444e	1
regular	673f629c5b555b53460cf827	standing	656f0f98d80a697f855d34b1	0.01
regular	6740a02a69a58fceba0ff399	item	5449016a4bdc2d6f028b456f	96000
regular	6740a02a69a58fceba0ff399	item	57347ca924597744596b4e71	1
regular	6740a02a69a58fceba0ff399	standing	656f0f98d80a697f855d34b1	0.03
regular	6740a15566e6a521aa051b15	item	5449016a4bdc2d6f028b456f	165000
regular	6740a15566e6a521aa051b15	item	55d481904bdc2d8c2f8b456a	3
regular	6740a15566e6a521aa051b15	item	5737292724597765e5728562	2
regular	6740a15566e6a521aa051b15	item	64c1510bda0f6d156000cc17	1
regular	6740a2c17e3818d5bb0648b6	item	5449016a4bdc2d6f028b456f	165000
regular	6740a2c17e3818d5bb0648b6	item	5aa7e276e5b5b000171d0647	2
regular	6740a2c17e3818d5bb0648b6	item	5aa7e373e5b5b000137b76f0	2
regular	6740a3f4eca8acb2d2055159	item	57838f9f2459774a150289a0	3
regular	6740a3f4eca8acb2d2055159	item	5841482e2459775a050cdda9	1
regular	6740a3f4eca8acb2d2055159	item	657025cfbfc87b3a34093253	4
regular	6740b60c60a98cad1b0e0aa0	item	5449016a4bdc2d6f028b456f	165000
regular	6740b60c60a98cad1b0e0aa0	item	66b5f693acff495a294927e3	2
regular	674492b6909d2013670a347a	item	5449016a4bdc2d6f028b456f	85000
regular	674492b6909d2013670a347a	item	5e2aedd986f7746d404f3aa4	1
regular	674492b6909d2013670a347a	standing	656f0f98d80a697f855d34b1	0.02
regular	6744a4717e3818d5bb0680bb	item	5449016a4bdc2d6f028b456f	124000
regular	6744a4717e3818d5bb0680bb	item	657668ad86f11bca4106d38b	1
regular	6744a4717e3818d5bb0680bb	standing	5ac3b934156ae10c4430e83c	0.03
regular	6744a728352b4da8e003eda9	item	5449016a4bdc2d6f028b456f	284000
regular	6744a728352b4da8e003eda9	item	591094e086f7747caa7bb2ef	1
regular	6744a728352b4da8e003eda9	standing	656f0f98d80a697f855d34b1	0.03
regular	6744a9dfef61d56e020b5c4a	item	5449016a4bdc2d6f028b456f	284000
regular	6744a9dfef61d56e020b5c4a	item	591094e086f7747caa7bb2ef	1
regular	6744a9dfef61d56e020b5c4a	standing	656f0f98d80a697f855d34b1	0.03
regular	6744ab1def61d56e020b5c56	item	5449016a4bdc2d6f028b456f	96000
regular	6744ab1def61d56e020b5c56	item	657023a9126cc4a57d0e17a6	4
regular	6744ab1def61d56e020b5c56	offerUnlock	675ff11da6335de2280d492a	1
regular	6744ab1def61d56e020b5c56	standing	656f0f98d80a697f855d34b1	0.02
regular	6744aca8d3346c216702c583	item	5449016a4bdc2d6f028b456f	175000
regular	6744aca8d3346c216702c583	item	62a0a16d0b9d3c46de5b6e97	1
regular	6744aca8d3346c216702c583	standing	656f0f98d80a697f855d34b1	0.03
regular	6744af0969a58fceba101fed	achievement	675709bef4e2a2ce0f058f56	1
regular	6744af0969a58fceba101fed	item	5449016a4bdc2d6f028b456f	300000
regular	6744af0969a58fceba101fed	offerUnlock	57347ca924597744596b4e71	1
regular	6744af0969a58fceba101fed	offerUnlock	66d98233302686954b0c6f81	1
regular	6744af0969a58fceba101fed	standing	656f0f98d80a697f855d34b1	0.5
regular	6745cbee909d2013670a4a55	achievement	675709bef4e2a2ce0f058f56	1
regular	6745cbee909d2013670a4a55	item	5449016a4bdc2d6f028b456f	300000
regular	6745cbee909d2013670a4a55	offerUnlock	57347ca924597744596b4e71	1
regular	6745cbee909d2013670a4a55	offerUnlock	66d98233302686954b0c6f81	1
regular	6745cbee909d2013670a4a55	standing	656f0f98d80a697f855d34b1	0.5
regular	6745fae369a58fceba10343d	item	569668774bdc2da2298b4568	1000
regular	6745fae369a58fceba10343d	item	5aafbde786f774389d0cbc0f	1
regular	6745fcded0fbbc74ca0f721d	item	5449016a4bdc2d6f028b456f	85000
regular	6745fcded0fbbc74ca0f721d	item	6761a6ccd9bbb27ad703c48a	1
regular	6745fcded0fbbc74ca0f721d	item	6939948dc2ceb9acd7082eb2	1
regular	6745fcded0fbbc74ca0f721d	standing	656f0f98d80a697f855d34b1	0.03
regular	6745fdddd3346c216702e0bf	item	5696686a4bdc2da3298b456a	4000
regular	6745fdddd3346c216702e0bf	item	5c052f6886f7746b1e3db148	1
regular	6745fdddd3346c216702e0bf	item	5c052fb986f7746b2101e909	1
regular	6745fdddd3346c216702e0bf	item	5c05308086f7746b2101e90b	1
regular	6745fdddd3346c216702e0bf	standing	638f541a29ffd1183d187f57	0.02
regular	674600a366e6a521aa05eb66	item	544a378f4bdc2d30388b4567	3
regular	674600a366e6a521aa05eb66	item	569668774bdc2da2298b4568	1000
regular	674600a366e6a521aa05eb66	item	5c98bd7386f7740cfb15654e	1
regular	674600a366e6a521aa05eb66	item	657024e3c5d7d4cb4d07856a	3
regular	674602307e3818d5bb069489	item	569668774bdc2da2298b4568	1650
regular	674602307e3818d5bb069489	item	66b5f6985891c84aab75ca76	2
regular	6746053b5b555b53460d9896	item	569668774bdc2da2298b4568	1650
regular	6746053b5b555b53460d9896	item	5c12613b86f7743bbe2c3f76	2
regular	674605df60a98cad1b0ec799	item	569668774bdc2da2298b4568	1650
regular	674605df60a98cad1b0ec799	item	6529302b8c26af6326029fb7	51
regular	674605df60a98cad1b0ec799	item	65293c38fc460e50a509cb25	3
regular	674605df60a98cad1b0ec799	item	657eb3773271d8578610fe28	1
regular	67460662d0fbbc74ca0f7229	achievement	675709bef4e2a2ce0f058f56	1
regular	67460662d0fbbc74ca0f7229	item	569668774bdc2da2298b4568	5000
regular	67460662d0fbbc74ca0f7229	item	5b6d9ce188a4501afc1b2b25	1
regular	67460662d0fbbc74ca0f7229	standing	656f0f98d80a697f855d34b1	-0.3
regular	6752f6d83038f7df520c83e8	item	5449016a4bdc2d6f028b456f	165000
regular	6752f6d83038f7df520c83e8	item	6655e35b6bc645cb7b059912	1
regular	675c03d1f7da9792a405549a	item	5449016a4bdc2d6f028b456f	80000
regular	675c03d1f7da9792a405549a	standing	54cb57776803fa99248b456e	0.1
regular	675c047fa46173572a0bd878	item	5449016a4bdc2d6f028b456f	80000
regular	675c047fa46173572a0bd878	item	5d1b3a5d86f774252167ba22	2
regular	675c047fa46173572a0bd878	standing	54cb57776803fa99248b456e	0.1
regular	675c04f4db8807b75d0f38e8	item	5449016a4bdc2d6f028b456f	10300
regular	675c04f4db8807b75d0f38e8	item	5c052e6986f7746b207bc3c9	2
regular	675c04f4db8807b75d0f38e8	standing	54cb57776803fa99248b456e	0.02
regular	675c085d59b0575973005f52	item	5449016a4bdc2d6f028b456f	165000
regular	675c085d59b0575973005f52	standing	5ac3b934156ae10c4430e83c	0.25
regular	675c1570526ff496850895d9	item	5449016a4bdc2d6f028b456f	80000
regular	675c1570526ff496850895d9	standing	5a7c2eca46aef81a7ca2145d	0.1
regular	675c15fbf7da9792a4059871	item	5c6d42cb2e2216000e69d7d1	3
regular	675c15fbf7da9792a4059871	item	5d235b4d86f7742e017bc88a	45
regular	675c15fbf7da9792a4059871	item	5d4d617f86f77449c463d107	1
regular	675c15fbf7da9792a4059871	item	657024e3c5d7d4cb4d07856a	3
regular	675c15fbf7da9792a4059871	standing	6617beeaa9cfa777ca915b7c	0.02
regular	675c1cf4a757ddd00404f0a3	item	5449016a4bdc2d6f028b456f	80000
regular	675c1cf4a757ddd00404f0a3	item	59e35cbb86f7741778269d83	2
regular	675c1cf4a757ddd00404f0a3	standing	5c0647fdd443bc2504c2d371	0.1
regular	675c1d6d59b0575973008fc7	item	5696686a4bdc2da3298b456a	550
regular	675c1d6d59b0575973008fc7	standing	5935c25fb3acc3127c3d8cd9	0.1
regular	675c1ec7a46173572a0bf20a	item	5449016a4bdc2d6f028b456f	202000
regular	675c1ec7a46173572a0bf20a	item	5bfeaa0f0db834001b734927	3
regular	675c1ec7a46173572a0bf20a	item	5d38517786f7742a1468cf6a	1
regular	675c1ec7a46173572a0bf20a	item	65702558cfc010a0f5006a25	2
regular	675c1ec7a46173572a0bf20a	standing	5c0647fdd443bc2504c2d371	0.03
regular	675c1ff1a757ddd00404f0aa	craftUnlock	56dfef82d2720bbd668b4567	1
regular	675c1ff1a757ddd00404f0aa	item	5449016a4bdc2d6f028b456f	400000
regular	675c1ff1a757ddd00404f0aa	item	5737292724597765e5728562	1
regular	675c1ff1a757ddd00404f0aa	item	70726573657400000000001b	1
regular	675c1ff1a757ddd00404f0aa	offerUnlock	70726573657400000000001b	1
regular	675c1ff1a757ddd00404f0aa	standing	54cb50c76803fa8b248b4571	1.5
regular	675c3507a06634b5110e3c18	item	5449016a4bdc2d6f028b456f	80000
regular	675c3507a06634b5110e3c18	standing	54cb50c76803fa8b248b4571	0.1
regular	675c3582f6ddc329a90f9c6d	item	569668774bdc2da2298b4568	450
regular	675c3582f6ddc329a90f9c6d	standing	58330581ace78e27b8b10cee	0.1
regular	6761f28a022f60bb320f3e95	item	5449016a4bdc2d6f028b456f	100000
regular	6761ff17cdc36bd66102e9d0	item	5449016a4bdc2d6f028b456f	200000
regular	6761ff17cdc36bd66102e9d0	standing	5ac3b934156ae10c4430e83c	0.01
regular	6764174c86addd02bc033d68	item	569668774bdc2da2298b4568	2400
regular	6764174c86addd02bc033d68	item	657023ccbfc87b3a3409320a	1
regular	6764174c86addd02bc033d68	item	673cbdfad0453ba50c0f76d6	2
regular	6764174c86addd02bc033d68	item	67618651ac5e57c15709a417	1
regular	6764174c86addd02bc033d68	offerUnlock	67618651ac5e57c15709a417	1
regular	6764174c86addd02bc033d68	standing	58330581ace78e27b8b10cee	1.5
regular	676529af9c90953d090882e7	item	5c1d0f4986f7744bb01837fa	1
regular	676529af9c90953d090882e7	offerUnlock	5c1d0f4986f7744bb01837fa	1
regular	67a09636b8725511260bc421	item	5449016a4bdc2d6f028b456f	165000
regular	67a09636b8725511260bc421	item	5b07dd285acfc4001754240d	2
regular	67a0964e972c11a3f507731b	item	5aafbde786f774389d0cbc0f	1
regular	67a096577e86e067eb045733	item	6183d53f1cb55961fa0fdcda	3
regular	67a096577e86e067eb045733	item	6193e4fae693542ea37d11c6	1
regular	67a096577e86e067eb045733	item	65702558cfc010a0f5006a25	4
regular	67a09673972c11a3f507731d	item	5449016a4bdc2d6f028b456f	165000
regular	67a09673972c11a3f507731d	item	5d02797c86f774203f38e30a	2
regular	67a09673972c11a3f507731d	standing	54cb57776803fa99248b456e	0.25
regular	67a0967c003a9986cb0f5ac1	item	5449016a4bdc2d6f028b456f	275000
regular	67a0967c003a9986cb0f5ac1	item	657660a1526e320fbe0357c1	2
regular	67a0967c003a9986cb0f5ac1	item	66b5f68de98be930d701c00e	2
regular	67a0970744893b9f3f0d9b68	item	679b9819a2f2dd4da9023512	1
regular	67a0970f05d1611ed90be75d	item	67600929bd0a0549d70993f6	1
regular	67a09724972c11a3f5077324	item	5696686a4bdc2da3298b456a	1900
regular	67a09724972c11a3f5077324	item	59c1383d86f774290a37e0ca	2
regular	67a09724972c11a3f5077324	item	679b946f90622daf9708da6d	1
regular	67a09724972c11a3f5077324	offerUnlock	59c1383d86f774290a37e0ca	1
regular	67a0972e77dd677f600804bd	item	5449016a4bdc2d6f028b456f	275000
regular	67a0972e77dd677f600804bd	item	5ed515c8d380ab312177c0fa	2
regular	67a0972e77dd677f600804bd	item	5ed5160a87bb8443d10680b5	2
regular	67a0972e77dd677f600804bd	item	637b612fb7afa97bfc3d7005	2
regular	67a0972e77dd677f600804bd	item	679b94734e9ca6b3d80586a7	1
regular	67a097379f2068e74603c6ac	item	569668774bdc2da2298b4568	1650
regular	67a097379f2068e74603c6ac	item	5c1cd46f2e22164bef5cfedb	3
regular	67a097379f2068e74603c6ac	item	6130ca3fd92c473c77020dbd	3
regular	67a097379f2068e74603c6ac	item	679b9477708cfcb2060b9ade	1
regular	67a097379f2068e74603c6ac	offerUnlock	5c1cd46f2e22164bef5cfedb	1
regular	67a097379f2068e74603c6ac	offerUnlock	6130ca3fd92c473c77020dbd	1
regular	67a09761e720611a6a01f288	item	5696686a4bdc2da3298b456a	4200
regular	67a09761e720611a6a01f288	item	5c05308086f7746b2101e90b	1
regular	67a09761e720611a6a01f288	item	5d235bb686f77443f4331278	1
regular	67a09761e720611a6a01f288	item	64d0b40fbe2eed70e254e2d4	1
regular	67a09761e720611a6a01f288	standing	638f541a29ffd1183d187f57	0.03
regular	67b45467814ab0ffa000c7e7	item	5449016a4bdc2d6f028b456f	400000
regular	67b45467814ab0ffa000c7e7	item	656f611f94b480b8a500c0db	1
regular	67b45467814ab0ffa000c7e7	item	67a328326e3613a197068d05	1
regular	67b45467814ab0ffa000c7e7	offerUnlock	656f611f94b480b8a500c0db	1
regular	67b45467814ab0ffa000c7e7	offerUnlock	67a328326e3613a197068d05	1
regular	67b45467814ab0ffa000c7e7	standing	54cb50c76803fa8b248b4571	1.5
regular	67d03be712fb5f8fd2096332	item	5449016a4bdc2d6f028b456f	275000
regular	67d03be712fb5f8fd2096332	item	657089638db3adca1009f4ca	3
regular	67d03be712fb5f8fd2096332	item	679b944d597ba2ed120c3d3c	1
regular	67d03be712fb5f8fd2096332	offerUnlock	5aa7e276e5b5b000171d0647	1
regular	67e993b1ac26bf29380a320b	item	5696686a4bdc2da3298b456a	1000
regular	67e993b1ac26bf29380a320b	standing	638f541a29ffd1183d187f57	0.01
regular	67e993f5ed537409f009da75	item	664a55d84a90fc2c8a6305c9	1
regular	67e993f5ed537409f009da75	standing	6617beeaa9cfa777ca915b7c	0.01
regular	684009026ceedc792c09b2a7	item	67d418d0ffb910d21f04720e	2
regular	684009026ceedc792c09b2a7	item	67dc255ee3028a8b120efc48	18
regular	684009026ceedc792c09b2a7	item	707265736574000000000000	1
regular	684009026ceedc792c09b2a7	offerUnlock	67d416e19bd76ef20f0e743b	1
regular	684009026ceedc792c09b2a7	offerUnlock	67d4178bffb910d21f04720a	1
regular	684009026ceedc792c09b2a7	offerUnlock	67d417c023ec241bb70d4896	1
regular	684009026ceedc792c09b2a7	offerUnlock	67d41883f378a36c4706eeb7	1
regular	6848100b00afffa81f09e365	item	5449016a4bdc2d6f028b456f	2000000
regular	6848100b00afffa81f09e365	item	59faff1d86f7746c51718c9c	2
regular	6848100b00afffa81f09e365	standing	5ac3b934156ae10c4430e83c	0.01
regular	68481881f43abfdda2058369	item	5449016a4bdc2d6f028b456f	3000000
regular	68481881f43abfdda2058369	item	59faff1d86f7746c51718c9c	3
regular	68481881f43abfdda2058369	standing	5ac3b934156ae10c4430e83c	0.01
regular	68db9c7557bc51a8c804c14b	item	5449016a4bdc2d6f028b456f	400000
regular	68db9c7557bc51a8c804c14b	item	68d502e016a16a91e200bbbc	1
regular	68db9c7557bc51a8c804c14b	offerUnlock	68d502e016a16a91e200bbbc	1
regular	68db9c7557bc51a8c804c14b	standing	5a7c2eca46aef81a7ca2145d	1.5
regular	68ee1c18b4e5bc9a68018cd7	item	5449016a4bdc2d6f028b456f	400000
regular	68ee1c18b4e5bc9a68018cd7	item	68ee0114024fb2df16004f1c	2
regular	68ee1c18b4e5bc9a68018cd7	item	707265736574000000000010	1
regular	68ee1c18b4e5bc9a68018cd7	offerUnlock	68bac6ca653ee6b1e406d978	1
regular	68ee1c18b4e5bc9a68018cd7	offerUnlock	707265736574000000000010	1
regular	68ee1c18b4e5bc9a68018cd7	standing	54cb50c76803fa8b248b4571	1.5
regular	6942b44f891369fc790e385a	item	5449016a4bdc2d6f028b456f	400000
regular	6942b44f891369fc790e385a	item	67600929bd0a0549d70993f6	1
regular	6942b44f891369fc790e385a	offerUnlock	67600929bd0a0549d70993f6	1
regular	6942b44f891369fc790e385a	standing	5a7c2eca46aef81a7ca2145d	1.5
regular	697877e0c639962b2e0cf24f	item	5d235b4d86f7742e017bc88a	102
regular	697877e0c639962b2e0cf24f	item	6656560053eaaa7a23349c86	1
regular	697877e0c639962b2e0cf24f	item	66572b3f6a723f7f005a066c	1
regular	697877e0c639962b2e0cf24f	item	66572b88ac60f009f270d1dc	1
regular	697877e0c639962b2e0cf24f	item	66572bb3ac60f009f270d1df	2
regular	69788c2bac719606e40b4e77	item	5d235b4d86f7742e017bc88a	10
regular	69788c2bac719606e40b4e77	standing	6617beeaa9cfa777ca915b7c	0.01
regular	69788db3878a4385d10c0718	item	5d235b4d86f7742e017bc88a	15
regular	69788db3878a4385d10c0718	item	6656560053eaaa7a23349c86	1
regular	69788db3878a4385d10c0718	standing	6617beeaa9cfa777ca915b7c	0.01
regular	69789418b2187365e70bb947	item	5d235b4d86f7742e017bc88a	55
regular	69789418b2187365e70bb947	offerUnlock	664a5428d5e33a713b622379	1
regular	69789418b2187365e70bb947	standing	6617beeaa9cfa777ca915b7c	0.04
regular	697895b6c639962b2e0cf268	item	5d235b4d86f7742e017bc88a	75
regular	69c26c07683c9831020018c7	item	5449016a4bdc2d6f028b456f	100000
regular	69c26c07683c9831020018c7	item	5d1b385e86f774252167b98a	3
regular	69ce1cfb298a6529b30d712b	item	5449016a4bdc2d6f028b456f	450000
regular	69ce1cfb298a6529b30d712b	item	628120fd5631d45211793c9f	3
regular	69ce1cfb298a6529b30d712b	item	62973e474bb5ab23071c2a70	1
regular	69ce1cfb298a6529b30d712b	item	657023ccbfc87b3a3409320a	3
regular	69ce1de03e15cd80bd06f6c9	item	5449016a4bdc2d6f028b456f	330000
regular	69ce1de03e15cd80bd06f6c9	offerUnlock	707265736574000000000027	1
regular	69ce1f84ebbdbf36a200627c	item	5696686a4bdc2da3298b456a	3600
regular	69ce1f84ebbdbf36a200627c	item	617131a4568c120fdd29482d	3
regular	69ce1f84ebbdbf36a200627c	item	6193e590069d61205d490dd8	1
regular	69ce1f84ebbdbf36a200627c	item	6769b8e3c1a1466c850658a8	5
regular	69ce204c8702b378f9091e4b	item	5449016a4bdc2d6f028b456f	250000
regular	69ce204c8702b378f9091e4b	item	5d02797c86f774203f38e30a	2
regular	69ce204c8702b378f9091e4b	item	637b620db7afa97bfc3d7009	5
regular	69ce213a298a6529b30d7134	item	5449016a4bdc2d6f028b456f	360000
regular	69ce213a298a6529b30d7134	offerUnlock	59fb016586f7746d0d4b423a	1
regular	69ce21e990144e437802b1e0	item	5449016a4bdc2d6f028b456f	300000
regular	69ce21e990144e437802b1e0	offerUnlock	5f60c74e3b85f6263c145586	1
regular	69e5583240c3e6c8ba0edbd5	item	5696686a4bdc2da3298b456a	5400
regular	69e5583240c3e6c8ba0edbd5	offerUnlock	5d235bb686f77443f4331278	1
regular	6a45208043b8d7604d00b8d5	item	5449016a4bdc2d6f028b456f	275000
regular	6a45208043b8d7604d00b8d5	standing	5c0647fdd443bc2504c2d371	0.75
regular	6a4532e48e82d8ffea0c3eae	item	5449016a4bdc2d6f028b456f	400000
regular	6a4532e48e82d8ffea0c3eae	offerUnlock	5d38517786f7742a1468cf6a	1
regular	6a4532e48e82d8ffea0c3eae	standing	5c0647fdd443bc2504c2d371	1.5
regular	6a5424ae135497b9df0c68be	item	5449016a4bdc2d6f028b456f	80000
regular	6a5424ae135497b9df0c68be	item	5d1b3a5d86f774252167ba22	2
regular	6a5424ae135497b9df0c68be	standing	54cb57776803fa99248b456e	0.1
regular	6a5c1578f2689567c30eb0f3	item	5696686a4bdc2da3298b456a	550
regular	6a5c1578f2689567c30eb0f3	item	5734779624597737e04bf329	3
regular	6a5c1578f2689567c30eb0f3	offerUnlock	5f60b34a41e30a4ab12a6947	1
regular	6a5c1578f2689567c30eb0f3	standing	5935c25fb3acc3127c3d8cd9	0.1
regular	6a5ccda873f06065630d61b0	item	5696686a4bdc2da3298b456a	1100
regular	6a5ccda873f06065630d61b0	standing	5935c25fb3acc3127c3d8cd9	0.25
regular	6a5cd2178fd7c2b201032f3f	item	5696686a4bdc2da3298b456a	1900
regular	6a5cd2178fd7c2b201032f3f	standing	5935c25fb3acc3127c3d8cd9	0.75
pve	5936d90786f7742b1420ba5b	item	5449016a4bdc2d6f028b456f	80000
pve	5936d90786f7742b1420ba5b	standing	54cb50c76803fa8b248b4571	0.1
pve	5936da9e86f7742d65037edf	item	5449016a4bdc2d6f028b456f	80000
pve	5936da9e86f7742d65037edf	standing	54cb50c76803fa8b248b4571	0.1
pve	59674cd986f7744ab26e32f2	item	5449016a4bdc2d6f028b456f	80000
pve	59674cd986f7744ab26e32f2	standing	54cb50c76803fa8b248b4571	0.1
pve	59674eb386f774539f14813a	item	5449016a4bdc2d6f028b456f	165000
pve	59674eb386f774539f14813a	item	590c2e1186f77425357b6124	1
pve	59674eb386f774539f14813a	standing	54cb50c76803fa8b248b4571	0.25
pve	5967530a86f77462ba22226b	item	5449016a4bdc2d6f028b456f	80000
pve	5967530a86f77462ba22226b	standing	54cb50c76803fa8b248b4571	0.1
pve	59675d6c86f7740a842fc482	item	5449016a4bdc2d6f028b456f	165000
pve	59675d6c86f7740a842fc482	standing	54cb50c76803fa8b248b4571	0.25
pve	59675ea386f77414b32bded2	item	5449016a4bdc2d6f028b456f	165000
pve	59675ea386f77414b32bded2	standing	54cb50c76803fa8b248b4571	0.25
pve	596760e186f7741e11214d58	item	5449016a4bdc2d6f028b456f	80000
pve	596760e186f7741e11214d58	offerUnlock	544fb45d4bdc2dee738b4568	1
pve	5967725e86f774601a446662	item	5449016a4bdc2d6f028b456f	80000
pve	5967725e86f774601a446662	item	5d1b2fa286f77425227d1674	1
pve	5967725e86f774601a446662	offerUnlock	5a26ac0ec4a28200741e1e18	1
pve	5967725e86f774601a446662	standing	54cb50c76803fa8b248b4571	0.1
pve	5967733e86f774602332fc84	item	5449016a4bdc2d6f028b456f	80000
pve	5967733e86f774602332fc84	standing	54cb57776803fa99248b456e	0.1
pve	59689ee586f7740d1570bbd5	item	5449016a4bdc2d6f028b456f	165000
pve	59689ee586f7740d1570bbd5	standing	54cb57776803fa99248b456e	0.25
pve	59689fbd86f7740d137ebfc4	item	5449016a4bdc2d6f028b456f	80000
pve	59689fbd86f7740d137ebfc4	standing	54cb57776803fa99248b456e	0.1
pve	5968eb3186f7741dde183a4d	item	5449016a4bdc2d6f028b456f	80000
pve	5968eb3186f7741dde183a4d	standing	54cb57776803fa99248b456e	0.1
pve	5969f90786f77420d2328015	item	5449016a4bdc2d6f028b456f	275000
pve	5969f90786f77420d2328015	standing	54cb57776803fa99248b456e	0.75
pve	5969f9e986f7741dde183a50	item	5449016a4bdc2d6f028b456f	80000
pve	5969f9e986f7741dde183a50	standing	54cb57776803fa99248b456e	0.1
pve	596a0e1686f7741ddf17dbee	item	5449016a4bdc2d6f028b456f	80000
pve	596a0e1686f7741ddf17dbee	standing	54cb57776803fa99248b456e	0.1
pve	596a101f86f7741ddb481582	item	5449016a4bdc2d6f028b456f	180000
pve	596a101f86f7741ddb481582	standing	58330581ace78e27b8b10cee	0.04
pve	596a1e6c86f7741ddc2d3206	item	5449016a4bdc2d6f028b456f	165000
pve	596a1e6c86f7741ddc2d3206	standing	54cb57776803fa99248b456e	0.25
pve	596a204686f774576d4c95de	item	5449016a4bdc2d6f028b456f	30000
pve	596a204686f774576d4c95de	item	5c0e530286f7747fa1419862	1
pve	596a204686f774576d4c95de	standing	54cb57776803fa99248b456e	0.03
pve	596a218586f77420d232807c	item	5449016a4bdc2d6f028b456f	275000
pve	596a218586f77420d232807c	standing	54cb57776803fa99248b456e	0.75
pve	596b36c586f77450d6045ad2	item	569668774bdc2da2298b4568	450
pve	596b36c586f77450d6045ad2	standing	58330581ace78e27b8b10cee	0.1
pve	596b43fb86f77457ca186186	item	569668774bdc2da2298b4568	450
pve	596b43fb86f77457ca186186	standing	58330581ace78e27b8b10cee	0.1
pve	596b455186f77457cb50eccb	item	569668774bdc2da2298b4568	450
pve	596b455186f77457cb50eccb	standing	58330581ace78e27b8b10cee	0.25
pve	5979ed3886f77431307dc512	item	569668774bdc2da2298b4568	450
pve	5979ed3886f77431307dc512	item	59e35ef086f7741777737012	2
pve	5979ed3886f77431307dc512	standing	58330581ace78e27b8b10cee	0.1
pve	5979eee086f774311955e614	item	569668774bdc2da2298b4568	450
pve	5979eee086f774311955e614	item	59e35ef086f7741777737012	2
pve	5979eee086f774311955e614	standing	58330581ace78e27b8b10cee	0.1
pve	5979f8bb86f7743ec214c7a6	item	569668774bdc2da2298b4568	450
pve	5979f8bb86f7743ec214c7a6	standing	58330581ace78e27b8b10cee	0.1
pve	5979f9ba86f7740f6c3fe9f2	item	569668774bdc2da2298b4568	450
pve	5979f9ba86f7740f6c3fe9f2	item	5d5e9c74a4b9364855191c40	1
pve	5979f9ba86f7740f6c3fe9f2	item	64aceab0426a303417060654	2
pve	5979f9ba86f7740f6c3fe9f2	offerUnlock	64b8f7b5389d7ffd620ccba2	1
pve	597a0b2986f77426d66c0633	craftUnlock	5fca138c2a7b221b2852a5c6	1
pve	597a0b2986f77426d66c0633	item	569668774bdc2da2298b4568	450
pve	597a0b2986f77426d66c0633	item	593d493f86f7745e6b2ceb22	2
pve	597a0b2986f77426d66c0633	item	5fca138c2a7b221b2852a5c6	3
pve	597a0b2986f77426d66c0633	offerUnlock	593d493f86f7745e6b2ceb22	1
pve	597a0e5786f77426d66c0636	item	569668774bdc2da2298b4568	1000
pve	597a0e5786f77426d66c0636	item	5e0354f786f77425b53eb6c5	1
pve	597a0e5786f77426d66c0636	item	65702558cfc010a0f5006a25	1
pve	597a0e5786f77426d66c0636	offerUnlock	5e0354f786f77425b53eb6c5	1
pve	597a0f5686f774273b74f676	item	5c127c4486f7745625356c13	1
pve	597a0f5686f774273b74f676	item	5c94bbff86f7747ee735c08f	2
pve	597a0f5686f774273b74f676	item	67d3ed3271c17ff82e0a5b0b	1
pve	597a160786f77477531d39d2	item	544fb45d4bdc2dee738b4568	2
pve	597a160786f77477531d39d2	item	590c60fc86f77412b13fddcf	1
pve	597a160786f77477531d39d2	item	5aafbcd986f7745e590fff23	1
pve	597a160786f77477531d39d2	item	5af0454c86f7746bf20992e8	1
pve	597a160786f77477531d39d2	item	5d02778e86f774203e7dedbe	1
pve	597a171586f77405ba6887d3	item	5448be9a4bdc2dfd2f8b456a	5
pve	597a171586f77405ba6887d3	item	590c5a7286f7747884343aea	2
pve	597a171586f77405ba6887d3	item	5a0c27731526d80618476ac4	5
pve	597a171586f77405ba6887d3	item	5aafbde786f774389d0cbc0f	1
pve	597a171586f77405ba6887d3	item	5e2af55f86f7746d4159f07c	1
pve	59c124d686f774189b3c843f	item	5449016a4bdc2d6f028b456f	80000
pve	59c124d686f774189b3c843f	item	5d1b2fa286f77425227d1674	1
pve	59c124d686f774189b3c843f	offerUnlock	5a26ac0ec4a28200741e1e18	1
pve	59c124d686f774189b3c843f	standing	54cb50c76803fa8b248b4571	0.1
pve	59c50a9e86f7745fef66f4ff	item	55d482194bdc2d1d4e8b456b	1
pve	59c50a9e86f7745fef66f4ff	item	70726573657400000000001f	1
pve	59c50a9e86f7745fef66f4ff	offerUnlock	5656d7c34bdc2d9d198b4587	1
pve	59c50a9e86f7745fef66f4ff	offerUnlock	58414a16245977599247970a	1
pve	59c50c8886f7745fed3193bf	item	5449016a4bdc2d6f028b456f	275000
pve	59c50c8886f7745fed3193bf	item	5649ed104bdc2d3d1c8b458b	5
pve	59c50c8886f7745fed3193bf	offerUnlock	5656d7c34bdc2d9d198b4587	1
pve	59c512ad86f7741f0d09de9b	craftUnlock	56dff2ced2720bb4668b4567	1
pve	59c512ad86f7741f0d09de9b	item	5449016a4bdc2d6f028b456f	165000
pve	59c512ad86f7741f0d09de9b	item	58dffc5d86f77407c744a847	1
pve	59c9392986f7742f6923add2	item	5449016a4bdc2d6f028b456f	165000
pve	59c9392986f7742f6923add2	standing	54cb57776803fa99248b456e	0.25
pve	59c93e8e86f7742a406989c4	standing	58330581ace78e27b8b10cee	0.25
pve	59ca1a6286f774509a270942	item	5449016a4bdc2d6f028b456f	275000
pve	59ca1a6286f774509a270942	item	5d0378d486f77420421a5ff4	1
pve	59ca1a6286f774509a270942	offerUnlock	5e85a9f4add9fe03027d9bf1	1
pve	59ca1a6286f774509a270942	offerUnlock	656f664200d62bcd2e024077	1
pve	59ca1a6286f774509a270942	standing	54cb50c76803fa8b248b4571	0.75
pve	59ca264786f77445a80ed044	item	6570257cc5d7d4cb4d078579	3
pve	59ca264786f77445a80ed044	item	657025dabfc87b3a34093256	3
pve	59ca264786f77445a80ed044	offerUnlock	57a0e5022459774d1673f889	1
pve	59ca264786f77445a80ed044	offerUnlock	59e77a2386f7742ee578960a	1
pve	59ca29fb86f77445ab465c87	item	590c60fc86f77412b13fddcf	1
pve	59ca29fb86f77445ab465c87	item	68d56685f3d7cd248f0a06d9	1
pve	59ca29fb86f77445ab465c87	item	68d6788b2704678f29096b85	1
pve	59ca29fb86f77445ab465c87	offerUnlock	68d56685f3d7cd248f0a06d9	1
pve	59ca29fb86f77445ab465c87	offerUnlock	68d6788b2704678f29096b85	1
pve	59ca2eb686f77445a80ed049	item	59db794186f77448bc595262	1
pve	59ca2eb686f77445a80ed049	item	657025dabfc87b3a34093256	5
pve	59ca2eb686f77445a80ed049	item	66b09282ae030a24a5663815	1
pve	59ca2eb686f77445a80ed049	offerUnlock	66b09282ae030a24a5663815	1
pve	5a03153686f77442d90e2171	item	5696686a4bdc2da3298b456a	1100
pve	5a03153686f77442d90e2171	standing	5935c25fb3acc3127c3d8cd9	0.25
pve	5a03173786f77451cb427172	item	5696686a4bdc2da3298b456a	900
pve	5a03173786f77451cb427172	item	59faff1d86f7746c51718c9c	1
pve	5a03173786f77451cb427172	offerUnlock	58d3db5386f77426186285a0	1
pve	5a03173786f77451cb427172	standing	5935c25fb3acc3127c3d8cd9	0.02
pve	5a0327ba86f77456b9154236	item	5696686a4bdc2da3298b456a	550
pve	5a0327ba86f77456b9154236	standing	5935c25fb3acc3127c3d8cd9	0.1
pve	5a03296886f774569778596a	item	5696686a4bdc2da3298b456a	1100
pve	5a03296886f774569778596a	item	62a0a16d0b9d3c46de5b6e97	2
pve	5a03296886f774569778596a	offerUnlock	5d44069ca4b9361ebd26fc37	1
pve	5a03296886f774569778596a	standing	5935c25fb3acc3127c3d8cd9	0.25
pve	5a0449d586f77474e66227b7	item	5696686a4bdc2da3298b456a	550
pve	5a0449d586f77474e66227b7	item	5734779624597737e04bf329	3
pve	5a0449d586f77474e66227b7	offerUnlock	59411abb86f77478f702b5d2	1
pve	5a0449d586f77474e66227b7	standing	5935c25fb3acc3127c3d8cd9	0.1
pve	5a27b75b86f7742e97191958	item	5696686a4bdc2da3298b456a	1100
pve	5a27b75b86f7742e97191958	offerUnlock	68a639748e1fe612970728e9	1
pve	5a27b75b86f7742e97191958	standing	5935c25fb3acc3127c3d8cd9	0.25
pve	5a27b7a786f774579c3eb376	item	5696686a4bdc2da3298b456a	550
pve	5a27b7a786f774579c3eb376	standing	5935c25fb3acc3127c3d8cd9	0.1
pve	5a27b7d686f77460d847e6a6	item	5696686a4bdc2da3298b456a	1100
pve	5a27b7d686f77460d847e6a6	standing	5935c25fb3acc3127c3d8cd9	0.25
pve	5a27b80086f774429a5d7e20	item	5696686a4bdc2da3298b456a	1100
pve	5a27b80086f774429a5d7e20	standing	5935c25fb3acc3127c3d8cd9	0.25
pve	5a27b87686f77460de0252a8	item	5696686a4bdc2da3298b456a	1100
pve	5a27b87686f77460de0252a8	item	5d1c819a86f774771b0acd6c	2
pve	5a27b87686f77460de0252a8	offerUnlock	593d493f86f7745e6b2ceb22	1
pve	5a27b87686f77460de0252a8	offerUnlock	5c0d5ae286f7741e46554302	1
pve	5a27b87686f77460de0252a8	standing	5935c25fb3acc3127c3d8cd9	0.25
pve	5a27b9de86f77464e5044585	item	5696686a4bdc2da3298b456a	1100
pve	5a27b9de86f77464e5044585	standing	5935c25fb3acc3127c3d8cd9	0.25
pve	5a27ba1c86f77461ea5a3c56	item	5696686a4bdc2da3298b456a	1100
pve	5a27ba1c86f77461ea5a3c56	item	62a0a16d0b9d3c46de5b6e97	2
pve	5a27ba1c86f77461ea5a3c56	offerUnlock	5c0d1e9386f77440120288b7	1
pve	5a27ba1c86f77461ea5a3c56	standing	5935c25fb3acc3127c3d8cd9	0.25
pve	5a27ba9586f7741b543d8e85	standing	5935c25fb3acc3127c3d8cd9	0.04
pve	5a27bafb86f7741c73584017	item	5696686a4bdc2da3298b456a	550
pve	5a27bafb86f7741c73584017	standing	5935c25fb3acc3127c3d8cd9	0.1
pve	5a27bb1e86f7741f27621b7e	item	5696686a4bdc2da3298b456a	1900
pve	5a27bb1e86f7741f27621b7e	standing	5935c25fb3acc3127c3d8cd9	0.75
pve	5a27bb3d86f77411ea361a21	item	5696686a4bdc2da3298b456a	1900
pve	5a27bb3d86f77411ea361a21	standing	5935c25fb3acc3127c3d8cd9	0.75
pve	5a27bb5986f7741dfb660900	item	5696686a4bdc2da3298b456a	900
pve	5a27bb5986f7741dfb660900	item	5bd056fa86f7743aba7658cd	1
pve	5a27bb5986f7741dfb660900	standing	5935c25fb3acc3127c3d8cd9	0.03
pve	5a27bb8386f7741c770d2d0a	item	5696686a4bdc2da3298b456a	1100
pve	5a27bb8386f7741c770d2d0a	item	5d7b845786f7743c1e531da7	1
pve	5a27bb8386f7741c770d2d0a	item	657025161419851aef03e718	1
pve	5a27bb8386f7741c770d2d0a	offerUnlock	5d7b845786f7743c1e531da7	1
pve	5a27bbf886f774333a418eeb	item	5696686a4bdc2da3298b456a	1100
pve	5a27bbf886f774333a418eeb	item	5f5e467b0bc58666c37e7821	1
pve	5a27bbf886f774333a418eeb	item	6193e108c1982475fa2a7f16	1
pve	5a27bbf886f774333a418eeb	item	6570264d1419851aef03e736	1
pve	5a27bbf886f774333a418eeb	offerUnlock	6193e108c1982475fa2a7f16	1
pve	5a27bc1586f7741f6d40fa2f	craftUnlock	619636be6db0f2477964e710	1
pve	5a27bc1586f7741f6d40fa2f	item	5696686a4bdc2da3298b456a	1900
pve	5a27bc1586f7741f6d40fa2f	item	5dfe6104585a0c3e995c7b82	1
pve	5a27bc1586f7741f6d40fa2f	item	657023b1cfc010a0f50069e5	2
pve	5a27bc3686f7741c73584026	craftUnlock	6768c25aa7b238f14a08d3f6	1
pve	5a27bc3686f7741c73584026	item	5696686a4bdc2da3298b456a	1900
pve	5a27bc3686f7741c73584026	item	58d3db5386f77426186285a0	5
pve	5a27bc3686f7741c73584026	item	6769b8e3c1a1466c850658a8	5
pve	5a27bc6986f7741c7358402b	item	5a3a85af86f774745637d46c	1
pve	5a27bc6986f7741c7358402b	item	657127b7f1074598bf0c02f2	1
pve	5a27bc6986f7741c7358402b	offerUnlock	5a3a85af86f774745637d46c	1
pve	5a27bc8586f7741b543d8ea4	item	5696686a4bdc2da3298b456a	2750
pve	5a27bc8586f7741b543d8ea4	item	59e8d2b386f77445830dd299	1
pve	5a27bc8586f7741b543d8ea4	item	5ede475b549eed7c6d5c18fb	6
pve	5a27bc8586f7741b543d8ea4	item	5f06d6e1475d472556679d16	1
pve	5a27bc8586f7741b543d8ea4	item	6570254fcfc010a0f5006a22	3
pve	5a27bc8586f7741b543d8ea4	offerUnlock	5f06d6e1475d472556679d16	1
pve	5a27c99a86f7747d2c6bdd8e	item	569668774bdc2da2298b4568	1000
pve	5a27c99a86f7747d2c6bdd8e	standing	58330581ace78e27b8b10cee	0.25
pve	5a27d2af86f7744e1115b323	offerUnlock	5fd251ee16cac650092f5d02	1
pve	5a27d2af86f7744e1115b323	standing	58330581ace78e27b8b10cee	0.05
pve	5a68661a86f774500f48afb0	item	5449016a4bdc2d6f028b456f	80000
pve	5a68661a86f774500f48afb0	item	590c661e86f7741e566b646a	2
pve	5a68661a86f774500f48afb0	offerUnlock	590c661e86f7741e566b646a	1
pve	5a68661a86f774500f48afb0	offerUnlock	62a0a043cf4a99369e2624a5	1
pve	5a68663e86f774501078f78a	item	5449016a4bdc2d6f028b456f	165000
pve	5a68663e86f774501078f78a	item	5c0e530286f7747fa1419862	2
pve	5a68663e86f774501078f78a	offerUnlock	5c0e530286f7747fa1419862	1
pve	5a68665c86f774255929b4c7	item	5449016a4bdc2d6f028b456f	165000
pve	5a68665c86f774255929b4c7	item	590c657e86f77412b013051d	2
pve	5a68665c86f774255929b4c7	offerUnlock	590c657e86f77412b013051d	1
pve	5a68667486f7742607157d28	item	5449016a4bdc2d6f028b456f	275000
pve	5a68667486f7742607157d28	item	5af0454c86f7746bf20992e8	3
pve	5a68667486f7742607157d28	offerUnlock	5af0454c86f7746bf20992e8	1
pve	5a68669a86f774255929b4d4	item	5449016a4bdc2d6f028b456f	275000
pve	5a68669a86f774255929b4d4	item	590c678286f77426c9660122	3
pve	5a68669a86f774255929b4d4	offerUnlock	590c678286f77426c9660122	1
pve	5ac23c6186f7741247042bad	item	5449016a4bdc2d6f028b456f	80000
pve	5ac23c6186f7741247042bad	standing	5a7c2eca46aef81a7ca2145d	0.1
pve	5ac2426c86f774138762edfe	item	5449016a4bdc2d6f028b456f	80000
pve	5ac2426c86f774138762edfe	standing	5a7c2eca46aef81a7ca2145d	0.1
pve	5ac2428686f77412450b42bf	item	5449016a4bdc2d6f028b456f	80000
pve	5ac2428686f77412450b42bf	item	5c06779c86f77426e00dd782	2
pve	5ac2428686f77412450b42bf	offerUnlock	5a88ad7b86f77479aa7226af	1
pve	5ac2428686f77412450b42bf	standing	5a7c2eca46aef81a7ca2145d	0.1
pve	5ac242ab86f77412464f68b4	item	5b057b4f5acfc4771e1bd3e9	2
pve	5ac242ab86f77412464f68b4	item	655df24fdf80b12750626d0a	2
pve	5ac242ab86f77412464f68b4	offerUnlock	5b057b4f5acfc4771e1bd3e9	1
pve	5ac242ab86f77412464f68b4	offerUnlock	655df24fdf80b12750626d0a	1
pve	5ac244c486f77413e12cf945	item	5449016a4bdc2d6f028b456f	165000
pve	5ac244c486f77413e12cf945	item	59bffbb386f77435b379b9c2	1
pve	5ac244c486f77413e12cf945	item	62811fa609427b40ab14e765	1
pve	5ac244eb86f7741356335af1	item	5449016a4bdc2d6f028b456f	275000
pve	5ac244eb86f7741356335af1	standing	5a7c2eca46aef81a7ca2145d	0.75
pve	5ac345dc86f774288030817f	item	5449016a4bdc2d6f028b456f	165000
pve	5ac345dc86f774288030817f	item	61bf7b6302b3924be92fa8c3	2
pve	5ac345dc86f774288030817f	offerUnlock	5aafbde786f774389d0cbc0f	1
pve	5ac345dc86f774288030817f	standing	5a7c2eca46aef81a7ca2145d	0.25
pve	5ac3460c86f7742880308185	item	5449016a4bdc2d6f028b456f	15000
pve	5ac3460c86f7742880308185	item	5d1b2ffd86f77425243e8d17	1
pve	5ac3460c86f7742880308185	item	5d23467086f77443f37fc602	1
pve	5ac3460c86f7742880308185	standing	5a7c2eca46aef81a7ca2145d	0.02
pve	5ac3462b86f7741d6118b983	item	5449016a4bdc2d6f028b456f	80000
pve	5ac3462b86f7741d6118b983	item	5c06779c86f77426e00dd782	2
pve	5ac3462b86f7741d6118b983	offerUnlock	5a8ae65f86f774377a23ed55	1
pve	5ac3462b86f7741d6118b983	standing	5a7c2eca46aef81a7ca2145d	0.1
pve	5ac3464c86f7741d651d6877	item	5449016a4bdc2d6f028b456f	275000
pve	5ac3464c86f7741d651d6877	item	590c639286f774151567fa95	1
pve	5ac3464c86f7741d651d6877	offerUnlock	5dd800bde492226366631317	1
pve	5ac3464c86f7741d651d6877	standing	5a7c2eca46aef81a7ca2145d	0.75
pve	5ac3467986f7741d6224abc2	item	5449016a4bdc2d6f028b456f	165000
pve	5ac3467986f7741d6224abc2	standing	5a7c2eca46aef81a7ca2145d	0.25
pve	5ac346a886f7744e1b083d67	item	5449016a4bdc2d6f028b456f	165000
pve	5ac346a886f7744e1b083d67	standing	5a7c2eca46aef81a7ca2145d	0.25
pve	5ac346cf86f7741d63233a02	item	5449016a4bdc2d6f028b456f	30000
pve	5ac346cf86f7741d63233a02	item	62975de85c32d414f8797433	1
pve	5ac346cf86f7741d63233a02	item	6570243bbfc87b3a3409321f	2
pve	5ac346cf86f7741d63233a02	standing	5a7c2eca46aef81a7ca2145d	0.02
pve	5ac346e886f7741d6118b99b	item	5449016a4bdc2d6f028b456f	150000
pve	5ac346e886f7741d6118b99b	item	618ba27d9008e4636a67f61d	1
pve	5ac346e886f7741d6118b99b	standing	5a7c2eca46aef81a7ca2145d	0.01
pve	5ac3475486f7741d6224abd3	item	5449016a4bdc2d6f028b456f	80000
pve	5ac3475486f7741d6224abd3	standing	5a7c2eca46aef81a7ca2145d	0.1
pve	5ac3477486f7741d651d6885	item	5449016a4bdc2d6f028b456f	165000
pve	5ac3477486f7741d651d6885	standing	5a7c2eca46aef81a7ca2145d	0.25
pve	5ac3479086f7742880308199	item	569668774bdc2da2298b4568	800
pve	5ac3479086f7742880308199	item	5a32a064c4a28200741e22de	2
pve	5ac3479086f7742880308199	standing	5a7c2eca46aef81a7ca2145d	0.02
pve	5ae3267986f7742a413592fe	item	5449016a4bdc2d6f028b456f	165000
pve	5ae3267986f7742a413592fe	item	61bf7b6302b3924be92fa8c3	2
pve	5ae3267986f7742a413592fe	offerUnlock	59fb137a86f7740adb646af1	1
pve	5ae3267986f7742a413592fe	offerUnlock	618ab04934aa2e47480fba2b	1
pve	5ae3267986f7742a413592fe	standing	5a7c2eca46aef81a7ca2145d	0.25
pve	5ae3270f86f77445ba41d4dd	item	5449016a4bdc2d6f028b456f	275000
pve	5ae3270f86f77445ba41d4dd	standing	5a7c2eca46aef81a7ca2145d	0.75
pve	5ae3277186f7745973054106	item	5449016a4bdc2d6f028b456f	275000
pve	5ae3277186f7745973054106	standing	5a7c2eca46aef81a7ca2145d	0.75
pve	5ae327c886f7745c7b3f2f3f	item	5449016a4bdc2d6f028b456f	275000
pve	5ae327c886f7745c7b3f2f3f	standing	5a7c2eca46aef81a7ca2145d	0.75
pve	5ae3280386f7742a41359364	item	5449016a4bdc2d6f028b456f	275000
pve	5ae3280386f7742a41359364	item	590c639286f774151567fa95	1
pve	5ae3280386f7742a41359364	offerUnlock	5af08cc686f77424a61595f2	1
pve	5ae3280386f7742a41359364	offerUnlock	5dd800eae49222636663133b	1
pve	5ae3280386f7742a41359364	standing	5a7c2eca46aef81a7ca2145d	0.75
pve	5ae448a386f7744d3730fff0	item	5449016a4bdc2d6f028b456f	10000
pve	5ae448a386f7744d3730fff0	item	5b44c8ea86f7742d1627baf1	1
pve	5ae448a386f7744d3730fff0	standing	5ac3b934156ae10c4430e83c	0.02
pve	5ae448bf86f7744d733e55ee	item	5449016a4bdc2d6f028b456f	80000
pve	5ae448bf86f7744d733e55ee	standing	5ac3b934156ae10c4430e83c	0.1
pve	5ae448e586f7744dcf0c2a67	item	5449016a4bdc2d6f028b456f	165000
pve	5ae448e586f7744dcf0c2a67	standing	5ac3b934156ae10c4430e83c	0.25
pve	5ae448f286f77448d73c0131	item	5449016a4bdc2d6f028b456f	80000
pve	5ae448f286f77448d73c0131	standing	5ac3b934156ae10c4430e83c	0.1
pve	5ae4490786f7744ca822adcc	item	5449016a4bdc2d6f028b456f	80000
pve	5ae4490786f7744ca822adcc	standing	5ac3b934156ae10c4430e83c	0.1
pve	5ae4493486f7744efa289417	item	5449016a4bdc2d6f028b456f	80000
pve	5ae4493486f7744efa289417	standing	5ac3b934156ae10c4430e83c	0.1
pve	5ae4493d86f7744b8e15aa8f	item	5449016a4bdc2d6f028b456f	80000
pve	5ae4493d86f7744b8e15aa8f	standing	5ac3b934156ae10c4430e83c	0.1
pve	5ae4495086f77443c122bc40	item	5449016a4bdc2d6f028b456f	165000
pve	5ae4495086f77443c122bc40	item	6038d614d10cbf667352dd44	1
pve	5ae4495086f77443c122bc40	offerUnlock	6038d614d10cbf667352dd44	1
pve	5ae4495086f77443c122bc40	offerUnlock	65765f39526e320fbe0357b1	1
pve	5ae4495c86f7744e87761355	craftUnlock	5d5d87f786f77427997cfaef	1
pve	5ae4495c86f7744e87761355	item	5449016a4bdc2d6f028b456f	165000
pve	5ae4495c86f7744e87761355	item	5d5d940f86f7742797262046	1
pve	5ae4496986f774459e77beb6	craftUnlock	5b44cad286f77402a54ae7e5	1
pve	5ae4496986f774459e77beb6	item	5449016a4bdc2d6f028b456f	165000
pve	5ae4497b86f7744cf402ed00	craftUnlock	5c0e57ba86f7747fa141986d	1
pve	5ae4497b86f7744cf402ed00	item	5449016a4bdc2d6f028b456f	165000
pve	5ae4497b86f7744cf402ed00	item	5c0e446786f7742013381639	1
pve	5ae4498786f7744bde357695	item	5449016a4bdc2d6f028b456f	165000
pve	5ae4498786f7744bde357695	item	5aa2ba71e5b5b000137b758f	1
pve	5ae4498786f7744bde357695	item	5d1b313086f77425227d1678	2
pve	5ae4498786f7744bde357695	item	5f60cd6cf2bcbb675b00dac6	1
pve	5ae4498786f7744bde357695	standing	5ac3b934156ae10c4430e83c	0.25
pve	5ae4499a86f77449783815db	item	5449016a4bdc2d6f028b456f	60000
pve	5ae4499a86f77449783815db	item	6571960bacb85662e7024c23	1
pve	5ae4499a86f77449783815db	offerUnlock	6576695d234b9f6e050a42f0	1
pve	5ae4499a86f77449783815db	standing	5ac3b934156ae10c4430e83c	0.03
pve	5ae449a586f7744bde357696	item	5449016a4bdc2d6f028b456f	32000
pve	5ae449a586f7744bde357696	item	5aa7e276e5b5b000171d0647	1
pve	5ae449a586f7744bde357696	standing	5ac3b934156ae10c4430e83c	0.03
pve	5ae449b386f77446d8741719	item	5449016a4bdc2d6f028b456f	80000
pve	5ae449b386f77446d8741719	item	590a3cd386f77436f20848cb	3
pve	5ae449b386f77446d8741719	standing	5ac3b934156ae10c4430e83c	0.1
pve	5ae449c386f7744bde357697	item	5449016a4bdc2d6f028b456f	80000
pve	5ae449c386f7744bde357697	standing	5ac3b934156ae10c4430e83c	0.1
pve	5ae449d986f774453a54a7e1	item	5449016a4bdc2d6f028b456f	165000
pve	5ae449d986f774453a54a7e1	item	5aa2ba71e5b5b000137b758f	1
pve	5ae449d986f774453a54a7e1	item	5d1b313086f77425227d1678	2
pve	5ae449d986f774453a54a7e1	item	5f60cd6cf2bcbb675b00dac6	1
pve	5ae449d986f774453a54a7e1	standing	5ac3b934156ae10c4430e83c	0.25
pve	5b47749f86f7746c5d6a5fd4	item	5449016a4bdc2d6f028b456f	165000
pve	5b47749f86f7746c5d6a5fd4	item	619b69037b9de8162902673e	1
pve	5b47749f86f7746c5d6a5fd4	offerUnlock	619b69037b9de8162902673e	1
pve	5b47799d86f7746c5d6a5fd8	item	5449016a4bdc2d6f028b456f	275000
pve	5b47799d86f7746c5d6a5fd8	item	590c639286f774151567fa95	1
pve	5b47799d86f7746c5d6a5fd8	offerUnlock	5af08cc686f77424a61595f2	1
pve	5b47799d86f7746c5d6a5fd8	offerUnlock	5dd800eae49222636663133b	1
pve	5b47799d86f7746c5d6a5fd8	standing	5a7c2eca46aef81a7ca2145d	0.75
pve	5b477b6f86f7747290681823	item	5449016a4bdc2d6f028b456f	275000
pve	5b477b6f86f7747290681823	item	5b3b99475acfc432ff4dcbee	1
pve	5b477b6f86f7747290681823	item	615d8f5dd92c473c770212ef	1
pve	5b477f7686f7744d1b23c4d2	item	5449016a4bdc2d6f028b456f	275000
pve	5b477f7686f7744d1b23c4d2	item	58d2912286f7744e27117493	3
pve	5b477f7686f7744d1b23c4d2	offerUnlock	58d2912286f7744e27117493	1
pve	5b47825886f77468074618d3	item	5449016a4bdc2d6f028b456f	275000
pve	5b47825886f77468074618d3	item	5c127c4486f7745625356c13	1
pve	5b47876e86f7744d1c353205	craftUnlock	5d5d87f786f77427997cfaef	1
pve	5b47876e86f7744d1c353205	item	5449016a4bdc2d6f028b456f	20000
pve	5b47876e86f7744d1c353205	item	5b40e3f35acfc40016388218	1
pve	5b47876e86f7744d1c353205	item	65766278526e320fbe0357d4	1
pve	5b47876e86f7744d1c353205	standing	5ac3b934156ae10c4430e83c	0.03
pve	5b47891f86f7744d1b23c571	item	5449016a4bdc2d6f028b456f	275000
pve	5b47891f86f7744d1b23c571	standing	5ac3b934156ae10c4430e83c	0.75
pve	5b478b1886f7744d1b23c57d	item	5449016a4bdc2d6f028b456f	165000
pve	5b478b1886f7744d1b23c57d	standing	5ac3b934156ae10c4430e83c	0.25
pve	5b478d0f86f7744d190d91b5	item	5449016a4bdc2d6f028b456f	165000
pve	5b478d0f86f7744d190d91b5	item	5aa2ba71e5b5b000137b758f	1
pve	5b478d0f86f7744d190d91b5	item	5d1b313086f77425227d1678	2
pve	5b478d0f86f7744d190d91b5	item	5f60cd6cf2bcbb675b00dac6	1
pve	5b478d0f86f7744d190d91b5	standing	5ac3b934156ae10c4430e83c	0.25
pve	5b478eca86f7744642012254	item	569668774bdc2da2298b4568	1000
pve	5b478eca86f7744642012254	standing	58330581ace78e27b8b10cee	0.25
pve	5b478ff486f7744d184ecbbf	item	569668774bdc2da2298b4568	1000
pve	5b478ff486f7744d184ecbbf	standing	58330581ace78e27b8b10cee	0.25
pve	5b47926a86f7747ccc057c15	item	569668774bdc2da2298b4568	450
pve	5b47926a86f7747ccc057c15	standing	58330581ace78e27b8b10cee	0.1
pve	5b4794cb86f774598100d5d4	item	5696686a4bdc2da3298b456a	550
pve	5b4794cb86f774598100d5d4	standing	5935c25fb3acc3127c3d8cd9	0.1
pve	5b4795fb86f7745876267770	item	569668774bdc2da2298b4568	1000
pve	5b4795fb86f7745876267770	standing	58330581ace78e27b8b10cee	0.25
pve	5bc4776586f774512d07cf05	item	5449016a4bdc2d6f028b456f	80000
pve	5bc4776586f774512d07cf05	item	5bbde409d4351e003562b036	2
pve	5bc4776586f774512d07cf05	item	5bc5a372d4351e44f824d17f	2
pve	5bc4776586f774512d07cf05	offerUnlock	5bbde409d4351e003562b036	1
pve	5bc4776586f774512d07cf05	offerUnlock	5bc5a372d4351e44f824d17f	1
pve	5bc479e586f7747f376c7da3	item	5449016a4bdc2d6f028b456f	165000
pve	5bc479e586f7747f376c7da3	item	5bbdb811d4351e45020113c7	2
pve	5bc479e586f7747f376c7da3	item	5bbdb83fd4351e44f824c44b	2
pve	5bc479e586f7747f376c7da3	offerUnlock	5bbdb811d4351e45020113c7	1
pve	5bc479e586f7747f376c7da3	offerUnlock	5bbdb83fd4351e44f824c44b	1
pve	5bc47dbf86f7741ee74e93b9	craftUnlock	5f0596629e22f464da6bbdd9	1
pve	5bc47dbf86f7741ee74e93b9	item	5449016a4bdc2d6f028b456f	165000
pve	5bc47dbf86f7741ee74e93b9	item	5bbde41ed4351e003562b038	2
pve	5bc47dbf86f7741ee74e93b9	offerUnlock	5bbde41ed4351e003562b038	1
pve	5bc480a686f7741af0342e29	craftUnlock	5e023d34e8a400319a28ed44	1
pve	5bc480a686f7741af0342e29	item	5449016a4bdc2d6f028b456f	275000
pve	5bc480a686f7741af0342e29	item	5bbdb870d4351e00367fb67d	2
pve	5bc480a686f7741af0342e29	offerUnlock	5bbdb870d4351e00367fb67d	1
pve	5bc4826c86f774106d22d88b	item	5449016a4bdc2d6f028b456f	80000
pve	5bc4826c86f774106d22d88b	item	5bc5a351d4351e003477a414	1
pve	5bc4826c86f774106d22d88b	item	5c0696830db834001d23f5da	1
pve	5bc4826c86f774106d22d88b	offerUnlock	5bc5a351d4351e003477a414	1
pve	5bc4826c86f774106d22d88b	standing	5c0647fdd443bc2504c2d371	0.02
pve	5bc4836986f7740c0152911c	item	5449016a4bdc2d6f028b456f	275000
pve	5bc4836986f7740c0152911c	item	5bae13bad4351e00320204af	2
pve	5bc4836986f7740c0152911c	offerUnlock	5bae13bad4351e00320204af	1
pve	5bc4856986f77454c317bea7	item	5449016a4bdc2d6f028b456f	400000
pve	5bc4856986f77454c317bea7	item	5d383f5d86f7742a15793872	1
pve	5bc4856986f77454c317bea7	item	618ba27d9008e4636a67f61d	1
pve	5bc4856986f77454c317bea7	offerUnlock	5d383f5d86f7742a15793872	1
pve	5bc4856986f77454c317bea7	offerUnlock	618ba27d9008e4636a67f61d	1
pve	5bc4893c86f774626f5ebf3e	item	5fc23426900b1d5091531e15	1
pve	5bc4893c86f774626f5ebf3e	item	5fd25119dd870108a754a163	1
pve	5bc4893c86f774626f5ebf3e	item	657023ccbfc87b3a3409320a	1
pve	5bc4893c86f774626f5ebf3e	offerUnlock	5fd25119dd870108a754a163	1
pve	5c0bbaa886f7746941031d82	item	569668774bdc2da2298b4568	2400
pve	5c0bbaa886f7746941031d82	item	65702474bfc87b3a34093226	2
pve	5c0bbaa886f7746941031d82	item	707265736574000000000053	1
pve	5c0bbaa886f7746941031d82	offerUnlock	707265736574000000000053	1
pve	5c0bbaa886f7746941031d82	standing	58330581ace78e27b8b10cee	1.5
pve	5c0bc91486f7746ab41857a2	item	569668774bdc2da2298b4568	2400
pve	5c0bc91486f7746ab41857a2	item	60b7c2bd95047637182d90a4	1
pve	5c0bc91486f7746ab41857a2	offerUnlock	5bffdd7e0db834001b734a1a	1
pve	5c0bc91486f7746ab41857a2	offerUnlock	6087e663132d4d12c81fd96b	1
pve	5c0bc91486f7746ab41857a2	offerUnlock	656fa25e94b480b8a500c0e0	1
pve	5c0bc91486f7746ab41857a2	standing	58330581ace78e27b8b10cee	1.5
pve	5c0bd01e86f7747cdd799e56	item	5696686a4bdc2da3298b456a	2750
pve	5c0bd01e86f7747cdd799e56	item	60098ad7c2240c0fe85c570a	4
pve	5c0bd01e86f7747cdd799e56	item	69413241b1ce1e5fbb09ed0a	1
pve	5c0bd01e86f7747cdd799e56	offerUnlock	60098ad7c2240c0fe85c570a	1
pve	5c0bd01e86f7747cdd799e56	offerUnlock	655746010177119f4a097ff7	1
pve	5c0bd01e86f7747cdd799e56	offerUnlock	69413241b1ce1e5fbb09ed0a	1
pve	5c0bd01e86f7747cdd799e56	standing	5935c25fb3acc3127c3d8cd9	1.5
pve	5c0bd94186f7747a727f09b2	craftUnlock	61962d879bb3d20b0946d385	1
pve	5c0bd94186f7747a727f09b2	item	5449016a4bdc2d6f028b456f	275000
pve	5c0bd94186f7747a727f09b2	item	5d0378d486f77420421a5ff4	1
pve	5c0bd94186f7747a727f09b2	standing	54cb50c76803fa8b248b4571	0.75
pve	5c0bdb5286f774166e38eed4	item	5449016a4bdc2d6f028b456f	150000
pve	5c0bdb5286f774166e38eed4	item	5d40407c86f774318526545a	3
pve	5c0bdb5286f774166e38eed4	item	62a09f32621468534a797acb	5
pve	5c0bdb5286f774166e38eed4	offerUnlock	5bffdd7e0db834001b734a1a	1
pve	5c0bdb5286f774166e38eed4	standing	58330581ace78e27b8b10cee	0.05
pve	5c0bde0986f77479cf22c2f8	item	5449016a4bdc2d6f028b456f	400000
pve	5c0bde0986f77479cf22c2f8	item	59fb023c86f7746d0d4b423c	1
pve	5c0bde0986f77479cf22c2f8	offerUnlock	5b6d9ce188a4501afc1b2b25	1
pve	5c0bde0986f77479cf22c2f8	standing	5a7c2eca46aef81a7ca2145d	1.5
pve	5c0be13186f7746f016734aa	item	5449016a4bdc2d6f028b456f	400000
pve	5c0be13186f7746f016734aa	item	657024cecfc010a0f5006a0a	3
pve	5c0be13186f7746f016734aa	offerUnlock	5ba2678ad4351e44f824b344	1
pve	5c0be13186f7746f016734aa	standing	5a7c2eca46aef81a7ca2145d	1.5
pve	5c0be5fc86f774467a116593	item	5449016a4bdc2d6f028b456f	130000
pve	5c0be5fc86f774467a116593	item	5a145d4786f7744cbb6f4a12	1
pve	5c0be5fc86f774467a116593	item	5c0a840b86f7742ffa4f2482	1
pve	5c0be5fc86f774467a116593	standing	54cb57776803fa99248b456e	0.05
pve	5c0d0d5086f774363760aef2	item	5449016a4bdc2d6f028b456f	110000
pve	5c0d0d5086f774363760aef2	item	5aa2b986e5b5b00014028f4c	1
pve	5c0d0d5086f774363760aef2	item	5c0e533786f7747fa23f4d47	3
pve	5c0d0d5086f774363760aef2	item	5c10c8fd86f7743d7d706df3	3
pve	5c0d0d5086f774363760aef2	offerUnlock	5c10c8fd86f7743d7d706df3	1
pve	5c0d0d5086f774363760aef2	standing	54cb57776803fa99248b456e	0.04
pve	5c0d0f1886f77457b8210226	item	569668774bdc2da2298b4568	1650
pve	5c0d0f1886f77457b8210226	item	5a7ad2e851dfba0016153692	2
pve	5c0d0f1886f77457b8210226	item	5fd251c90d9c95034825edb5	1
pve	5c0d0f1886f77457b8210226	item	648987d673c462723909a151	2
pve	5c0d0f1886f77457b8210226	offerUnlock	5fd251c90d9c95034825edb5	1
pve	5c0d0f1886f77457b8210226	standing	58330581ace78e27b8b10cee	0.75
pve	5c0d190cd09282029f5390d8	item	5449016a4bdc2d6f028b456f	165000
pve	5c0d190cd09282029f5390d8	standing	54cb50c76803fa8b248b4571	0.25
pve	5c0d1c4cd0928202a02a6f5c	craftUnlock	5ed51652f6c34d2cc26336a1	1
pve	5c0d1c4cd0928202a02a6f5c	item	5449016a4bdc2d6f028b456f	400000
pve	5c0d1c4cd0928202a02a6f5c	standing	54cb57776803fa99248b456e	1.5
pve	5c0d4c12d09282029f539173	item	5696686a4bdc2da3298b456a	2750
pve	5c0d4c12d09282029f539173	item	5e035eb586f774756048ec12	1
pve	5c0d4c12d09282029f539173	offerUnlock	5e035eb586f774756048ec12	1
pve	5c0d4c12d09282029f539173	offerUnlock	656fa8d700d62bcd2e024084	1
pve	5c0d4c12d09282029f539173	standing	5935c25fb3acc3127c3d8cd9	1.5
pve	5c0d4e61d09282029f53920e	craftUnlock	5ba26835d4351e0035628ff5	1
pve	5c0d4e61d09282029f53920e	item	5696686a4bdc2da3298b456a	2750
pve	5c0d4e61d09282029f53920e	item	5c0e66e2d174af02a96252f4	1
pve	5c0d4e61d09282029f53920e	offerUnlock	5c0e66e2d174af02a96252f4	1
pve	5c0d4e61d09282029f53920e	standing	5935c25fb3acc3127c3d8cd9	1.5
pve	5c10f94386f774227172c572	item	5449016a4bdc2d6f028b456f	80000
pve	5c10f94386f774227172c572	item	590a3cd386f77436f20848cb	3
pve	5c10f94386f774227172c572	standing	5ac3b934156ae10c4430e83c	0.1
pve	5c1128e386f7746565181106	item	5449016a4bdc2d6f028b456f	275000
pve	5c1128e386f7746565181106	standing	5a7c2eca46aef81a7ca2145d	0.75
pve	5c112d7e86f7740d6f647486	item	5449016a4bdc2d6f028b456f	275000
pve	5c112d7e86f7740d6f647486	standing	5ac3b934156ae10c4430e83c	0.75
pve	5c1141f386f77430ff393792	item	5449016a4bdc2d6f028b456f	400000
pve	5c1141f386f77430ff393792	offerUnlock	65573fa5655447403702a816	1
pve	5c1141f386f77430ff393792	standing	5ac3b934156ae10c4430e83c	1.5
pve	5c1234c286f77406fa13baeb	item	569668774bdc2da2298b4568	1000
pve	5c1234c286f77406fa13baeb	item	590c346786f77423e50ed342	3
pve	5c1234c286f77406fa13baeb	standing	58330581ace78e27b8b10cee	0.25
pve	5c12452c86f7744b83469073	item	5449016a4bdc2d6f028b456f	55000
pve	5c12452c86f7744b83469073	item	5b6d9ce188a4501afc1b2b25	1
pve	5c12452c86f7744b83469073	offerUnlock	66b09282ae030a24a5663815	1
pve	5c12452c86f7744b83469073	standing	54cb50c76803fa8b248b4571	0.02
pve	5c139eb686f7747878361a6f	item	5449016a4bdc2d6f028b456f	275000
pve	5c139eb686f7747878361a6f	item	590c639286f774151567fa95	1
pve	5c139eb686f7747878361a6f	offerUnlock	5c127c4486f7745625356c13	1
pve	5c139eb686f7747878361a6f	standing	5a7c2eca46aef81a7ca2145d	0.75
pve	5c51aac186f77432ea65c552	item	5c093ca986f7740a1867ab12	1
pve	5c51aac186f77432ea65c552	item	619bddc6c9546643a67df6ee	1
pve	5d2495a886f77425cd51e403	item	5449016a4bdc2d6f028b456f	30000
pve	5d2495a886f77425cd51e403	traderUnlock	5c0647fdd443bc2504c2d371	1
pve	5d24b81486f77439c92d6ba8	item	5449016a4bdc2d6f028b456f	80000
pve	5d24b81486f77439c92d6ba8	standing	5c0647fdd443bc2504c2d371	0.1
pve	5d25aed386f77442734d25d2	item	5ac4ab8886f7747d0f66429a	1
pve	5d25aed386f77442734d25d2	item	619bddffc9546643a67df6f0	1
pve	5d25aed386f77442734d25d2	item	64ace9d9b5bf5e95f50a4c1d	10
pve	5d25aed386f77442734d25d2	offerUnlock	5d02797c86f774203f38e30a	1
pve	5d25b6be86f77444001e1b89	item	590c5d4b86f774784e1b9c45	3
pve	5d25b6be86f77444001e1b89	item	5d1b36a186f7742523398433	1
pve	5d25b6be86f77444001e1b89	offerUnlock	590c5d4b86f774784e1b9c45	1
pve	5d25bfd086f77442734d3007	item	5c0fa877d174af02a012e1cf	3
pve	5d25bfd086f77442734d3007	item	5d1b385e86f774252167b98a	1
pve	5d25bfd086f77442734d3007	offerUnlock	63920105a83e15700a00f168	1
pve	5d25c81b86f77443e625dd71	item	62975de85c32d414f8797433	1
pve	5d25c81b86f77443e625dd71	item	65702474bfc87b3a34093226	1
pve	5d25c81b86f77443e625dd71	offerUnlock	62975de85c32d414f8797433	1
pve	5d25cf2686f77443e75488d4	item	5d02778e86f774203e7dedbe	3
pve	5d25cf2686f77443e75488d4	item	5d1b3a5d86f774252167ba22	3
pve	5d25cf2686f77443e75488d4	offerUnlock	5d02797c86f774203f38e30a	1
pve	5d25d2c186f77443e35162e5	craftUnlock	5d6e68a8a4b9360b6c0d54e2	1
pve	5d25d2c186f77443e35162e5	item	64898838d5b4df6140000a20	2
pve	5d25d2c186f77443e35162e5	item	6764089eba9ecbb20a0052f4	1
pve	5d25e29d86f7740a22516326	item	5b3b6e495acfc4330140bd88	3
pve	5d25e29d86f7740a22516326	item	657025dfcfc010a0f5006a3b	4
pve	5d25e29d86f7740a22516326	item	70726573657400000000007f	1
pve	5d25e29d86f7740a22516326	offerUnlock	59eb7ebe86f7740b373438ce	1
pve	5d25e2a986f77409dd5cdf2a	item	5449016a4bdc2d6f028b456f	50000
pve	5d25e2a986f77409dd5cdf2a	standing	5c0647fdd443bc2504c2d371	0.02
pve	5d25e2b486f77409de05bba0	item	5449016a4bdc2d6f028b456f	275000
pve	5d25e2b486f77409de05bba0	standing	5c0647fdd443bc2504c2d371	0.75
pve	5d25e2c386f77443e7549029	item	5449016a4bdc2d6f028b456f	80000
pve	5d25e2c386f77443e7549029	item	59e35cbb86f7741778269d83	2
pve	5d25e2c386f77443e7549029	standing	5c0647fdd443bc2504c2d371	0.1
pve	5d25e2cc86f77443e47ae019	item	5449016a4bdc2d6f028b456f	275000
pve	5d25e2cc86f77443e47ae019	item	590c35a486f774273531c822	2
pve	5d25e2cc86f77443e47ae019	standing	5c0647fdd443bc2504c2d371	0.75
pve	5d25e2d886f77442734d335e	item	5dfe6104585a0c3e995c7b82	1
pve	5d25e2d886f77442734d335e	item	65702558cfc010a0f5006a25	2
pve	5d25e2d886f77442734d335e	offerUnlock	5d383e1a86f7742a1468ce63	1
pve	5d25e2e286f77444001e2e48	item	5449016a4bdc2d6f028b456f	165000
pve	5d25e2e286f77444001e2e48	standing	5c0647fdd443bc2504c2d371	0.25
pve	5d25e2ee86f77443e35162ea	item	5449016a4bdc2d6f028b456f	80000
pve	5d25e2ee86f77443e35162ea	standing	5c0647fdd443bc2504c2d371	0.1
pve	5d25e43786f7740a212217fa	item	5449016a4bdc2d6f028b456f	80000
pve	5d25e43786f7740a212217fa	item	59e35cbb86f7741778269d83	2
pve	5d25e43786f7740a212217fa	standing	5c0647fdd443bc2504c2d371	0.1
pve	5d25e44386f77409453bce7b	item	5449016a4bdc2d6f028b456f	80000
pve	5d25e44386f77409453bce7b	item	59e35cbb86f7741778269d83	2
pve	5d25e44386f77409453bce7b	standing	5c0647fdd443bc2504c2d371	0.1
pve	5d25e44f86f77443e625e385	item	5449016a4bdc2d6f028b456f	275000
pve	5d25e44f86f77443e625e385	standing	5c0647fdd443bc2504c2d371	0.75
pve	5d25e45e86f77408251c4bfa	item	5449016a4bdc2d6f028b456f	275000
pve	5d25e45e86f77408251c4bfa	item	590c35a486f774273531c822	2
pve	5d25e45e86f77408251c4bfa	standing	5c0647fdd443bc2504c2d371	0.75
pve	5d25e46e86f77409453bce7c	item	5449016a4bdc2d6f028b456f	80000
pve	5d25e46e86f77409453bce7c	standing	5c0647fdd443bc2504c2d371	0.1
pve	5d25e48186f77443e625e386	item	5449016a4bdc2d6f028b456f	165000
pve	5d25e48186f77443e625e386	standing	5c0647fdd443bc2504c2d371	0.25
pve	5d25e48d86f77408251c4bfb	item	5449016a4bdc2d6f028b456f	50000
pve	5d25e48d86f77408251c4bfb	item	590c392f86f77444754deb29	1
pve	5d25e48d86f77408251c4bfb	standing	5c0647fdd443bc2504c2d371	0.02
pve	5d25e4ad86f77443e625e387	item	5449016a4bdc2d6f028b456f	165000
pve	5d25e4ad86f77443e625e387	item	5e2af29386f7746d4159f077	3
pve	5d25e4ad86f77443e625e387	standing	5c0647fdd443bc2504c2d371	0.25
pve	5d25e4b786f77408251c4bfc	item	5449016a4bdc2d6f028b456f	275000
pve	5d25e4b786f77408251c4bfc	standing	5c0647fdd443bc2504c2d371	0.75
pve	5d25e4ca86f77409dd5cdf2c	item	5449016a4bdc2d6f028b456f	400000
pve	5d25e4ca86f77409dd5cdf2c	offerUnlock	62973e474bb5ab23071c2a70	1
pve	5d25e4ca86f77409dd5cdf2c	standing	5c0647fdd443bc2504c2d371	1.5
pve	5d25e4d586f77443e625e388	item	5449016a4bdc2d6f028b456f	275000
pve	5d25e4d586f77443e625e388	standing	5c0647fdd443bc2504c2d371	0.75
pve	5d4bec3486f7743cac246665	craftUnlock	5d03794386f77420415576f5	1
pve	5d4bec3486f7743cac246665	item	5449016a4bdc2d6f028b456f	400000
pve	5d4bec3486f7743cac246665	standing	54cb50c76803fa8b248b4571	1.5
pve	5e381b0286f77420e3417a74	item	5c0e774286f77468413cc5b2	1
pve	5e381b0286f77420e3417a74	item	628e4e576d783146b124c64d	1
pve	5e381b0286f77420e3417a74	offerUnlock	5c0e774286f77468413cc5b2	1
pve	5e381b0286f77420e3417a74	offerUnlock	65766582234b9f6e050a42c1	1
pve	5e383a6386f77465910ce1f3	item	5c0e774286f77468413cc5b2	1
pve	5e383a6386f77465910ce1f3	item	628e4e576d783146b124c64d	1
pve	5e383a6386f77465910ce1f3	offerUnlock	5c0e774286f77468413cc5b2	1
pve	5e383a6386f77465910ce1f3	offerUnlock	657668ad86f11bca4106d38b	1
pve	5e4d4ac186f774264f758336	item	5df8a4d786f77412672a1e3b	1
pve	5e4d4ac186f774264f758336	item	66b5f68de98be930d701c00e	1
pve	5e4d4ac186f774264f758336	offerUnlock	5df8a4d786f77412672a1e3b	1
pve	5e4d515e86f77438b2195244	item	5df8a4d786f77412672a1e3b	1
pve	5e4d515e86f77438b2195244	item	66b5f68de98be930d701c00e	1
pve	5e4d515e86f77438b2195244	offerUnlock	5df8a4d786f77412672a1e3b	1
pve	5eaaaa7c93afa0558f3b5a1c	item	57372c21245977670937c6c2	1
pve	5eaaaa7c93afa0558f3b5a1c	item	5780cf7f2459777de4559322	1
pve	5eaaaa7c93afa0558f3b5a1c	item	5c11279ad174af029d64592b	4
pve	5eaaaa7c93afa0558f3b5a1c	item	5c1127d0d174af29be75cf68	5
pve	5eaaaa7c93afa0558f3b5a1c	offerUnlock	5780cf7f2459777de4559322	1
pve	5eda19f0edce541157209cee	item	5449016a4bdc2d6f028b456f	165000
pve	5eda19f0edce541157209cee	standing	54cb50c76803fa8b248b4571	0.25
pve	5edab4b1218d181e29451435	item	5449016a4bdc2d6f028b456f	400000
pve	5edab4b1218d181e29451435	item	5a1eaa87fcdbcb001865f75e	1
pve	5edab4b1218d181e29451435	item	5d235b4d86f7742e017bc88a	100
pve	5edab4b1218d181e29451435	standing	5c0647fdd443bc2504c2d371	1.5
pve	5edab736cc183c769d778bc2	item	5449016a4bdc2d6f028b456f	275000
pve	5edab736cc183c769d778bc2	standing	54cb57776803fa99248b456e	0.75
pve	5edaba7c0c502106f869bc02	item	5449016a4bdc2d6f028b456f	275000
pve	5edaba7c0c502106f869bc02	standing	54cb57776803fa99248b456e	0.75
pve	5edabd13218d181e29451442	item	569668774bdc2da2298b4568	1650
pve	5edabd13218d181e29451442	standing	58330581ace78e27b8b10cee	0.75
pve	5edac020218d181e29451446	item	5696686a4bdc2da3298b456a	2750
pve	5edac020218d181e29451446	item	70726573657400000000001d	1
pve	5edac020218d181e29451446	item	707265736574000000000080	1
pve	5edac020218d181e29451446	offerUnlock	5a16b7e1fcdbcb00165aa6c9	1
pve	5edac020218d181e29451446	offerUnlock	5ac8d6885acfc400180ae7b0	1
pve	5edac020218d181e29451446	standing	5935c25fb3acc3127c3d8cd9	1.5
pve	5edac34d0bb72a50635c2bfa	item	5c0a840b86f7742ffa4f2482	1
pve	5edac63b930f5454f51e128b	item	5696686a4bdc2da3298b456a	2750
pve	5edac63b930f5454f51e128b	item	5ef1ba28c64c5d0dfc0571a5	1
pve	5edac63b930f5454f51e128b	item	68bb25270e48a3afd7071216	1
pve	5edac63b930f5454f51e128b	item	68bb2a3831ee03fbc00931e6	1
pve	5edac63b930f5454f51e128b	offerUnlock	5ef1ba28c64c5d0dfc0571a5	1
pve	5edac63b930f5454f51e128b	offerUnlock	68bb25270e48a3afd7071216	1
pve	5edac63b930f5454f51e128b	offerUnlock	68bb2a3831ee03fbc00931e6	1
pve	5edac63b930f5454f51e128b	standing	5935c25fb3acc3127c3d8cd9	1.5
pve	5ede55112c95834b583f052a	item	5449016a4bdc2d6f028b456f	275000
pve	5ede55112c95834b583f052a	standing	54cb50c76803fa8b248b4571	0.75
pve	5ede567cfa6dc072ce15d6e3	item	5449016a4bdc2d6f028b456f	25000
pve	5ede567cfa6dc072ce15d6e3	item	5648ae314bdc2d3d1c8b457f	1
pve	5ede567cfa6dc072ce15d6e3	item	57372b832459776701014e41	1
pve	5ede567cfa6dc072ce15d6e3	item	584147982459775a6c55e931	1
pve	5ede567cfa6dc072ce15d6e3	item	5cf50fc5d7f00c056c53f83c	1
pve	5ede567cfa6dc072ce15d6e3	standing	54cb50c76803fa8b248b4571	0.03
pve	5f04886a3937dc337a6b8238	item	5449016a4bdc2d6f028b456f	165000
pve	5f04886a3937dc337a6b8238	standing	5a7c2eca46aef81a7ca2145d	0.25
pve	5fd9fad9c1ce6b1a3b486d00	item	5449016a4bdc2d6f028b456f	80000
pve	5fd9fad9c1ce6b1a3b486d00	standing	54cb50c76803fa8b248b4571	0.1
pve	600302d73b897b11364cd161	item	5449016a4bdc2d6f028b456f	80000
pve	600302d73b897b11364cd161	standing	5c0647fdd443bc2504c2d371	0.1
pve	6086c852c945025d41566124	item	5696686a4bdc2da3298b456a	1900
pve	6086c852c945025d41566124	standing	5935c25fb3acc3127c3d8cd9	0.75
pve	60896888e4a85c72ef3fa300	item	569668774bdc2da2298b4568	1650
pve	60896888e4a85c72ef3fa300	standing	58330581ace78e27b8b10cee	0.75
pve	60896b7bfa70fc097863b8f5	item	5449016a4bdc2d6f028b456f	275000
pve	60896b7bfa70fc097863b8f5	standing	54cb50c76803fa8b248b4571	0.75
pve	60896bca6ee58f38c417d4f2	item	5449016a4bdc2d6f028b456f	275000
pve	60896bca6ee58f38c417d4f2	standing	54cb50c76803fa8b248b4571	0.75
pve	60896e28e4a85c72ef3fa301	item	5449016a4bdc2d6f028b456f	275000
pve	60896e28e4a85c72ef3fa301	item	5af0534a86f7743b6f354284	1
pve	60896e28e4a85c72ef3fa301	standing	54cb57776803fa99248b456e	0.75
pve	6089732b59b92115597ad789	item	5449016a4bdc2d6f028b456f	275000
pve	6089732b59b92115597ad789	standing	5a7c2eca46aef81a7ca2145d	0.75
pve	6089736efa70fc097863b8f6	item	5449016a4bdc2d6f028b456f	275000
pve	6089736efa70fc097863b8f6	standing	5a7c2eca46aef81a7ca2145d	0.75
pve	6089743983426423753cd58a	item	569668774bdc2da2298b4568	1650
pve	6089743983426423753cd58a	standing	58330581ace78e27b8b10cee	0.75
pve	608974af4b05530f55550c21	item	5449016a4bdc2d6f028b456f	275000
pve	608974af4b05530f55550c21	standing	5ac3b934156ae10c4430e83c	0.75
pve	608974d01a66564e74191fc0	item	5449016a4bdc2d6f028b456f	275000
pve	608974d01a66564e74191fc0	standing	5ac3b934156ae10c4430e83c	0.75
pve	608a768d82e40b3c727fd17d	item	5449016a4bdc2d6f028b456f	275000
pve	608a768d82e40b3c727fd17d	standing	5c0647fdd443bc2504c2d371	0.75
pve	60c0c018f7afb4354815096a	item	5449016a4bdc2d6f028b456f	165000
pve	60c0c018f7afb4354815096a	standing	5c0647fdd443bc2504c2d371	0.25
pve	60e71b62a0beca400d69efc4	craftUnlock	5f60c74e3b85f6263c145586	1
pve	60e71b62a0beca400d69efc4	item	5449016a4bdc2d6f028b456f	400000
pve	60e71b62a0beca400d69efc4	item	5f60c74e3b85f6263c145586	1
pve	60e71b62a0beca400d69efc4	item	5f60c85b58eff926626a60f7	1
pve	60e71b62a0beca400d69efc4	item	63986a9ab483a550805be5ee	1
pve	60e71b62a0beca400d69efc4	offerUnlock	63986a9ab483a550805be5ee	1
pve	60e71b62a0beca400d69efc4	standing	54cb50c76803fa8b248b4571	1.5
pve	60e71b9bbd90872cb85440f3	item	5449016a4bdc2d6f028b456f	165000
pve	60e71b9bbd90872cb85440f3	standing	54cb50c76803fa8b248b4571	0.25
pve	60e71bb4e456d449cd47ca75	craftUnlock	59e0d99486f7744a32234762	1
pve	60e71bb4e456d449cd47ca75	item	5449016a4bdc2d6f028b456f	400000
pve	60e71bb4e456d449cd47ca75	item	64acea16c4eda9354b0226b0	5
pve	60e71bb4e456d449cd47ca75	standing	54cb50c76803fa8b248b4571	1.5
pve	60e71c11d54b755a3b53eb65	item	569668774bdc2da2298b4568	2400
pve	60e71c11d54b755a3b53eb65	item	60b7d76e2a3c79100f1979de	1
pve	60e71c11d54b755a3b53eb65	item	64ace9f9c4eda9354b0226aa	5
pve	60e71c11d54b755a3b53eb65	offerUnlock	58d2912286f7744e27117493	1
pve	60e71c11d54b755a3b53eb65	offerUnlock	60b7d76e2a3c79100f1979de	1
pve	60e71c11d54b755a3b53eb65	standing	58330581ace78e27b8b10cee	1.5
pve	60e71c48c1bfa3050473b8e5	item	5449016a4bdc2d6f028b456f	400000
pve	60e71c48c1bfa3050473b8e5	standing	54cb57776803fa99248b456e	1.5
pve	60e71c9ad54b755a3b53eb66	item	569668774bdc2da2298b4568	1900
pve	60e71c9ad54b755a3b53eb66	item	57347c2e24597744902c94a1	4
pve	60e71c9ad54b755a3b53eb66	offerUnlock	58dd3ad986f77403051cba8f	1
pve	60e71c9ad54b755a3b53eb66	standing	5935c25fb3acc3127c3d8cd9	0.75
pve	60e71ccb5688f6424c7bfec4	item	5696686a4bdc2da3298b456a	2750
pve	60e71ccb5688f6424c7bfec4	item	5c17a7ed2e2216152142459c	1
pve	60e71ccb5688f6424c7bfec4	offerUnlock	5c17a7ed2e2216152142459c	1
pve	60e71ccb5688f6424c7bfec4	standing	5935c25fb3acc3127c3d8cd9	1.5
pve	60e71ce009d7c801eb0c0ec6	craftUnlock	54527ac44bdc2d36668b4567	1
pve	60e71ce009d7c801eb0c0ec6	item	5696686a4bdc2da3298b456a	2750
pve	60e71ce009d7c801eb0c0ec6	offerUnlock	5c0a840b86f7742ffa4f2482	1
pve	60e71ce009d7c801eb0c0ec6	standing	5935c25fb3acc3127c3d8cd9	1.5
pve	60e71d23c1bfa3050473b8e6	item	5449016a4bdc2d6f028b456f	400000
pve	60e71d23c1bfa3050473b8e6	item	619bde3dc9546643a67df6f2	1
pve	60e71d23c1bfa3050473b8e6	item	6570900858b315e8b70a8a98	1
pve	60e71d23c1bfa3050473b8e6	offerUnlock	61962b617c6c7b169525f168	1
pve	60e71d23c1bfa3050473b8e6	standing	5a7c2eca46aef81a7ca2145d	1.5
pve	60e71d6d7fcf9c556f325055	item	5449016a4bdc2d6f028b456f	80000
pve	60e71d6d7fcf9c556f325055	item	5c06779c86f77426e00dd782	2
pve	60e71d6d7fcf9c556f325055	offerUnlock	5aafbde786f774389d0cbc0f	1
pve	60e71d6d7fcf9c556f325055	standing	5a7c2eca46aef81a7ca2145d	0.1
pve	60e71dc0a94be721b065bbfc	item	5449016a4bdc2d6f028b456f	80000
pve	60e71dc0a94be721b065bbfc	item	590a3cd386f77436f20848cb	3
pve	60e71dc0a94be721b065bbfc	standing	5ac3b934156ae10c4430e83c	0.1
pve	60e71dc67fcf9c556f325056	item	5449016a4bdc2d6f028b456f	275000
pve	60e71dc67fcf9c556f325056	standing	5ac3b934156ae10c4430e83c	0.75
pve	60e71e8ed54b755a3b53eb67	item	5449016a4bdc2d6f028b456f	400000
pve	60e71e8ed54b755a3b53eb67	item	5d1b5e94d7ad1a2b865a96b0	1
pve	60e71e8ed54b755a3b53eb67	item	5d235b4d86f7742e017bc88a	100
pve	60e71e8ed54b755a3b53eb67	offerUnlock	63fc44e2429a8a166c7f61e6	1
pve	60e71e8ed54b755a3b53eb67	standing	5c0647fdd443bc2504c2d371	1.5
pve	60e729cf5698ee7b05057439	item	5449016a4bdc2d6f028b456f	80000
pve	60e729cf5698ee7b05057439	standing	5c0647fdd443bc2504c2d371	0.1
pve	60effd818b669d08a35bfad5	item	5449016a4bdc2d6f028b456f	1000000
pve	60effd818b669d08a35bfad5	standing	579dc571d53a0658a154fbec	1.1
pve	6179ac7511973d018217d0b9	item	5449016a4bdc2d6f028b456f	275000
pve	6179ac7511973d018217d0b9	standing	54cb50c76803fa8b248b4571	0.75
pve	6179acbdc760af5ad2053585	item	5449016a4bdc2d6f028b456f	155000
pve	6179acbdc760af5ad2053585	offerUnlock	5cbdc23eae9215001136a407	1
pve	6179acbdc760af5ad2053585	standing	54cb50c76803fa8b248b4571	0.02
pve	6179ad0a6e9dd54ac275e3f2	item	5449016a4bdc2d6f028b456f	275000
pve	6179ad0a6e9dd54ac275e3f2	item	590c35a486f774273531c822	2
pve	6179ad0a6e9dd54ac275e3f2	standing	5c0647fdd443bc2504c2d371	0.75
pve	6179ad56c760af5ad2053587	item	5449016a4bdc2d6f028b456f	275000
pve	6179ad56c760af5ad2053587	standing	54cb57776803fa99248b456e	0.75
pve	6179afd0bca27a099552e040	item	5449016a4bdc2d6f028b456f	275000
pve	6179afd0bca27a099552e040	standing	54cb57776803fa99248b456e	0.75
pve	6179aff8f57fb279792c60a1	item	5696686a4bdc2da3298b456a	1900
pve	6179aff8f57fb279792c60a1	standing	5935c25fb3acc3127c3d8cd9	0.75
pve	6179b3a12153c15e937d52bc	item	5449016a4bdc2d6f028b456f	275000
pve	6179b3a12153c15e937d52bc	standing	5a7c2eca46aef81a7ca2145d	0.75
pve	6179b3bdc7560e13d23eeb8d	item	5449016a4bdc2d6f028b456f	275000
pve	6179b3bdc7560e13d23eeb8d	standing	5a7c2eca46aef81a7ca2145d	0.75
pve	6179b4d1bca27a099552e04e	item	5696686a4bdc2da3298b456a	1900
pve	6179b4d1bca27a099552e04e	standing	5935c25fb3acc3127c3d8cd9	0.75
pve	6179b4f16e9dd54ac275e407	item	569668774bdc2da2298b4568	1650
pve	6179b4f16e9dd54ac275e407	standing	58330581ace78e27b8b10cee	0.75
pve	6179b5b06e9dd54ac275e409	item	5449016a4bdc2d6f028b456f	275000
pve	6179b5b06e9dd54ac275e409	item	5d0378d486f77420421a5ff4	1
pve	6179b5b06e9dd54ac275e409	offerUnlock	5e85a9f4add9fe03027d9bf1	1
pve	6179b5b06e9dd54ac275e409	offerUnlock	656f664200d62bcd2e024077	1
pve	6179b5b06e9dd54ac275e409	standing	54cb50c76803fa8b248b4571	0.75
pve	6179b5eabca27a099552e052	item	5696686a4bdc2da3298b456a	2750
pve	6179b5eabca27a099552e052	item	60098ad7c2240c0fe85c570a	4
pve	6179b5eabca27a099552e052	item	69413241b1ce1e5fbb09ed0a	1
pve	6179b5eabca27a099552e052	offerUnlock	60098ad7c2240c0fe85c570a	1
pve	6179b5eabca27a099552e052	offerUnlock	655746010177119f4a097ff7	1
pve	6179b5eabca27a099552e052	offerUnlock	69413241b1ce1e5fbb09ed0a	1
pve	6179b5eabca27a099552e052	standing	5935c25fb3acc3127c3d8cd9	1.5
pve	61904daa7d0d857927447b9c	item	5449016a4bdc2d6f028b456f	275000
pve	61904daa7d0d857927447b9c	standing	5c0647fdd443bc2504c2d371	0.75
pve	6193850f60b34236ee0483de	item	569668774bdc2da2298b4568	1650
pve	6193850f60b34236ee0483de	offerUnlock	58dffc5d86f77407c744a847	1
pve	6193850f60b34236ee0483de	standing	58330581ace78e27b8b10cee	0.75
pve	61958c366726521dd96828ec	item	5696686a4bdc2da3298b456a	1900
pve	61958c366726521dd96828ec	item	57347c2e24597744902c94a1	4
pve	61958c366726521dd96828ec	offerUnlock	5ede475b549eed7c6d5c18fb	1
pve	61958c366726521dd96828ec	offerUnlock	6357c98711fb55120211f7e1	1
pve	61958c366726521dd96828ec	standing	5935c25fb3acc3127c3d8cd9	0.75
pve	61e6e5e0f5b9633f6719ed95	standing	579dc571d53a0658a154fbec	1
pve	61e6e60223374d168a4576a6	standing	579dc571d53a0658a154fbec	1
pve	61e6e60c5ca3b3783662be27	standing	579dc571d53a0658a154fbec	1
pve	61e6e615eea2935bc018a2c5	standing	579dc571d53a0658a154fbec	1
pve	61e6e621bfeab00251576265	standing	579dc571d53a0658a154fbec	1
pve	625d7005a4eb80027c4f2e09	standing	638f541a29ffd1183d187f57	0.01
pve	626148251ed3bb5bcc5bd9ed	standing	638f541a29ffd1183d187f57	0.01
pve	6261482fa4eb80027c4f2e11	standing	638f541a29ffd1183d187f57	0.01
pve	626148334149f1149b5b12ca	standing	638f541a29ffd1183d187f57	0.01
pve	62614836f7308432be1d44cc	standing	638f541a29ffd1183d187f57	0.01
pve	6261483ac48e6c62a440fab7	standing	638f541a29ffd1183d187f57	0.01
pve	6261483dc4874104f230c0cd	standing	638f541a29ffd1183d187f57	0.01
pve	626bd75b05f287031503c7f6	item	5449016a4bdc2d6f028b456f	275000
pve	626bd75b05f287031503c7f6	item	5af0534a86f7743b6f354284	1
pve	626bd75b05f287031503c7f6	standing	54cb57776803fa99248b456e	0.75
pve	626bd75c71bd851e971b82a5	item	5449016a4bdc2d6f028b456f	275000
pve	626bd75c71bd851e971b82a5	item	5d0378d486f77420421a5ff4	1
pve	626bd75c71bd851e971b82a5	offerUnlock	64c1525e3319a1cf380c4e09	1
pve	626bd75c71bd851e971b82a5	standing	54cb50c76803fa8b248b4571	0.75
pve	626bd75d5bef5d7d590bd415	item	569668774bdc2da2298b4568	1650
pve	626bd75d5bef5d7d590bd415	item	5734758f24597738025ee253	2
pve	626bd75d5bef5d7d590bd415	item	5d4d617f86f77449c463d107	1
pve	626bd75d5bef5d7d590bd415	item	657024ecc5d7d4cb4d07856d	1
pve	626bd75d5bef5d7d590bd415	offerUnlock	56eabf3bd2720b75698b4569	1
pve	626bd75d5bef5d7d590bd415	offerUnlock	5d4d617f86f77449c463d107	1
pve	626bd75d5bef5d7d590bd415	standing	58330581ace78e27b8b10cee	0.75
pve	626bd75e47ea7f506e5493c5	item	5aafbde786f774389d0cbc0f	1
pve	626bdcc3a371ee3a7a3514c5	item	5449016a4bdc2d6f028b456f	400000
pve	626bdcc3a371ee3a7a3514c5	item	5d235bb686f77443f4331278	1
pve	626bdcc3a371ee3a7a3514c5	standing	5c0647fdd443bc2504c2d371	1.5
pve	638fcd23dc65553116701d33	item	5449016a4bdc2d6f028b456f	165000
pve	638fcd23dc65553116701d33	standing	5ac3b934156ae10c4430e83c	0.25
pve	639135534b15ca31f76bc317	item	5696686a4bdc2da3298b456a	1100
pve	639135534b15ca31f76bc317	item	62a0a16d0b9d3c46de5b6e97	2
pve	639135534b15ca31f76bc317	offerUnlock	58d3db5386f77426186285a0	1
pve	639135534b15ca31f76bc317	standing	5935c25fb3acc3127c3d8cd9	0.25
pve	6391359b9444fb141f4e6ee6	item	5449016a4bdc2d6f028b456f	165000
pve	6391359b9444fb141f4e6ee6	standing	54cb50c76803fa8b248b4571	0.25
pve	639135a7e705511c8a4a1b78	item	5449016a4bdc2d6f028b456f	165000
pve	639135a7e705511c8a4a1b78	standing	5ac3b934156ae10c4430e83c	0.25
pve	639135b04ed9512be67647d7	item	5449016a4bdc2d6f028b456f	42000
pve	639135b04ed9512be67647d7	item	5d40407c86f774318526545a	2
pve	639135b04ed9512be67647d7	standing	54cb50c76803fa8b248b4571	0.02
pve	639135bbc115f907b14700a6	item	5449016a4bdc2d6f028b456f	275000
pve	639135bbc115f907b14700a6	offerUnlock	657194c0289dc422160e08d1	1
pve	639135bbc115f907b14700a6	standing	5ac3b934156ae10c4430e83c	0.75
pve	639135c3744e452011470807	item	569668774bdc2da2298b4568	1000
pve	639135c3744e452011470807	standing	58330581ace78e27b8b10cee	0.25
pve	639135cd8ba6894d155e77cb	item	5449016a4bdc2d6f028b456f	114000
pve	639135cd8ba6894d155e77cb	item	5fd251c90d9c95034825edb5	1
pve	639135cd8ba6894d155e77cb	standing	58330581ace78e27b8b10cee	0.03
pve	639135d89444fb141f4e6eea	item	5449016a4bdc2d6f028b456f	165000
pve	639135d89444fb141f4e6eea	standing	54cb57776803fa99248b456e	0.25
pve	639135e0fa894f0a866afde6	item	5449016a4bdc2d6f028b456f	165000
pve	639135e0fa894f0a866afde6	standing	54cb57776803fa99248b456e	0.25
pve	639135e8c115f907b14700aa	item	5449016a4bdc2d6f028b456f	165000
pve	639135e8c115f907b14700aa	standing	5a7c2eca46aef81a7ca2145d	0.25
pve	639135f286e646067c176a87	item	5696686a4bdc2da3298b456a	1100
pve	639135f286e646067c176a87	standing	5935c25fb3acc3127c3d8cd9	0.25
pve	639136d68ba6894d155e77cf	item	5449016a4bdc2d6f028b456f	165000
pve	639136d68ba6894d155e77cf	standing	54cb50c76803fa8b248b4571	0.25
pve	639136df4b15ca31f76bc31f	item	5449016a4bdc2d6f028b456f	275000
pve	639136df4b15ca31f76bc31f	standing	5c0647fdd443bc2504c2d371	0.75
pve	639136e84ed9512be67647db	item	5449016a4bdc2d6f028b456f	165000
pve	639136e84ed9512be67647db	standing	5c0647fdd443bc2504c2d371	0.25
pve	639136f086e646067c176a8b	item	5449016a4bdc2d6f028b456f	165000
pve	639136f086e646067c176a8b	item	58414a16245977599247970a	1
pve	639136f086e646067c176a8b	item	590c2e1186f77425357b6124	1
pve	639136f086e646067c176a8b	offerUnlock	58414a16245977599247970a	1
pve	639136f086e646067c176a8b	standing	54cb50c76803fa8b248b4571	0.25
pve	639136fa9444fb141f4e6eee	item	5449016a4bdc2d6f028b456f	165000
pve	639136fa9444fb141f4e6eee	standing	5a7c2eca46aef81a7ca2145d	0.25
pve	63913715f8e5dd32bf4e3aaa	item	5449016a4bdc2d6f028b456f	165000
pve	63913715f8e5dd32bf4e3aaa	item	62e7c98b550c8218d602cbb4	2
pve	63913715f8e5dd32bf4e3aaa	item	6398636bb483a550805be5e5	1
pve	63913715f8e5dd32bf4e3aaa	item	65702652cfc010a0f5006a53	1
pve	6391372c8ba6894d155e77d7	item	5449016a4bdc2d6f028b456f	275000
pve	6391372c8ba6894d155e77d7	item	5d1b371186f774253763a656	2
pve	6391d90f4ed9512be67647df	standing	5a7c2eca46aef81a7ca2145d	0.01
pve	6391d912f8e5dd32bf4e3ab2	standing	5a7c2eca46aef81a7ca2145d	0.01
pve	6391d912f8e5dd32bf4e3ab2	standing	638f541a29ffd1183d187f57	0.01
pve	6391d9144b15ca31f76bc323	standing	5a7c2eca46aef81a7ca2145d	0.01
pve	6391d9144b15ca31f76bc323	standing	638f541a29ffd1183d187f57	0.01
pve	639282134ed9512be67647ed	item	5696686a4bdc2da3298b456a	1100
pve	639282134ed9512be67647ed	standing	5935c25fb3acc3127c3d8cd9	0.25
pve	63966faeea19ac7ed845db2c	item	6389c92d52123d5dd17f8876	1
pve	63966faeea19ac7ed845db2c	standing	638f541a29ffd1183d187f57	0.01
pve	63966fbeea19ac7ed845db2e	item	6389c7750ef44505c87f5996	1
pve	63966fbeea19ac7ed845db2e	offerUnlock	6389c7750ef44505c87f5996	1
pve	63966fbeea19ac7ed845db2e	standing	638f541a29ffd1183d187f57	0.01
pve	63966fccac6f8f3c677b9d89	craftUnlock	5c052fb986f7746b2101e909	1
pve	63966fccac6f8f3c677b9d89	item	5c05300686f7746dce784e5d	1
pve	63966fccac6f8f3c677b9d89	offerUnlock	657089638db3adca1009f4ca	1
pve	63966fccac6f8f3c677b9d89	standing	638f541a29ffd1183d187f57	0.01
pve	63966fd9ea19ac7ed845db30	item	5c0530ee86f774697952d952	1
pve	63966fd9ea19ac7ed845db30	item	6389c7750ef44505c87f5996	1
pve	63966fd9ea19ac7ed845db30	offerUnlock	5b4329f05acfc47a86086aa1	1
pve	63966fd9ea19ac7ed845db30	standing	638f541a29ffd1183d187f57	0.03
pve	63966fe7ea74a47c2d3fc0e6	item	6389c8fb46b54c634724d847	1
pve	63966fe7ea74a47c2d3fc0e6	standing	638f541a29ffd1183d187f57	0.03
pve	63966ff54c3ef01b6f3ffad8	craftUnlock	5d1b5e94d7ad1a2b865a96b0	1
pve	63966ff54c3ef01b6f3ffad8	item	5c05308086f7746b2101e90b	1
pve	63966ff54c3ef01b6f3ffad8	standing	638f541a29ffd1183d187f57	0.03
pve	639670029113f06a7c3b2377	item	6389c7f115805221fb410466	1
pve	639670029113f06a7c3b2377	offerUnlock	6389c7f115805221fb410466	1
pve	639670029113f06a7c3b2377	standing	638f541a29ffd1183d187f57	0.04
pve	6396700fea19ac7ed845db32	craftUnlock	6389c7750ef44505c87f5996	1
pve	6396700fea19ac7ed845db32	item	6389c7750ef44505c87f5996	1
pve	6396700fea19ac7ed845db32	standing	638f541a29ffd1183d187f57	0.04
pve	6396701b9113f06a7c3b2379	item	5d03775b86f774203e7e0c4b	1
pve	6396701b9113f06a7c3b2379	standing	638f541a29ffd1183d187f57	0.04
pve	63967028c4a91c5cb76abd81	item	6389c85357baa773a825b356	1
pve	63967028c4a91c5cb76abd81	offerUnlock	6389c85357baa773a825b356	1
pve	63967028c4a91c5cb76abd81	offerUnlock	6529243824cbe3c74a05e5c1	1
pve	63967028c4a91c5cb76abd81	offerUnlock	65293c7a17e14363030ad308	1
pve	63967028c4a91c5cb76abd81	offerUnlock	657eb3773271d8578610fe28	1
pve	63967028c4a91c5cb76abd81	standing	638f541a29ffd1183d187f57	0.05
pve	639872f9decada40426d3447	item	5449016a4bdc2d6f028b456f	165000
pve	639872f9decada40426d3447	standing	5a7c2eca46aef81a7ca2145d	0.25
pve	639872fa9b4fb827b200d8e5	item	5449016a4bdc2d6f028b456f	275000
pve	639872fa9b4fb827b200d8e5	standing	5a7c2eca46aef81a7ca2145d	0.75
pve	639872fc93ae507d5858c3a6	item	5449016a4bdc2d6f028b456f	275000
pve	639872fc93ae507d5858c3a6	standing	5a7c2eca46aef81a7ca2145d	0.75
pve	639872fe8871e1272b10ccf6	item	5c793fb92e221644f31bfb64	1
pve	639872fe8871e1272b10ccf6	item	5d025cc1d7ad1a53845279ef	1
pve	639872fe8871e1272b10ccf6	offerUnlock	5c793fb92e221644f31bfb64	1
pve	639872fe8871e1272b10ccf6	offerUnlock	5d025cc1d7ad1a53845279ef	1
pve	639873003693c63d86328f25	item	65702414c5d7d4cb4d078555	2
pve	639873003693c63d86328f25	offerUnlock	5ea2a8e200685063ec28c05a	1
pve	63987301e11ec11ff5504036	item	5449016a4bdc2d6f028b456f	275000
pve	63987301e11ec11ff5504036	item	567143bf4bdc2d1a0f8b4567	1
pve	63987301e11ec11ff5504036	item	648984e3f09d032aa9399d53	3
pve	639dbaf17c898a131e1cffff	item	569668774bdc2da2298b4568	1000
pve	639dbaf17c898a131e1cffff	standing	58330581ace78e27b8b10cee	0.25
pve	63a511ea30d85e10e375b045	item	5449016a4bdc2d6f028b456f	275000
pve	63a511ea30d85e10e375b045	item	60b7c2bd95047637182d90a4	1
pve	63a511ea30d85e10e375b045	item	65702474bfc87b3a34093226	1
pve	63a511ea30d85e10e375b045	offerUnlock	606f2696f2cb2e02a42aceb1	1
pve	63a5cf262964a7488f5243ce	item	5449016a4bdc2d6f028b456f	80000
pve	63a5cf262964a7488f5243ce	item	5d1b2fa286f77425227d1674	1
pve	63a5cf262964a7488f5243ce	standing	54cb50c76803fa8b248b4571	0.1
pve	63a88045abf76d719f42d715	item	5449016a4bdc2d6f028b456f	165000
pve	63a88045abf76d719f42d715	standing	5c0647fdd443bc2504c2d371	0.25
pve	63a9ae24009ffc6a551631a5	item	5449016a4bdc2d6f028b456f	400000
pve	63a9ae24009ffc6a551631a5	item	5d23467086f77443f37fc602	1
pve	63a9ae24009ffc6a551631a5	item	619bdd8886e01e16f839a99c	1
pve	63a9ae24009ffc6a551631a5	item	648983d6b5a2df1c815a04ec	10
pve	63a9ae24009ffc6a551631a5	offerUnlock	5d23467086f77443f37fc602	1
pve	63a9ae24009ffc6a551631a5	standing	54cb50c76803fa8b248b4571	1.5
pve	63a9b229813bba58a50c9ee5	craftUnlock	5fd20ff893a8961fc660a954	1
pve	63a9b229813bba58a50c9ee5	item	5696686a4bdc2da3298b456a	2750
pve	63a9b229813bba58a50c9ee5	item	619bdfd4c9546643a67df6fa	1
pve	63a9b229813bba58a50c9ee5	offerUnlock	5e00c1ad86f774747333222c	1
pve	63a9b229813bba58a50c9ee5	offerUnlock	5ede475b549eed7c6d5c18fb	1
pve	63a9b229813bba58a50c9ee5	offerUnlock	6357c98711fb55120211f7e1	1
pve	63a9b229813bba58a50c9ee5	standing	5935c25fb3acc3127c3d8cd9	1.5
pve	63a9b36cc31b00242d28a99f	item	5449016a4bdc2d6f028b456f	400000
pve	63a9b36cc31b00242d28a99f	offerUnlock	6193e590069d61205d490dd8	1
pve	63a9b36cc31b00242d28a99f	standing	5c0647fdd443bc2504c2d371	1.5
pve	63ab180c87413d64ae0ac20a	item	5449016a4bdc2d6f028b456f	45000
pve	63ab180c87413d64ae0ac20a	item	5af0454c86f7746bf20992e8	2
pve	63ab180c87413d64ae0ac20a	item	5e8488fa988a8701445df1e4	2
pve	63ab180c87413d64ae0ac20a	standing	54cb57776803fa99248b456e	0.01
pve	64e7b971f9d6fa49d6769b44	item	5449016a4bdc2d6f028b456f	165000
pve	64e7b971f9d6fa49d6769b44	standing	5c0647fdd443bc2504c2d371	0.25
pve	64e7b99017ab941a6f7bf9d7	item	5449016a4bdc2d6f028b456f	120000
pve	64e7b99017ab941a6f7bf9d7	item	62e153bcdb1a5c41971c1b5b	4
pve	64e7b99017ab941a6f7bf9d7	item	63986a38608a960125446db5	1
pve	64e7b99017ab941a6f7bf9d7	item	657025c4c5d7d4cb4d078582	5
pve	64e7b99017ab941a6f7bf9d7	offerUnlock	5a327f7c86f77475187e509a	1
pve	64e7b99017ab941a6f7bf9d7	standing	54cb50c76803fa8b248b4571	0.02
pve	64e7b9a4aac4cd0a726562cb	item	5449016a4bdc2d6f028b456f	150000
pve	64e7b9a4aac4cd0a726562cb	item	5ac66bea5acfc43b321d4aec	4
pve	64e7b9a4aac4cd0a726562cb	item	5acf7e2b86f7740874790e20	2
pve	64e7b9a4aac4cd0a726562cb	item	64ace9f9c4eda9354b0226aa	9
pve	64e7b9a4aac4cd0a726562cb	offerUnlock	63986a9ab483a550805be5ee	1
pve	64e7b9a4aac4cd0a726562cb	standing	54cb50c76803fa8b248b4571	0.03
pve	64e7b9bffd30422ed03dad38	item	5449016a4bdc2d6f028b456f	165000
pve	64e7b9bffd30422ed03dad38	standing	54cb50c76803fa8b248b4571	0.25
pve	64ee99639878a0569d6ec8c9	item	63fc44e2429a8a166c7f61e6	1
pve	64ee99639878a0569d6ec8c9	offerUnlock	63fc44e2429a8a166c7f61e6	1
pve	64ee9df4496db64f9b7a4432	item	5449016a4bdc2d6f028b456f	275000
pve	64ee9df4496db64f9b7a4432	standing	5a7c2eca46aef81a7ca2145d	0.75
pve	64f3176921045e77405d63b5	item	5449016a4bdc2d6f028b456f	165000
pve	64f3176921045e77405d63b5	standing	54cb57776803fa99248b456e	0.25
pve	64f5aac4b63b74469b6c14c2	item	5449016a4bdc2d6f028b456f	165000
pve	64f5aac4b63b74469b6c14c2	standing	54cb50c76803fa8b248b4571	0.25
pve	64f5deac39e45b527a7c4232	craftUnlock	5e340dcdcb6d5863cc5e5efb	1
pve	64f5deac39e45b527a7c4232	item	5449016a4bdc2d6f028b456f	165000
pve	64f5deac39e45b527a7c4232	item	590c2e1186f77425357b6124	1
pve	64f5deac39e45b527a7c4232	item	5e340dcdcb6d5863cc5e5efb	3
pve	64f5deac39e45b527a7c4232	standing	54cb50c76803fa8b248b4571	0.25
pve	64f5e20652fc01298e2c61e3	item	569668774bdc2da2298b4568	1000
pve	64f5e20652fc01298e2c61e3	standing	58330581ace78e27b8b10cee	0.25
pve	64f6aafd67e11a7c6206e0d0	item	569668774bdc2da2298b4568	1000
pve	64f6aafd67e11a7c6206e0d0	standing	58330581ace78e27b8b10cee	0.25
pve	64f731ab83cfca080a361e42	item	5449016a4bdc2d6f028b456f	165000
pve	64f731ab83cfca080a361e42	item	5d02797c86f774203f38e30a	2
pve	64f731ab83cfca080a361e42	standing	54cb57776803fa99248b456e	0.25
pve	64f83bb69878a0569d6ecfbe	item	59fb023c86f7746d0d4b423c	1
pve	64f83bcdde58fc437700d8fa	craftUnlock	5a1eaa87fcdbcb001865f75e	1
pve	64f83bcdde58fc437700d8fa	item	5a1eaa87fcdbcb001865f75e	1
pve	64f83bcdde58fc437700d8fa	offerUnlock	5a1eaa87fcdbcb001865f75e	1
pve	64f83bd983cfca080a362c82	achievement	664f23e44702fd5db50ee732	1
pve	64f83bd983cfca080a362c82	item	64cbdff43ccb85468628d5fc	1
pve	64f83bd983cfca080a362c82	item	6570257cc5d7d4cb4d078579	5
pve	64f83bd983cfca080a362c82	offerUnlock	64cbdff43ccb85468628d5fc	1
pve	6572e876dc0d635f633a5714	item	569668774bdc2da2298b4568	1650
pve	6572e876dc0d635f633a5714	item	5734758f24597738025ee253	2
pve	6572e876dc0d635f633a5714	item	5fb651dc85f90547f674b6f4	2
pve	6572e876dc0d635f633a5714	item	65702414c5d7d4cb4d078555	2
pve	6572e876dc0d635f633a5714	offerUnlock	5fd251ee16cac650092f5d02	1
pve	6572e876dc0d635f633a5714	standing	58330581ace78e27b8b10cee	0.75
pve	657315ddab5a49b71f098853	item	5449016a4bdc2d6f028b456f	80000
pve	657315ddab5a49b71f098853	standing	54cb57776803fa99248b456e	0.1
pve	657315df034d76585f032e01	item	5449016a4bdc2d6f028b456f	80000
pve	657315df034d76585f032e01	standing	54cb50c76803fa8b248b4571	0.1
pve	657315e1dccd301f1301416a	item	5449016a4bdc2d6f028b456f	80000
pve	657315e1dccd301f1301416a	standing	54cb50c76803fa8b248b4571	0.1
pve	657315e270bb0b8dba00cc48	item	569668774bdc2da2298b4568	450
pve	657315e270bb0b8dba00cc48	standing	58330581ace78e27b8b10cee	0.1
pve	657315e4a6af4ab4b50f3459	item	5449016a4bdc2d6f028b456f	80000
pve	657315e4a6af4ab4b50f3459	standing	5a7c2eca46aef81a7ca2145d	0.1
pve	65733403eefc2c312a759ddb	item	5449016a4bdc2d6f028b456f	165000
pve	65733403eefc2c312a759ddb	standing	5a7c2eca46aef81a7ca2145d	0.25
pve	6573382e557ff128bf3da536	item	5449016a4bdc2d6f028b456f	165000
pve	6573382e557ff128bf3da536	standing	5a7c2eca46aef81a7ca2145d	0.25
pve	6573387d0b26ed4fde798de3	item	5449016a4bdc2d6f028b456f	55000
pve	6573387d0b26ed4fde798de3	item	544fb3f34bdc2d03748b456a	2
pve	6573387d0b26ed4fde798de3	item	5d1b3a5d86f774252167ba22	4
pve	6573387d0b26ed4fde798de3	item	5d1b3f2d86f774253763b735	4
pve	6573387d0b26ed4fde798de3	item	5ed515e03a40a50460332579	2
pve	6573387d0b26ed4fde798de3	standing	54cb57776803fa99248b456e	0.02
pve	6573397ef3f8344c4575cd87	item	5449016a4bdc2d6f028b456f	165000
pve	6573397ef3f8344c4575cd87	standing	54cb50c76803fa8b248b4571	0.25
pve	65734c186dc1e402c80dc19e	item	5449016a4bdc2d6f028b456f	165000
pve	65734c186dc1e402c80dc19e	standing	5ac3b934156ae10c4430e83c	0.25
pve	6574e0dedc0d635f633a5805	item	5449016a4bdc2d6f028b456f	400000
pve	6574e0dedc0d635f633a5805	item	5cbdc23eae9215001136a407	2
pve	6574e0dedc0d635f633a5805	item	619bdeb986e01e16f839a99e	1
pve	6574e0dedc0d635f633a5805	item	64acea16c4eda9354b0226b0	6
pve	6574e0dedc0d635f633a5805	offerUnlock	5cbdc23eae9215001136a407	1
pve	6574e0dedc0d635f633a5805	standing	54cb50c76803fa8b248b4571	1.5
pve	6578eb36e5020875d64645cd	item	5449016a4bdc2d6f028b456f	165000
pve	6578eb36e5020875d64645cd	standing	5c0647fdd443bc2504c2d371	0.25
pve	6578ec473dbd035d04531a8d	item	5449016a4bdc2d6f028b456f	80000
pve	6578ec473dbd035d04531a8d	standing	5a7c2eca46aef81a7ca2145d	0.1
pve	658027799634223183395339	item	569668774bdc2da2298b4568	450
pve	658027799634223183395339	item	59e35ef086f7741777737012	2
pve	658027799634223183395339	standing	58330581ace78e27b8b10cee	0.1
pve	65802b627b44fa5e14638899	item	5449016a4bdc2d6f028b456f	165000
pve	65802b627b44fa5e14638899	standing	5ac3b934156ae10c4430e83c	0.25
pve	6613f3007f6666d56807c929	craftUnlock	61bcc89aef0f505f0c6cd0fc	1
pve	6613f3007f6666d56807c929	item	5449016a4bdc2d6f028b456f	275000
pve	6613f307fca4f2f386029409	item	65766738234b9f6e050a42d8	1
pve	6613f307fca4f2f386029409	offerUnlock	6576695d234b9f6e050a42f0	1
pve	66151401efb0539ae10875ae	craftUnlock	61bcc89aef0f505f0c6cd0fc	1
pve	66151401efb0539ae10875ae	item	5449016a4bdc2d6f028b456f	275000
pve	6615141bfda04449120269a7	item	6576670586f11bca4106d36f	1
pve	6615141bfda04449120269a7	offerUnlock	65766582234b9f6e050a42c1	1
pve	665eeacf5d86b6c8aa03c79b	item	5a966f51a2750c00156aacf6	2
pve	665eeacf5d86b6c8aa03c79b	item	5c1127d0d174af29be75cf68	6
pve	665eeacf5d86b6c8aa03c79b	item	6764089eba9ecbb20a0052f4	1
pve	665eec1f5e47a79f8605565a	item	569668774bdc2da2298b4568	1000
pve	665eec1f5e47a79f8605565a	item	5d1b371186f774253763a656	1
pve	665eec4a4dfc83b0ed0a9dca	item	59fb023c86f7746d0d4b423c	1
pve	665eeca45d86b6c8aa03c79d	item	5449016a4bdc2d6f028b456f	165000
pve	665eeca45d86b6c8aa03c79d	item	5c0fa877d174af02a012e1cf	4
pve	665eeca45d86b6c8aa03c79d	item	5ed51652f6c34d2cc26336a1	2
pve	665eeca92f7aedcc900b0437	item	619cbf7d23893217ec30b689	1
pve	665eeca92f7aedcc900b0437	item	66507eabf5ddb0818b085b68	6
pve	66631489acf8442f8b05319f	item	569668774bdc2da2298b4568	1200
pve	66631489acf8442f8b05319f	item	62a0a16d0b9d3c46de5b6e97	2
pve	66631489acf8442f8b05319f	standing	579dc571d53a0658a154fbec	0.04
pve	6663148ca9290f9e0806cca1	item	569668774bdc2da2298b4568	1150
pve	6663148ca9290f9e0806cca1	item	5fca138c2a7b221b2852a5c6	5
pve	6663148ca9290f9e0806cca1	standing	579dc571d53a0658a154fbec	0.02
pve	6663148ed7f171c4c20226c1	item	569668774bdc2da2298b4568	1800
pve	6663148ed7f171c4c20226c1	item	5c05308086f7746b2101e90b	3
pve	6663148ed7f171c4c20226c1	standing	579dc571d53a0658a154fbec	0.02
pve	6663149196a9349baa021baa	item	569668774bdc2da2298b4568	2200
pve	6663149196a9349baa021baa	item	59faff1d86f7746c51718c9c	2
pve	6663149196a9349baa021baa	standing	579dc571d53a0658a154fbec	0.04
pve	66631493312343839d032d22	item	569668774bdc2da2298b4568	2000
pve	66631493312343839d032d22	item	65ddcc9cfa85b9f17d0dfb07	1
pve	66631493312343839d032d22	standing	579dc571d53a0658a154fbec	0.03
pve	6663149cfd5ca9577902e037	item	5449016a4bdc2d6f028b456f	86000
pve	6663149cfd5ca9577902e037	item	5d235a5986f77443f6329bc6	1
pve	6663149f1d3ec95634095e75	item	5449016a4bdc2d6f028b456f	264000
pve	6663149f1d3ec95634095e75	item	5d1b376e86f774252519444e	2
pve	666314a1920800278d0f6746	item	5449016a4bdc2d6f028b456f	328000
pve	666314a1920800278d0f6746	item	5ea17ca01412a1425304d1c0	2
pve	666314a1920800278d0f6746	item	5f60cd6cf2bcbb675b00dac6	2
pve	666314a31cd52e3d040a2e76	item	5449016a4bdc2d6f028b456f	340000
pve	666314a31cd52e3d040a2e76	item	657662c8234b9f6e050a42b2	3
pve	666314b0acf8442f8b0531a1	item	5449016a4bdc2d6f028b456f	80000
pve	666314b2a9290f9e0806cca3	item	5449016a4bdc2d6f028b456f	275000
pve	666314b2a9290f9e0806cca3	item	5e340dcdcb6d5863cc5e5efb	3
pve	666314b2a9290f9e0806cca3	item	617fd91e5539a84ec44ce155	3
pve	666314b2a9290f9e0806cca3	item	618a431df1eb8e24b8741deb	3
pve	666314b4d7f171c4c20226c3	item	5449016a4bdc2d6f028b456f	275000
pve	666314b4d7f171c4c20226c3	item	5aaf8a0be5b5b00015693243	2
pve	666314b4d7f171c4c20226c3	item	5c123fe086f7742a60324263	1
pve	666314b4d7f171c4c20226c3	item	65702554bfc87b3a34093247	3
pve	666314b696a9349baa021bac	item	5449016a4bdc2d6f028b456f	275000
pve	666314b696a9349baa021bac	item	5c0e530286f7747fa1419862	5
pve	666314b696a9349baa021bac	item	5c0e534186f7747fa1419867	5
pve	666314b8312343839d032d24	item	5449016a4bdc2d6f028b456f	165000
pve	666314b8312343839d032d24	item	5a5f1ce64f39f90b401987bc	2
pve	666314b8312343839d032d24	item	5cc9c20cd7f00c001336c65d	2
pve	666314bafd5ca9577902e03a	item	5449016a4bdc2d6f028b456f	275000
pve	666314bafd5ca9577902e03a	item	5aafbde786f774389d0cbc0f	2
pve	666314bc1d3ec95634095e77	item	569668774bdc2da2298b4568	1650
pve	666314bc1d3ec95634095e77	item	5fbe7618d6fa9c00c571bb6c	2
pve	666314bc1d3ec95634095e77	item	612e0d3767085e45ef14057f	2
pve	666314bc1d3ec95634095e77	item	63877c99e785640d436458ea	2
pve	666314bd920800278d0f6748	item	5449016a4bdc2d6f028b456f	400000
pve	666314bd920800278d0f6748	item	5d40407c86f774318526545a	5
pve	666314bd920800278d0f6748	item	62a09f32621468534a797acb	5
pve	666314bf1cd52e3d040a2e78	item	569668774bdc2da2298b4568	1650
pve	666314bf1cd52e3d040a2e78	item	57235b6f24597759bf5a30f1	1
pve	666314bf1cd52e3d040a2e78	item	5a16b8a9fcdbcb00165aa6ca	1
pve	666314bf1cd52e3d040a2e78	item	5a16b93dfcdbcbcae6687261	1
pve	666314c10aa5c7436c00908c	item	5449016a4bdc2d6f028b456f	275000
pve	666314c10aa5c7436c00908c	item	5c94bbff86f7747ee735c08f	3
pve	666314c3acf8442f8b0531a3	item	569668774bdc2da2298b4568	2400
pve	666314c3acf8442f8b0531a3	item	5c12620d86f7743f8b198b72	2
pve	666314c3acf8442f8b0531a3	item	62a09cfe4f842e1bd12da3e4	2
pve	666314c5a9290f9e0806cca5	item	5449016a4bdc2d6f028b456f	275000
pve	666314c5a9290f9e0806cca5	item	59fb042886f7746c5005a7b2	1
pve	666314c5a9290f9e0806cca5	item	5d1b376e86f774252519444e	3
pve	6672d9def1c88688a707d042	item	569668774bdc2da2298b4568	600
pve	6672d9def1c88688a707d042	standing	579dc571d53a0658a154fbec	0.02
pve	669fa38fad7f1eac2607ed46	item	5696686a4bdc2da3298b456a	550
pve	669fa38fad7f1eac2607ed46	item	5734779624597737e04bf329	3
pve	669fa38fad7f1eac2607ed46	offerUnlock	58dffd4586f77408a27629b2	1
pve	669fa38fad7f1eac2607ed46	standing	5935c25fb3acc3127c3d8cd9	0.1
pve	669fa3910c828825de06d69f	item	5b7c710788a4506dec015957	1
pve	669fa395c4c5c04798002497	item	569668774bdc2da2298b4568	1000
pve	669fa395c4c5c04798002497	standing	58330581ace78e27b8b10cee	0.25
pve	669fa3979b0ce3feae01a130	item	5449016a4bdc2d6f028b456f	165000
pve	669fa3979b0ce3feae01a130	item	5e2af29386f7746d4159f077	3
pve	669fa3979b0ce3feae01a130	standing	5c0647fdd443bc2504c2d371	0.25
pve	669fa399033a3ce9870338a8	item	5449016a4bdc2d6f028b456f	165000
pve	669fa399033a3ce9870338a8	standing	54cb50c76803fa8b248b4571	0.25
pve	669fa39b91b0a8c9680fc467	item	5449016a4bdc2d6f028b456f	165000
pve	669fa39b91b0a8c9680fc467	standing	5a7c2eca46aef81a7ca2145d	0.25
pve	669fa39c64ea11e84c0642a6	item	569668774bdc2da2298b4568	1000
pve	669fa39c64ea11e84c0642a6	item	590c346786f77423e50ed342	3
pve	669fa39c64ea11e84c0642a6	offerUnlock	5c1127d0d174af29be75cf68	1
pve	669fa39c64ea11e84c0642a6	standing	58330581ace78e27b8b10cee	0.25
pve	669fa39ee749756c920d02c8	item	5449016a4bdc2d6f028b456f	165000
pve	669fa39ee749756c920d02c8	standing	54cb57776803fa99248b456e	0.25
pve	669fa3a08b4a64b332041ff7	item	5449016a4bdc2d6f028b456f	165000
pve	669fa3a08b4a64b332041ff7	standing	5c0647fdd443bc2504c2d371	0.25
pve	669fa3a3ad7f1eac2607ed48	item	5449016a4bdc2d6f028b456f	400000
pve	669fa3a3ad7f1eac2607ed48	item	544fb3f34bdc2d03748b456a	3
pve	669fa3a3ad7f1eac2607ed48	item	5aafbcd986f7745e590fff23	1
pve	669fa3a3ad7f1eac2607ed48	item	5c10c8fd86f7743d7d706df3	3
pve	669fa3a3ad7f1eac2607ed48	offerUnlock	544fb3f34bdc2d03748b456a	1
pve	669fa3a3ad7f1eac2607ed48	offerUnlock	5c10c8fd86f7743d7d706df3	1
pve	669fa3a40c828825de06d6a1	item	5449016a4bdc2d6f028b456f	275000
pve	669fa3a40c828825de06d6a1	standing	54cb50c76803fa8b248b4571	0.75
pve	66aa58245ab22944110db6e9	item	5696686a4bdc2da3298b456a	550
pve	66aa58245ab22944110db6e9	standing	5935c25fb3acc3127c3d8cd9	0.1
pve	66aa61663aa37705c5024277	item	5449016a4bdc2d6f028b456f	275000
pve	66aa61663aa37705c5024277	standing	5ac3b934156ae10c4430e83c	0.75
pve	66aa74571e5e199ecd094f18	item	5449016a4bdc2d6f028b456f	165000
pve	66aa74571e5e199ecd094f18	item	61bf7b6302b3924be92fa8c3	2
pve	66aa74571e5e199ecd094f18	offerUnlock	5a0c59791526d8dba737bba7	1
pve	66aa74571e5e199ecd094f18	offerUnlock	5cc86832d7f00c000d3a6e6c	1
pve	66aa74571e5e199ecd094f18	standing	5a7c2eca46aef81a7ca2145d	0.25
pve	66ab970848ddbe9d4a0c49a8	item	5449016a4bdc2d6f028b456f	275000
pve	66ab970848ddbe9d4a0c49a8	standing	54cb50c76803fa8b248b4571	0.75
pve	66ab9da7eb102b9bcd08591c	item	5449016a4bdc2d6f028b456f	275000
pve	66ab9da7eb102b9bcd08591c	item	590c35a486f774273531c822	2
pve	66ab9da7eb102b9bcd08591c	standing	5c0647fdd443bc2504c2d371	0.75
pve	66aba85403e0ee3101042877	craftUnlock	5c0e534186f7747fa1419867	1
pve	66aba85403e0ee3101042877	item	5449016a4bdc2d6f028b456f	400000
pve	66aba85403e0ee3101042877	standing	54cb57776803fa99248b456e	1.5
pve	66b38c7bf85b8bf7250f9cb6	item	5449016a4bdc2d6f028b456f	80000
pve	66b38c7bf85b8bf7250f9cb6	standing	5c0647fdd443bc2504c2d371	0.1
pve	66b38e144f2ab7cc530c3fe7	item	5449016a4bdc2d6f028b456f	165000
pve	66b38e144f2ab7cc530c3fe7	standing	5c0647fdd443bc2504c2d371	0.25
pve	66d9cbb67b491f9d5304f6e6	item	5449016a4bdc2d6f028b456f	200000
pve	66d9cbb67b491f9d5304f6e6	item	66bc98a01a47be227a5e956e	1
pve	671a49f77d49aea42c029b5f	item	569668774bdc2da2298b4568	1650
pve	671a49f77d49aea42c029b5f	item	65702474bfc87b3a34093226	2
pve	671a49f77d49aea42c029b5f	item	671a3d97939f4b37710e00f7	1
pve	671a49f77d49aea42c029b5f	offerUnlock	671a3d97939f4b37710e00f7	1
pve	671a59e43d73dac1360765cc	item	5449016a4bdc2d6f028b456f	130000
pve	671a59e43d73dac1360765cc	item	64898838d5b4df6140000a20	2
pve	671a59e43d73dac1360765cc	item	671a3daf0d3ec0f0fe04fad5	1
pve	671a59e43d73dac1360765cc	offerUnlock	671a3daf0d3ec0f0fe04fad5	1
pve	673f2cd5d3346c2167020484	item	5449016a4bdc2d6f028b456f	84000
pve	673f2cd5d3346c2167020484	item	5c12620d86f7743f8b198b72	1
pve	673f2cd5d3346c2167020484	item	66d98233302686954b0c6f81	1
pve	673f348dd3346c21670217e7	item	5449016a4bdc2d6f028b456f	165000
pve	673f348dd3346c21670217e7	item	64898602f09d032aa9399d56	3
pve	673f348dd3346c21670217e7	item	6570257cc5d7d4cb4d078579	3
pve	673f4e956f1b89c7bc0f56ef	item	5449016a4bdc2d6f028b456f	116000
pve	673f4e956f1b89c7bc0f56ef	item	5d0378d486f77420421a5ff4	1
pve	673f4e956f1b89c7bc0f56ef	standing	656f0f98d80a697f855d34b1	0.03
pve	673f5a4976553f78350bdac1	item	5449016a4bdc2d6f028b456f	84000
pve	673f5a4976553f78350bdac1	item	5d1b2ffd86f77425243e8d17	1
pve	673f5a4976553f78350bdac1	standing	656f0f98d80a697f855d34b1	0.02
pve	673f6027352b4da8e00322d2	item	5449016a4bdc2d6f028b456f	82000
pve	673f6027352b4da8e00322d2	standing	656f0f98d80a697f855d34b1	0.02
pve	673f61a066e6a521aa04b62b	item	5696686a4bdc2da3298b456a	4000
pve	673f61a066e6a521aa04b62b	item	5c052f6886f7746b1e3db148	1
pve	673f61a066e6a521aa04b62b	item	5c052fb986f7746b2101e909	1
pve	673f61a066e6a521aa04b62b	item	5c05308086f7746b2101e90b	1
pve	673f61a066e6a521aa04b62b	standing	638f541a29ffd1183d187f57	0.02
pve	673f629c5b555b53460cf827	item	5449016a4bdc2d6f028b456f	126000
pve	673f629c5b555b53460cf827	item	5d1b376e86f774252519444e	1
pve	673f629c5b555b53460cf827	standing	656f0f98d80a697f855d34b1	0.01
pve	6740a02a69a58fceba0ff399	item	5449016a4bdc2d6f028b456f	96000
pve	6740a02a69a58fceba0ff399	item	57347ca924597744596b4e71	1
pve	6740a02a69a58fceba0ff399	standing	656f0f98d80a697f855d34b1	0.03
pve	6740a15566e6a521aa051b15	item	5449016a4bdc2d6f028b456f	165000
pve	6740a15566e6a521aa051b15	item	55d481904bdc2d8c2f8b456a	3
pve	6740a15566e6a521aa051b15	item	5737292724597765e5728562	2
pve	6740a15566e6a521aa051b15	item	64c1510bda0f6d156000cc17	1
pve	6740a2c17e3818d5bb0648b6	item	5449016a4bdc2d6f028b456f	165000
pve	6740a2c17e3818d5bb0648b6	item	5aa7e276e5b5b000171d0647	2
pve	6740a2c17e3818d5bb0648b6	item	5aa7e373e5b5b000137b76f0	2
pve	6740a3f4eca8acb2d2055159	item	57838f9f2459774a150289a0	3
pve	6740a3f4eca8acb2d2055159	item	5841482e2459775a050cdda9	1
pve	6740a3f4eca8acb2d2055159	item	657025cfbfc87b3a34093253	4
pve	6740b60c60a98cad1b0e0aa0	item	5449016a4bdc2d6f028b456f	165000
pve	6740b60c60a98cad1b0e0aa0	item	66b5f693acff495a294927e3	2
pve	674492b6909d2013670a347a	item	5449016a4bdc2d6f028b456f	85000
pve	674492b6909d2013670a347a	item	5e2aedd986f7746d404f3aa4	1
pve	674492b6909d2013670a347a	standing	656f0f98d80a697f855d34b1	0.02
pve	6744a4717e3818d5bb0680bb	item	5449016a4bdc2d6f028b456f	124000
pve	6744a4717e3818d5bb0680bb	item	657668ad86f11bca4106d38b	1
pve	6744a4717e3818d5bb0680bb	standing	5ac3b934156ae10c4430e83c	0.03
pve	6744a728352b4da8e003eda9	item	5449016a4bdc2d6f028b456f	284000
pve	6744a728352b4da8e003eda9	item	591094e086f7747caa7bb2ef	1
pve	6744a728352b4da8e003eda9	standing	656f0f98d80a697f855d34b1	0.03
pve	6744a9dfef61d56e020b5c4a	item	5449016a4bdc2d6f028b456f	284000
pve	6744a9dfef61d56e020b5c4a	item	591094e086f7747caa7bb2ef	1
pve	6744a9dfef61d56e020b5c4a	standing	656f0f98d80a697f855d34b1	0.03
pve	6744ab1def61d56e020b5c56	item	5449016a4bdc2d6f028b456f	96000
pve	6744ab1def61d56e020b5c56	item	657023a9126cc4a57d0e17a6	4
pve	6744ab1def61d56e020b5c56	offerUnlock	675ff11da6335de2280d492a	1
pve	6744ab1def61d56e020b5c56	standing	656f0f98d80a697f855d34b1	0.02
pve	6744aca8d3346c216702c583	item	5449016a4bdc2d6f028b456f	175000
pve	6744aca8d3346c216702c583	item	62a0a16d0b9d3c46de5b6e97	1
pve	6744aca8d3346c216702c583	standing	656f0f98d80a697f855d34b1	0.03
pve	6744af0969a58fceba101fed	achievement	675709bef4e2a2ce0f058f56	1
pve	6744af0969a58fceba101fed	item	5449016a4bdc2d6f028b456f	300000
pve	6744af0969a58fceba101fed	offerUnlock	57347ca924597744596b4e71	1
pve	6744af0969a58fceba101fed	offerUnlock	66d98233302686954b0c6f81	1
pve	6744af0969a58fceba101fed	standing	656f0f98d80a697f855d34b1	0.5
pve	6745cbee909d2013670a4a55	achievement	675709bef4e2a2ce0f058f56	1
pve	6745cbee909d2013670a4a55	item	5449016a4bdc2d6f028b456f	300000
pve	6745cbee909d2013670a4a55	offerUnlock	57347ca924597744596b4e71	1
pve	6745cbee909d2013670a4a55	offerUnlock	66d98233302686954b0c6f81	1
pve	6745cbee909d2013670a4a55	standing	656f0f98d80a697f855d34b1	0.5
pve	6745fae369a58fceba10343d	item	569668774bdc2da2298b4568	1000
pve	6745fae369a58fceba10343d	item	5aafbde786f774389d0cbc0f	1
pve	6745fcded0fbbc74ca0f721d	item	5449016a4bdc2d6f028b456f	85000
pve	6745fcded0fbbc74ca0f721d	item	6761a6ccd9bbb27ad703c48a	1
pve	6745fcded0fbbc74ca0f721d	item	6939948dc2ceb9acd7082eb2	1
pve	6745fcded0fbbc74ca0f721d	standing	656f0f98d80a697f855d34b1	0.03
pve	6745fdddd3346c216702e0bf	item	5696686a4bdc2da3298b456a	4000
pve	6745fdddd3346c216702e0bf	item	5c052f6886f7746b1e3db148	1
pve	6745fdddd3346c216702e0bf	item	5c052fb986f7746b2101e909	1
pve	6745fdddd3346c216702e0bf	item	5c05308086f7746b2101e90b	1
pve	6745fdddd3346c216702e0bf	standing	638f541a29ffd1183d187f57	0.02
pve	674600a366e6a521aa05eb66	item	544a378f4bdc2d30388b4567	3
pve	674600a366e6a521aa05eb66	item	569668774bdc2da2298b4568	1000
pve	674600a366e6a521aa05eb66	item	5c98bd7386f7740cfb15654e	1
pve	674600a366e6a521aa05eb66	item	657024e3c5d7d4cb4d07856a	3
pve	674602307e3818d5bb069489	item	569668774bdc2da2298b4568	1650
pve	674602307e3818d5bb069489	item	66b5f6985891c84aab75ca76	2
pve	6746053b5b555b53460d9896	item	569668774bdc2da2298b4568	1650
pve	6746053b5b555b53460d9896	item	5c12613b86f7743bbe2c3f76	2
pve	674605df60a98cad1b0ec799	item	569668774bdc2da2298b4568	1650
pve	674605df60a98cad1b0ec799	item	6529302b8c26af6326029fb7	51
pve	674605df60a98cad1b0ec799	item	65293c38fc460e50a509cb25	3
pve	674605df60a98cad1b0ec799	item	657eb3773271d8578610fe28	1
pve	67460662d0fbbc74ca0f7229	achievement	675709bef4e2a2ce0f058f56	1
pve	67460662d0fbbc74ca0f7229	item	569668774bdc2da2298b4568	5000
pve	67460662d0fbbc74ca0f7229	item	5b6d9ce188a4501afc1b2b25	1
pve	67460662d0fbbc74ca0f7229	standing	656f0f98d80a697f855d34b1	-0.3
pve	6752f6d83038f7df520c83e8	item	5449016a4bdc2d6f028b456f	165000
pve	6752f6d83038f7df520c83e8	item	6655e35b6bc645cb7b059912	1
pve	675c03d1f7da9792a405549a	item	5449016a4bdc2d6f028b456f	80000
pve	675c03d1f7da9792a405549a	standing	54cb57776803fa99248b456e	0.1
pve	675c047fa46173572a0bd878	item	5449016a4bdc2d6f028b456f	80000
pve	675c047fa46173572a0bd878	item	5d1b3a5d86f774252167ba22	2
pve	675c047fa46173572a0bd878	standing	54cb57776803fa99248b456e	0.1
pve	675c04f4db8807b75d0f38e8	item	5449016a4bdc2d6f028b456f	10300
pve	675c04f4db8807b75d0f38e8	item	5c052e6986f7746b207bc3c9	2
pve	675c04f4db8807b75d0f38e8	standing	54cb57776803fa99248b456e	0.02
pve	675c085d59b0575973005f52	item	5449016a4bdc2d6f028b456f	165000
pve	675c085d59b0575973005f52	standing	5ac3b934156ae10c4430e83c	0.25
pve	675c1570526ff496850895d9	item	5449016a4bdc2d6f028b456f	80000
pve	675c1570526ff496850895d9	standing	5a7c2eca46aef81a7ca2145d	0.1
pve	675c15fbf7da9792a4059871	item	5c6d42cb2e2216000e69d7d1	3
pve	675c15fbf7da9792a4059871	item	5d235b4d86f7742e017bc88a	45
pve	675c15fbf7da9792a4059871	item	5d4d617f86f77449c463d107	1
pve	675c15fbf7da9792a4059871	item	657024e3c5d7d4cb4d07856a	3
pve	675c15fbf7da9792a4059871	standing	6617beeaa9cfa777ca915b7c	0.02
pve	675c1cf4a757ddd00404f0a3	item	5449016a4bdc2d6f028b456f	80000
pve	675c1cf4a757ddd00404f0a3	item	59e35cbb86f7741778269d83	2
pve	675c1cf4a757ddd00404f0a3	standing	5c0647fdd443bc2504c2d371	0.1
pve	675c1d6d59b0575973008fc7	item	5696686a4bdc2da3298b456a	550
pve	675c1d6d59b0575973008fc7	standing	5935c25fb3acc3127c3d8cd9	0.1
pve	675c1ec7a46173572a0bf20a	item	5449016a4bdc2d6f028b456f	202000
pve	675c1ec7a46173572a0bf20a	item	5bfeaa0f0db834001b734927	3
pve	675c1ec7a46173572a0bf20a	item	5d38517786f7742a1468cf6a	1
pve	675c1ec7a46173572a0bf20a	item	65702558cfc010a0f5006a25	2
pve	675c1ec7a46173572a0bf20a	standing	5c0647fdd443bc2504c2d371	0.03
pve	675c1ff1a757ddd00404f0aa	craftUnlock	56dfef82d2720bbd668b4567	1
pve	675c1ff1a757ddd00404f0aa	item	5449016a4bdc2d6f028b456f	400000
pve	675c1ff1a757ddd00404f0aa	item	5737292724597765e5728562	1
pve	675c1ff1a757ddd00404f0aa	item	70726573657400000000001b	1
pve	675c1ff1a757ddd00404f0aa	offerUnlock	70726573657400000000001b	1
pve	675c1ff1a757ddd00404f0aa	standing	54cb50c76803fa8b248b4571	1.5
pve	675c3507a06634b5110e3c18	item	5449016a4bdc2d6f028b456f	80000
pve	675c3507a06634b5110e3c18	standing	54cb50c76803fa8b248b4571	0.1
pve	675c3582f6ddc329a90f9c6d	item	569668774bdc2da2298b4568	450
pve	675c3582f6ddc329a90f9c6d	standing	58330581ace78e27b8b10cee	0.1
pve	6761f28a022f60bb320f3e95	item	5449016a4bdc2d6f028b456f	100000
pve	6764174c86addd02bc033d68	item	569668774bdc2da2298b4568	2400
pve	6764174c86addd02bc033d68	item	657023ccbfc87b3a3409320a	1
pve	6764174c86addd02bc033d68	item	673cbdfad0453ba50c0f76d6	2
pve	6764174c86addd02bc033d68	item	67618651ac5e57c15709a417	1
pve	6764174c86addd02bc033d68	offerUnlock	67618651ac5e57c15709a417	1
pve	6764174c86addd02bc033d68	standing	58330581ace78e27b8b10cee	1.5
pve	676529af9c90953d090882e7	item	5c1d0f4986f7744bb01837fa	1
pve	676529af9c90953d090882e7	offerUnlock	5c1d0f4986f7744bb01837fa	1
pve	67a09636b8725511260bc421	item	5449016a4bdc2d6f028b456f	165000
pve	67a09636b8725511260bc421	item	5b07dd285acfc4001754240d	2
pve	67a0964e972c11a3f507731b	item	5aafbde786f774389d0cbc0f	1
pve	67a096577e86e067eb045733	item	6183d53f1cb55961fa0fdcda	3
pve	67a096577e86e067eb045733	item	6193e4fae693542ea37d11c6	1
pve	67a096577e86e067eb045733	item	65702558cfc010a0f5006a25	4
pve	67a09673972c11a3f507731d	item	5449016a4bdc2d6f028b456f	165000
pve	67a09673972c11a3f507731d	item	5d02797c86f774203f38e30a	2
pve	67a09673972c11a3f507731d	standing	54cb57776803fa99248b456e	0.25
pve	67a0967c003a9986cb0f5ac1	item	5449016a4bdc2d6f028b456f	275000
pve	67a0967c003a9986cb0f5ac1	item	657660a1526e320fbe0357c1	2
pve	67a0967c003a9986cb0f5ac1	item	66b5f68de98be930d701c00e	2
pve	67a0970744893b9f3f0d9b68	item	679b9819a2f2dd4da9023512	1
pve	67a0970f05d1611ed90be75d	item	67600929bd0a0549d70993f6	1
pve	67a09724972c11a3f5077324	item	5696686a4bdc2da3298b456a	1900
pve	67a09724972c11a3f5077324	item	59c1383d86f774290a37e0ca	2
pve	67a09724972c11a3f5077324	item	679b946f90622daf9708da6d	1
pve	67a09724972c11a3f5077324	offerUnlock	59c1383d86f774290a37e0ca	1
pve	67a0972e77dd677f600804bd	item	5449016a4bdc2d6f028b456f	275000
pve	67a0972e77dd677f600804bd	item	5ed515c8d380ab312177c0fa	2
pve	67a0972e77dd677f600804bd	item	5ed5160a87bb8443d10680b5	2
pve	67a0972e77dd677f600804bd	item	637b612fb7afa97bfc3d7005	2
pve	67a0972e77dd677f600804bd	item	679b94734e9ca6b3d80586a7	1
pve	67a097379f2068e74603c6ac	item	569668774bdc2da2298b4568	1650
pve	67a097379f2068e74603c6ac	item	5c1cd46f2e22164bef5cfedb	3
pve	67a097379f2068e74603c6ac	item	6130ca3fd92c473c77020dbd	3
pve	67a097379f2068e74603c6ac	item	679b9477708cfcb2060b9ade	1
pve	67a097379f2068e74603c6ac	offerUnlock	5c1cd46f2e22164bef5cfedb	1
pve	67a097379f2068e74603c6ac	offerUnlock	6130ca3fd92c473c77020dbd	1
pve	67a09761e720611a6a01f288	item	5696686a4bdc2da3298b456a	4200
pve	67a09761e720611a6a01f288	item	5c05308086f7746b2101e90b	1
pve	67a09761e720611a6a01f288	item	5d235bb686f77443f4331278	1
pve	67a09761e720611a6a01f288	item	64d0b40fbe2eed70e254e2d4	1
pve	67a09761e720611a6a01f288	standing	638f541a29ffd1183d187f57	0.03
pve	67b45467814ab0ffa000c7e7	item	5449016a4bdc2d6f028b456f	400000
pve	67b45467814ab0ffa000c7e7	item	656f611f94b480b8a500c0db	1
pve	67b45467814ab0ffa000c7e7	item	67a328326e3613a197068d05	1
pve	67b45467814ab0ffa000c7e7	offerUnlock	656f611f94b480b8a500c0db	1
pve	67b45467814ab0ffa000c7e7	offerUnlock	67a328326e3613a197068d05	1
pve	67b45467814ab0ffa000c7e7	standing	54cb50c76803fa8b248b4571	1.5
pve	67d03be712fb5f8fd2096332	item	5449016a4bdc2d6f028b456f	275000
pve	67d03be712fb5f8fd2096332	item	657089638db3adca1009f4ca	3
pve	67d03be712fb5f8fd2096332	item	679b944d597ba2ed120c3d3c	1
pve	67d03be712fb5f8fd2096332	offerUnlock	5aa7e276e5b5b000171d0647	1
pve	6834145ebc1f443d7603c8a7	item	569668774bdc2da2298b4568	450
pve	6834145ebc1f443d7603c8a7	traderUnlock	6617beeaa9cfa777ca915b7c	1
pve	6834158f2f0e2a7eb90b62c8	item	5d235b4d86f7742e017bc88a	22
pve	6834158f2f0e2a7eb90b62c8	standing	6617beeaa9cfa777ca915b7c	0.02
pve	68341846186efa3c5b07f989	item	5d235b4d86f7742e017bc88a	45
pve	68341846186efa3c5b07f989	item	62e7c98b550c8218d602cbb4	3
pve	68341846186efa3c5b07f989	item	6398636bb483a550805be5e5	1
pve	68341846186efa3c5b07f989	item	657024e8cfc010a0f5006a0d	3
pve	68341846186efa3c5b07f989	item	6570aead4d84f81fd002a033	1
pve	68341846186efa3c5b07f989	standing	6617beeaa9cfa777ca915b7c	0.03
pve	68341a0b2f0e2a7eb90b62d4	item	5d235b4d86f7742e017bc88a	45
pve	68341a0b2f0e2a7eb90b62d4	item	6570aead4d84f81fd002a033	2
pve	68341a0b2f0e2a7eb90b62d4	standing	6617beeaa9cfa777ca915b7c	0.03
pve	68341b407559f4e6d50bc0ce	item	5d235b4d86f7742e017bc88a	55
pve	68341b407559f4e6d50bc0ce	item	657bc821aab96fccee08becc	1
pve	68341b407559f4e6d50bc0ce	standing	6617beeaa9cfa777ca915b7c	0.04
pve	68341c4babec72d95d0c1260	item	5448c1d04bdc2dff2f8b4569	3
pve	68341c4babec72d95d0c1260	item	5d235b4d86f7742e017bc88a	28
pve	68341c4babec72d95d0c1260	item	65702656c5d7d4cb4d078591	1
pve	68341c4babec72d95d0c1260	item	707265736574000000000026	1
pve	68341c4babec72d95d0c1260	standing	6617beeaa9cfa777ca915b7c	0.05
pve	68341d7d7559f4e6d50bc0db	item	64ace9d9b5bf5e95f50a4c1d	10
pve	68341d7d7559f4e6d50bc0db	item	6513f0a194c72326990a3868	1
pve	68341d7d7559f4e6d50bc0db	item	657eb30326f0eb0718056204	1
pve	68341d7d7559f4e6d50bc0db	item	6656560053eaaa7a23349c86	1
pve	68341d7d7559f4e6d50bc0db	standing	6617beeaa9cfa777ca915b7c	0.07
pve	68341eb25619c8e2a9031501	item	5d235b4d86f7742e017bc88a	55
pve	68341eb25619c8e2a9031501	standing	6617beeaa9cfa777ca915b7c	0.02
pve	68341f6fe2e7ef70a3060a0a	item	5d235b4d86f7742e017bc88a	32
pve	68341f6fe2e7ef70a3060a0a	item	66572b3f6a723f7f005a066c	1
pve	68341f6fe2e7ef70a3060a0a	standing	6617beeaa9cfa777ca915b7c	0.02
pve	6834202a186efa3c5b07f9a2	item	5d235b4d86f7742e017bc88a	28
pve	6834202a186efa3c5b07f9a2	item	66572bb3ac60f009f270d1df	1
pve	6834202a186efa3c5b07f9a2	standing	6617beeaa9cfa777ca915b7c	0.03
pve	683421515619c8e2a9031511	item	5449016a4bdc2d6f028b456f	1000002
pve	683421515619c8e2a9031511	item	5d235b4d86f7742e017bc88a	35
pve	683421515619c8e2a9031511	item	66572b88ac60f009f270d1dc	1
pve	683421515619c8e2a9031511	standing	6617beeaa9cfa777ca915b7c	0.05
pve	68342265a8d674b5740b31f0	item	5d235b4d86f7742e017bc88a	40
pve	68342265a8d674b5740b31f0	standing	6617beeaa9cfa777ca915b7c	0.04
pve	6834233fecd5cf3a440d855b	item	5449016a4bdc2d6f028b456f	50000
pve	6834233fecd5cf3a440d855b	item	5c05413a0db834001c390617	3
pve	6834233fecd5cf3a440d855b	item	5c0d1e9386f77440120288b7	1
pve	6834233fecd5cf3a440d855b	item	657024f9bfc87b3a3409323b	3
pve	6834233fecd5cf3a440d855b	item	657194c0289dc422160e08d1	1
pve	6834233fecd5cf3a440d855b	item	664a5480bfcc521bad3192ca	1
pve	68342446a8d674b5740b31fc	item	5d235b4d86f7742e017bc88a	100
pve	68342446a8d674b5740b31fc	standing	6617beeaa9cfa777ca915b7c	0.04
pve	6834254f2f0e2a7eb90b62ef	item	5d235b4d86f7742e017bc88a	72
pve	6834254f2f0e2a7eb90b62ef	item	664a55d84a90fc2c8a6305c9	1
pve	6834254f2f0e2a7eb90b62ef	standing	579dc571d53a0658a154fbec	-0.15
pve	6834254f2f0e2a7eb90b62ef	standing	6617beeaa9cfa777ca915b7c	0.15
pve	683425dd8f5b18d29a05d9d1	item	5449016a4bdc2d6f028b456f	165000
pve	683425dd8f5b18d29a05d9d1	item	664a55d84a90fc2c8a6305c9	1
pve	683425dd8f5b18d29a05d9d1	standing	579dc571d53a0658a154fbec	0.2
pve	683427418f5b18d29a05d9e3	item	5696686a4bdc2da3298b456a	1000
pve	683427418f5b18d29a05d9e3	standing	638f541a29ffd1183d187f57	0.01
pve	6834287b7559f4e6d50bc0fa	item	664a55d84a90fc2c8a6305c9	1
pve	6834287b7559f4e6d50bc0fa	standing	6617beeaa9cfa777ca915b7c	0.01
pve	684009026ceedc792c09b2a7	item	67d418d0ffb910d21f04720e	2
pve	684009026ceedc792c09b2a7	item	67dc255ee3028a8b120efc48	18
pve	684009026ceedc792c09b2a7	item	707265736574000000000000	1
pve	684009026ceedc792c09b2a7	offerUnlock	67d416e19bd76ef20f0e743b	1
pve	684009026ceedc792c09b2a7	offerUnlock	67d4178bffb910d21f04720a	1
pve	684009026ceedc792c09b2a7	offerUnlock	67d417c023ec241bb70d4896	1
pve	684009026ceedc792c09b2a7	offerUnlock	67d41883f378a36c4706eeb7	1
pve	68db9c7557bc51a8c804c14b	item	5449016a4bdc2d6f028b456f	400000
pve	68db9c7557bc51a8c804c14b	item	68d502e016a16a91e200bbbc	1
pve	68db9c7557bc51a8c804c14b	offerUnlock	68d502e016a16a91e200bbbc	1
pve	68db9c7557bc51a8c804c14b	standing	5a7c2eca46aef81a7ca2145d	1.5
pve	68ee1c18b4e5bc9a68018cd7	item	5449016a4bdc2d6f028b456f	400000
pve	68ee1c18b4e5bc9a68018cd7	item	68ee0114024fb2df16004f1c	2
pve	68ee1c18b4e5bc9a68018cd7	item	707265736574000000000010	1
pve	68ee1c18b4e5bc9a68018cd7	offerUnlock	68bac6ca653ee6b1e406d978	1
pve	68ee1c18b4e5bc9a68018cd7	offerUnlock	707265736574000000000010	1
pve	68ee1c18b4e5bc9a68018cd7	standing	54cb50c76803fa8b248b4571	1.5
pve	6942b44f891369fc790e385a	item	5449016a4bdc2d6f028b456f	400000
pve	6942b44f891369fc790e385a	item	67600929bd0a0549d70993f6	1
pve	6942b44f891369fc790e385a	offerUnlock	67600929bd0a0549d70993f6	1
pve	6942b44f891369fc790e385a	standing	5a7c2eca46aef81a7ca2145d	1.5
pve	697878057aa1273126030fb0	item	5d235b4d86f7742e017bc88a	102
pve	697878057aa1273126030fb0	item	6656560053eaaa7a23349c86	1
pve	697878057aa1273126030fb0	item	66572b3f6a723f7f005a066c	1
pve	697878057aa1273126030fb0	item	66572b88ac60f009f270d1dc	1
pve	697878057aa1273126030fb0	item	66572bb3ac60f009f270d1df	2
pve	69788d4e963f08d9140bce19	item	5d235b4d86f7742e017bc88a	10
pve	69788d4e963f08d9140bce19	standing	6617beeaa9cfa777ca915b7c	0.01
pve	6978907718bd6d7cbd0e8b8e	item	5d235b4d86f7742e017bc88a	15
pve	6978907718bd6d7cbd0e8b8e	item	6656560053eaaa7a23349c86	1
pve	6978907718bd6d7cbd0e8b8e	standing	6617beeaa9cfa777ca915b7c	0.01
pve	697895277d31587eab080266	item	5d235b4d86f7742e017bc88a	55
pve	697895277d31587eab080266	offerUnlock	664a5428d5e33a713b622379	1
pve	697895277d31587eab080266	standing	6617beeaa9cfa777ca915b7c	0.04
pve	69789660b2187365e70bb94a	item	5d235b4d86f7742e017bc88a	75
pve	69789660b2187365e70bb94a	standing	6617beeaa9cfa777ca915b7c	0.05
pve	69c26c07683c9831020018c7	item	5449016a4bdc2d6f028b456f	100000
pve	69c26c07683c9831020018c7	item	5d1b385e86f774252167b98a	3
pve	69ce1cfb298a6529b30d712b	item	5449016a4bdc2d6f028b456f	450000
pve	69ce1cfb298a6529b30d712b	item	628120fd5631d45211793c9f	3
pve	69ce1cfb298a6529b30d712b	item	62973e474bb5ab23071c2a70	1
pve	69ce1cfb298a6529b30d712b	item	657023ccbfc87b3a3409320a	3
pve	69ce1de03e15cd80bd06f6c9	item	5449016a4bdc2d6f028b456f	330000
pve	69ce1de03e15cd80bd06f6c9	offerUnlock	707265736574000000000027	1
pve	69ce1f84ebbdbf36a200627c	item	5696686a4bdc2da3298b456a	3600
pve	69ce1f84ebbdbf36a200627c	item	617131a4568c120fdd29482d	3
pve	69ce1f84ebbdbf36a200627c	item	6193e590069d61205d490dd8	1
pve	69ce1f84ebbdbf36a200627c	item	6769b8e3c1a1466c850658a8	5
pve	69ce204c8702b378f9091e4b	item	5449016a4bdc2d6f028b456f	250000
pve	69ce204c8702b378f9091e4b	item	5d02797c86f774203f38e30a	2
pve	69ce204c8702b378f9091e4b	item	637b620db7afa97bfc3d7009	5
pve	69ce213a298a6529b30d7134	item	5449016a4bdc2d6f028b456f	360000
pve	69ce213a298a6529b30d7134	offerUnlock	59fb016586f7746d0d4b423a	1
pve	69ce21e990144e437802b1e0	item	5449016a4bdc2d6f028b456f	300000
pve	69ce21e990144e437802b1e0	offerUnlock	5f60c74e3b85f6263c145586	1
pve	69e5583240c3e6c8ba0edbd5	item	5696686a4bdc2da3298b456a	5400
pve	69e5583240c3e6c8ba0edbd5	offerUnlock	5d235bb686f77443f4331278	1
pve	6a45208043b8d7604d00b8d5	item	5449016a4bdc2d6f028b456f	275000
pve	6a45208043b8d7604d00b8d5	standing	5c0647fdd443bc2504c2d371	0.75
pve	6a4532e48e82d8ffea0c3eae	item	5449016a4bdc2d6f028b456f	400000
pve	6a4532e48e82d8ffea0c3eae	offerUnlock	5d38517786f7742a1468cf6a	1
pve	6a4532e48e82d8ffea0c3eae	standing	5c0647fdd443bc2504c2d371	1.5
pve	6a5424ae135497b9df0c68be	item	5449016a4bdc2d6f028b456f	80000
pve	6a5424ae135497b9df0c68be	item	5d1b3a5d86f774252167ba22	2
pve	6a5424ae135497b9df0c68be	standing	54cb57776803fa99248b456e	0.1
pve	6a5c1578f2689567c30eb0f3	item	5696686a4bdc2da3298b456a	550
pve	6a5c1578f2689567c30eb0f3	item	5734779624597737e04bf329	3
pve	6a5c1578f2689567c30eb0f3	offerUnlock	5f60b34a41e30a4ab12a6947	1
pve	6a5c1578f2689567c30eb0f3	standing	5935c25fb3acc3127c3d8cd9	0.1
pve	6a5ccda873f06065630d61b0	item	5696686a4bdc2da3298b456a	1100
pve	6a5ccda873f06065630d61b0	standing	5935c25fb3acc3127c3d8cd9	0.25
pve	6a5cd2178fd7c2b201032f3f	item	5696686a4bdc2da3298b456a	1900
pve	6a5cd2178fd7c2b201032f3f	standing	5935c25fb3acc3127c3d8cd9	0.75
